date_julian,date_julian_year,residual_m,sigma_m,elongation_rad,cos_elong_rad,station,reflector
2453832.7025098,2006.26356852,-0.0304449796677,0.031601798760565084,1.9010119004451043,-0.3242469626650706,APO,5
2453832.70667445,2006.26357993,-0.0745670795441,0.031601798760565084,1.901808669732414,-0.3250005814705205,APO,5
2453833.58327305,2006.26598157,-0.0164366700575,0.031601798760565084,2.0687243513363733,-0.4776061812678986,APO,5
2453833.5865106,2006.26599044,-0.0468286015913,0.031601798760565084,2.0693384578833594,-0.47814562924206006,APO,5
2453890.5038368,2006.42192832,-0.0441350676939,0.031601798760565084,1.5785130806644017,-0.007716677283149825,APO,5
2453890.5096768,2006.42194432,-0.020309779875,0.031601798760565084,1.5796187284580798,-0.008822287215359596,APO,5
2453890.51823605,2006.42196777,-0.0174931027815,0.031601798760565084,1.581239188365036,-0.010442671766321231,APO,5
2453890.52540465,2006.42198741,-0.0176985003873,0.031601798760565084,1.5825963626998698,-0.011799762065713298,APO,5
2453890.5324601,2006.42200674,-0.0544374921247,0.031601798760565084,1.5839321122623844,-0.013135407709945935,APO,5
2453890.5385921,2006.42202354,0.0177027247027,0.031601798760565084,1.5850930306536921,-0.014296216832875772,APO,5
2453893.48553275,2006.43009735,-0.011433456175,0.031601798760565084,2.1486915670419746,-0.546262171295085,APO,5
2453893.4991217,2006.43013458,-0.0242075660154,0.031601798760565084,2.151342005647354,-0.5484802951568665,APO,5
2453893.5073342,2006.43015708,-0.0211078860685,0.031601798760565084,2.1529441299130516,-0.5498192284656302,APO,5
2453893.5138093,2006.43017482,-0.0225488879606,0.031601798760565084,2.1542074905058017,-0.5508740538847084,APO,5
2453893.5450971,2006.43026054,-0.0185169913694,0.031601798760565084,2.1603142500448826,-0.5559603810976731,APO,5
2453904.82949915,2006.46117671,-0.0107464530393,0.031601798760565084,1.6306011396692375,-0.05976916944420561,APO,5
2453904.8340653,2006.46118922,-0.0157049634382,0.031601798760565084,1.6295514060271534,-0.058721279750963244,APO,5
2453904.8426245498,2006.46121267,-0.0433299281522,0.031601798760565084,1.627583753678079,-0.05675691034289339,APO,5
2453904.85956785,2006.46125909,-0.0028989055082,0.031601798760565084,1.6236890101133254,-0.052868024355976435,APO,5
2453904.8718866,2006.46129284,-0.00949809335915,0.031601798760565084,1.6208575476465297,-0.05004031351848947,APO,5
2453904.8772667,2006.46130758,0.0132906696871,0.031601798760565084,1.6196209961104395,-0.048805273193125484,APO,5
2453905.85443375,2006.46398475,-0.0123806931898,0.031601798760565084,1.395757675218857,0.1741461986962293,APO,5
2453905.86524505,2006.46401437,0.0250346920565,0.031601798760565084,1.3932898744713182,0.17657575823105243,APO,5
2453905.8723005,2006.4640337,0.00660493589195,0.031601798760565084,1.391679505465535,0.17816059395213277,APO,5
2453907.83669765,2006.46941561,0.00420000768455,0.031601798760565084,0.9475603734679955,0.583665786519094,APO,5
2453907.8482645,2006.4694473,-0.000666473142781,0.031601798760565084,0.9449745596734526,0.5857634981353346,APO,5
2453907.8555499,2006.46946726,0.00547864652427,0.031601798760565084,0.943346085304034,0.5870825700666554,APO,5
2453907.858521,2006.4694754,-0.0919402837753,0.031601798760565084,0.942682013471431,0.5876200246942129,APO,5
2453907.85959775,2006.46947835,0.0105625650957,0.031601798760565084,0.9424413551494673,0.5878147332318091,APO,5
2453907.86688315,2006.46949831,-7.05459043168e-05,0.031601798760565084,0.9408131276735203,0.5891311822870295,APO,5
2453907.8717413,2006.46951162,-0.000992748968282,0.031601798760565084,0.9397274591095134,0.5900080957278819,APO,5
2453918.4830505,2006.4985837,-0.012879345648,0.031601798760565084,1.246261091898096,0.3188683163987957,APO,5
2453918.4973366,2006.49862284,0.0333349964693,0.031601798760565084,1.248962771714839,0.31630650628956597,APO,5
2453918.50861145,2006.49865373,-0.051526043646,0.031601798760565084,1.2510949940241218,0.31428304107813054,APO,5
2453919.49595835,2006.50135879,-0.0147355534956,0.031601798760565084,1.4380632698181617,0.13234365024009145,APO,5
2453919.5115694,2006.50140156,0.0125342867449,0.031601798760565084,1.4410269969061562,0.12940541548054715,APO,5
2453919.5205338,2006.50142612,0.0301363728121,0.031601798760565084,1.4427290284816534,0.12771750835479823,APO,5
2453919.5251036,2006.50143864,-0.0198778846189,0.031601798760565084,1.4435967212202871,0.12685687354074887,APO,5
2453929.8411862,2006.52970188,0.0414871237353,0.031601798760565084,2.6130629381117703,-0.8635494155132497,APO,5
2453929.8456392,2006.52971408,0.0372389814928,0.031601798760565084,2.6120112766287193,-0.8630186228107348,APO,5
2453929.85928655,2006.52975147,0.0279863140658,0.031601798760565084,2.6087878320129687,-0.8613857476909199,APO,5
2453959.8423393,2006.61189682,0.0382317564562,0.031601798760565084,2.436355645505884,-0.7614579411163144,APO,5
2453959.85020505,2006.61191837,0.0467359087542,0.031601798760565084,2.434455384815976,-0.7602247908594383,APO,5
2453959.8563918,2006.61193532,0.0374537966326,0.031601798760565084,2.4329608983912236,-0.7592530340186422,APO,5
2453959.863794,2006.6119556,0.0266000292376,0.031601798760565084,2.4311729797914015,-0.7580882516602759,APO,5
2454012.5822551,2006.75638974,-0.0180384852811,0.031601798760565084,2.391582012796644,-0.7316816156553497,APO,5
2454012.59017925,2006.75641145,-0.0226423480436,0.031601798760565084,2.3934826950041983,-0.7329758867031032,APO,5
2454012.59613605,2006.75642777,-0.0188967921659,0.031601798760565084,2.394911749291808,-0.7339472587150166,APO,5
2454018.82797815,2006.77350131,0.000761654146037,0.031601798760565084,2.3671035041909336,-0.7147783911974701,APO,5
2454018.8337634,2006.77351716,-0.0207900741026,0.031601798760565084,2.3657693101303487,-0.7138446853159024,APO,5
2454018.84145395,2006.77353823,-0.0300297477171,0.031601798760565084,2.3639961360752686,-0.7126018027751992,APO,5
2454018.8490861002,2006.77355914,0.000341441400371,0.031601798760565084,2.362236901298499,-0.7113664766011913,APO,5
2454047.6414614,2006.85244236,-0.0522752740308,0.031601798760565084,2.525207367630768,-0.8159734109155744,APO,5
2454051.82696385,2006.86390949,-0.0568480231687,0.031601798760565084,1.6513315825894512,-0.08044822638528616,APO,5
2454051.83187675,2006.86392295,-0.0114038922712,0.031601798760565084,1.6503704631366827,-0.07949018511418544,APO,5
2454051.84321365,2006.86395401,-0.00280496858803,0.031601798760565084,1.6481530383510985,-0.07727958342562301,APO,5
2454068.2927088,2006.90902112,-0.027701113455,0.031601798760565084,1.6891036070076597,-0.11803148976294547,APO,5
2454068.29901235,2006.90903839,-0.0300234296247,0.031601798760565084,1.690538467069565,-0.11945619794967781,APO,5
2454068.30583785,2006.90905709,-0.0762526729032,0.031601798760565084,1.6920922893190649,-0.12099874918505865,APO,5
2454068.31231295,2006.90907483,0.000883366830669,0.031601798760565084,1.6935664890679965,-0.12246198547548894,APO,5
2454068.32070065,2006.90909781,-0.0259338357374,0.031601798760565084,1.6954763457583057,-0.12435724256999262,APO,5
2454068.32573035,2006.90911159,-0.0318596103117,0.031601798760565084,1.6966217090329612,-0.12549363315573037,APO,5
2454070.30383325,2006.91453105,0.0177482626513,0.031601798760565084,2.1529367320586457,-0.5498130491435773,APO,5
2454070.31192895,2006.91455323,-0.00688538336007,0.031601798760565084,2.1548238099895736,-0.5513883223116962,APO,5
2454070.31938955,2006.91457367,-0.0119268634245,0.031601798760565084,2.156562946273454,-0.5528383599268946,APO,5
2454070.326445,2006.914593,-0.00456962370125,0.031601798760565084,2.1582077238554627,-0.5542081857815403,APO,5
2454072.5296215,2006.9206291,-0.0216607787534,0.031601798760565084,2.6722642291724896,-0.8918722344886882,APO,5
2454072.53447965,2006.92064241,-0.013284895651,0.031601798760565084,2.673387173902316,-0.8923795658378082,APO,5
2454072.54211545,2006.92066333,-0.00750777506081,0.031601798760565084,2.6751519081491675,-0.8931745750498298,APO,5
2454072.55021115,2006.92068551,-0.0179464557096,0.031601798760565084,2.677022588178919,-0.8940142754650111,APO,5
2454072.55547445,2006.92069993,-0.0282555558607,0.031601798760565084,2.6782385916354943,-0.894558430691811,APO,5
2454074.5965508,2006.92629192,-0.0119809844419,0.031601798760565084,3.053137294766812,-0.9960903749350837,APO,5
2454074.60366465,2006.92631141,-0.0120229461118,0.031601798760565084,3.052769513168952,-0.9960578177227369,APO,5
2454074.6121655,2006.9263347,0.00477197385581,0.031601798760565084,3.052293263765588,-0.9960154583990072,APO,5
2454082.80157925,2006.94877145,0.0173437855318,0.031601798760565084,1.439870451929522,0.1305521491593226,APO,5
2454082.80557235,2006.94878239,0.0125303528384,0.031601798760565084,1.439120021699471,0.13129611996026597,APO,5
2454082.8167888,2006.94881312,0.0234645865038,0.031601798760565084,1.4370121425435933,0.13338545838405735,APO,5
2454082.8318852,2006.94885448,0.0257615110949,0.031601798760565084,1.4341752225699307,0.13619648778810034,APO,5
2454082.8376668,2006.94887032,0.0190375111178,0.031601798760565084,1.433088774612043,0.13727273146200225,APO,5
2454084.8282016,2006.95432384,-0.0132455565855,0.031601798760565084,1.0582265034820761,0.4904184316378261,APO,5
2454096.2692069,2006.98566906,-0.00736889623848,0.031601798760565084,1.377664856272213,0.1919330812815322,APO,5
2454096.28488,2006.985712,-0.0114431121275,0.031601798760565084,1.3812304132061723,0.18843260250217206,APO,5
2454096.29650525,2006.98574385,-0.0194841363355,0.031601798760565084,1.3838752140419877,0.1858345242896285,APO,5
2454096.30766695,2006.98577443,-0.00247785829751,0.031601798760565084,1.3864146430639606,0.183338732928791,APO,5
2454096.31281345,2006.98578853,-0.00628242277352,0.031601798760565084,1.3875855663346894,0.18218753162057325,APO,5
2454109.79235105,2007.02271877,0.0269079468325,0.031601798760565084,1.9927784706796663,-0.40956952451011364,APO,5
2454109.8027061,2007.02274714,0.0450644753054,0.031601798760565084,1.9908158534593716,-0.40777828256320475,APO,5
2454109.8114369,2007.02277106,0.0189813635424,0.031601798760565084,1.9891612487883776,-0.40626693701090366,APO,5
2454109.8182624,2007.02278976,0.0129409096316,0.031601798760565084,1.9878678284580749,-0.40508472894207465,APO,5
2454126.26556025,2007.06785085,0.0257412455157,0.031601798760565084,1.526640153666149,0.04414182548141023,APO,5
2454126.2797295502,2007.06788967,0.0298213026598,0.031601798760565084,1.5298604188653586,0.04092447583933148,APO,5
2454129.48037075,2007.07665855,-0.00644752763955,0.031601798760565084,2.2410501743707383,-0.6211849382564677,APO,5
2454136.7775748502,2007.09665089,0.0203278324679,0.031601798760565084,2.544931496205316,-0.8272162633968261,APO,5
2454138.76290475,2007.10209015,-0.000848148100057,0.031601798760565084,2.168048031294728,-0.5623720776867267,APO,5
2454138.7772456,2007.10212944,0.00776043153556,0.031601798760565084,2.165343886355071,-0.5601340092717426,APO,5
2454138.788984,2007.1021616,0.0329699776247,0.031601798760565084,2.1631305586638496,-0.558299113661445,APO,5
2454141.7658218,2007.11031732,-0.00160727285592,0.031601798760565084,1.5988396093755537,-0.028039607065506886,APO,5
2454141.7764068,2007.11034632,0.0152853987292,0.031601798760565084,1.5968004719138644,-0.02600121448344971,APO,5
2454152.27505875,2007.13910975,0.00302579618248,0.031601798760565084,0.7469108577178963,0.7337910534620119,APO,5
2454152.2865672,2007.13914128,0.00920500970634,0.031601798760565084,0.7496725393165831,0.7319120395343515,APO,5
2454152.297269,2007.1391706,-0.00288781904427,0.031601798760565084,0.7522402662134129,0.7301599817707026,APO,5
2454154.2808030997,2007.14460494,0.0125974676684,0.031601798760565084,1.2197861073340062,0.3438466049185627,APO,5
2454154.3075795,2007.1446783,-0.00785324358193,0.031601798760565084,1.2259632208307543,0.3380396126581876,APO,5
2454156.4508449,2007.15055026,-0.00406656049935,0.031601798760565084,1.7073328513334445,-0.13611269574130952,APO,5
2454156.4635688,2007.15058512,-0.0103664138242,0.031601798760565084,1.7101144914164863,-0.13886791796130513,APO,5
2454156.4732267,2007.15061158,-0.00620064520089,0.031601798760565084,1.7122252804159,-0.1409579444289509,APO,5
2454156.4827678,2007.15063772,-0.012672279112,0.031601798760565084,1.714310054153113,-0.14302159510288115,APO,5
2454156.4926593,2007.15066482,-0.00204584383217,0.031601798760565084,1.7164708803410345,-0.14515987150398654,APO,5
2454158.44999735,2007.15602739,0.00137319780143,0.031601798760565084,2.1344738904354514,-0.534298433485087,APO,5
2454169.72740235,2007.18692439,-0.0441406705305,0.031601798760565084,1.950882892840346,-0.3710008588481532,APO,5
2454186.28105025,2007.23227685,0.00981369233879,0.031601798760565084,1.7860028697193826,-0.2135492113102624,APO,5
2454186.2896679,2007.23230046,-0.00693115972725,0.031601798760565084,1.7877957198140537,-0.21530036034603325,APO,5
2454186.29371575,2007.23231155,-0.0202940442487,0.031601798760565084,1.7886377029742395,-0.21612252079885133,APO,5
2454186.2976468,2007.23232232,-0.0267712809965,0.031601798760565084,1.7894553007960983,-0.21692072339473584,APO,5
2454188.4573956,2007.23823944,0.00237586713584,0.031601798760565084,2.2269270038533375,-0.6100555348530359,APO,5
2454188.4662432,2007.23826368,-0.0195126273557,0.031601798760565084,2.2286779226473676,-0.6114419546832528,APO,5
2454190.4419152,2007.24367648,-0.00654682897774,0.031601798760565084,2.6135900982528364,-0.8638151235108169,APO,5
2454190.4486239,2007.24369486,-0.00696406149117,0.031601798760565084,2.614879412914547,-0.8644639735901042,APO,5
2454190.4628516,2007.24373384,0.0129227898196,0.031601798760565084,2.6176134201247283,-0.8658351121778415,APO,5
2454190.4673046,2007.24374604,0.0415292046145,0.031601798760565084,2.6184690148171192,-0.8662628744335303,APO,5
2454192.51017675,2007.24934295,-0.0119110085889,0.031601798760565084,3.004429507713041,-0.9906078746433986,APO,5
2454217.4300298,2007.31761652,-0.0105348565504,0.031601798760565084,2.097592325486727,-0.5027663161465153,APO,5
2454217.4378919,2007.31763806,0.00196149564537,0.031601798760565084,2.0991089238959235,-0.5040767190341263,APO,5
2454217.44379395,2007.31765423,0.00709810472282,0.031601798760565084,2.1002473025241533,-0.5050595630151017,APO,5
2454217.4513677,2007.31767498,-0.0120990016386,0.031601798760565084,2.1017079578033377,-0.5063196927086231,APO,5
2454217.45640105,2007.31768877,-0.0125623681471,0.031601798760565084,2.102678579439761,-0.5071564656159223,APO,5
2454224.47502985,2007.33691789,0.0197888872698,0.031601798760565084,2.830531936165109,-0.9520094531897497,APO,5
2454224.4888524,2007.33695576,-0.0247724988386,0.031601798760565084,2.827931820295981,-0.9512104221298203,APO,5
2454231.63233675,2007.35652695,-0.0294410922453,0.031601798760565084,1.361072964201026,0.2081893319376508,APO,5
2454231.64575415,2007.35656371,0.00489595151695,0.031601798760565084,1.3580570119839093,0.21113824894080727,APO,5
2454231.65090065,2007.35657781,-0.0229829289838,0.031601798760565084,1.3568998732723399,0.21226915975242136,APO,5
2454242.24677035,2007.38560759,0.00419357038291,0.031601798760565084,1.137693667045209,0.4196890028485171,APO,5
2454242.2551544,2007.38563056,-0.0161218383238,0.031601798760565084,1.139455918459599,0.4180888128370468,APO,5
2454242.2602425,2007.3856445,-0.0330208280012,0.031601798760565084,1.140525144039882,0.41711728293404293,APO,5
2454242.267068,2007.3856632,-0.00443539404122,0.031601798760565084,1.1419591784726877,0.41581352846903646,APO,5
2454242.27470015,2007.38568411,0.00152507043632,0.031601798760565084,1.1435622927473565,0.41435504267133805,APO,5
2454242.27488995,2007.38568463,0.0128809213638,0.031601798760565084,1.1436021544917252,0.41431876355785546,APO,5
2454244.24540085,2007.39108329,0.0164827368334,0.031601798760565084,1.5447060259993763,0.026087340935131504,APO,5
2454244.2545952,2007.39110848,-0.0117914416715,0.031601798760565084,1.5465245908949503,0.024269352820774873,APO,5
2454244.2634428,2007.39113272,0.014104153879,0.031601798760565084,1.5482741731409124,0.022520249651608048,APO,5
2454244.2718305,2007.3911557,0.0190842411593,0.031601798760565084,1.5499324518511188,0.02086236129815273,APO,5
2454244.2821235,2007.3911839,0.0116789600924,0.031601798760565084,1.5519669376151626,0.018828276552345688,APO,5
2454249.40639135,2007.40522299,0.0303945801333,0.031601798760565084,2.528622289333392,-0.8179427794198728,APO,5
2454249.4127533,2007.40524042,-0.0219803788587,0.031601798760565084,2.529819967265778,-0.8186312162278326,APO,5
2454249.4199803,2007.40526022,0.0351733229235,0.031601798760565084,2.5311805032299004,-0.8194118407063621,APO,5
2454249.432821,2007.4052954,0.00392248845848,0.031601798760565084,2.5335978766145013,-0.8207950962280088,APO,5
2454256.6077647,2007.42495278,-0.0204504468366,0.031601798760565084,2.307354907786833,-0.671742543994773,APO,5
2454256.61707585,2007.42497829,-0.00139996790139,0.031601798760565084,2.3053967119451984,-0.6702906555170607,APO,5
2454256.62297425,2007.42499445,-0.00951001428811,0.031601798760565084,2.3041560402028707,-0.6693694390245781,APO,5
2454256.63061005,2007.42501537,-0.0161336400434,0.031601798760565084,2.302549693319493,-0.6681751731098424,APO,5
2454258.5858092,2007.43037208,0.00752177453788,0.031601798760565084,1.8827162873369736,-0.3068865159363752,APO,5
2454258.5933866,2007.43039284,-0.000311706297078,0.031601798760565084,1.881055851957837,-0.30530578069221287,APO,5
2454270.24454795,2007.46231383,-0.0525564887449,0.031601798760565084,0.8103571337953528,0.689239721558855,APO,5
2454270.25131505,2007.46233237,-0.0502516963407,0.031601798760565084,0.8117796698989398,0.6882083496517221,APO,5
2454270.26797,2007.462378,-0.0247457959577,0.031601798760565084,0.8152795346961255,0.6856649421085627,APO,5
2454270.2748539,2007.46239686,-0.0529535748884,0.031601798760565084,0.8167256032239831,0.6846116072837071,APO,5
2454270.2795952503,2007.46240985,-0.0385923125669,0.031601798760565084,0.8177214223211886,0.6838854073966715,APO,5
2454273.2337045,2007.4705033,-0.0108794906065,0.031601798760565084,1.4128130201521443,0.15732694928169424,APO,5
2454273.24000805,2007.47052057,-0.0410253741666,0.031601798760565084,1.4140371039022932,0.15611799200495438,APO,5
2454273.2476986,2007.47054164,0.000878479249797,0.031601798760565084,1.4155303274685196,0.15464290422805144,APO,5
2454273.2521516,2007.47055384,-0.0308104493543,0.031601798760565084,1.4163948364747876,0.15378873721089215,APO,5
2454276.2521231,2007.47877294,0.00287797666343,0.031601798760565084,1.9883238084949477,-0.4055015798555606,APO,5
2454290.5914328,2007.51805872,-0.00924358152596,0.031601798760565084,1.250673658016944,0.31468299979781084,APO,5
2454290.6018426,2007.51808724,-0.0244087912962,0.031601798760565084,1.248261496446724,0.31697169818277493,APO,5
2454290.6139897997,2007.51812052,-0.013935778372,0.031601798760565084,1.2454466160557423,0.3196401699608916,APO,5
2454368.3314761003,2007.73104514,0.0215286276415,0.031601798760565084,2.666337941724024,-0.8891762032474326,APO,5
2454368.33847315,2007.73106431,0.017663743265,0.031601798760565084,2.667964864540041,-0.8899194489989435,APO,5
2454368.3436780497,2007.73107857,0.0149358770922,0.031601798760565084,2.6691752870521435,-0.8904708920998199,APO,5
2454368.35026995,2007.73109663,0.0268924496249,0.031601798760565084,2.670708509943751,-0.891167523242005,APO,5
2454368.3556464002,2007.73111136,-0.0227064826414,0.031601798760565084,2.671959233072841,-0.891734247107281,APO,5
2454376.40285615,2007.75315851,0.0117259285525,0.031601798760565084,1.6855559697596247,-0.11450791565620612,APO,5
2454392.0866178,2007.79612772,0.00699618078025,0.031601798760565084,1.4154051837576682,0.15476654130272552,APO,5
2454392.09187745,2007.79614213,-0.00976762556283,0.031601798760565084,1.4164547754893073,0.15372951096954462,APO,5
2454392.1033859,2007.79617366,0.0253937504366,0.031601798760565084,1.418751861101319,0.15145932729934683,APO,5
2454392.10905435,2007.79618919,-0.00504455351082,0.031601798760565084,1.4198835418054625,0.15034060549203623,APO,5
2454392.11350735,2007.79620139,-0.0340777375623,0.031601798760565084,1.4207726833867511,0.1494615103499864,APO,5
2454397.30850125,2007.81043425,0.0480437538699,0.031601798760565084,2.552787594914366,-0.8316049044759103,APO,5
2454397.31532675,2007.81045295,0.0484466812685,0.031601798760565084,2.554406655768179,-0.8325029882196879,APO,5
2454397.32128355,2007.81046927,0.0184272787646,0.031601798760565084,2.5558198634564904,-0.8332851027469016,APO,5
2454397.3274703,2007.81048622,-0.0153609254285,0.031601798760565084,2.5572878303888404,-0.8340957606008247,APO,5
2454397.3363763,2007.81051062,0.025608803995,0.031601798760565084,2.559401375756071,-0.8352597699512428,APO,5
2454401.358158,2007.8215292,0.0459833405093,0.031601798760565084,2.7196458516114825,-0.9122933816367372,APO,5
2454401.36695085,2007.82155329,0.0218007824496,0.031601798760565084,2.717512242793231,-0.911417513432508,APO,5
2454401.3752765,2007.8215761,0.0365586540774,0.031601798760565084,2.7154919869054543,-0.9105843534512481,APO,5
2454401.37874765,2007.82158561,-0.0140002705976,0.031601798760565084,2.714649694230032,-0.9102358913094196,APO,5
2454402.3588639,2007.82427086,0.0550517103747,0.031601798760565084,2.4779206969647505,-0.7877355722385662,APO,5
2454402.3647623,2007.82428702,-0.0020649173185,0.031601798760565084,2.4765077964855324,-0.7868644204441436,APO,5
2454402.3691569,2007.82429906,0.0328606627062,0.031601798760565084,2.4754552368564338,-0.7862144228730371,APO,5
2454402.3721645,2007.8243073,0.0426992437914,0.031601798760565084,2.4747349400980854,-0.7857691088480828,APO,5
2454407.5909272,2007.83860528,-0.0028167703077,0.031601798760565084,1.3229025415825788,0.24536267433359235,APO,5
2454409.5882291,2007.84407734,-0.0138715245649,0.031601798760565084,0.9279620045020968,0.5994664374578736,APO,5
2454409.59227695,2007.84408843,0.00480034566673,0.031601798760565084,0.9271782516516304,0.600093568975434,APO,5
2454423.04238095,2007.88093803,-0.00918111585824,0.031601798760565084,1.7000817580182463,-0.12892557041447922,APO,5
2454423.04914805,2007.88095657,0.0196551344469,0.031601798760565084,1.701548856774053,-0.13038028589448275,APO,5
2454423.05579835,2007.88097479,-0.0359298922941,0.031601798760565084,1.7029909560083385,-0.13180993938709443,APO,5
2454423.06082805,2007.88098857,-0.00951740526406,0.031601798760565084,1.704081845227142,-0.1328912319613325,APO,5
2454423.06458755,2007.88099887,0.00817802167686,0.031601798760565084,1.7048973608590625,-0.13369947020091602,APO,5
2454423.0680003,2007.88100822,-0.0419748761579,0.031601798760565084,1.7056377477417393,-0.13443317312083958,APO,5
2454423.06814995,2007.88100863,0.0630209445953,0.031601798760565084,1.7056702158416297,-0.13446534642594757,APO,5
2454423.07135465,2007.88101741,-0.0126440265104,0.031601798760565084,1.7063655471164274,-0.13515433034682037,APO,5
2454424.2911226,2007.88435924,0.00692775464805,0.031601798760565084,1.9765534253413577,-0.39471449846782825,APO,5
2454424.2985248,2007.88437952,-0.00407335542885,0.031601798760565084,1.9782271939847857,-0.3962518098812582,APO,5
2454424.30702565,2007.88440281,0.0162828228548,0.031601798760565084,1.9801498952131362,-0.39801638887736157,APO,5
2454424.3116502,2007.88441548,0.0492669603899,0.031601798760565084,1.9811960927060763,-0.3989759297646199,APO,5
2454424.31650835,2007.88442879,0.00890841699394,0.031601798760565084,1.9822953100831684,-0.39998362842860896,APO,5
2454424.31963275,2007.88443735,0.0213271639422,0.031601798760565084,1.9830023385172064,-0.40063153571606197,APO,5
2454431.3460689,2007.90368786,0.0361601374224,0.031601798760565084,2.588523476130072,-0.8509162893930451,APO,5
2454431.3498284,2007.90369816,0.0431244633273,0.031601798760565084,2.5876430916706012,-0.8504534925783998,APO,5
2454431.35294915,2007.90370671,-0.0243696906492,0.031601798760565084,2.586912338026734,-0.850068852410066,APO,5
2454431.35682545,2007.90371733,0.0272679588869,0.031601798760565084,2.5860047294535526,-0.8495904907169843,APO,5
2454432.33445605,2007.90639577,0.0269426367358,0.031601798760565084,2.359959047693985,-0.7097637085216951,APO,5
2454432.33734685,2007.90640369,0.0391373894289,0.031601798760565084,2.3593003549583966,-0.7092995451799539,APO,5
2454432.3413947,2007.90641478,-0.0205340125486,0.031601798760565084,2.3583781241478254,-0.7086491565041676,APO,5
2454432.3450958002,2007.90642492,-0.00430414461342,0.031601798760565084,2.357535001819341,-0.708054030439125,APO,5
2454432.3503591,2007.90643934,0.0234680435732,0.031601798760565084,2.3563361827178113,-0.7072069658336022,APO,5
2454437.5585952,2007.92070848,-0.00383028768746,0.031601798760565084,1.270978525138281,0.29534614103152995,APO,5
2454437.5653039,2007.92072686,0.0628344080523,0.031601798760565084,1.2696846367161632,0.2965820619293797,APO,5
2454437.5699905,2007.9207397,-0.0141781308576,0.031601798760565084,1.268780846484624,0.2974450670161598,APO,5
2454437.5780862,2007.92076188,0.0188828966692,0.031601798760565084,1.2672198222845332,0.298935074585141,APO,5
2454437.5831159,2007.92077566,0.0522986910418,0.031601798760565084,1.26625011337421,0.2998603013597987,APO,5
2454438.5487161,2007.92342114,0.00598123288902,0.031601798760565084,1.081658576835679,0.46986492177279787,APO,5
2454438.5547897,2007.92343778,-0.00574431204049,0.031601798760565084,1.0805061890426033,0.47088186643131447,APO,5
2454438.5650827,2007.92346598,-0.0223532655164,0.031601798760565084,1.0785534384633264,0.47260367683249543,APO,5
2454438.5716162,2007.92348388,-0.0221403577253,0.031601798760565084,1.0773140659174603,0.4736955417209422,APO,5
2454438.5769963,2007.92349862,0.0260520241335,0.031601798760565084,1.076293568530766,0.47459403539456124,APO,5
2454452.0264652,2007.96034648,0.0116815939455,0.031601798760565084,1.592209965480598,-0.0214120022075779,APO,5
2454452.0332323,2007.96036502,-0.0175919160337,0.031601798760565084,1.5937078037337558,-0.022909472482484535,APO,5
2454452.0397658,2007.96038292,0.0270469561129,0.031601798760565084,1.5951541898240975,-0.024355454491669804,APO,5
2454452.04450715,2007.96039591,0.0177905931978,0.031601798760565084,1.5962039856767054,-0.025404925321362192,APO,5
2454452.0493069002,2007.96040906,-0.0248673781843,0.031601798760565084,1.5972668455447088,-0.026467427594036398,APO,5
2454454.0264243,2007.96582582,0.0260434523134,0.031601798760565084,2.046508023832891,-0.4579712382975604,APO,5
2454454.0324979,2007.96584246,0.037561930707,0.031601798760565084,2.0479221156524474,-0.4592278609630048,APO,5
2454454.03937815,2007.96586131,0.0223174467592,0.031601798760565084,2.0495242509039437,-0.46065047736893583,APO,5
2454454.0457401,2007.96587874,-0.0175881013365,0.031601798760565084,2.051005916225559,-0.4619650701585322,APO,5
2454454.0503683,2007.96589142,0.0444351807146,0.031601798760565084,2.052083933600602,-0.46292089312607376,APO,5
2454455.2745856,2007.96924544,-0.00835784525583,0.031601798760565084,2.3407942695482817,-0.6961337617065888,APO,5
2454455.2850538,2007.96927412,0.010374225667,0.031601798760565084,2.343289441983521,-0.6979229073115849,APO,5
2454455.2895652,2007.96928648,-0.03838392348,0.031601798760565084,2.3443648790163496,-0.6986927024197507,APO,5
2454455.2939598,2007.96929852,-0.0102761611433,0.031601798760565084,2.345412537390276,-0.6994418365979291,APO,5
2454455.29789085,2007.96930929,0.00572136788656,0.031601798760565084,2.346349740506468,-0.7001113385726272,APO,5
2454461.31651455,2007.98579867,0.00979069619467,0.031601798760565084,2.4987553932259416,-0.8003981327505157,APO,5
2454461.3233364,2007.98581736,-0.0378837213011,0.031601798760565084,2.497246360905329,-0.7994926039913596,APO,5
2454461.32987355,2007.98583527,0.0115671530276,0.031601798760565084,2.495800602755589,-0.7986233366125736,APO,5
2454461.3368122,2007.98585428,-0.00509031862925,0.031601798760565084,2.494266367138128,-0.7976990462154505,APO,5
2454461.3442728003,2007.98587472,0.00236121564199,0.031601798760565084,2.4926170870360584,-0.7967033539053152,APO,5
2454461.3493025,2007.9858885,-0.0385124310942,0.031601798760565084,2.4915054092669533,-0.7960309964412379,APO,5
2454461.35277365,2007.98589801,-0.0066731795759,0.031601798760565084,2.490738307211696,-0.795566469264297,APO,5
2454466.560598622,2008.00016557,0.0396455898791,0.031601798760565084,1.4304422873313036,0.13989368143161113,APO,5
2454466.568196782,2008.00018633,0.0187657251864,0.031601798760565084,1.4289959631613856,0.14132563639893495,APO,5
2454466.5764866825,2008.00020898,0.0125244036226,0.031601798760565084,1.4274181462158726,0.14288744048967938,APO,5
2454480.0561939087,2008.03703878,0.0159269943743,0.031601798760565084,1.2859205915423364,0.28103819701192745,APO,5
2454480.0681987093,2008.03707158,0.00521007924368,0.031601798760565084,1.2885918779731038,0.27847357288891716,APO,5
2454480.0820005694,2008.03710929,0.0139339342623,0.031601798760565084,1.2916636591654949,0.27552199023064095,APO,5
2454483.323131972,2008.04596484,-0.0217285975904,0.031601798760565084,2.0303690312388025,-0.4435651871985979,APO,5
2454483.326436952,2008.04597387,-0.0130554065199,0.031601798760565084,2.0311379166736367,-0.44425416352280034,APO,5
2454483.329917612,2008.04598338,0.0192498341112,0.031601798760565084,2.0319476997015498,-0.44497950304416867,APO,5
2454486.3182162065,2008.05414813,-0.020753107974,0.031601798760565084,2.7315049576378074,-0.9170858628655664,APO,5
2454486.3306272672,2008.05418204,-0.0358899459333,0.031601798760565084,2.734395737991571,-0.9182345539068962,APO,5
2454486.3370029875,2008.05419946,-0.0642336234541,0.031601798760565084,2.735880574108739,-0.918821591496347,APO,5
2454507.138657565,2008.11103458,0.0219605341463,0.031601798760565084,0.769154818925381,0.7184987734570337,APO,5
2454507.146314285,2008.1110555,0.0145535841494,0.031601798760565084,0.7708880078082414,0.7172922131076598,APO,5
2454507.1489238655,2008.11106263,-0.00536628813456,0.031601798760565084,0.7714787432835312,0.7168804797566392,APO,5
2454507.1526936656,2008.11107293,0.0372138395815,0.031601798760565084,0.772332143306313,0.7162852316269936,APO,5
2454507.156576926,2008.11108354,0.0308920517473,0.031601798760565084,0.7732112571964138,0.7156715025520606,APO,5
2454507.159420746,2008.11109131,0.00463167577078,0.031601798760565084,0.7738550754758436,0.7152216877253879,APO,5
2454514.3635929534,2008.13077484,-0.00699575991343,0.031601798760565084,2.417963083894333,-0.7494074997178499,APO,5
2454514.369331834,2008.13079052,-0.0196722373457,0.031601798760565084,2.4192578615215212,-0.7502641552964961,APO,5
2454514.375594094,2008.13080763,-0.0385003909559,0.031601798760565084,2.4206706398308966,-0.7511974479285454,APO,5
2454514.3793053343,2008.13081777,0.010475076726,0.031601798760565084,2.4215078627662567,-0.7517498166690506,APO,5
2454514.3823211743,2008.13082601,-0.025107704112,0.031601798760565084,2.4221881874256166,-0.7521982816827529,APO,5
2454514.384411034,2008.13083172,-0.0360456332655,0.031601798760565084,2.4226596143418924,-0.7525088386431865,APO,5
2454514.386727814,2008.13083805,-0.000146828600864,0.031601798760565084,2.4231822183254104,-0.7528529135216769,APO,5
2454514.3891653745,2008.13084471,-0.022560082385,0.031601798760565084,2.423732054499682,-0.7532146957115665,APO,5
2454514.3918335144,2008.130852,0.0043039694338,0.031601798760565084,2.4243338872134648,-0.7536104296425523,APO,5
2454523.644240607,2008.1561318,-0.0113812312574,0.031601798760565084,1.9400558864075828,-0.3609250000789761,APO,5
2454523.6619879478,2008.15618029,-0.0727817639799,0.031601798760565084,1.9366901625923185,-0.3577841050317235,APO,5
2454525.6506673107,2008.16161384,-0.00164922327707,0.031601798760565084,1.5605883124113114,0.01020783709927306,APO,5
2454525.6543785506,2008.16162398,-0.0260233506651,0.031601798760565084,1.5598847091830592,0.010911401084079696,APO,5
2454525.6591914506,2008.16163713,-0.0211269483061,0.031601798760565084,1.5589722152504248,0.011823836025653001,APO,5
2454525.664180031,2008.16165076,-0.0215710029096,0.031601798760565084,1.5580263773476637,0.012769602380695817,APO,5
2454525.668414651,2008.16166233,0.0451753511934,0.031601798760565084,1.5572234618453293,0.013572448215185108,APO,5
2454525.6714853914,2008.16167072,0.0253632441073,0.031601798760565084,1.5566412098384321,0.01415464425735418,APO,5
2454525.6746769114,2008.16167944,-0.0377481803388,0.031601798760565084,1.5560360415336438,0.014759749306321372,APO,5
2454544.4287883444,2008.21292018,-0.00483258814524,0.031601798760565084,2.553973437012067,-0.832262898010343,APO,5
2454544.446824825,2008.21296946,-0.00769742579172,0.031601798760565084,2.557782461558864,-0.8343685068383635,APO,5
2454549.477677984,2008.22671496,-0.0376045331449,0.031601798760565084,2.6994518649355226,-0.9038377443154233,APO,5
2454549.4837682243,2008.2267316,0.00822488217642,0.031601798760565084,2.6982766758814014,-0.9033342858490128,APO,5
2454549.4915384045,2008.22675283,0.0130304470568,0.031601798760565084,2.696777419906425,-0.9026901841057595,APO,5
2454549.503484645,2008.22678547,0.0106612816363,0.031601798760565084,2.694472610378099,-0.9016960483440823,APO,5
2454549.512817645,2008.22681097,0.0201609507113,0.031601798760565084,2.6926721619217524,-0.9009161265169986,APO,5
2454549.515892045,2008.22681937,0.0145578756838,0.031601798760565084,2.692079108463169,-0.9006585869079973,APO,5
2454549.518735865,2008.22682714,0.0441913977175,0.031601798760565084,2.691530549717412,-0.9004200875722104,APO,5
2454552.676419265,2008.23545469,-0.0289424285383,0.031601798760565084,2.0909344909758185,-0.4970000346269466,APO,5
2454552.6829157653,2008.23547244,-0.0198409184904,0.031601798760565084,2.089708966564414,-0.49593621222280554,APO,5
2454552.6919047255,2008.235497,-0.0321513041944,0.031601798760565084,2.0880132500172635,-0.49446300926005426,APO,5
2454552.695440286,2008.23550666,0.00225309281637,0.031601798760565084,2.087346284761209,-0.493883174008679,APO,5
2454552.6991515257,2008.2355168,-0.0279960259886,0.031601798760565084,2.0866461772914584,-0.49327428978365795,APO,5
2454552.702167366,2008.23552504,-0.0188471898527,0.031601798760565084,2.0860772526485563,-0.4927793173235769,APO,5
2454552.705007526,2008.2355328,-0.0248773917646,0.031601798760565084,2.085541468547522,-0.49231303176486163,APO,5
2454552.7081404864,2008.23554136,-0.0461347922773,0.031601798760565084,2.0849504479796055,-0.49179851073997005,APO,5
2454554.686846349,2008.24094766,-0.0278864726515,0.031601798760565084,1.7097930227856273,-0.13854955689850612,APO,5
2454554.690963849,2008.24095891,-0.00561317057322,0.031601798760565084,1.7090047350354767,-0.13776882882168393,APO,5
2454554.695081349,2008.24097016,-5.86137265965e-05,0.031601798760565084,1.70821639968225,-0.13698796798134166,APO,5
2454554.6991402893,2008.24098125,-0.021214209506,0.031601798760565084,1.7074392294608016,-0.1362180830754136,APO,5
2454554.702097569,2008.24098933,-0.00997873396585,0.031601798760565084,1.7068729662700697,-0.13565707628507473,APO,5
2454554.7059844895,2008.24099995,-0.0117961987943,0.031601798760565084,1.706128656903228,-0.13491960991573249,APO,5
2454554.7088832096,2008.24100787,-0.0186481103391,0.031601798760565084,1.7055735509460879,-0.13436955878423287,APO,5
2454554.7112036496,2008.24101421,-0.0216356143446,0.031601798760565084,1.7051291686757495,-0.13392919323493355,APO,5
2454554.7129421495,2008.24101896,-0.0142165050001,0.031601798760565084,1.7047962224543303,-0.13359923914094574,APO,5
2454555.67312854,2008.24364242,1.97067766383e-05,0.031601798760565084,1.5193812147896473,0.051392462240011795,APO,5
2454555.67689834,2008.24365272,-0.0290853604765,0.031601798760565084,1.5186463996634356,0.052126292392417506,APO,5
2454555.68217606,2008.24366714,0.00149384885122,0.031601798760565084,1.5176175573329798,0.05315370824291696,APO,5
2454555.68565306,2008.24367664,0.0224331989794,0.031601798760565084,1.51693968391979,0.05383061111099447,APO,5
2454555.6893057404,2008.24368662,-0.00642880053232,0.031601798760565084,1.516227504703113,0.05454174401432802,APO,5
2454555.6926107206,2008.24369565,-0.0172602757902,0.031601798760565084,1.515583069155746,0.055185208943689924,APO,5
2454555.6958022406,2008.24370437,-0.00198968500803,0.031601798760565084,1.5149607129618574,0.05580660602344676,APO,5
2454555.699513481,2008.24371451,0.0110549107104,0.031601798760565084,1.5142369550631336,0.05652922133617814,APO,5
2454555.7022401807,2008.24372196,0.00330308823874,0.031601798760565084,1.5137051626322593,0.057060155383401825,APO,5
2454555.704095801,2008.24372703,-0.0306306704969,0.031601798760565084,1.5133432400050857,0.05742148460028763,APO,5
2454555.705775741,2008.24373162,-0.0328960046263,0.031601798760565084,1.5130155695432035,0.05774861132574566,APO,5
2454555.707572801,2008.24373653,0.024225987485,0.031601798760565084,1.5126650416109018,0.05809855072681262,APO,5
2454555.710471521,2008.24374445,-0.0165354833097,0.031601798760565084,1.5120995987597676,0.05866302914374306,APO,5
2454570.2934235623,2008.28358858,-0.00287052244852,0.031601798760565084,1.7941966959437856,-0.2215467666252729,APO,5
2454570.298931862,2008.28360363,-0.0176994428129,0.031601798760565084,1.7953868072041874,-0.22270714615098036,APO,5
2454570.3034556224,2008.28361599,0.004607476285,0.031601798760565084,1.796364079069839,-0.2236597677155547,APO,5
2454570.307690243,2008.28362756,-0.00765641779612,0.031601798760565084,1.7972787882415922,-0.22455121112514695,APO,5
2454570.320097643,2008.28366146,0.000812925389309,0.031601798760565084,1.7999583240104247,-0.22716150843207406,APO,5
2454570.323347723,2008.28367034,-0.0370592698545,0.031601798760565084,1.8006600836736026,-0.22784486607096338,APO,5
2454570.4706371077,2008.28407277,-0.00556703657816,0.031601798760565084,1.8324037377536366,-0.25863360494605714,APO,5
2454570.474059208,2008.28408212,-0.00861867518137,0.031601798760565084,1.8331398949324955,-0.2593446445973138,APO,5
2454570.476903028,2008.28408989,-0.0438379868955,0.031601798760565084,1.8337516062197834,-0.2599353775254263,APO,5
2454570.4821770885,2008.2841043,-0.0301365479917,0.031601798760565084,1.8348859538600721,-0.2610305656460525,APO,5
2454570.493717069,2008.28413583,-0.0208994969816,0.031601798760565084,1.8373674660027985,-0.26342523893446734,APO,5
2454570.4980688086,2008.28414772,-0.00584407896708,0.031601798760565084,1.8383030644610696,-0.26432767645556887,APO,5
2454570.5004441487,2008.28415421,-0.0416740998716,0.031601798760565084,1.8388137064411836,-0.2648201219136087,APO,5
2454570.505085029,2008.28416689,-0.0276200398893,0.031601798760565084,1.8398113001650356,-0.265781967442606,APO,5
2454578.545344003,2008.30613481,-0.00912126154612,0.031601798760565084,2.8198515050134074,-0.9486862723900762,APO,5
2454578.5539267035,2008.30615826,-0.0204090699644,0.031601798760565084,2.818269019088175,-0.9481846728517177,APO,5
2454578.5573488036,2008.30616761,-0.0183597430677,0.031601798760565084,2.8176379352007643,-0.947983976248103,APO,5
2454578.560829464,2008.30617712,-0.02373381705,0.031601798760565084,2.816995985987789,-0.9477794369091261,APO,5
2454584.7206718787,2008.32300729,-0.00695510954569,0.031601798760565084,1.6452679350118746,-0.07440279045954164,APO,5
2454584.727398959,2008.32302567,0.00912550835897,0.031601798760565084,1.6439274142070652,-0.07306591876454978,APO,5
2454584.731457899,2008.32303676,-0.0157436952085,0.031601798760565084,1.6431184640809438,-0.07225910705103657,APO,5
2454584.734301719,2008.32304453,0.00559142976095,0.031601798760565084,1.6425516363704513,-0.07169374951036982,APO,5
2454584.737895839,2008.32305435,0.00366107373526,0.031601798760565084,1.6418351981852868,-0.07097913660270369,APO,5
2454584.743173559,2008.32306877,0.0130650177508,0.031601798760565084,1.6407830333082234,-0.06992958640042539,APO,5
2454584.7457245793,2008.32307574,-0.0401731357069,0.031601798760565084,1.6402744095916084,-0.06942219880684952,APO,5
2454585.71472425,2008.32572328,-0.0077170953245,0.031601798760565084,1.4443786591984762,0.12608121411168077,APO,5
2454585.71965427,2008.32573675,-0.0111214742155,0.031601798760565084,1.4433672713615584,0.1270844663400721,APO,5
2454585.7239437904,2008.32574847,0.00432137399008,0.031601798760565084,1.442487152270596,0.1279574000030345,APO,5
2454585.7275415706,2008.3257583,0.00532332806875,0.031601798760565084,1.4417488710916817,0.1286895773246006,APO,5
2454585.7311942503,2008.32576828,-0.00311132521341,0.031601798760565084,1.4409992377750518,0.12943294115663276,APO,5
2454585.7346712505,2008.32577778,-0.0186961516828,0.031601798760565084,1.4402855778768084,0.13014056485363873,APO,5
2454585.738558171,2008.3257884,0.0102566853075,0.031601798760565084,1.4394876875998228,0.13093162800620065,APO,5
2454585.7422108506,2008.32579838,-0.00726541132639,0.031601798760565084,1.438737791133437,0.13167503203013536,APO,5
2454585.745051011,2008.32580614,0.00411669163992,0.031601798760565084,1.438154644810452,0.13225307843960785,APO,5
2454598.36500957,2008.3602869,-0.00398965925882,0.031601798760565084,1.5077786824859996,0.06297594306506775,APO,5
2454598.36761915,2008.36029403,-0.0197680816145,0.031601798760565084,1.5083418918516946,0.06241384168604553,APO,5
2454598.37266629,2008.36030782,-0.00944336504648,0.031601798760565084,1.5094310514057172,0.06132676880095428,APO,5
2454598.3758541504,2008.36031653,-0.0048466548414,0.031601798760565084,1.5101188927607785,0.06064020768710415,APO,5
2454598.3799130903,2008.36032762,0.00454524903585,0.031601798760565084,1.5109945846694472,0.05976610418484005,APO,5
2454598.3830460506,2008.36033618,-0.0324843749494,0.031601798760565084,1.5116704244124701,0.05909145896908738,APO,5
2454598.385655631,2008.36034331,-0.0166844949217,0.031601798760565084,1.5122333094154723,0.05852954823496158,APO,5
2454598.389656011,2008.36035424,-0.00334890932749,0.031601798760565084,1.5130960981238668,0.05766821694752802,APO,5
2454598.392902431,2008.36036311,-0.00508125872324,0.031601798760565084,1.5137961942396345,0.05696927185369649,APO,5
2454603.583807395,2008.37454591,-0.0294653996916,0.031601798760565084,2.5600360820218095,-0.83560859844231,APO,5
2454603.5948825553,2008.37457617,-0.00553389639566,0.031601798760565084,2.5621499099477973,-0.8367679098471829,APO,5
2454603.6007971154,2008.37459233,-0.0345323905439,0.031601798760565084,2.5632785995547303,-0.8373853994362007,APO,5
2454605.545058717,2008.37990452,0.0137832537203,0.031601798760565084,2.92396803344557,-0.9764130738787562,APO,5
2454605.5601379178,2008.37994572,-0.0320597514601,0.031601798760565084,2.926596435792015,-0.9769772011229918,APO,5
2454613.7530262168,2008.40233066,0.0151561871081,0.031601798760565084,1.7516076372179072,-0.17982771705999867,APO,5
2454613.7596361768,2008.40234872,-0.0029871091337,0.031601798760565084,1.7502519642248195,-0.1784939792451443,APO,5
2454613.7628276967,2008.40235744,-0.00643082709024,0.031601798760565084,1.7495973066545312,-0.17784979661499836,APO,5
2454613.767640597,2008.40237059,0.0340806618242,0.031601798760565084,1.7486099525010788,-0.1768780966792037,APO,5
2454613.7750045173,2008.40239071,0.0218254700213,0.031601798760565084,1.7470990012946435,-0.17539076765492145,APO,5
2454613.7799345376,2008.40240418,0.00839725880911,0.031601798760565084,1.7460872677180008,-0.17439462746895562,APO,5
2454613.783587218,2008.40241416,0.00832382588675,0.031601798760565084,1.7453375767754618,-0.17365637596991426,APO,5
2454613.786657958,2008.40242255,0.0140029564409,0.031601798760565084,1.7447072651293116,-0.17303560663005305,APO,5
2454613.789501778,2008.40243032,0.012198485425,0.031601798760565084,1.7441234826429124,-0.1724606007172779,APO,5
2454624.4338252144,2008.43151317,-0.00257130713175,0.031601798760565084,0.7627176540648232,0.7229610861913043,APO,5
2454624.4382318547,2008.43152521,-0.0175017938108,0.031601798760565084,0.7637432772340322,0.7222521145615843,APO,5
2454624.447045135,2008.43154929,0.0115622654467,0.031601798760565084,0.7657941194502031,0.720832172932749,APO,5
2454624.4501780947,2008.43155785,0.00761524586966,0.031601798760565084,0.7665230263731022,0.7203267690687511,APO,5
2454624.457948275,2008.43157908,-0.00854440779398,0.031601798760565084,0.7683305232286599,0.7190718502185856,APO,5
2454628.4348495007,2008.44244493,0.026442207387,0.031601798760565084,1.6334561557306848,-0.06261883391543165,APO,5
2454628.438674201,2008.44245538,0.01543942838,0.031601798760565084,1.634234259347607,-0.0633953914812919,APO,5
2454628.442154861,2008.44246489,0.0198842659502,0.031601798760565084,1.6349422960576172,-0.06410198801812905,APO,5
2454628.4445338612,2008.44247139,0.018558897069,0.031601798760565084,1.6354261918196127,-0.0645848810534467,APO,5
2454628.4488819414,2008.44248327,0.0093727484255,0.031601798760565084,1.636310518367076,-0.06546733595032313,APO,5
2454628.456710682,2008.44250466,0.0204285755663,0.031601798760565084,1.6379024728942972,-0.06705579164940323,APO,5
2454628.473352702,2008.44255013,0.0206249132662,0.031601798760565084,1.6412853920746246,-0.0704307065124317,APO,5
2454628.477411642,2008.44256122,0.0438559427767,0.031601798760565084,1.6421102304790398,-0.07125347252211078,APO,5
2454628.480251802,2008.44256898,0.0178047791033,0.031601798760565084,1.642687336951953,-0.07182910023198152,APO,5
2454628.4833847624,2008.44257754,0.0242797508745,0.031601798760565084,1.6433238844070208,-0.07246398886057807,APO,5
2454628.4909243626,2008.44259814,-0.0032107457609,0.031601798760565084,1.6448555279269006,-0.07399152013964429,APO,5
2454628.497534323,2008.4426162,0.0349613800554,0.031601798760565084,1.6461980460472676,-0.07533029116243618,APO,5
2454628.501245563,2008.44262634,0.0305149927645,0.031601798760565084,1.6469517072097402,-0.07608178943478539,APO,5
2454628.504726223,2008.44263585,0.0182717218905,0.031601798760565084,1.6476584706129014,-0.07678648528028575,APO,5
2454628.507742063,2008.44264409,0.0215183868914,0.031601798760565084,1.6482707933217602,-0.0773969857094319,APO,5
2454628.5141177834,2008.44266151,0.0275831594973,0.031601798760565084,1.6495651174658246,-0.07868736214881115,APO,5
2454630.4431318245,2008.44793204,0.0273555889635,0.031601798760565084,2.031834402946602,-0.4448780383271339,APO,5
2454630.4477104847,2008.44794455,0.0392841473131,0.031601798760565084,2.032723143258076,-0.4456738104958714,APO,5
2454630.451827985,2008.4479558,0.0165833607226,0.031601798760565084,2.0335223088440744,-0.4463890774804007,APO,5
2454630.4553086446,2008.44796531,0.0189192667513,0.031601798760565084,2.034197824909781,-0.44699345368982013,APO,5
2454630.461977165,2008.44798353,0.0239305868654,0.031601798760565084,2.0354919160110705,-0.44815069174969285,APO,5
2454630.4684151052,2008.44800112,0.0181547775774,0.031601798760565084,2.0367411170146688,-0.4492670750559228,APO,5
2454630.471079585,2008.4480084,0.011652149251,0.031601798760565084,2.0372580844736077,-0.44972887243688886,APO,5
2454630.4746773653,2008.44801823,0.035120524457,0.031601798760565084,2.03795609437385,-0.4503522009284137,APO,5
2454630.4776932057,2008.44802647,0.0232365503817,0.031601798760565084,2.038541167587897,-0.4508745070183809,APO,5
2454633.6043544444,2008.45656926,0.022553242734,0.031601798760565084,2.6334876985543425,-0.8736680578279818,APO,5
2454633.6077179844,2008.45657845,0.0181638374834,0.031601798760565084,2.634118962590236,-0.8739750078767735,APO,5
2454633.617054645,2008.45660396,-0.0165112838239,0.031601798760565084,2.6358711655612748,-0.8748251853963555,APO,5
2454633.6203596247,2008.45661299,0.0390782728701,0.031601798760565084,2.6364913774176317,-0.8751254717723934,APO,5
2454633.623836625,2008.45662249,0.0155790224581,0.031601798760565084,2.637143853146182,-0.8754410159110149,APO,5
2454633.6314933454,2008.45664341,0.0209503546267,0.031601798760565084,2.638580610184149,-0.8761345326524126,APO,5
2454643.8308669077,2008.48451055,0.0227589979677,0.031601798760565084,1.6095028774826003,-0.03869688640490202,APO,5
2454643.836547228,2008.48452607,0.0244123116045,0.031601798760565084,1.6082615332779278,-0.03745644247713006,APO,5
2454643.839621628,2008.48453447,0.0326054468661,0.031601798760565084,1.6075895876129798,-0.036784959937032395,APO,5
2454643.843680568,2008.48454556,0.0397693291216,0.031601798760565084,1.6067023688911726,-0.03589832731955845,APO,5
2454643.845883888,2008.48455158,0.016140140584,0.031601798760565084,1.6062207155312227,-0.03541698026515621,APO,5
2454643.8478566282,2008.48455697,0.0312728062182,0.031601798760565084,1.6057894420060932,-0.034985974031206166,APO,5
2454665.71952688,2008.54431563,-2.19085141801e-05,0.031601798760565084,3.098210704578058,-0.9990591508198611,APO,5
2454665.7318208204,2008.54434922,-0.00958225511757,0.031601798760565084,3.0996072331953135,-0.9991187417036066,APO,5
2454665.7397081205,2008.54437077,0.00311067319664,0.031601798760565084,3.100452647743571,-0.9991538693092747,APO,5
2454675.9049814623,2008.57214474,0.00735130525383,0.031601798760565084,0.9610679848553542,0.5726447749741688,APO,5
2454675.908345002,2008.57215393,0.0042290947512,0.031601798760565084,0.9602701890750055,0.5732986285289662,APO,5
2454718.5820797514,2008.68874883,-0.00495395445076,0.031601798760565084,1.8548961463918325,-0.2802934688842546,APO,5
2454723.7891619164,2008.70297583,-0.00806638979165,0.031601798760565084,2.900839892455361,-0.9711587663662105,APO,5
2454723.8161251373,2008.7030495,-0.0148834922239,0.031601798760565084,2.9065136155875977,-0.9724959348506107,APO,5
2454723.818910397,2008.70305711,-0.0345619656965,0.031601798760565084,2.90709954542451,-0.9726322425971261,APO,5
2454723.821055157,2008.70306297,-0.0539523103162,0.031601798760565084,2.9075507129979417,-0.9727369723867659,APO,5
2454724.8343005693,2008.7058314,0.0106803438738,0.031601798760565084,3.089731925546048,-0.9986555338163303,APO,5
2454724.8394026095,2008.70584534,0.00851001954826,0.031601798760565084,3.0898741211501144,-0.9986628947824955,APO,5
2454727.8423155844,2008.71405002,0.00869014478477,0.031601798760565084,2.464426394579521,-0.7793514309458389,APO,5
2454727.8473041644,2008.71406365,-0.021033976309,0.031601798760565084,2.463277767968491,-0.7786312024139017,APO,5
2454727.8511874247,2008.71407426,-0.0197820403501,0.031601798760565084,2.4623836095304186,-0.7780698230477143,APO,5
2454727.854898665,2008.7140844,0.00223686910423,0.031601798760565084,2.4615290334282247,-0.7775327132635512,APO,5
2454727.858902705,2008.71409534,-0.0197665431425,0.031601798760565084,2.460607005870365,-0.7769525727346905,APO,5
2454727.862379705,2008.71410484,-0.0188339688703,0.031601798760565084,2.459806317321295,-0.7764482429482394,APO,5
2454727.8658603653,2008.71411435,0.00149443364891,0.031601798760565084,2.4590047630085645,-0.7759428692529877,APO,5
2454732.0300657568,2008.72549196,-0.00864749812417,0.031601798760565084,1.49795190696431,0.07278001441454822,APO,5
2454732.0336598773,2008.72550178,-0.0104681816035,0.031601798760565084,1.4971294850251975,0.07360023059982633,APO,5
2454732.037199097,2008.72551145,-0.0109139051371,0.031601798760565084,1.4963196480178926,0.07440784696439359,APO,5
2454732.040965237,2008.72552174,-0.0117203559809,0.031601798760565084,1.495457912029912,0.07526716639518212,APO,5
2454732.0446215775,2008.72553173,0.000184122092205,0.031601798760565084,1.49462132354101,0.07610135538395495,APO,5
2454732.0483328174,2008.72554187,-0.0219582881861,0.031601798760565084,1.4937721980332765,0.07694799096486346,APO,5
2454732.0519269374,2008.72555169,-0.0188611116343,0.031601798760565084,1.4929498926896305,0.07776783215404079,APO,5
2454734.0415945007,2008.73098794,-0.020418461793,0.031601798760565084,1.0417917157012586,0.5046742623193843,APO,5
2454734.0454814206,2008.73099856,-0.0158194866114,0.031601798760565084,1.0409193609574947,0.5054271826334787,APO,5
2454734.049192661,2008.7310087,-0.0288585987025,0.031601798760565084,1.0400864715465676,0.5061456819129876,APO,5
2454734.0523219607,2008.73101725,-0.0290091600352,0.031601798760565084,1.0393842113486556,0.5067512199569638,APO,5
2454734.056498021,2008.73102866,-0.0237216319972,0.031601798760565084,1.038447082982999,0.5075588885065957,APO,5
2454734.059803001,2008.73103769,-0.0240018930369,0.031601798760565084,1.0377054617095143,0.5081977424172407,APO,5
2454734.0636313614,2008.73104815,-0.0219711627894,0.031601798760565084,1.0368464324423334,0.5089373855424032,APO,5
2454734.0669363416,2008.73105718,-0.0260313119822,0.031601798760565084,1.036104873172883,0.5095755823945949,APO,5
2454734.0709367213,2008.73106811,-0.0231050815516,0.031601798760565084,1.0352073212056647,0.5103476539913238,APO,5
2454746.621135678,2008.76535827,-0.0318434801035,0.031601798760565084,1.5217664141259888,0.049010270931174944,APO,5
2454746.6267574388,2008.76537363,-0.0258447494441,0.031601798760565084,1.5228350271264033,0.04794291433004419,APO,5
2454746.6320937187,2008.76538821,-0.0188605155878,0.031601798760565084,1.5238494370061904,0.04692964644967462,APO,5
2454746.636094099,2008.76539914,-0.0508605804377,0.031601798760565084,1.5246099366299875,0.046169971248644234,APO,5
2454746.641141239,2008.76541293,-0.0482227172785,0.031601798760565084,1.5255694816212333,0.04521142840996692,APO,5
2454749.6180755333,2008.77354663,-0.00783842467598,0.031601798760565084,2.10730390495801,-0.5111373817561422,APO,5
2454749.6259042732,2008.77356802,-7.20881752445e-06,0.031601798760565084,2.1088902796553013,-0.5125002255325075,APO,5
2454749.6330339536,2008.7735875,-0.00541311168007,0.031601798760565084,2.1103353170151697,-0.5137405249421894,APO,5
2454749.6366902934,2008.77359749,-0.00638264083199,0.031601798760565084,2.111076497871393,-0.5143762766357813,APO,5
2454749.643995654,2008.77361745,-0.0131136741572,0.031601798760565084,2.1125576138761426,-0.5156458646333247,APO,5
2454749.647300634,2008.77362648,-0.0340977277689,0.031601798760565084,2.1132277821740795,-0.5162199502064199,APO,5
2454756.897226503,2008.79343502,0.0365923080511,0.031601798760565084,2.52450649401607,-0.8155680429053587,APO,5
2454756.9013440036,2008.79344627,0.00233418083854,0.031601798760565084,2.5235307432613663,-0.8150030256597962,APO,5
2454756.9052858236,2008.79345704,-0.000301894181294,0.031601798760565084,2.5225966114528684,-0.814461381215897,APO,5
2454756.9083602238,2008.79346544,0.0287571582861,0.031601798760565084,2.521868031840003,-0.814038430246835,APO,5
2454756.9108526837,2008.79347225,0.00436669922538,0.031601798760565084,2.521277356386623,-0.8136952174497332,APO,5
2454756.9132902436,2008.79347891,-0.00301330947213,0.031601798760565084,2.520699686642403,-0.813359287048619,APO,5
2454756.915782704,2008.79348572,0.0371655855245,0.031601798760565084,2.5201090013594745,-0.813015507102764,APO,5
2454756.918450844,2008.79349301,0.0116722021169,0.031601798760565084,2.5194766766313217,-0.8126471785560997,APO,5
2454756.921291004,2008.79350077,-0.000329073899312,0.031601798760565084,2.5188035787530803,-0.8122547426649043,APO,5
2454756.9237285643,2008.79350743,0.0319009456701,0.031601798760565084,2.5182258892625473,-0.8119176392134781,APO,5
2454756.9262210242,2008.79351424,0.0119714174337,0.031601798760565084,2.5176351842474594,-0.8115726605337072,APO,5
2454756.9288891642,2008.79352153,-0.000358399384541,0.031601798760565084,2.517002838541634,-0.8112030493722525,APO,5
2454757.8920328347,2008.79615307,0.0394706163473,0.031601798760565084,2.288860925697101,-0.6579283922926255,APO,5
2454757.8952206946,2008.79616178,0.0324452552862,0.031601798760565084,2.2881075371827264,-0.6573608434334537,APO,5
2454757.898759915,2008.79617145,-0.0215985145503,0.031601798760565084,2.287271133655634,-0.6567303199841479,APO,5
2454757.902760295,2008.79618238,-0.00115304850869,0.031601798760565084,2.2863257751372332,-0.6560171076534564,APO,5
2454757.9064129754,2008.79619236,0.0296650562353,0.031601798760565084,2.285462610357081,-0.6553653931681809,APO,5
2454757.910241335,2008.79620282,-0.00149684809975,0.031601798760565084,2.284557957761086,-0.6546818301350268,APO,5
2454757.9136048756,2008.79621201,0.0157215032644,0.031601798760565084,2.283763166248424,-0.6540808368918092,APO,5
2454757.9173710155,2008.7962223,0.0334133539266,0.031601798760565084,2.2828732675479895,-0.6534074366733917,APO,5
2454757.923750396,2008.79623973,0.0276302728719,0.031601798760565084,2.281365949834507,-0.6522656456447207,APO,5
2454762.1229819884,2008.80771304,0.0136083993978,0.031601798760565084,1.3205427565288588,0.24764963867865564,APO,5
2454762.1270994884,2008.80772429,0.0116394195623,0.031601798760565084,1.3196382293825912,0.24852588806424084,APO,5
2454762.1306350487,2008.80773395,0.0027305517263,0.031601798760565084,1.3188616033014386,0.24927807267489893,APO,5
2454762.1354479487,2008.8077471,-0.0102961625987,0.031601798760565084,1.3178044860342226,0.2503016793373531,APO,5
2454762.1397411292,2008.80775883,0.0101153287954,0.031601798760565084,1.3168616097705375,0.25121443046675873,APO,5
2454762.1426398493,2008.80776675,0.0083126459188,0.031601798760565084,1.316225034701778,0.2518305405608741,APO,5
2454762.1447846093,2008.80777261,0.000390115744548,0.031601798760565084,1.3157540579625093,0.25228631040668104,APO,5
2454764.125521772,2008.81318446,0.00303262806602,0.031601798760565084,0.8895026431515544,0.6297984306662447,APO,5
2454764.1284204917,2008.81319238,-0.0555948581629,0.031601798760565084,0.8888913642961849,0.6302731290842957,APO,5
2454764.133291952,2008.81320569,0.00484782791801,0.031601798760565084,0.8878641577924804,0.6310702923162091,APO,5
2454764.137120312,2008.81321615,0.00934034920402,0.031601798760565084,0.8870569734886369,0.6316962402322606,APO,5
2454764.1404838525,2008.81322534,0.00688571072288,0.031601798760565084,0.886347845597179,0.6322458086517038,APO,5
2454764.1444256725,2008.81323611,0.0077229175634,0.031601798760565084,0.8855168624665051,0.6328894093064791,APO,5
2454764.148082013,2008.8132461,-0.00586694144539,0.031601798760565084,0.8847461218971171,0.6334859611459803,APO,5
2454764.1512113125,2008.81325465,0.00629538632103,0.031601798760565084,0.8840865250410711,0.6339961891312612,APO,5
2454776.6647004685,2008.84744451,-0.0232638683253,0.031601798760565084,1.5698024329759541,0.0009938936553103258,APO,5
2454776.6688765283,2008.84745592,-0.0664911832743,0.031601798760565084,1.5706205357448844,0.00017579104910686157,APO,5
2454776.6760098687,2008.84747541,-0.0290103521281,0.031601798760565084,1.5720181743250212,-0.0012218472261062774,APO,5
2454776.6802444886,2008.84748698,-0.014582571023,0.031601798760565084,1.5728479821522676,-0.002051653918036009,APO,5
2454776.683084649,2008.84749474,-0.0505258407526,0.031601798760565084,1.5734045832677153,-0.0026082535154907235,APO,5
2454778.6605753917,2008.85289772,-0.0142415132456,0.031601798760565084,1.9721750185109386,-0.39068783096741033,APO,5
2454778.6640523914,2008.85290722,-0.0349884595805,0.031601798760565084,1.9728986716142909,-0.3913538681055725,APO,5
2454778.6674744915,2008.85291657,-0.015419539445,0.031601798760565084,1.9736109839801705,-0.3920092672879558,APO,5
2454778.670955152,2008.85292608,-0.0172507133418,0.031601798760565084,1.9743355725055605,-0.392675757700099,APO,5
2454778.677623672,2008.8529443,-0.00545543097786,0.031601798760565084,1.9757240403660121,-0.3939523207113294,APO,5
2454778.6795378523,2008.85294953,-0.0147344436579,0.031601798760565084,1.9761226556688811,-0.3943186690361668,APO,5
2454778.683944492,2008.85296157,-0.0373001661234,0.031601798760565084,1.9770404098548806,-0.3951618948787438,APO,5
2454778.686843212,2008.85296949,-0.00520699881844,0.031601798760565084,1.9776441919713532,-0.3957164640083897,APO,5
2454778.6929920125,2008.85298629,-0.00969689750008,0.031601798760565084,1.9789251434313777,-0.3968925299292366,APO,5
2454782.9045138857,2008.86449318,0.0280513200826,0.031601798760565084,2.9149935882008084,-0.9744360992803047,APO,5
2454782.910951826,2008.86451077,0.0232175026006,0.031601798760565084,2.91642539238059,-0.9747567763936341,APO,5
2454782.914721626,2008.86452107,0.018445197112,0.031601798760565084,2.917263163339422,-0.9749434829231682,APO,5
2454782.9204605063,2008.86453675,0.0203335914678,0.031601798760565084,2.918537607991097,-0.9752261947481432,APO,5
2454782.9283478064,2008.8645583,0.0368953380651,0.031601798760565084,2.920287308199056,-0.9756117529502047,APO,5
2454782.935653167,2008.86457826,0.00545889473625,0.031601798760565084,2.9219059557666345,-0.9759657732492549,APO,5
2454783.9079578174,2008.86723483,0.0347738895483,0.031601798760565084,3.0485162072174194,-0.9956715138068272,APO,5
2454783.9124230174,2008.86724703,0.00923985577293,0.031601798760565084,3.048107292194045,-0.9956334251372214,APO,5
2454783.9164270577,2008.86725797,0.00883597469993,0.031601798760565084,3.0477312854238914,-0.9955982548056388,APO,5
2454783.920775138,2008.86726985,-0.0212312307291,0.031601798760565084,3.0473131118468397,-0.9955589750199259,APO,5
2454783.925705158,2008.86728332,0.0264269743032,0.031601798760565084,3.0468267182533353,-0.9955130681966888,APO,5
2454783.929646978,2008.86729409,0.00622302628227,0.031601798760565084,3.0464285794602484,-0.9954753157484736,APO,5
2454783.932893398,2008.86730296,-0.0158670511179,0.031601798760565084,3.0460945904820993,-0.9954435244268544,APO,5
2454783.9374757186,2008.86731548,0.0245955619878,0.031601798760565084,3.0456139228343826,-0.995397576344514,APO,5
2454783.9411283983,2008.86732546,-0.0454099740916,0.031601798760565084,3.0452231170877098,-0.9953600488546661,APO,5
2454790.2219960373,2008.8844863,-0.00769763850502,0.031601798760565084,1.6089746490997128,-0.03816904829356409,APO,5
2454790.224027337,2008.88449185,-0.00962811374001,0.031601798760565084,1.608530612356329,-0.03772533137307796,APO,5
2454793.2093100916,2008.89264836,0.0506274137563,0.031601798760565084,0.9820695894422788,0.5553025664842042,APO,5
2454793.213138452,2008.89265882,0.0314869318075,0.031601798760565084,0.9812956294969087,0.5559460626524493,APO,5
2454793.217486532,2008.8926707,0.0356671247549,0.031601798760565084,0.9804166790359944,0.5566764475769767,APO,5
2454793.2209671917,2008.89268021,0.0618876848287,0.031601798760565084,0.9797131350192628,0.5572607644560231,APO,5
2454793.224619872,2008.89269019,0.0503689680166,0.031601798760565084,0.9789748781391839,0.5578736149464852,APO,5
2454793.228217652,2008.89270002,0.0164321098394,0.031601798760565084,0.9782477748872531,0.5584769092592546,APO,5
2454793.2321009124,2008.89271063,0.0389900837011,0.031601798760565084,0.9774630408151774,0.5591276898954731,APO,5
2454793.2361012925,2008.89272156,0.0691582593984,0.031601798760565084,0.9766547085394318,0.5597976805360741,APO,5
2454793.2397539727,2008.89273154,0.0153651866979,0.031601798760565084,0.9759166954538744,0.5604090673142477,APO,5
2454810.964559913,2008.94115997,-0.0156837072306,0.031601798760565084,2.584550471616262,-0.8488225546517312,APO,5
2454810.9794048737,2008.94120053,-0.0116270151072,0.031601798760565084,2.588096105811109,-0.8506917135026273,APO,5
2454810.984975394,2008.94121575,-0.0184833373957,0.031601798760565084,2.5894268857654827,-0.8513905043580934,APO,5
2454810.989788294,2008.9412289,-0.00379329585366,0.031601798760565084,2.590576800499491,-0.8519931088295588,APO,5
2454810.993554434,2008.94123919,-0.0495166149073,0.031601798760565084,2.5914767020821126,-0.8524639099564112,APO,5
2454847.3104006,2009.04057644,-0.0733584728175,0.031601798760565084,2.049540986748431,-0.4606653317324379,APO,5
2454847.3193066,2009.04060084,-0.047847446435,0.031601798760565084,2.047614537097673,-0.458954611521906,APO,5
2454847.31945625,2009.04060125,-0.0802839994431,0.031601798760565084,2.04758217198901,-0.4589258561863261,APO,5
2454851.30454085,2009.05151929,0.00840562916465,0.031601798760565084,1.240064532431723,0.32473525002115294,APO,5
2454851.312173,2009.0515402,-0.00102728270821,0.031601798760565084,1.238596045490081,0.32612380161297844,APO,5
2454862.7844077,2009.08297098,-0.0626316633158,0.031601798760565084,0.9927669153810411,0.5463745500597742,APO,5
2454867.77826835,2009.09665279,0.0390449199743,0.031601798760565084,2.0992656831770673,-0.5042120993853259,APO,5
2454867.78341485,2009.09666689,0.0648366842336,0.031601798760565084,2.1004750574159425,-0.5052561216288515,APO,5
2454867.7873459,2009.09667766,0.0135889682836,0.031601798760565084,2.1013989011415,-0.5060531548016202,APO,5
2454867.79018195,2009.09668543,0.0342503223486,0.031601798760565084,2.102065453851501,-0.5066279455816664,APO,5
2454867.7925508,2009.09669192,0.0516286525793,0.031601798760565084,2.1026222313961993,-0.5071079010240077,APO,5
2454867.79521165,2009.09669921,0.0194663438863,0.031601798760565084,2.103247673897969,-0.5076468597993141,APO,5
2454867.7969454,2009.09670396,0.032929364211,0.031601798760565084,2.1036552168464806,-0.5079979424706876,APO,5
2454879.26293495,2009.12811763,-0.0729935731821,0.031601798760565084,1.5975745710237235,-0.026775044011493884,APO,5
2454882.2763238503,2009.13637349,0.047900978095,0.031601798760565084,1.0254495326531654,0.5187146124593693,APO,5
2454904.01496465,2009.19593141,0.0328318510122,0.031601798760565084,2.6053442345559623,-0.8596314637964546,APO,5
2454904.01941765,2009.19594361,0.0312023792333,0.031601798760565084,2.6044046863348402,-0.8591510555268126,APO,5
2454904.0234071,2009.19595454,0.0130451355047,0.031601798760565084,2.6035630337101012,-0.8587200590627881,APO,5
2454904.0262395,2009.1959623,0.00140804386802,0.031601798760565084,2.6029655350948135,-0.8584137206300095,APO,5
2454907.2140473,2009.20469602,-0.0408835973673,0.031601798760565084,1.9585178636634848,-0.3780800589001856,APO,5
2454907.21873025,2009.20470885,-0.0366844501429,0.031601798760565084,1.9576081628208926,-0.37723772618475016,APO,5
2454907.2227781,2009.20471994,-0.0503655042582,0.031601798760565084,1.9568219046962818,-0.3765094430640479,APO,5
2454907.22624925,2009.20472945,-0.0503628816538,0.031601798760565084,1.9561477165760435,-0.3758847810531832,APO,5
2454907.23792925,2009.20476145,-0.0236175622874,0.031601798760565084,1.9538795019170365,-0.3737819376000861,APO,5
2454910.2145371,2009.21291654,0.0280744466848,0.031601798760565084,1.3872044675952029,0.1825622389767169,APO,5
2454910.2184134,2009.21292716,0.049932304389,0.031601798760565084,1.3864730108634418,0.18328135416292599,APO,5
2454910.2221145,2009.2129373,0.000181737906414,0.031601798760565084,1.385774609759917,0.18396787994559982,APO,5
2454910.2322907,2009.21296518,-0.0213087167674,0.031601798760565084,1.383854327665878,0.1858550468065651,APO,5
2454910.2359334,2009.21297516,0.0260252389974,0.031601798760565084,1.3831669296852847,0.1865304244083691,APO,5
2454924.7616924,2009.25277176,-0.0258858766489,0.031601798760565084,1.7205165011348433,-0.14916144310700283,APO,5
2454924.76706885,2009.25278649,-0.00244706534676,0.031601798760565084,1.7217459727612527,-0.15037704741457666,APO,5
2454924.77082835,2009.25279679,-0.0583963956767,0.031601798760565084,1.722605673124387,-0.15122691620774356,APO,5
2454924.7748762,2009.25280788,-0.0390935506754,0.031601798760565084,1.7235313008816262,-0.15214183347362303,APO,5
2454924.78707815,2009.25284131,0.00178283787437,0.031601798760565084,1.7263214703666023,-0.15489892588430806,APO,5
2454924.78852355,2009.25284527,-0.0242817964488,0.031601798760565084,1.7266519772230955,-0.15522543516362003,APO,5
2454924.7904325,2009.2528505,-0.0407424535685,0.031601798760565084,1.7270884777384117,-0.1556566300869118,APO,5
2454927.94567865,2009.26149501,-0.0379990901881,0.031601798760565084,2.4417451516123014,-0.7649404203140263,APO,5
2454927.94874465,2009.26150341,-0.0354499187403,0.031601798760565084,2.442428673382615,-0.7653804986739541,APO,5
2454927.95262095,2009.26151403,-0.00526934527688,0.031601798760565084,2.443292793314985,-0.7659363414602184,APO,5
2454927.9563768,2009.26152432,-0.0341333713465,0.031601798760565084,2.4441300119839853,-0.7664743345894697,APO,5
2454927.95996475,2009.26153415,-0.0428116884165,0.031601798760565084,2.444929757956866,-0.7669877462128517,APO,5
2454927.96366585,2009.26154429,0.0082384977407,0.031601798760565084,2.445754677587639,-0.7675168045593254,APO,5
2454927.96725015,2009.26155411,-0.0457325544291,0.031601798760565084,2.446553518448562,-0.7680286396292966,APO,5
2454927.96950585,2009.26156029,-0.0349722471171,0.031601798760565084,2.447056228134357,-0.7683504856420212,APO,5
2454927.9722251,2009.26156774,0.00321513748832,0.031601798760565084,2.447662221557737,-0.768738198097417,APO,5
2454927.97476915,2009.26157471,-0.0508791770869,0.031601798760565084,2.4482291476298745,-0.7691006598124713,APO,5
2454962.96550145,2009.35743973,0.0234028730459,0.031601798760565084,2.6820956003829513,-0.8962756664621477,APO,5
2454962.9695493,2009.35745082,0.0485128793783,0.031601798760565084,2.6813237003773422,-0.8959330638490842,APO,5
2454962.97302045,2009.35746033,0.0266868505544,0.031601798760565084,2.680661772913355,-0.8956388466389793,APO,5
2454962.9754477,2009.35746698,0.00797874069877,0.031601798760565084,2.680198910721793,-0.8954328779185605,APO,5
2454962.98481725,2009.35749265,0.0277456674642,0.031601798760565084,2.678412191593014,-0.8946360078898384,APO,5
2454962.9888067,2009.35750358,-0.0300374593668,0.031601798760565084,2.677651426410386,-0.8942958424054315,APO,5
2454962.9918143,2009.35751182,0.0355396900243,0.031601798760565084,2.677077894420141,-0.8940390534216884,APO,5
2454962.99372325,2009.35751705,0.0160149965353,0.031601798760565084,2.676713868740698,-0.8938759146776233,APO,5
2454966.12699275,2009.36610135,-0.00451737307839,0.031601798760565084,2.0829640111217365,-0.4900679330552081,APO,5
2454966.1378661,2009.36613114,0.0041657123632,0.031601798760565084,2.0809111253445938,-0.48827743346964886,APO,5
2454966.1423775,2009.3661435,-0.0321974124842,0.031601798760565084,2.0800593593534047,-0.48753393008459917,APO,5
2454966.1450347,2009.36615078,-0.00949877166085,0.031601798760565084,2.079557667800782,-0.4870958398260876,APO,5
2454966.14781235,2009.36615839,-0.0259525146418,0.031601798760565084,2.079033231483573,-0.4866377571801578,APO,5
2454966.1504148,2009.36616552,0.0212325487203,0.031601798760565084,2.078541870939098,-0.48620844398645946,APO,5
2454966.1527289,2009.36617186,-0.0161105956965,0.031601798760565084,2.078104950282485,-0.48582659759267055,APO,5
2454970.12650945,2009.37705893,0.0165049467153,0.031601798760565084,1.3108481454175283,0.2570304745494331,APO,5
2454970.13107925,2009.37707145,-0.018493350976,0.031601798760565084,1.3099299389559698,0.2579177238262157,APO,5
2454970.13420365,2009.37708001,-0.0341287221842,0.031601798760565084,1.3093020870248173,0.258524282694966,APO,5
2454970.1367477,2009.37708698,0.040373388297,0.031601798760565084,1.308790815924826,0.25901813920052147,APO,5
2454970.1387698,2009.37709252,0.0335245761938,0.031601798760565084,1.308384413454232,0.25941065075249636,APO,5
2454970.1405072,2009.37709728,-0.0242218341761,0.031601798760565084,1.3080352113854974,0.2597478828024685,APO,5
2454970.14218255,2009.37710187,-0.0147932138377,0.031601798760565084,1.307698464435236,0.26007305667374464,APO,5
2454970.1439747,2009.37710678,0.0335287485189,0.031601798760565084,1.3073382228060528,0.26042088512449635,APO,5
2454970.14530695,2009.37711043,0.0171949300832,0.031601798760565084,1.3070704141849268,0.2606794437181546,APO,5
2454979.7629657,2009.40346018,0.0203747186727,0.031601798760565084,0.9085511724578265,0.6148889596942242,APO,5
2454979.76556815,2009.40346731,0.0397226247854,0.031601798760565084,0.90916891818547,0.6144016796576823,APO,5
2454988.91300835,2009.42852879,0.0265963707037,0.031601798760565084,2.8676012408251976,-0.9626985868436173,APO,5
2454988.9163627,2009.42853798,0.014749709136,0.031601798760565084,2.868243632577796,-0.9628722040556451,APO,5
2454988.92029375,2009.42854875,0.0713329944677,0.031601798760565084,2.8689963280066713,-0.9630751271480881,APO,5
2454988.92399485,2009.42855889,-0.0250528421336,0.031601798760565084,2.869704855030734,-0.9632656441082844,APO,5
2454988.9281595,2009.4285703,0.0350499782629,0.031601798760565084,2.8705019605238973,-0.9634794010387697,APO,5
2454988.93076195,2009.42857743,0.0142118368215,0.031601798760565084,2.8709999765328917,-0.9636126415022516,APO,5
2454988.9324957,2009.42858218,0.0045159492559,0.031601798760565084,2.8713317168304546,-0.9637012635193645,APO,5
2454988.93434625,2009.42858725,0.0305305156774,0.031601798760565084,2.871685772608071,-0.9637957299568811,APO,5
2454990.95165745,2009.43411413,0.0256584320135,0.031601798760565084,2.998235546960238,-0.9897419560337424,APO,5
2454996.1040887,2009.44823038,0.0119174156255,0.031601798760565084,2.028321736585592,-0.4417293872122701,APO,5
2454996.1115493,2009.44825082,0.00796610451408,0.031601798760565084,2.0268852405192908,-0.44044018183174544,APO,5
2454996.1151336,2009.44826064,-0.0317422714167,0.031601798760565084,2.026195048824618,-0.4398204353240428,APO,5
2454996.11854635,2009.44826999,0.0331231985158,0.031601798760565084,2.0255378573024085,-0.4392301260568985,APO,5
2454996.12207225,2009.44827965,-0.0364114608698,0.031601798760565084,2.0248588422806963,-0.43862001500888453,APO,5
2454996.1247915,2009.4482871,-0.0124154653483,0.031601798760565084,2.024335147492968,-0.4381493247149838,APO,5
2454996.1264121,2009.44829154,-0.0320807065897,0.031601798760565084,2.024023029594334,-0.4378687399113646,APO,5
2454996.1284342,2009.44829708,0.0571470890111,0.031601798760565084,2.0236335749053422,-0.43751857179320525,APO,5
2454998.10746055,2009.45371907,0.0177966985769,0.031601798760565084,1.6353187615661522,-0.06447767471853762,APO,5
2454998.1101214,2009.45372636,0.0463810596532,0.031601798760565084,1.6347847562141726,-0.06394477138376638,APO,5
2454998.1129538002,2009.45373412,-0.0197504129343,0.031601798760565084,1.6342162805806977,-0.06337744886862373,APO,5
2454998.1153263,2009.45374062,-0.0254849758082,0.031601798760565084,1.6337400757894858,-0.06290219425773963,APO,5
2454998.1175236,2009.45374664,-0.00299805068306,0.031601798760565084,1.633299009692874,-0.062461995501803085,APO,5
2454998.1196041,2009.45375234,-0.0448651876383,0.031601798760565084,1.6328813649299285,-0.062045160820359525,APO,5
2454998.1218598,2009.45375852,-0.0302414264613,0.031601798760565084,1.6324285236720517,-0.061593185686054944,APO,5
2454998.1243491,2009.45376534,0.0402709875173,0.031601798760565084,1.631928754322589,-0.0610943575587441,APO,5
2454998.1263128,2009.45377072,0.016325298316,0.031601798760565084,1.6315344844339998,-0.06070081942994696,APO,5
2455024.93677095,2009.52722403,-0.0191503503248,0.031601798760565084,2.1753917351717513,-0.56842925225768,APO,5
2455024.9416875,2009.5272375,0.0264838001803,0.031601798760565084,2.1744255095116443,-0.5676340421293689,APO,5
2455024.9497832,2009.52725968,-0.0177829005644,0.031601798760565084,2.172834323046507,-0.5663233305194487,APO,5
2455027.08900075,2009.53312055,0.00380768991264,0.031601798760565084,1.7428130080387867,-0.1711696140009527,APO,5
2455027.09397205,2009.53313417,0.0189384481982,0.031601798760565084,1.7417871815242272,-0.1701588371836218,APO,5
2455027.0983119,2009.53314606,-0.023346517317,0.031601798760565084,1.7408915376546592,-0.1692761866730525,APO,5
2455027.10287805,2009.53315857,-0.0183372237608,0.031601798760565084,1.7399490730027414,-0.168347248012806,APO,5
2455027.1065244,2009.53316856,-0.00466868662087,0.031601798760565084,1.7391963705012388,-0.16760524064748655,APO,5
2455027.10924,2009.533176,0.0259865782336,0.031601798760565084,1.7386357491121067,-0.16705252339228224,APO,5
2455027.113693,2009.5331882,-0.000326965086141,0.031601798760565084,1.7377163580604695,-0.1661459811503343,APO,5
2455102.6145854,2009.74003996,-0.0209153630659,0.031601798760565084,1.9331200263192705,-0.354448023256085,APO,5
2455102.629273,2009.7400802,-0.015246246092,0.031601798760565084,1.9358919094309162,-0.3570385788576845,APO,5
2455102.63557655,2009.74009747,-0.0043340661451,0.031601798760565084,1.9370815408942548,-0.3581495483748295,APO,5
2455102.63852575,2009.74010555,-0.0222178437635,0.031601798760565084,1.9376381278330848,-0.3586691581902441,APO,5
2455102.6463915003,2009.7401271,-0.00796470426766,0.031601798760565084,1.9391225956312441,-0.36005446085019127,APO,5
2455116.0759679,2009.77692046,0.00578263021263,0.031601798760565084,1.524393789946095,0.04638588635314154,APO,5
2455116.0797821498,2009.77693091,0.025209452875,0.031601798760565084,1.5235217770448393,0.04725694286928429,APO,5
2455116.0832533,2009.77694042,-0.034417245619,0.031601798760565084,1.5227281848651384,0.04804963345712619,APO,5
2455116.08718435,2009.77695119,0.0112402699068,0.031601798760565084,1.5218294265169043,0.048947334166592596,APO,5
2455116.0900204,2009.77695896,-0.0401837565824,0.031601798760565084,1.521181004592534,0.049594968531711275,APO,5
2455117.0673006,2009.77963644,-0.00717065118996,0.031601798760565084,1.2971199521667027,0.2702728090451126,APO,5
2455117.0711769,2009.77964706,-0.011535976164,0.031601798760565084,1.2962291387289342,0.2711303624240425,APO,5
2455117.07580145,2009.77965973,-0.0130338408872,0.031601798760565084,1.2951663523799382,0.2721531862827153,APO,5
2455117.0794478,2009.77966972,0.00823524213584,0.031601798760565084,1.2943283566878945,0.2729594552859226,APO,5
2455117.08349565,2009.77968081,0.00182559705528,0.031601798760565084,1.29339807541435,0.27385429138679207,APO,5
2455117.086558,2009.7796892,-0.0117751099989,0.031601798760565084,1.2926942732111542,0.27453112019014286,APO,5
2455117.08939405,2009.77969697,-0.0427050330564,0.031601798760565084,1.2920424729297948,0.27515781878062057,APO,5
2455117.0912446002,2009.77970204,-0.00068268560616,0.031601798760565084,1.2916171631406657,0.2755666863182495,APO,5
2455142.85947445,2009.85029993,0.0184245369509,0.031601798760565084,2.099737280544428,-0.5046193052849948,APO,5
2455142.86305875,2009.85030975,-0.00261947893349,0.031601798760565084,2.0989114108993876,-0.5039061253494594,APO,5
2455142.86675985,2009.85031989,-0.0152328946516,0.031601798760565084,2.0980586309874005,-0.5031693463763353,APO,5
2455142.87034415,2009.85032971,0.0154783985689,0.031601798760565084,2.097232765319973,-0.5024554718025127,APO,5
2455157.542355,2009.890527,-0.00231549524514,0.031601798760565084,1.0309835832270462,0.5139753711724739,APO,5
2455157.55629435,2009.89056519,-0.0221256949827,0.031601798760565084,1.0336132150147042,0.5117178855707327,APO,5
2455157.55982025,2009.89057485,-0.019024465315,0.031601798760565084,1.0342783331793932,0.51114633379961,APO,5
2455157.56294465,2009.89058341,-0.00821552061287,0.031601798760565084,1.0348677010986769,0.5106396870390814,APO,5
2455186.52441715,2009.96992991,-0.0384479501173,0.031601798760565084,0.8623137809099513,0.6506822416358478,APO,5
2455186.529852,2009.9699448,-0.0180517175123,0.031601798760565084,0.8633359235356348,0.6499057377265623,APO,5
2455186.5345933503,2009.96995779,-0.0399502255842,0.031601798760565084,0.8642276397486295,0.6492277618872774,APO,5
2455186.53997345,2009.96997253,-0.0127755143568,0.031601798760565084,0.8652394887770957,0.6484578233130469,APO,5
2455186.5455835,2009.9699879,-0.0205102899,0.031601798760565084,0.8662945873858757,0.6476542680878222,APO,5
2455186.5497445,2009.9699993,-0.0482812859937,0.031601798760565084,0.8670771603912101,0.647057800578573,APO,5
2455186.55408435,2009.97001119,-0.0141175725385,0.031601798760565084,0.8678933718594528,0.6464352720648523,APO,5
2455190.5523272,2009.98096528,0.00942936158927,0.031601798760565084,1.6337638322531924,-0.06292590365867813,APO,5
2455190.62930205,2009.98117617,0.0140255949572,0.031601798760565084,1.6490752609248318,-0.07819901506382877,APO,5
2455190.63357985,2009.98118789,0.0130722782687,0.031601798760565084,1.6499271474400354,-0.07904826442756929,APO,5
2455190.6371094002,2009.98119756,-0.0173445680067,0.031601798760565084,1.6506301038657494,-0.07974900156651113,APO,5
2455190.6527241,2009.98124034,0.0172897837237,0.031601798760565084,1.6537408183337896,-0.08284941748697593,APO,5
2455190.65434105,2009.98124477,0.0217762253359,0.031601798760565084,1.6540630209211615,-0.08317050806073503,APO,5
2455190.6561916,2009.98124984,-0.00571141027657,0.031601798760565084,1.654431790059166,-0.08353799387232463,APO,5
2455190.6578706,2009.98125444,0.000360991723857,0.031601798760565084,1.654766390221083,-0.0838714197878802,APO,5
2455193.7583485,2009.9897489,0.0173713228777,0.031601798760565084,2.305832183874265,-0.6706137550910035,APO,5
2455193.7636118,2009.98976332,0.0275360605791,0.031601798760565084,2.3070014840659803,-0.6714806911661756,APO,5
2455193.7673129,2009.98977346,-0.00762066625802,0.031601798760565084,2.3078238627614414,-0.6720898647823899,APO,5
2455193.7711308,2009.98978392,0.0135203859881,0.031601798760565084,2.30867231393065,-0.6727178750879341,APO,5
2455193.7778395,2009.9898023,0.0220198891238,0.031601798760565084,2.310163481939213,-0.6738204406072045,APO,5
2455193.78200415,2009.98981371,0.0280652306155,0.031601798760565084,2.311089363352226,-0.6745042809585,APO,5
2455193.78628195,2009.98982543,0.0137913487032,0.031601798760565084,2.312040550809827,-0.6752062097758524,APO,5
2455193.78836245,2009.98983113,-0.00128135465828,0.031601798760565084,2.3125032143033493,-0.6755474115174982,APO,5
2455193.79085175,2009.98983795,0.00890662885459,0.031601798760565084,2.3130568345470106,-0.6759555013385955,APO,5
2455193.79310745,2009.98984413,0.0126914045885,0.031601798760565084,2.3135585468401105,-0.6763251493305102,APO,5
2455198.7698496,2010.00347904,0.0267316362933,0.031601798760565084,2.781141202103992,-0.9357376935854793,APO,5
2455198.77389745,2010.00349013,0.00242498136314,0.031601798760565084,2.780145310561891,-0.9353859819414811,APO,5
2455198.77748175,2010.00349995,-0.00208077215401,0.031601798760565084,2.7792634803458127,-0.9350737780596806,APO,5
2455198.78332175,2010.00351595,0.0271466038302,0.031601798760565084,2.7778267189948838,-0.9345635485319655,APO,5
2455198.78551905,2010.00352197,0.0204360745028,0.031601798760565084,2.77728614695456,-0.9343710784866248,APO,5
2455198.78702285,2010.00352609,-0.000942085020223,0.031601798760565084,2.7769161903692074,-0.9342391984976163,APO,5
2455198.78876025,2010.00353085,0.0376237890795,0.031601798760565084,2.7764887678889885,-0.9340866741964879,APO,5
2455198.7926329,2010.00354146,0.0118919870928,0.031601798760565084,2.775536058622089,-0.9337460889820471,APO,5
2455203.02619125,2010.01514025,0.0437158606127,0.031601798760565084,1.7732309030825155,-0.20105478651634764,APO,5
2455206.07057595,2010.02348103,0.0635189077929,0.031601798760565084,1.1223184641242117,0.43359442660675346,APO,5
2455206.0723097,2010.02348578,0.0339260361269,0.031601798760565084,1.1219625452900268,0.4339151204938265,APO,5
2455206.0741055,2010.0234907,0.0203247330263,0.031601798760565084,1.1215939031796671,0.4342472204959108,APO,5
2455206.07589765,2010.02349561,0.0656175873354,0.031601798760565084,1.1212260254582342,0.43457857305062775,APO,5
2455223.74868665,2010.07191421,0.0281434319094,0.031601798760565084,2.406284679946881,-0.7416241950558867,APO,5
2455223.75163585,2010.07192229,0.00878849244865,0.031601798760565084,2.4069794637856736,-0.7420900878477398,APO,5
2455223.7559757,2010.07193418,0.00996449209007,0.031601798760565084,2.408001983270351,-0.7427750947555519,APO,5
2455223.7594432,2010.07194368,0.00505652642997,0.031601798760565084,2.4088190704238963,-0.7433219200994081,APO,5
2455223.7625092003,2010.07195208,0.0130582115725,0.031601798760565084,2.409541623997097,-0.743805066577606,APO,5
2455223.76517005,2010.07195937,0.000814463861308,0.031601798760565084,2.410168755363383,-0.7442240927599441,APO,5
2455223.76829445,2010.07196793,0.010046388872,0.031601798760565084,2.410905209184107,-0.7447157905038908,APO,5
2455223.77095165,2010.07197521,0.00991060949119,0.031601798760565084,2.4115315977229814,-0.7451336846523424,APO,5
2455223.7736709,2010.07198266,0.00748970723899,0.031601798760565084,2.4121726691774885,-0.7455610717613776,APO,5
2455223.77621495,2010.07198963,0.00926747537406,0.031601798760565084,2.412772487643498,-0.7459606790226403,APO,5
2455226.79920335,2010.08027179,0.0285508892611,0.031601798760565084,3.1092149479979763,-0.9994758878789571,APO,5
2455226.803076,2010.0802824,0.0276155731753,0.031601798760565084,3.108848352029451,-0.9994639532555284,APO,5
2455245.5277512,2010.13158288,0.0359046719149,0.031601798760565084,0.7551687863288565,0.7281558654508468,APO,5
2455245.53122235,2010.13159239,0.0290407202319,0.031601798760565084,0.7558466131090928,0.7276911078859297,APO,5
2455245.53399635,2010.13159999,0.00588038183006,0.031601798760565084,0.756388331687961,0.7273194336554268,APO,5
2455245.53804785,2010.13161109,0.0344774983004,0.031601798760565084,0.757179569540548,0.726776180221777,APO,5
2455245.54070505,2010.13161837,0.0384943745211,0.031601798760565084,0.7576985356323395,0.7264196178667978,APO,5
2455245.5441178,2010.13162772,0.0657037756518,0.031601798760565084,0.7583650977140786,0.7259613607757208,APO,5
2455245.54672025,2010.13163485,0.0435939095095,0.031601798760565084,0.7588734206238392,0.7256116752945571,APO,5
2455254.7485199,2010.15684526,0.0329510233477,0.031601798760565084,2.7813877534929863,-0.93582462300757,APO,5
2455254.75349485,2010.15685889,0.0511312744692,0.031601798760565084,2.7825947742292723,-0.9362493749635931,APO,5
2455278.5080562,2010.22193988,0.0200984737948,0.031601798760565084,1.4709499274009958,0.09968058222687898,APO,5
2455278.51297275,2010.22195335,0.00621690965446,0.031601798760565084,1.4720323199540268,0.09860352236166457,APO,5
2455278.515692,2010.2219608,0.0159845612124,0.031601798760565084,1.4726310257745607,0.09800771651859119,APO,5
2455278.5186412,2010.22196888,0.00651958204063,0.031601798760565084,1.4732804047923405,0.09736144321640565,APO,5
2455278.5252331,2010.22198694,0.00921645379814,0.031601798760565084,1.4747320303024751,0.09591661217629993,APO,5
2455278.52858745,2010.22199613,0.00612678743156,0.031601798760565084,1.475470792003104,0.09518123052319345,APO,5
2455278.5340223,2010.22201102,-0.0088574626371,0.031601798760565084,1.4766678898499164,0.09398949963286742,APO,5
2455278.5413077,2010.22203098,0.000746991403422,0.031601798760565084,1.478272841962332,0.0923915319742533,APO,5
2455281.70545985,2010.23069989,0.0194577238634,0.031601798760565084,2.201615586348261,-0.5898065444108738,APO,5
2455281.7202095,2010.2307403,0.0272159836367,0.031601798760565084,2.205097997030607,-0.5926151642376827,APO,5
2455281.7297506,2010.23076644,0.0237207672671,0.031601798760565084,2.2073510810292256,-0.5944284855483563,APO,5
2455284.77737285,2010.23911609,-0.0145964362547,0.031601798760565084,2.9267992717657583,-0.9770204548089471,APO,5
2455284.7802089,2010.23912386,0.0285204908923,0.031601798760565084,2.927424528406185,-0.977153534497651,APO,5
2455284.7824062,2010.23912988,0.0652114412859,0.031601798760565084,2.9279087052089916,-0.977256324296818,APO,5
2455284.78506705,2010.23913717,0.00391319013389,0.031601798760565084,2.928494723664122,-0.9773804284344405,APO,5
2455289.74995035,2010.25273959,0.0366988442019,0.031601798760565084,2.20114700494979,-0.5894280793070924,APO,5
2455289.7549837,2010.25275338,0.0230210087374,0.031601798760565084,2.200092569080708,-0.5885759565026529,APO,5
2455289.75908995,2010.25276463,0.00283780313285,0.031601798760565084,2.1992324799735465,-0.587880406795856,APO,5
2455289.76284945,2010.25277493,0.0187187454775,0.031601798760565084,2.1984451220093892,-0.587243293104686,APO,5
2455289.76643375,2010.25278475,0.000169660814128,0.031601798760565084,2.197694546775192,-0.5866356042903598,APO,5
2455289.76868945,2010.25279093,0.0026421806887,0.031601798760565084,2.1972222339373455,-0.5862530358399167,APO,5
2455289.77169705,2010.25279917,0.0489239952639,0.031601798760565084,2.1965925377363678,-0.5857427851193748,APO,5
2455289.7743579,2010.25280646,0.0190472862795,0.031601798760565084,2.1960354916900546,-0.5852912101143294,APO,5
2455291.92826305,2010.25870757,-0.00815281652657,0.031601798760565084,1.7598581548317158,-0.187937523156894,APO,5
2455291.9322525,2010.2587185,0.0234686396197,0.031601798760565084,1.7590745842175801,-0.18716785738279149,APO,5
2455291.93635875,2010.25872975,0.00389232850822,0.031601798760565084,1.7582681527993298,-0.18637561648952466,APO,5
2455291.94000145,2010.25873973,-0.0279204585477,0.031601798760565084,1.7575528261803615,-0.18567277579628275,APO,5
2455291.94306745,2010.25874813,-0.00802037500588,0.031601798760565084,1.7569507969883993,-0.18508118129734882,APO,5
2455291.9455531,2010.25875494,0.00250032163414,0.031601798760565084,1.7564627563631832,-0.18460155041277812,APO,5
2455291.9495462,2010.25876588,-0.01076814913,0.031601798760565084,1.7556788000417667,-0.18383101095185264,APO,5
2455291.95214865,2010.25877301,-0.0284282901212,0.031601798760565084,1.7551679080239484,-0.18332880165697987,APO,5
2455291.9546927,2010.25877998,-0.014706108801,0.031601798760565084,1.7546685118130687,-0.18283784654649532,APO,5
2455291.95648485,2010.25878489,0.0185401699618,0.031601798760565084,1.7543167318883914,-0.18249198524089366,APO,5
2455291.9581018,2010.25878932,0.00413789964469,0.031601798760565084,1.753999354995734,-0.18217992876438496,APO,5
2455291.9598976,2010.25879424,-0.0335314013883,0.031601798760565084,1.7536468878728413,-0.18183334879550123,APO,5
2455291.96168975,2010.25879915,-0.0101505258009,0.031601798760565084,1.7532951524484284,-0.18148746578430255,APO,5
2455308.50498625,2010.30412325,0.00757005430015,0.031601798760565084,1.6257088858865631,-0.054884966129727014,APO,5
2455308.5143558,2010.30414892,-0.0175509192869,0.031601798760565084,1.6278514711278127,-0.057024194202265004,APO,5
2455308.5254007,2010.30417918,0.0232136509493,0.031601798760565084,1.630377475530465,-0.059545903673427214,APO,5
2455308.530664,2010.3041936,0.00628092504295,0.031601798760565084,1.631581326407251,-0.0607475749602273,APO,5
2455312.68707595,2010.31558103,0.0115690491274,0.031601798760565084,2.595831991177579,-0.8547327022718635,APO,5
2455312.69228085,2010.31559529,-0.00664386533944,0.031601798760565084,2.597035470389593,-0.8553567711732732,APO,5
2455312.6958104,2010.31560496,0.0240365526751,0.031601798760565084,2.5978515186746316,-0.8557792314639651,APO,5
2455312.69974145,2010.31561573,0.0088095924929,0.031601798760565084,2.5987603422631724,-0.8562490498563287,APO,5
2455312.70350095,2010.31562603,-0.0569437482282,0.031601798760565084,2.599629452036579,-0.8566976765619551,APO,5
2455312.70726045,2010.31563633,0.0198517105654,0.031601798760565084,2.6004985099973874,-0.8571456294721633,APO,5
2455312.71448745,2010.31565613,0.0233267805651,0.031601798760565084,2.602168979607886,-0.8580048488515631,APO,5
2455312.7173819,2010.31566406,0.0536902210787,0.031601798760565084,2.6028379566674036,-0.8583482712725141,APO,5
2455312.719404,2010.3156696,0.0167638323382,0.031601798760565084,2.6033052940184502,-0.8585879531301756,APO,5
2455321.8948324,2010.34080776,-0.0102487542555,0.031601798760565084,1.719532450162096,-0.14818832879067556,APO,5
2455321.89824515,2010.34081711,0.0441254637316,0.031601798760565084,1.718881895278488,-0.14754492526688454,APO,5
2455321.90177105,2010.34082677,0.0101852676943,0.031601798760565084,1.7182097963949954,-0.14688014899293197,APO,5
2455321.90472025,2010.34083485,-0.0231760480329,0.031601798760565084,1.7176476462357688,-0.14632407256906704,APO,5
2455321.90720955,2010.34084167,-0.0476929881498,0.031601798760565084,1.717173171973583,-0.14585468875853977,APO,5
2455321.9090017,2010.34084658,-0.0121291615888,0.031601798760565084,1.716831586149069,-0.14551674734186926,APO,5
2455321.9106223,2010.34085102,0.0276506207064,0.031601798760565084,1.7165227036034985,-0.14521114567053914,APO,5
2455321.9123560498,2010.34085577,-0.00240692877022,0.031601798760565084,1.7161922609260274,-0.144884197535787,APO,5
2455321.9140898,2010.34086052,-0.0460186936781,0.031601798760565084,1.7158618242755452,-0.14455723954447117,APO,5
2455321.915652,2010.3408648,-0.0162950494215,0.031601798760565084,1.7155640887080374,-0.1442626248575109,APO,5
2455334.50292155,2010.37535047,0.0217063686922,0.031601798760565084,0.88453038240706,0.633652875735404,APO,5
2455334.50968865,2010.37536901,0.016984011896,0.031601798760565084,0.8860765132111087,0.6324560049879581,APO,5
2455339.4901319,2010.38901406,-0.00917420171944,0.031601798760565084,2.029959154679849,-0.44319780131650405,APO,5
2455339.49342785,2010.38902309,-0.0401836373731,0.031601798760565084,2.0307116910298975,-0.44387226728695545,APO,5
2455339.4975925,2010.3890345,-0.0097610690519,0.031601798760565084,2.0316625473274152,-0.4447241193844655,APO,5
2455339.52378855,2010.38910627,-0.00428721689431,0.031601798760565084,2.037642931096013,-0.45007257070619944,APO,5
2455339.52523395,2010.38911023,0.0339558384493,0.031601798760565084,2.037972876337195,-0.4503671846576275,APO,5
2455339.52673775,2010.38911435,-0.05049679064,0.031601798760565084,2.0383161493534483,-0.4506736471756827,APO,5
2455340.5432299,2010.39189926,-0.00565776609627,0.031601798760565084,2.2694513789191384,-0.643188432015038,APO,5
2455340.5512088,2010.39192112,0.00452294564994,0.031601798760565084,2.271257531923389,-0.6445703678486228,APO,5
2455340.5539280497,2010.39192857,-0.0375398137495,0.031601798760565084,2.271873045162038,-0.6450408332816089,APO,5
2455340.5632976,2010.39195424,-0.01993474745,0.031601798760565084,2.273993752930918,-0.6466599163823863,APO,5
2455340.56659355,2010.39196327,0.0355096123293,0.031601798760565084,2.274739712276707,-0.647228738118988,APO,5
2455340.5847523,2010.39201302,-0.034471605055,0.031601798760565084,2.2788490668202765,-0.650355808409157,APO,5
2455340.58885855,2010.39202427,0.025706794031,0.031601798760565084,2.279778213510911,-0.6510613350242725,APO,5
2455340.59226765,2010.39203361,-0.0518507697508,0.031601798760565084,2.2805495824252304,-0.6516466296576381,APO,5
2455340.5958556,2010.39204344,0.0001585743502,0.031601798760565084,2.281361390458062,-0.6522621896741219,APO,5
2455340.64344795,2010.39217383,0.0303887388781,0.031601798760565084,2.292126802486297,-0.6603843473137124,APO,5
2455340.64714905,2010.39218397,-0.0029490926191,0.031601798760565084,2.292963772379947,-0.6610126198693037,APO,5
2455340.6524707503,2010.39219855,0.00619282937797,0.031601798760565084,2.294167169906013,-0.6619151401821585,APO,5
2455347.8584723,2010.41194102,0.0118025801257,0.031601798760565084,2.4468388035831006,-0.768211309394014,APO,5
2455347.87801805,2010.41199457,-0.0196023919508,0.031601798760565084,2.4429881821014567,-0.7657404663780455,APO,5
2455347.88773435,2010.41202119,-0.0206013657972,0.031601798760565084,2.4410745399020097,-0.7645083066399497,APO,5
2455348.86010165,2010.41468521,-0.0125986077711,0.031601798760565084,2.251226801372662,-0.6291276910356149,APO,5
2455348.8635144,2010.41469456,0.0372606775835,0.031601798760565084,2.2505658884300885,-0.6286138247391928,APO,5
2455348.8686025,2010.4147085,-0.0403597094938,0.031601798760565084,2.249580591718184,-0.6278472371407645,APO,5
2455348.8798226,2010.41473924,-0.00624606394021,0.031601798760565084,2.247408121311603,-0.6261548436614203,APO,5
2455348.884334,2010.4147516,-0.0374674537107,0.031601798760565084,2.2465347153157724,-0.6254736113736985,APO,5
2455348.88595095,2010.41475603,0.00658598161491,0.031601798760565084,2.246221688767372,-0.6252293432341324,APO,5
2455363.4949847,2010.45478078,0.013743068941,0.031601798760565084,0.8262529216966498,0.6776361024074005,APO,5
2455363.4988026,2010.45479124,0.0170963070467,0.031601798760565084,0.8271559134464582,0.6769717684566448,APO,5
2455363.5031388,2010.45480312,-0.0271976926252,0.031601798760565084,0.8281814757890253,0.6762165894790376,APO,5
2455363.5064931503,2010.45481231,0.0211862585619,0.031601798760565084,0.8289748077962312,0.6756319267737151,APO,5
2455363.50892405,2010.45481897,-0.00292119764534,0.031601798760565084,0.8295497298131566,0.6752079601431386,APO,5
2455363.5143589,2010.45483386,0.00850763536247,0.031601798760565084,0.830835084952121,0.6742592894411918,APO,5
2455363.51620945,2010.45483893,-0.0377670266554,0.031601798760565084,0.8312727385076611,0.673936020049638,APO,5
2455363.51759645,2010.45484273,0.0722859165743,0.031601798760565084,0.8316007608757318,0.6736936442453212,APO,5
2455363.5200821,2010.45484954,0.0386818907336,0.031601798760565084,0.8321886070670421,0.6732591032197036,APO,5
2455363.5217611,2010.45485414,0.0739772579745,0.031601798760565084,0.8325856807018187,0.6729654512695904,APO,5
2455363.5233233,2010.45485842,-0.00195750974862,0.031601798760565084,0.8329551295537878,0.67269213366951,APO,5
2455367.48912495,2010.46572363,0.00742581105979,0.031601798760565084,1.7527144114295565,-0.18091633840959337,APO,5
2455367.4932896,2010.46573504,-0.000116679899373,0.031601798760565084,1.7536539854589552,-0.18184032805574307,APO,5
2455367.50080495,2010.46575563,0.0470066330508,0.031601798760565084,1.7553493416548158,-0.18350715726912872,APO,5
2455367.5028891,2010.46576134,0.0121690294817,0.031601798760565084,1.7558194600431782,-0.18396927198715077,APO,5
2455367.5051448,2010.46576752,-0.0377115943357,0.031601798760565084,1.756328256973599,-0.18446936093502608,APO,5
2455368.49931355,2010.46849127,0.00311019635948,0.031601798760565084,1.9787690774275322,-0.3967492775599959,APO,5
2455368.50382495,2010.46850363,-0.0309333541319,0.031601798760565084,1.979770251830324,-0.3976680835998897,APO,5
2455368.50654055,2010.46851107,0.0495668909624,0.031601798760565084,1.9803728645261147,-0.3982209261922826,APO,5
2455374.6403619,2010.48531606,-0.000654909841695,0.031601798760565084,3.009692176590037,-0.9913137364892172,APO,5
2455374.65175355,2010.48534727,-0.0279854276106,0.031601798760565084,3.0074269877579205,-0.9910132795968132,APO,5
2455374.66962395,2010.48539623,0.0314005873278,0.031601798760565084,3.003873861940221,-0.9905317463578109,APO,5
2455398.46108315,2010.55057831,0.0206492207125,0.031601798760565084,2.1188941039235485,-0.5210645926054138,APO,5
2455398.465131,2010.5505894,0.0131919643954,0.031601798760565084,2.119743197135463,-0.5217891203855505,APO,5
2455398.4680802003,2010.55059748,0.0788799784258,0.031601798760565084,2.1203617865769804,-0.5223167234024633,APO,5
2455398.4716061,2010.55060714,0.0552888176516,0.031601798760565084,2.121101286252554,-0.5229471900374896,APO,5
2455398.4767526,2010.55062124,-0.0129791238233,0.031601798760565084,2.1221805797253057,-0.5238668373465859,APO,5
2455398.4813808003,2010.55063392,0.0207308790758,0.031601798760565084,2.1231510764786266,-0.5246932598147103,APO,5
2455398.48491035,2010.55064359,-0.021327946417,0.031601798760565084,2.123891130139398,-0.5253231173642299,APO,5
2455398.48849465,2010.55065341,0.0515508911684,0.031601798760565084,2.124642606186652,-0.5259624020684381,APO,5
2455426.4401837,2010.62723338,0.0489158890322,0.031601798760565084,1.819373365046995,-0.24602498393242342,APO,5
2455426.44347965,2010.62724241,0.0209391377047,0.031601798760565084,1.8200560922901179,-0.24668666913122334,APO,5
2455426.446834,2010.6272516,0.0203985235766,0.031601798760565084,1.8207508531957017,-0.24735989906362138,APO,5
2455426.4503599,2010.62726126,0.0424081347063,0.031601798760565084,1.8214810772776195,-0.24806736444937702,APO,5
2455426.45394785,2010.62727109,0.045712735422,0.031601798760565084,1.8222240797319569,-0.2487870741766036,APO,5
2455426.4571854,2010.62727996,0.00462689615043,0.031601798760565084,1.8228944578459327,-0.2494363184457688,APO,5
2455426.46111645,2010.62729073,-0.00854561113564,0.031601798760565084,1.8237083545778912,-0.25022440617776465,APO,5
2455426.46418245,2010.62729913,0.0347795746401,0.031601798760565084,1.8243430880626128,-0.25083889698940254,APO,5
2455464.6177383,2010.73182942,0.0223511717394,0.031601798760565084,2.796706496484489,-0.941113947796879,APO,5
2455464.62374985,2010.73184589,0.0431341192797,0.031601798760565084,2.7955771993129486,-0.9407315442095011,APO,5
2455464.6303454,2010.73186396,-0.0362798907682,0.031601798760565084,2.7943378257256732,-0.9403104856314807,APO,5
2455464.6326011,2010.73187014,-0.00820431493966,0.031601798760565084,2.7939138676745787,-0.9401661206676186,APO,5
2455464.63641535,2010.73188059,0.0200610420779,0.031601798760565084,2.793196879005861,-0.9399215892332846,APO,5
2455464.64243055,2010.73189707,-0.0232898929044,0.031601798760565084,2.7920659051457553,-0.939534884567977,APO,5
2455464.6474639,2010.73191086,0.0341782829836,0.031601798760565084,2.7911192962081803,-0.9392102944038326,APO,5
2455466.81969935,2010.73786219,0.033070947893,0.031601798760565084,2.369456061246183,-0.7164216748814968,APO,5
2455466.82733515,2010.73788311,-0.00948009275643,0.031601798760565084,2.3679376575088766,-0.7153615084293408,APO,5
2455466.83097785,2010.73789309,0.0420420429781,0.031601798760565084,2.367213211389695,-0.7148551107374337,APO,5
2455466.8371098503,2010.73790989,0.0481862089709,0.031601798760565084,2.365993581310092,-0.7140017253781831,APO,5
2455466.83930715,2010.73791591,0.029036667116,0.031601798760565084,2.365556510143236,-0.7136956444609744,APO,5
2455466.841676,2010.7379224,-0.0123477914259,0.031601798760565084,2.3650852934107927,-0.7133654986764993,APO,5
2455466.8438733,2010.73792842,0.0177541039065,0.031601798760565084,2.364648181420635,-0.7130591058759485,APO,5
2455470.81569015,2010.74881011,0.0440285465792,0.031601798760565084,1.5371445027560606,0.03364547292368425,APO,5
2455470.81956645,2010.74882073,-0.0199970939085,0.031601798760565084,1.536294035699914,0.034495446201327745,APO,5
2455470.8229208,2010.74882992,0.0706370136813,0.031601798760565084,1.5355580085836922,0.03523102586456268,APO,5
2455470.82633355,2010.74883927,-0.00617978357522,0.031601798760565084,1.5348090940316825,0.03597946553642625,APO,5
2455470.83066975,2010.74885115,0.0377807877138,0.031601798760565084,1.533857425422592,0.0369305015317175,APO,5
2455470.8324035,2010.7488559,0.0327728054598,0.031601798760565084,1.5334768848422216,0.03731077983798651,APO,5
2455470.8361045998,2010.74886604,0.0636543295458,0.031601798760565084,1.5326644672240777,0.03812261937594703,APO,5
2455470.8380135503,2010.74887127,-0.028540585272,0.031601798760565084,1.5322454051089074,0.03854137350209097,APO,5
2455470.84090435,2010.74887919,-0.0254544951841,0.031601798760565084,1.5316107587001013,0.03917554056760033,APO,5
2455470.84333525,2010.74888585,0.0413568279818,0.031601798760565084,1.531077037687497,0.039708846260938825,APO,5
2455470.84616765,2010.74889361,0.0791985056475,0.031601798760565084,1.5304551172508256,0.04033026846498996,APO,5
2455470.84830655,2010.74889947,0.0350675842837,0.031601798760565084,1.5299854374267134,0.040799561693694524,APO,5
2455482.35315765,2010.78041961,0.0315219423846,0.031601798760565084,1.1589199499036467,0.4003294895833304,APO,5
2455482.35691715,2010.78042991,0.0338545105532,0.031601798760565084,1.159702892508922,0.3996119008483042,APO,5
2455482.3634543,2010.78044782,0.0169543287829,0.031601798760565084,1.1610640618617234,0.3983637682960014,APO,5
2455485.33676255,2010.78859387,0.00278010583671,0.031601798760565084,1.75356675313809,-0.1817545493741972,APO,5
2455485.34046365,2010.78860401,-0.0335533358976,0.031601798760565084,1.7542782009651132,-0.1824541012188151,APO,5
2455485.3437596,2010.78861304,-0.0272837617323,0.031601798760565084,1.7549117295505963,-0.1830769589726038,APO,5
2455485.34740595,2010.78862303,0.0182385704592,0.031601798760565084,1.7556125673927157,-0.183765906645551,APO,5
2455485.3534759,2010.78863966,0.00173893190177,0.031601798760565084,1.756779128295873,-0.18491247575814992,APO,5
2455485.3558484,2010.78864616,-0.0324607827589,0.031601798760565084,1.7572350565967898,-0.18536052233787784,APO,5
2455485.3581041,2010.78865234,-0.0265519359037,0.031601798760565084,1.7576685217262855,-0.18578645834262508,APO,5
2455485.36047295,2010.78865883,0.0199183485583,0.031601798760565084,1.758123711948756,-0.18623370450630827,APO,5
2455485.3631922,2010.78866628,-0.00129542135445,0.031601798760565084,1.758646210705735,-0.1867470369507092,APO,5
2455485.3668349,2010.78867626,-0.000616643659749,0.031601798760565084,1.7593461098907195,-0.18743457773666314,APO,5
2455485.36816715,2010.78867991,-0.037808869116,0.031601798760565084,1.759602074008714,-0.1876859992824292,APO,5
2455485.3697257,2010.78868418,-0.0506154038831,0.031601798760565084,1.7599015095009298,-0.18798010511196944,APO,5
2455485.3712295,2010.7886883,0.00328495717796,0.031601798760565084,1.7601904184935018,-0.1882638558274474,APO,5
2455485.3727917,2010.78869258,-0.0173346736356,0.031601798760565084,1.7604905392811019,-0.1885586015178677,APO,5
2455487.56105065,2010.79468781,-0.0826531388685,0.031601798760565084,2.175267572366485,-0.5683270951450613,APO,5
2455487.5644634,2010.79469716,-0.117615077727,0.031601798760565084,2.175909136853026,-0.5688548591490846,APO,5
2455487.5718072,2010.79471728,-0.0886299350187,0.031601798760565084,2.17728967900247,-0.5699897269273324,APO,5
2455487.5747564,2010.79472536,-0.102481577627,0.031601798760565084,2.177844082982865,-0.5704451663456969,APO,5
2455487.58169505,2010.79474437,-0.0842566230222,0.031601798760565084,2.1791484225987485,-0.5715159814679412,APO,5
2455487.58383395,2010.79475023,-0.105116222136,0.031601798760565084,2.1795504914235484,-0.5718458692965601,APO,5
2455487.5889841,2010.79476434,-0.0929422118589,0.031601798760565084,2.1805186024136756,-0.5726398017719606,APO,5
2455487.5910062,2010.79476988,-0.111366484396,0.031601798760565084,2.1808987071659844,-0.5729513729662391,APO,5
2455496.60352415,2010.81946171,0.1095252297,0.031601798760565084,2.31672508925645,-0.6786542399981136,APO,5
2455496.60728365,2010.81947201,0.027020957239,0.031601798760565084,2.315934598293175,-0.6780734456799455,APO,5
2455496.6135288,2010.81948912,-0.0594712235853,0.031601798760565084,2.3146213311434947,-0.6771076175568664,APO,5
2455496.61694155,2010.81949847,0.015163447626,0.031601798760565084,2.313903608767891,-0.6765792827856636,APO,5
2455496.6204711,2010.81950814,0.0275397560671,0.031601798760565084,2.3131612711108875,-0.6760324613883663,APO,5
2455496.6270046,2010.81952604,0.00144174314292,0.031601798760565084,2.3117870023766205,-0.675019163391583,APO,5
2455499.8154475,2010.8282615,-0.00325844072548,0.031601798760565084,1.6195544437549103,-0.04873880003916466,APO,5
2455499.81943695,2010.82827243,-0.0152250268385,0.031601798760565084,1.6186606366330527,-0.04784603580516415,APO,5
2455499.8223277503,2010.82828035,-0.0140615441724,0.031601798760565084,1.6180129299489514,-0.04719906093384845,APO,5
2455499.8270107,2010.82829318,0.0373653433398,0.031601798760565084,1.6169635993582703,-0.04615087402571605,APO,5
2455499.8300767,2010.82830158,0.029400613077,0.031601798760565084,1.6162765336582263,-0.04546452956842779,APO,5
2455499.8337778,2010.82831172,0.0404153130129,0.031601798760565084,1.6154470917092396,-0.04463592975666364,APO,5
2455499.83638025,2010.82831885,-0.026906106703,0.031601798760565084,1.6148638285403323,-0.04405324035493082,APO,5
2455531.82893685,2010.91596969,0.0379585378026,0.031601798760565084,1.0032097737178627,0.5375985957848854,APO,5
2455531.83315625,2010.91598125,0.00795034097181,0.031601798760565084,1.0022374023131138,0.5384182459433466,APO,5
2455531.8357003,2010.91598822,-0.0458095915462,0.031601798760565084,1.0016511204011977,0.5389122001038684,APO,5
2455540.2765078,2010.93911372,0.0116869561528,0.031601798760565084,0.8415667057627669,0.6662953704853818,APO,5
2455540.28188425,2010.93912845,-0.0670321829463,0.031601798760565084,0.842629697326701,0.6655023342220939,APO,5
2455540.2993495,2010.9391763,-0.065907681718,0.031601798760565084,0.8460818660829832,0.6629216896405661,APO,5
2455544.2685639,2010.95005086,0.0309003941868,0.031601798760565084,1.6057674804111262,-0.03496402587261719,APO,5
2455544.2772947,2010.95007478,-0.0905769713069,0.031601798760565084,1.6074151066768325,-0.03661059652977781,APO,5
2455544.2832515,2010.9500911,-0.0474030621196,0.031601798760565084,1.6085392664664955,-0.03773397932137146,APO,5
2455544.28614595,2010.95009903,-0.11775752379,0.031601798760565084,1.6090855113553126,-0.03827982952865193,APO,5
2455544.290077,2010.9501098,-0.052569711938,0.031601798760565084,1.6098273933007987,-0.03902115711583969,APO,5
2455544.2938365,2010.9501201,-0.0976183064128,0.031601798760565084,1.6105369089287878,-0.03973012248446211,APO,5
2455544.2961506,2010.95012644,-0.068641389146,0.031601798760565084,1.6109736443860119,-0.040166509312998054,APO,5
2455544.2980559,2010.95013166,-0.0987194426204,0.031601798760565084,1.6113332303598553,-0.04052580249646173,APO,5
2455544.2997349,2010.95013626,-0.0997849352504,0.031601798760565084,1.6116501088713044,-0.040842418649814125,APO,5
2455544.3025089,2010.95014386,-0.0849077351238,0.031601798760565084,1.6121736513233023,-0.04136551863686839,APO,5
2455551.55616485,2010.97001689,-0.0671414978649,0.031601798760565084,3.077018885926631,-0.9979158386222934,APO,5
2455551.55824535,2010.97002259,-0.0150487072612,0.031601798760565084,3.077477765790443,-0.9979453445684925,APO,5
2455551.56142815,2010.97003131,-0.00772007776751,0.031601798760565084,3.0781797685661183,-0.9979900766662293,APO,5
2455551.5676149,2010.97004826,-0.0517189152385,0.031601798760565084,3.0795443100453794,-0.9980756190556275,APO,5
2455551.5705057,2010.97005618,-0.0209481365825,0.031601798760565084,3.0801818902396354,-0.9981149516048355,APO,5
2455551.57253145,2010.97006173,-0.0224482662822,0.031601798760565084,3.080628673999793,-0.9981422720735669,APO,5
2455551.57675085,2010.97007329,-0.0638143665935,0.031601798760565084,3.081559255161301,-0.9981985366748981,APO,5
2455551.58051035,2010.97008359,-0.0237341768886,0.031601798760565084,3.082388383191868,-0.9982479390420964,APO,5
2455551.58299965,2010.97009041,-0.00923343969835,0.031601798760565084,3.0829373645684237,-0.9982802716720013,APO,5
2455551.58791255,2010.97010387,0.0374141089772,0.031601798760565084,3.0840207997650455,-0.9983431985243494,APO,5
2455551.590515,2010.970111,-0.0635944254543,0.031601798760565084,3.0845946909877635,-0.9983760558524809,APO,5
2455551.5919604,2010.97011496,-0.0561718590404,0.031601798760565084,3.0849134222765224,-0.9983941623387734,APO,5
2455551.5944497,2010.97012178,-0.0178230650569,0.031601798760565084,3.085462334305949,-0.9984251071834737,APO,5
2455551.60063645,2010.97013873,-0.0287450201656,0.031601798760565084,3.0868264799736713,-0.998500707909713,APO,5
2455551.60798025,2010.97015885,-0.08317002131,0.031601798760565084,3.088445561924487,-0.998588025727486,APO,5
2455551.61185655,2010.97016947,-0.013824189439,0.031601798760565084,3.0893000705748936,-0.9986330544177553,APO,5
2455551.6173498,2010.97018452,-0.00924810244097,0.031601798760565084,3.090510894918648,-0.9986956106361451,APO,5
2455551.65464915,2010.97028671,0.0498844735478,0.031601798760565084,3.098726354564549,-0.9990813808819161,APO,5
2455551.65638655,2010.97029147,-0.0341152794505,0.031601798760565084,3.099108670968351,-0.9990976913364573,APO,5
2455551.66141625,2010.97030525,-0.0236427433635,0.031601798760565084,3.1002152176868845,-0.9991440760279015,APO,5
2455551.66575245,2010.97031713,-0.03451975657,0.031601798760565084,3.101168878637654,-0.999183070462525,APO,5
2455551.6679534,2010.97032316,-0.0145171530391,0.031601798760565084,3.1016528130271688,-0.9992025105886907,APO,5
2455551.67020545,2010.97032933,-0.0823139794017,0.031601798760565084,3.102147893530905,-0.9992221563130039,APO,5
2455551.67257795,2010.97033583,-0.0184547550823,0.031601798760565084,3.102669350299178,-0.9992425838629906,APO,5
2455551.67471685,2010.97034169,-0.00654085947527,0.031601798760565084,3.103139368602034,-0.9992607635332093,APO,5
2455551.68310455,2010.97036467,-0.0341292269374,0.031601798760565084,3.104981592711331,-0.9993298899652966,APO,5
2455551.68576175,2010.97037195,-0.0151874668743,0.031601798760565084,3.1055648555483963,-0.9993510690815149,APO,5
2455551.6924157,2010.97039018,-0.00970920397295,0.031601798760565084,3.107024579125672,-0.9994025836077908,APO,5
2455551.6966935,2010.9704019,0.00298789666639,0.031601798760565084,3.1079623317224074,-0.9994345540217769,APO,5
2455551.7033438,2010.97042012,-0.0325827248241,0.031601798760565084,3.109418930770704,-0.9994824704256186,APO,5
2455551.71097595,2010.97044103,-0.00456293894304,0.031601798760565084,3.1110884400457377,-0.999534782553717,APO,5
2455551.71352365,2010.97044801,-0.0257204420711,0.031601798760565084,3.111645160923733,-0.9995516073548428,APO,5
2455551.72017395,2010.97046623,0.0605322472905,0.031601798760565084,3.1130968112318342,-0.99959402095696,APO,5
2455551.7227764,2010.97047336,-0.0485975392009,0.031601798760565084,3.11366420363006,-0.9996100261906549,APO,5
2455551.7287332,2010.97048968,-0.021216357484,0.031601798760565084,3.114961285424049,-0.9996454060729343,APO,5
2455556.5557487,2010.98371438,-0.0296671040203,0.031601798760565084,2.0597917497279137,-0.46973927949309674,APO,5
2455556.5618223,2010.98373102,-0.0798202402736,0.031601798760565084,2.0583845454501914,-0.4684965275643112,APO,5
2455556.56592855,2010.98374227,-0.0171291477825,0.031601798760565084,2.0574331802003947,-0.4676558174518993,APO,5
2455556.56899455,2010.98375067,-0.0106585867549,0.031601798760565084,2.0567228380148874,-0.46702782049581276,APO,5
2455556.5722321,2010.98375954,0.0439232938145,0.031601798760565084,2.055972760273661,-0.46636443847046294,APO,5
2455556.5788824,2010.98377776,-0.0600851423885,0.031601798760565084,2.0544320461572334,-0.46500098105158016,APO,5
2455556.5819484,2010.98378616,-0.0331724531795,0.031601798760565084,2.0537217422768497,-0.4643720245553288,APO,5
2455556.5842041,2010.98379234,-0.0271542914058,0.031601798760565084,2.0531991673888057,-0.4639091478242352,APO,5
2455556.5862262,2010.98379788,-0.00427147223009,0.031601798760565084,2.0527307144758797,-0.4634941025679101,APO,5
2455572.3383414,2011.02695436,-0.0606175310756,0.031601798760565084,1.2596415952532123,0.306158122427084,APO,5
2455572.3422177,2011.02696498,-0.0640161879207,0.031601798760565084,1.260371745108838,0.3054629523276872,APO,5
2455572.3442398002,2011.02697052,-0.0532911665584,0.031601798760565084,1.2607526360546886,0.30510024431086324,APO,5
2455572.3459188,2011.02697512,-0.000957334771289,0.031601798760565084,1.261068900820689,0.30479904371920724,APO,5
2455573.26421135,2011.02949099,-0.00951846910967,0.031601798760565084,1.4344443019157094,0.13592991083820166,APO,5
2455573.26739415,2011.02949971,-0.00945576502336,0.031601798760565084,1.4350472840223356,0.13533250066144212,APO,5
2455573.2705149,2011.02950826,-0.00861677004351,0.031601798760565084,1.4356385290811333,0.13474667129567114,APO,5
2455573.2730042,2011.02951508,0.00832704232679,0.031601798760565084,1.4361101552254993,0.13427933137501444,APO,5
2455573.27566505,2011.02952237,0.0106706969594,0.031601798760565084,1.4366142963534894,0.13377973894778802,APO,5
2455573.2779755,2011.0295287,-0.0169036038066,0.031601798760565084,1.4370520593625722,0.1333458981461058,APO,5
2455573.2942253,2011.02957322,0.00687638448225,0.031601798760565084,1.4401312086281457,0.13029361972612094,APO,5
2455573.33418915,2011.02968271,0.00256160424696,0.031601798760565084,1.4477060559255153,0.12277967840016737,APO,5
2455573.3360397,2011.02968778,0.0157908551549,0.031601798760565084,1.4480568893054448,0.12243149189319899,APO,5
2455573.33771505,2011.02969237,-0.00681873632921,0.031601798760565084,1.4483745135346056,0.12211625099117379,APO,5
2455573.33771505,2011.02969237,-0.00681873632921,0.031601798760565084,1.4483745135346056,0.12211625099117379,APO,5
2455573.3389889,2011.02969586,-0.0301991350795,0.031601798760565084,1.448616022358153,0.12187654610801361,APO,5
2455589.7839179,2011.07475046,0.0356189362858,0.031601798760565084,1.1882066952986026,0.37332412218369965,APO,5
2455589.78721385,2011.07475949,-0.0388519413616,0.031601798760565084,1.1874971033122326,0.37398231731813786,APO,5
2455589.78992945,2011.07476693,-0.0189916737224,0.031601798760565084,1.186912493274699,0.3745244416772647,APO,5
2455589.79299545,2011.07477533,0.0202545277928,0.031601798760565084,1.1862524901882658,0.37513632617002723,APO,5
2455589.79970415,2011.07479371,0.0221425645207,0.031601798760565084,1.1848084903322176,0.37647447864474326,APO,5
2455589.80328845,2011.07480353,-0.000613892808093,0.031601798760565084,1.1840370794158679,0.3771890224515562,APO,5
2455589.80855175,2011.07481795,0.00782350228773,0.031601798760565084,1.1829044213438509,0.3782377760297159,APO,5
2455600.27158335,2011.10348379,0.0152106635426,0.031601798760565084,0.8952658787343604,0.62531135328107,APO,5
2455600.27528445,2011.10349393,0.0529030911778,0.031601798760565084,0.8959605984001539,0.6247690603127015,APO,5
2455600.2787519502,2011.10350343,-0.00519629789843,0.031601798760565084,0.8966114766903036,0.6242607159960719,APO,5
2455600.28274505,2011.10351437,-0.0185585863735,0.031601798760565084,0.8973610224934617,0.6236749834585363,APO,5
2455600.28627095,2011.10352403,-0.0284894354488,0.031601798760565084,0.8980228775193876,0.6231574855639327,APO,5
2455600.28945375,2011.10353275,-0.0110728390361,0.031601798760565084,0.8986203343579611,0.6226901055413716,APO,5
2455600.2919978,2011.10353972,0.117054855094,0.031601798760565084,0.8990978928359503,0.6223163600595373,APO,5
2455600.2942535,2011.1035459,-0.0245329983379,0.031601798760565084,0.8995213264966752,0.6219848548782022,APO,5
2455600.29673915,2011.10355271,0.0185226552342,0.031601798760565084,0.8999879289828406,0.6216194237779445,APO,5
2455600.2987065,2011.1035581,-0.013904059663,0.031601798760565084,0.9003572395145492,0.6213300932867343,APO,5
2455600.3147227,2011.10360198,0.0147527806615,0.031601798760565084,0.9033638800823713,0.6189714384815987,APO,5
2455600.3177887,2011.10361038,0.0448153369282,0.031601798760565084,0.9039394618649869,0.6185192662760594,APO,5
2455600.32114305,2011.10361957,0.0211727969502,0.031601798760565084,0.9045691821051948,0.6180243286301252,APO,5
2455600.32478575,2011.10362955,0.014843975768,0.031601798760565084,0.9052530424718661,0.6174865611950225,APO,5
2455600.3312645,2011.1036473,0.0157873980855,0.031601798760565084,0.9064693469402226,0.616529382168633,APO,5
2455600.3356007,2011.10365918,0.00671616719709,0.031601798760565084,0.9072834285422609,0.6158882255289616,APO,5
2455605.48745525,2011.11777385,0.0138049476002,0.031601798760565084,1.9113730309805201,-0.33403072721544935,APO,5
2455605.492255,2011.117787,0.00017324613081,0.031601798760565084,1.9123716427632675,-0.33497181421132,APO,5
2455605.4944523,2011.11779302,-0.000696743264331,0.031601798760565084,1.912828857958821,-0.3354025802112346,APO,5
2455605.49693795,2011.11779983,-0.00769587828173,0.031601798760565084,1.9133461155705045,-0.33588983073071244,APO,5
2455605.49925205,2011.11780617,0.00598779843794,0.031601798760565084,1.9138277145153746,-0.3363434104231551,APO,5
2455605.50150775,2011.11781235,-0.0103726036693,0.031601798760565084,1.9142971970302491,-0.33678550352459113,APO,5
2455605.50434015,2011.11782011,-0.0154851324703,0.031601798760565084,1.9148867617463308,-0.33734056812956587,APO,5
2455605.5063075,2011.1178255,0.0143833510731,0.031601798760565084,1.9152963005337815,-0.3377260725483815,APO,5
2455605.5085632,2011.11783168,0.00925973580824,0.031601798760565084,1.9157658992548894,-0.3381680424802545,APO,5
2455605.5108189,2011.11783786,0.0096309535359,0.031601798760565084,1.916235535119903,-0.338609972788009,APO,5
2455605.5131877502,2011.11784435,0.0162039153432,0.031601798760565084,1.9167287687897074,-0.33907402837071654,APO,5
2455605.5153887,2011.11785038,-0.000240410103931,0.031601798760565084,1.9171870795959363,-0.3395051530787504,APO,5
2455606.48497835,2011.12050679,0.00720575974928,0.031601798760565084,2.122654673987616,-0.5242706120331099,APO,5
2455606.487464,2011.1205136,0.0624778621052,0.031601798760565084,2.123190824864585,-0.524727096857833,APO,5
2455606.4896029,2011.12051946,-0.00436219049944,0.031601798760565084,2.1236522216569425,-0.5251198144708535,APO,5
2455606.49168705,2011.12052517,0.0115000359868,0.031601798760565084,2.1241018429480234,-0.5255024018254731,APO,5
2455606.49394275,2011.12053135,0.0197817437504,0.031601798760565084,2.1245885123238475,-0.5259163940456185,APO,5
2455606.4970051,2011.12053974,-0.00228616072191,0.031601798760565084,2.1252492819326334,-0.5264782877111872,APO,5
2455606.5000711,2011.12054814,-0.00198229624285,0.031601798760565084,2.1259109139701287,-0.5270406844343263,APO,5
2455606.5024436,2011.12055464,0.00570157693373,0.031601798760565084,2.1264229425016965,-0.5274757576821253,APO,5
2455606.5046409,2011.12056066,0.0207293383931,0.031601798760565084,2.1268971996874093,-0.5278786130635171,APO,5
2455606.5074149,2011.12056826,0.0104973666524,0.031601798760565084,2.1274959846130073,-0.5283870783093264,APO,5
2455606.51169635,2011.12057999,0.0307361237858,0.031601798760565084,2.1284202820248805,-0.5291715843109884,APO,5
2455606.51533905,2011.12058997,0.0572983376835,0.031601798760565084,2.1292067984749172,-0.5298387914473339,APO,5
2455606.51690125,2011.12059425,0.0299311034535,0.031601798760565084,2.1295441345026704,-0.5301248554324925,APO,5
2455629.2613908,2011.18290792,-0.0164889938976,0.031601798760565084,0.7424965780417363,0.7367828466845128,APO,5
2455629.26543865,2011.18291901,-0.0345693476344,0.031601798760565084,0.743260309346368,0.7362662506283217,APO,5
2455629.2686762,2011.18292788,-0.060082877412,0.031601798760565084,0.7438711824070735,0.7358527403907928,APO,5
2455629.2718006,2011.18293644,0.0172597520207,0.031601798760565084,0.7444607275361937,0.7354534070050216,APO,5
2455629.2762536,2011.18294864,-0.0301768429424,0.031601798760565084,0.7453010038916226,0.734883796930355,APO,5
2455629.2797795,2011.1829583,0.00468984769331,0.031601798760565084,0.7459663680861367,0.7344323889251477,APO,5
2455629.28244035,2011.18296559,0.0407734267567,0.031601798760565084,0.7464685087817025,0.7340915025667618,APO,5
2455629.28481285,2011.18297209,0.0118422858571,0.031601798760565084,0.7469162467230772,0.7337873922947752,APO,5
2455629.28701015,2011.18297811,-0.0215868599559,0.031601798760565084,0.7473309319291488,0.7335056007173804,APO,5
2455629.2897294,2011.18298556,-0.0211771376277,0.031601798760565084,0.7478441367048709,0.7331566873672183,APO,5
2455629.2918683,2011.18299142,-0.0364464171077,0.031601798760565084,0.7482478232563575,0.7328820966583147,APO,5
2455633.26079435,2011.19386519,-0.0109856970455,0.031601798760565084,1.5236118044756446,0.047167015828748445,APO,5
2455633.2639151,2011.19387374,-0.0378596432353,0.031601798760565084,1.5242510567169498,0.04652846547060082,APO,5
2455633.26726945,2011.19388293,-0.0256085045482,0.031601798760565084,1.5249382281657355,0.045842027321456126,APO,5
2455633.27091215,2011.19389291,0.020740424857,0.031601798760565084,1.525684551907427,0.04509647549090866,APO,5
2455633.27554035,2011.19390559,0.00827804730879,0.031601798760565084,1.5266329083871988,0.04414906369704411,APO,5
2455633.2788947,2011.19391478,-0.0178277142192,0.031601798760565084,1.5273203275370029,0.043462304434905535,APO,5
2455633.2868736,2011.19393664,0.0288023106907,0.031601798760565084,1.5289557600279078,0.041828359922511965,APO,5
2455633.28970965,2011.19394441,-0.00188323332323,0.031601798760565084,1.529537161888019,0.04124745986195699,APO,5
2455633.29311875,2011.19395375,0.0349071376179,0.031601798760565084,1.5302361092122496,0.040549097350487444,APO,5
2455637.49921085,2011.20547729,0.0420575492238,0.031601798760565084,2.4582238614606156,-0.7754500375282889,APO,5
2455637.50632105,2011.20549677,0.0476417891835,0.031601798760565084,2.4599041778690114,-0.7765099090906433,APO,5
2455637.5089235,2011.2055039,0.11163917707,0.031601798760565084,2.460519275361496,-0.7768973382018519,APO,5
2455637.51320495,2011.20551563,0.0875504367207,0.031601798760565084,2.4615312964273848,-0.7775341363315916,APO,5
2455637.5186398,2011.20553052,-0.0141628630306,0.031601798760565084,2.462816104983109,-0.7783414343120508,APO,5
2455637.5232096002,2011.20554304,0.068533932433,0.031601798760565084,2.463896547388708,-0.7790193261696307,APO,5
2455637.52783415,2011.20555571,0.0348978392933,0.031601798760565084,2.4649900579526443,-0.7797044912980651,APO,5
2455637.5326339,2011.20556886,0.018045818076,0.031601798760565084,2.4661251272188682,-0.7804147098445843,APO,5
2455641.49653025,2011.21642885,0.00766245053755,0.031601798760565084,2.82118417231639,-0.9491068443435011,APO,5
2455641.49930425,2011.21643645,0.00278142617689,0.031601798760565084,2.820523735078871,-0.9488986298350433,APO,5
2455641.5021403,2011.21644422,-0.0250461943294,0.031601798760565084,2.8198484415333547,-0.9486853036555072,APO,5
2455641.50589615,2011.21645451,-0.00460621191515,0.031601798760565084,2.8189540055214226,-0.9484020840914535,APO,5
2455641.51486055,2011.21647907,0.0142898909901,0.031601798760565084,2.8168186000406177,-0.9477228489114463,APO,5
2455641.5176966,2011.21648684,-0.00816496683611,0.031601798760565084,2.8161428583790404,-0.9475070069947055,APO,5
2455641.52099255,2011.21649587,-0.0337057955409,0.031601798760565084,2.815357437485561,-0.9472555882174624,APO,5
2455641.52521195,2011.21650743,-0.0139228947307,0.031601798760565084,2.814351805396901,-0.9469328252318955,APO,5
2455641.53186225,2011.21652565,-0.0287878163005,0.031601798760565084,2.8127664576782694,-0.9464220547365321,APO,5
2455641.5345815,2011.2165331,-0.0275659210826,0.031601798760565084,2.8121181026125144,-0.9462124810135716,APO,5
2455641.5362605,2011.2165377,-0.00779815985216,0.031601798760565084,2.811717741615608,-0.9460828700296132,APO,5
2455647.70327495,2011.23343363,0.00441483186232,0.031601798760565084,1.427770276737899,0.14253891434676258,APO,5
2455647.711659,2011.2334566,0.0755838506077,0.031601798760565084,1.4260689930282093,0.14422261949439444,APO,5
2455647.72253235,2011.23348639,-0.0921080954219,0.031601798760565084,1.4238631950451341,0.14640500381846028,APO,5
2455659.2579157,2011.26509018,0.011103665099,0.031601798760565084,0.8016006996722669,0.6955575456134075,APO,5
2455659.26127005,2011.26509937,0.0687456481312,0.031601798760565084,0.8022597682587852,0.6950838733184079,APO,5
2455665.27219955,2011.28156767,0.0458562724446,0.031601798760565084,2.0786771463139124,-0.4863266489582351,APO,5
2455665.27659415,2011.28157971,0.0280772797917,0.031601798760565084,2.079696653104705,-0.4872172177310181,APO,5
2455665.2808172,2011.28159128,0.0496055238103,0.031601798760565084,2.0806764862304465,-0.4880726531831984,APO,5
2455665.28417155,2011.28160047,0.0641670577382,0.031601798760565084,2.081454850125414,-0.48875186361148043,APO,5
2455665.2909970502,2011.28161917,0.070820962653,0.031601798760565084,2.083038917916371,-0.4901332267528956,APO,5
2455665.2964319,2011.28163406,0.00864044354902,0.031601798760565084,2.084300469565839,-0.4912324648164171,APO,5
2455665.2994395,2011.2816423,0.0536288373326,0.031601798760565084,2.084998688137157,-0.4918405133087818,APO,5
2455665.3023887,2011.28165038,0.0754648797368,0.031601798760565084,2.085683408901914,-0.4924365742758169,APO,5
2455665.30730525,2011.28166385,0.0181312911366,0.031601798760565084,2.086825024182543,-0.4934298561234499,APO,5
2455665.414524,2011.2819576,0.0836103312825,0.031601798760565084,2.111761790485628,-0.5149638384953118,APO,5
2455665.42198095,2011.28197803,0.00913325475203,0.031601798760565084,2.113498998730457,-0.5164522162775724,APO,5
2455665.4262624,2011.28198976,0.06373552011,0.031601798760565084,2.114496595221896,-0.5173062169963415,APO,5
2455665.42967515,2011.28199911,0.0218826882695,0.031601798760565084,2.1152918688307625,-0.5179866487876743,APO,5
2455665.4371905,2011.2820197,0.101670896277,0.031601798760565084,2.1170434468406496,-0.5194841334641223,APO,5
2455665.4654123,2011.28209702,0.0261454932545,0.031601798760565084,2.123624380555586,-0.5250961207019685,APO,5
2455688.2542603,2011.34453222,0.0312917582844,0.031601798760565084,0.6918527677108747,0.7700653363875504,APO,5
2455688.25848335,2011.34454379,0.026378308997,0.031601798760565084,0.6927185277487107,0.7695127232317263,APO,5
2455688.2629911,2011.34455614,-0.00166210009111,0.031601798760565084,0.6936427355481243,0.7689221664763795,APO,5
2455688.2655388,2011.34456312,-0.00437160803331,0.031601798760565084,0.6941651186429603,0.76858807991772,APO,5
2455688.26784925,2011.34456945,-0.019556368127,0.031601798760565084,0.6946388791175065,0.7682849082618166,APO,5
2455688.27004655,2011.34457547,0.0272316090916,0.031601798760565084,0.6950894585186757,0.7679964107860427,APO,5
2455688.27230225,2011.34458165,0.0319302432393,0.031601798760565084,0.6955520344175169,0.7677000699778189,APO,5
2455688.274328,2011.3445872,0.0706047170018,0.031601798760565084,0.6959674725316555,0.7674337871160063,APO,5
2455695.2470398,2011.36369052,0.00888184236036,0.031601798760565084,2.2407315367985294,-0.6209352019303404,APO,5
2455695.2546172,2011.36371128,-0.00288256479753,0.031601798760565084,2.242537775749417,-0.6223500301526003,APO,5
2455695.25848985,2011.36372189,0.0156643740986,0.031601798760565084,2.24346098454857,-0.6230723964209383,APO,5
2455695.2620194,2011.36373156,0.00302830861555,0.031601798760565084,2.2443024468259596,-0.6237303374011196,APO,5
2455695.26970995,2011.36375263,-0.00987490488542,0.031601798760565084,2.2461360631024427,-0.6251625151563901,APO,5
2455695.2721956,2011.36375944,0.0256537549351,0.031601798760565084,2.246728747405847,-0.6256249922291628,APO,5
2455695.27479805,2011.36376657,0.0205031983708,0.031601798760565084,2.247349304843149,-0.6261089834525545,APO,5
2455695.2782108,2011.36377592,0.0182552687977,0.031601798760565084,2.2481631150444517,-0.6267433328022323,APO,5
2455695.28306895,2011.36378923,0.00276449845778,0.031601798760565084,2.2493216675153946,-0.6276456859160485,APO,5
2455695.28544145,2011.36379573,-0.00217660738481,0.031601798760565084,2.2498874817700316,-0.6280860713275745,APO,5
2455695.28827385,2011.36380349,0.0695884578084,0.031601798760565084,2.2505630025070458,-0.6286115803034437,APO,5
2455695.2901244,2011.36380856,-0.0184477217342,0.031601798760565084,2.2510043693159667,-0.6289547785984133,APO,5
2455695.293132,2011.3638168,-0.0389133341457,0.031601798760565084,2.251721724447066,-0.6295123186472568,APO,5
2455695.296198,2011.3638252,0.0869644038533,0.031601798760565084,2.252453040943915,-0.6300803762297532,APO,5
2455695.2984537,2011.36383138,0.0481862180089,0.031601798760565084,2.2529911015263373,-0.6304981051445708,APO,5
2455695.30076415,2011.36383771,-0.0155143387462,0.031601798760565084,2.2535422401421976,-0.6309257980813804,APO,5
2455695.416137,2011.3641538,0.0933249347066,0.031601798760565084,2.2810864163391855,-0.6520537364429242,APO,5
2455695.4233676502,2011.36417361,0.117463862166,0.031601798760565084,2.2828141337618377,-0.6533626708751735,APO,5
2455695.4422783,2011.36422542,0.0338505856846,0.031601798760565084,2.287333511450032,-0.6567773593925469,APO,5
2455695.4464977,2011.36423698,0.0411954276417,0.031601798760565084,2.2883420453847694,-0.6575375450989047,APO,5
2455695.4526881,2011.36425394,0.0500712745045,0.031601798760565084,2.2898217967433663,-0.6586517016997862,APO,5
2455698.4353659,2011.37242566,0.0160258166646,0.031601798760565084,3.0045828955010463,-0.9906288362326552,APO,5
2455704.61487065,2011.38935581,0.00950852559553,0.031601798760565084,1.899812368645284,-0.323112005606335,APO,5
2455704.6175315,2011.3893631,0.000295912489758,0.031601798760565084,1.8992779086078238,-0.3226061674909813,APO,5
2455704.62019235,2011.38937039,-0.00778647734178,0.031601798760565084,1.898743488364559,-0.3221002748973607,APO,5
2455704.62250645,2011.38937673,0.0103669516896,0.031601798760565084,1.8982787437769981,-0.32166026384443985,APO,5
2455704.62464535,2011.38938259,-0.0274142868663,0.031601798760565084,1.897849211687046,-0.3212535295127716,APO,5
2455704.6286932,2011.38939368,0.0155461184834,0.031601798760565084,1.8970363963069934,-0.32048369281767136,APO,5
2455704.63147085,2011.38940129,-0.00198301149858,0.031601798760565084,1.8964786926113615,-0.31995535592970076,APO,5
2455704.6352267,2011.38941158,-0.0331254847194,0.031601798760565084,1.8957246523671047,-0.3192408627133164,APO,5
2455704.6384679,2011.38942046,-0.0176570065166,0.031601798760565084,1.8950739990253964,-0.31862418818019117,APO,5
2455704.64107035,2011.38942759,-0.0373339302684,0.031601798760565084,1.894551613914995,-0.3181289857426264,APO,5
2455704.64315085,2011.38943329,0.0113585345601,0.031601798760565084,1.8941340261834136,-0.31773306503665605,APO,5
2455704.64459625,2011.38943725,-0.026533926263,0.031601798760565084,1.8938439269764658,-0.31745798534545294,APO,5
2455722.24573575,2011.43765955,-0.000367248788013,0.031601798760565084,1.7216312918836585,-0.1502636696168826,APO,5
2455722.2494368497,2011.43766969,-0.00371226145281,0.031601798760565084,1.7224876148176893,-0.1511102146272526,APO,5
2455722.25377305,2011.43768157,0.0025029532765,0.031601798760565084,1.7234909235088915,-0.1521019260231592,APO,5
2455722.25683905,2011.43768997,0.0208243481969,0.031601798760565084,1.7242003614193326,-0.15280307115560596,APO,5
2455722.26117525,2011.43770185,0.0372556798314,0.031601798760565084,1.725203748545717,-0.15379459807712623,APO,5
2455722.26412445,2011.43770993,0.0306834332799,0.031601798760565084,1.725886213037474,-0.15446890731148835,APO,5
2455725.2370312,2011.44585488,0.00723544286238,0.031601798760565084,2.421383564250166,-0.7516678424024231,APO,5
2455725.24350995,2011.44587263,-0.0222659952785,0.031601798760565084,2.4229062921664193,-0.7526712733584109,APO,5
2455725.2472110502,2011.44588277,0.0311147324895,0.031601798760565084,2.423776168288532,-0.7532437119151162,APO,5
2455725.2510837,2011.44589338,0.0156846396779,0.031601798760565084,2.4246863569030315,-0.7538420686677092,APO,5
2455725.2586611,2011.44591414,0.0465329043721,0.031601798760565084,2.4264672514002408,-0.7550110194150175,APO,5
2455725.2623622,2011.44592428,0.00315169023024,0.031601798760565084,2.4273370997393657,-0.7555811037915704,APO,5
2455725.2660049,2011.44593426,0.0354544274663,0.031601798760565084,2.4281932159933914,-0.7561416301530931,APO,5
2455725.2734654997,2011.4459547,0.0256835572575,0.031601798760565084,2.4299466030181005,-0.7572878977397153,APO,5
2455725.27838205,2011.44596817,0.00386193917738,0.031601798760565084,2.4311020726926866,-0.7580420075498536,APO,5
2455725.2853207,2011.44598718,0.0223465316151,0.031601798760565084,2.432732747132302,-0.7591045344382784,APO,5
2455725.28931015,2011.44599811,0.0278516166066,0.031601798760565084,2.4336703087558136,-0.7597145240267458,APO,5
2455725.291971,2011.4460054,0.00906995461927,0.031601798760565084,2.4342956310071457,-0.760120995480821,APO,5
2455725.3830531,2011.44625494,0.00803795979963,0.031601798760565084,2.455698167441291,-0.7738528201136347,APO,5
2455725.386871,2011.4462654,0.118808662162,0.031601798760565084,2.456595184453318,-0.7744206482985065,APO,5
2455725.39034215,2011.44627491,0.020772134528,0.031601798760565084,2.4574107238368463,-0.7749363588653716,APO,5
2455725.3943316,2011.44628584,0.0200164668416,0.031601798760565084,2.45834802643881,-0.7755284304268159,APO,5
2455725.3986094,2011.44629756,0.0116316430424,0.031601798760565084,2.459353063084366,-0.7761625309812451,APO,5
2455725.40584005,2011.44631737,0.0663496606206,0.031601798760565084,2.4610518202285103,-0.7772325328024863,APO,5
2455725.4097127,2011.44632798,0.00574937985884,0.031601798760565084,2.4619616390233636,-0.7778046812788971,APO,5
2455725.41237355,2011.44633527,-0.0924623854305,0.031601798760565084,2.4625867579024687,-0.7781974202894129,APO,5
2455725.41607465,2011.44634541,0.011787926421,0.031601798760565084,2.4634562564540654,-0.7787431882925171,APO,5
2455725.4196042,2011.44635508,0.0151105277394,0.031601798760565084,2.4642854434817276,-0.7792631050700174,APO,5
2455725.42295855,2011.44636427,-0.00324484182848,0.031601798760565084,2.4650734628145297,-0.7797567123460907,APO,5
2455732.60114345,2011.46603053,-0.0459460861827,0.031601798760565084,2.2305609735171776,-0.6129309077334665,APO,5
2455732.6124183,2011.46606142,0.00666276143538,0.031601798760565084,2.2282914635767077,-0.6111361081086916,APO,5
2455732.6155427,2011.46606998,0.011450325713,0.031601798760565084,2.2276626731763334,-0.6106382836747744,APO,5
2455732.61901385,2011.46607949,-0.0223000891353,0.031601798760565084,2.2269641591870455,-0.6100849747823217,APO,5
2455735.5561214,2011.47412636,0.0412969939564,0.031601798760565084,1.6539533257416132,-0.0830611924384611,APO,5
2455735.563582,2011.4741468,-0.000643456711902,0.031601798760565084,1.652529855621428,-0.08164255751923662,APO,5
2455735.56745465,2011.47415741,0.00903931783186,0.031601798760565084,1.6517909942557059,-0.0809061404954893,APO,5
2455735.5701155,2011.4741647,0.0423312537526,0.031601798760565084,1.6512833451181914,-0.0804001451682858,APO,5
2455735.57428015,2011.47417611,0.0166360490178,0.031601798760565084,1.6504888160089228,-0.07960816291935666,APO,5
2455735.5776929,2011.47418546,0.0520506255482,0.031601798760565084,1.6498377535542885,-0.07895914995833729,APO,5
2455735.5807005,2011.4741937,-0.00509306265367,0.031601798760565084,1.6492639977043881,-0.07838717249374982,APO,5
2455735.5827226,2011.47419924,0.117407237754,0.031601798760565084,1.6488782520826377,-0.07800260799206013,APO,5
2455735.58775595,2011.47421303,0.03166333364,0.031601798760565084,1.6479180927064565,-0.07704533826427573,APO,5
2455735.62181775,2011.47430635,-0.0164563305522,0.031601798760565084,1.6414214749242386,-0.07056645077145697,APO,5
2455736.5321898,2011.47680052,0.0492821090077,0.031601798760565084,1.4682271257371524,0.1023894500986493,APO,5
2455736.5363508,2011.47681192,-0.000957453980579,0.031601798760565084,1.4674365771538893,0.10317581178957703,APO,5
2455736.542366,2011.4768284,0.0119395606373,0.031601798760565084,1.4662937524046704,0.10431246981350617,APO,5
2455736.5698359,2011.47690366,0.00446144269453,0.031601798760565084,1.4610748003947343,0.10950150605155477,APO,5
2455736.57174485,2011.47690889,0.077611600623,0.031601798760565084,1.4607121247253172,0.1098619936084315,APO,5
2455736.5764278,2011.47692172,0.0377918832158,0.031601798760565084,1.459822425948928,0.11074626330739207,APO,5
2455781.18806005,2011.59914537,0.0397917382573,0.031601798760565084,1.8467627903061743,-0.2724769588277219,APO,5
2455781.1920495,2011.5991563,0.0360802762364,0.031601798760565084,1.847653634399403,-0.27333398720386115,APO,5
2455781.1959842,2011.59916708,0.027451192603,0.031601798760565084,1.8485321931953906,-0.27417898417353825,APO,5
2455781.1988166,2011.59917484,0.0226990334843,0.031601798760565084,1.8491645884125936,-0.2747870903057355,APO,5
2455781.20286445,2011.59918593,0.113558804259,0.031601798760565084,1.8500683063039052,-0.27565590733769496,APO,5
2455781.2061604,2011.59919496,0.0198837869023,0.031601798760565084,1.850804109671782,-0.2763631283319002,APO,5
2455781.20887965,2011.59920241,0.0369534842824,0.031601798760565084,1.8514111365315786,-0.2769464625378807,APO,5
2455781.2115405,2011.5992097,0.0113345734929,0.031601798760565084,1.8520050992026615,-0.27751714368153646,APO,5
2455781.21425975,2011.59921715,-0.000915849938526,0.031601798760565084,1.8526120701086448,-0.27810022202986645,APO,5
2455781.2159935,2011.5992219,0.00538269208418,0.031601798760565084,1.8529990501297795,-0.2784719156551397,APO,5
2455795.582138,2011.6385812,-0.0561496861125,0.031601798760565084,1.5379635214614977,0.032826906728373635,APO,5
2455795.5902337,2011.63860338,-0.0386761076595,0.031601798760565084,1.536383485746475,0.034406049252629675,APO,5
2455795.5937596,2011.63861304,-0.0211906082775,0.031601798760565084,1.5356952499253667,0.035093869391678405,APO,5
2455795.5967672,2011.63862128,-0.0459271319057,0.031601798760565084,1.5351081416876904,0.03568060990061903,APO,5
2455795.60006315,2011.63863031,-0.0358336813594,0.031601798760565084,1.5344647011370074,0.03632363330633233,APO,5
2455795.60382265,2011.63864061,-0.0249223358776,0.031601798760565084,1.5337307091552503,0.03705713106099274,APO,5
2455798.5751672,2011.64678128,-0.0585481770183,0.031601798760565084,0.9293582357986981,0.5983483101207601,APO,5
2455798.5784084,2011.64679016,-0.0579479582454,0.031601798760565084,0.9286676576043145,0.5989014835854698,APO,5
2455798.5818759,2011.64679966,-0.0609999544765,0.031601798760565084,0.9279287800928109,0.5994930299406764,APO,5
2455798.58534705,2011.64680917,-0.0684370644237,0.031601798760565084,0.9271890384665863,0.6000849402456331,APO,5
2455798.58812105,2011.64681677,-0.105066860452,0.031601798760565084,0.9265978053601761,0.600557784152609,APO,5
2455798.59188055,2011.64682707,-0.0346693642284,0.031601798760565084,0.925796440932663,0.6011983473065746,APO,5
2455798.5946582,2011.64683468,-0.0106364138271,0.031601798760565084,0.9252042998332463,0.601671421734686,APO,5
2455798.5966219,2011.64684006,-0.0346747286464,0.031601798760565084,0.924785643787434,0.6020057678761532,APO,5
2455798.59870605,2011.64684577,-0.0628747589733,0.031601798760565084,0.9243412777997788,0.6023605309978394,APO,5
2455798.6010749,2011.64685226,-0.0643918163921,0.031601798760565084,0.9238361724837443,0.6027636414007795,APO,5
2455798.6032722,2011.64685828,-0.0625080711986,0.031601798760565084,0.9233676104993048,0.6031374500992378,APO,5
2455820.3844793,2011.70653282,-0.0161527044917,0.031601798760565084,2.4721931079039314,-0.7841943982717412,APO,5
2455820.39292175,2011.70655595,-0.0208719618465,0.031601798760565084,2.470612093312021,-0.7832123749648547,APO,5
2455820.395641,2011.7065634,-0.0572615511562,0.031601798760565084,2.4701028448897344,-0.7828956460393052,APO,5
2455820.39887855,2011.70657227,-0.0807267077114,0.031601798760565084,2.4694965218384484,-0.7825182764247153,APO,5
2455823.5622204,2011.71523896,-0.0271756298686,0.031601798760565084,1.8686284594712665,-0.2934484711053775,APO,5
2455823.5659215,2011.7152491,-0.0357257969524,0.031601798760565084,1.8679096951369139,-0.2927612747063929,APO,5
2455823.5697394,2011.71525956,-0.0124116785671,0.031601798760565084,1.8671681917191973,-0.2920521794223662,APO,5
2455823.5733237,2011.71526938,-0.00846942736162,0.031601798760565084,1.8664720056047988,-0.29138627463983374,APO,5
2455823.5770248,2011.71527952,-0.0359830505992,0.031601798760565084,1.8657530804574267,-0.29069847166343943,APO,5
2455823.57980245,2011.71528713,-0.028500641122,0.031601798760565084,1.8652134967505458,-0.2901821477393369,APO,5
2455823.5821713,2011.71529362,-0.0230431206371,0.031601798760565084,1.8647533021898406,-0.2897417239800053,APO,5
2455823.5843686,2011.71529964,-0.0416638500835,0.031601798760565084,1.8643264148098697,-0.2893331216016062,APO,5
2455823.5868579,2011.71530646,-0.00810607744707,0.031601798760565084,1.8638427752943827,-0.2888701342674223,APO,5
2455823.5890552,2011.71531248,-0.0105809815074,0.031601798760565084,1.8634158474041524,-0.2884613807291772,APO,5
2455823.59165765,2011.71531961,-0.0237913973476,0.031601798760565084,1.86291017565674,-0.2879771674538754,APO,5
2455823.59373815,2011.71532531,-0.0315135367061,0.031601798760565084,1.8625059028243227,-0.2875899971977179,APO,5
2455823.596399,2011.7153326,-0.020954097047,0.031601798760565084,1.8619888341700135,-0.2870947344001427,APO,5
2455840.098925,2011.760545,0.0152798049306,0.031601798760565084,1.8756171582794838,-0.3001222710478441,APO,5
2455840.10222095,2011.76055403,0.0145831458424,0.031601798760565084,1.8762899937600008,-0.30076402132859875,APO,5
2455840.10627245,2011.76056513,-0.0121800549175,0.031601798760565084,1.8771169879417733,-0.3015526215758867,APO,5
2455840.1093932,2011.76057368,0.00225869344221,0.031601798760565084,1.877753937329725,-0.3021598594621647,APO,5
2455840.11425135,2011.76058699,-0.00291558577074,0.031601798760565084,1.878745389461243,-0.30310481974961206,APO,5
2455840.11882115,2011.76059951,0.0218789927815,0.031601798760565084,1.8796778805456547,-0.3039933119539824,APO,5
2455840.1219419,2011.76060806,-0.00028046442522,0.031601798760565084,1.8803146217440716,-0.3045998571776354,APO,5
2455840.12454435,2011.76061519,0.0386903636311,0.031601798760565084,1.8808455723037059,-0.30510553422472775,APO,5
2455840.1264533,2011.76062042,0.0110113971089,0.031601798760565084,1.8812350124855444,-0.30547638218635126,APO,5
2455840.1286506,2011.76062644,0.0197639815663,0.031601798760565084,1.8816832543203776,-0.30590316720355387,APO,5
2455840.13206335,2011.76063579,-0.000703657403125,0.031601798760565084,1.8823793931243777,-0.3065658607691695,APO,5
2455844.31021835,2011.77208279,0.00216177628981,0.031601798760565084,2.698859990137887,-0.9035843373680803,APO,5
2455844.3167555,2011.7721007,-0.00369688345446,0.031601798760565084,2.7000911665372254,-0.9041111010037435,APO,5
2455844.32143845,2011.77211353,0.00313213990675,0.031601798760565084,2.700973031198799,-0.904487567925578,APO,5
2455844.32357735,2011.77211939,0.00506583379255,0.031601798760565084,2.701375787956257,-0.9046592703131946,APO,5
2455844.32612505,2011.77212637,0.0198870055531,0.031601798760565084,2.701855499189303,-0.9048635882790694,APO,5
2455844.3283771,2011.77213254,0.0209979169224,0.031601798760565084,2.7022795212177897,-0.905044013801908,APO,5
2455844.3306912,2011.77213888,-0.0174947626735,0.031601798760565084,2.702715205835039,-0.9052292323730171,APO,5
2455844.3367064,2011.77215536,0.00263396428572,0.031601798760565084,2.7038476143229593,-0.9057098389130871,APO,5
2455844.3405243,2011.77216582,0.00719383882032,0.031601798760565084,2.704566291398552,-0.9060142509106727,APO,5
2455844.34370345,2011.77217453,0.041515862212,0.031601798760565084,2.705164687832751,-0.9062673582880917,APO,5
2455844.34671105,2011.77218277,0.00554088281141,0.031601798760565084,2.7057307579877983,-0.9065064937321875,APO,5
2455846.354076,2011.7776824,0.0338491551732,0.031601798760565084,3.0528317693255067,-0.9960633383114061,APO,5
2455846.3642522,2011.77771028,-0.00766249968065,0.031601798760565084,3.053861476760364,-0.9961540880105868,APO,5
2455846.3680117,2011.77772058,0.0720388047551,0.031601798760565084,3.0542342208804194,-0.9961866781553821,APO,5
2455849.3551425,2011.7859045,0.0138868443822,0.031601798760565084,2.615953229567429,-0.8650032771097705,APO,5
2455849.3627199,2011.78592526,0.0115359179829,0.031601798760565084,2.6145245078511232,-0.8642855102293924,APO,5
2455849.36601585,2011.78593429,-0.0164688475276,0.031601798760565084,2.613903006962738,-0.8639727274199701,APO,5
2455849.36960015,2011.78594411,-0.0228849299098,0.031601798760565084,2.613227100290539,-0.8636321849904689,APO,5
2455849.37353485,2011.78595489,-0.00393995119585,0.031601798760565084,2.6124850774126886,-0.8632578768733346,APO,5
2455849.3775243,2011.78596582,-0.0068792946483,0.031601798760565084,2.6117326871185527,-0.8628778536726444,APO,5
2455849.3798968,2011.78597232,-0.0105770476009,0.031601798760565084,2.611285225287797,-0.86265161448764,APO,5
2455849.3820357,2011.78597818,-0.00329049898638,0.031601798760565084,2.6108818083008893,-0.8624474965624063,APO,5
2455849.384233,2011.7859842,0.00806192086683,0.031601798760565084,2.6104673637700953,-0.8622376528360498,APO,5
2455852.5619741,2011.79469034,-0.00978406740679,0.031601798760565084,1.9966653591726315,-0.4131123481042002,APO,5
2455852.56538685,2011.79469969,-0.0301822073604,0.031601798760565084,1.995986969716616,-0.4124944573353801,APO,5
2455852.5687412,2011.79470888,-0.0135306961681,0.031601798760565084,1.9953201379328969,-0.411886908514267,APO,5
2455852.57227075,2011.79471855,-0.0185511953975,0.031601798760565084,1.9946184223107217,-0.41124737934372074,APO,5
2455852.57567985,2011.79472789,-0.0363747723247,0.031601798760565084,1.9939406002394258,-0.4106294339852936,APO,5
2455852.57874585,2011.79473629,-0.020591820016,0.031601798760565084,1.9933309509281245,-0.41007347805444994,APO,5
2455852.5815235,2011.7947439,-0.00853988005175,0.031601798760565084,1.9927786010148365,-0.4095696434121368,APO,5
2455852.5842975,2011.7947515,-0.0279568083431,0.031601798760565084,1.9922269420726664,-0.40906631432851065,APO,5
2455852.5866116,2011.79475784,-0.032867158189,0.031601798760565084,1.9917667157564778,-0.40864631236436605,APO,5
2455852.58857895,2011.79476323,-0.0308723099376,0.031601798760565084,1.9913754317320933,-0.4082891589696632,APO,5
2455852.5910062,2011.79476988,-0.0108972437526,0.031601798760565084,1.9908926546241448,-0.40784840704315,APO,5
2455856.5745067,2011.80568358,0.00489977525221,0.031601798760565084,1.1514182821192778,0.4071924737014583,APO,5
2455856.57756905,2011.80569197,-0.0401299841548,0.031601798760565084,1.1507293846934354,0.4078215762383728,APO,5
2455856.58057665,2011.80570021,-0.00556310488237,0.031601798760565084,1.1500527317195501,0.40843930870413925,APO,5
2455856.5840478,2011.80570972,-0.0265223629619,0.031601798760565084,1.1492717002529882,0.4091520982371071,APO,5
2455856.58722695,2011.80571843,-0.0301421530391,0.031601798760565084,1.148556287433609,0.40980478349075494,APO,5
2455856.5908149,2011.80572826,-0.00549062563433,0.031601798760565084,1.1477487856774504,0.4105412313041679,APO,5
2455870.0534676,2011.84261224,0.0206966750477,0.031601798760565084,1.9405361870395545,-0.3613728843243679,APO,5
2455870.0555481,2011.84261794,0.00401142762648,0.031601798760565084,1.940941033027323,-0.36175034175596743,APO,5
2455870.05890245,2011.84262713,-0.0256722815181,0.031601798760565084,1.9415937244569017,-0.36235875256646677,APO,5
2455870.06185165,2011.84263521,0.000299607977734,0.031601798760565084,1.9421675468497412,-0.3628935175556623,APO,5
2455870.06485925,2011.84264345,0.00808910058485,0.031601798760565084,1.9427526986437715,-0.3634387177527587,APO,5
2455871.32180975,2011.84608715,-0.0295577891017,0.031601798760565084,2.184768297748316,-0.5761185507279375,APO,5
2455871.32354715,2011.84609191,-0.00890919043077,0.031601798760565084,2.185099880498018,-0.5763895435656609,APO,5
2455871.3252225,2011.8460965,-0.108022297158,0.031601798760565084,2.1854196147546223,-0.5766507929623931,APO,5
2455873.29626995,2011.85149663,0.0110216491078,0.031601798760565084,2.558595242967748,-0.8348162420214768,APO,5
2455873.301588,2011.8515112,-0.0388234503414,0.031601798760565084,2.5595970375321393,-0.8353673396740733,APO,5
2455873.35716655,2011.85166347,-0.00905939413561,0.031601798760565084,2.5700659001185526,-0.8410761091533863,APO,5
2455882.5506953,2011.87685122,0.0751959435795,0.031601798760565084,1.9101413002852266,-0.3328694913439997,APO,5
2455882.55462635,2011.87686199,0.0117320172642,0.031601798760565084,1.9093149226643114,-0.33209012606764327,APO,5
2455882.55850265,2011.87687261,0.0269130818699,0.031601798760565084,1.908499976310725,-0.3313213196348959,APO,5
2455882.56202855,2011.87688227,0.0562363021229,0.031601798760565084,1.9077586300058682,-0.3306217550829743,APO,5
2455882.56526975,2011.87689115,0.0522063128804,0.031601798760565084,1.9070770873343479,-0.32997846335303166,APO,5
2455882.5683321,2011.87689954,0.0669131629323,0.031601798760565084,1.9064331024705568,-0.3293704806910831,APO,5
2455882.5707046,2011.87690604,0.000549828276501,0.031601798760565084,1.9059341535151686,-0.3288993317263755,APO,5
2455882.57307345,2011.87691253,0.0327449195241,0.031601798760565084,1.9054359430893846,-0.32842879844468076,APO,5
2455882.57538755,2011.87691887,0.0138426177357,0.031601798760565084,1.9049492195262192,-0.3279690351708338,APO,5
2455882.57764325,2011.87692505,0.0307705752705,0.031601798760565084,1.904474752520121,-0.32752077475991276,APO,5
2455882.5818079,2011.87693646,-0.0146686680461,0.031601798760565084,1.903598685134029,-0.3266929021869128,APO,5
2455882.58348325,2011.87694105,0.0326208226536,0.031601798760565084,1.903246236615542,-0.3263597720424522,APO,5
2455882.58522065,2011.87694581,0.069382464156,0.031601798760565084,1.9028807190164052,-0.3260142463358886,APO,5
2455882.5867792,2011.87695008,0.0343340985631,0.031601798760565084,1.902552814869573,-0.3257042397581427,APO,5
2455895.04578045,2011.91108433,-0.00995429827227,0.031601798760565084,0.9861352792666476,0.5519167618426427,APO,5
2455895.04884645,2011.91109273,0.011918818221,0.031601798760565084,0.9867913280148252,0.551369564578335,APO,5
2455895.0523175998,2011.91110224,0.0153173558568,0.031601798760565084,0.9875339794816892,0.5507498473478437,APO,5
2455895.05555515,2011.91111111,0.0116520278309,0.031601798760565084,0.988226566923287,0.5501716330954862,APO,5
2455895.0590263,2011.91112062,-0.0558009989406,0.031601798760565084,0.9889690351975704,0.5495514821887305,APO,5
2455895.06226385,2011.91112949,0.00170544312941,0.031601798760565084,0.9896614517253629,0.548972864284762,APO,5
2455895.06509625,2011.91113725,-0.0130636341716,0.031601798760565084,0.990267150893522,0.5484664959171657,APO,5
2455895.0672387998,2011.91114312,0.0238564364766,0.031601798760565084,0.9907252860987906,0.5480833582978619,APO,5
2455913.5335232,2011.96173568,0.00854877160536,0.031601798760565084,1.5708747331394817,-7.840634450471774e-05,APO,5
2455913.5374579,2011.96174646,0.0138000600194,0.031601798760565084,1.569987199484257,0.0008091272223521872,APO,5
2455913.54087065,2011.96175581,-0.0145877249385,0.031601798760565084,1.5692173481514984,0.0015789779872870198,APO,5
2455913.54427975,2011.96176515,0.0234152428959,0.031601798760565084,1.5684482722910233,0.002348052346262254,APO,5
2455913.5477509,2011.96177466,-0.0272276051189,0.031601798760565084,1.5676651489344477,0.003131172743963349,APO,5
2455913.550065,2011.961781,0.0622148864125,0.031601798760565084,1.5671430390846575,0.0036532795838037533,APO,5
2455913.5521455,2011.9617867,0.0385378949498,0.031601798760565084,1.566673615453215,0.004122699662909991,APO,5
2455913.5551531,2011.96179494,0.0602774970387,0.031601798760565084,1.5659949786299467,0.004801329717435916,APO,5
2455913.5582775,2011.9618035,-0.00427290274157,0.031601798760565084,1.5652899473679556,0.005506351601215774,APO,5
2455913.56353715,2011.96181791,0.0933810822819,0.031601798760565084,1.5641029988461037,0.006693277971343304,APO,5
2455924.01847305,2011.99046157,0.0545291058873,0.031601798760565084,0.8326961437857423,0.6728837405021497,APO,5
2455924.0263388,2011.99048312,0.0686831824635,0.031601798760565084,0.8343278538099124,0.6716757906359188,APO,5
2455924.0299231,2011.99049294,0.11108711885,0.031601798760565084,0.8350712618331608,0.6711248548073419,APO,5
2455924.03339425,2011.99050245,0.0264079921101,0.031601798760565084,0.8357911200866835,0.6705910181250905,APO,5
2455924.0358799,2011.99050926,-0.103414023652,0.031601798760565084,0.8363065528308207,0.6702085670025123,APO,5
2455931.323345921,2012.0104463,-0.0544114954616,0.031601798760565084,2.2447240247941704,-0.6240598039991503,APO,5
2455931.330475601,2012.01046578,-0.0282213337566,0.031601798760565084,2.2460883075886904,-0.6251252415226551,APO,5
2455931.3338391413,2012.01047497,-0.0515979178096,0.031601798760565084,2.2467319764686913,-0.6256275112951449,APO,5
2455931.3387106014,2012.01048828,-0.0668285734798,0.031601798760565084,2.2476642637928133,-0.6263545370862084,APO,5
2455934.330317836,2012.01866207,0.0702475659703,0.031601798760565084,2.8345968740418885,-0.9532457343376916,APO,5
2455934.333794836,2012.01867157,0.0684100739812,0.031601798760565084,2.8352945287479927,-0.953456330969606,APO,5
2455934.3400570964,2012.01868868,0.0921742074345,0.031601798760565084,2.8365510650857506,-0.953834462998911,APO,5
2455934.3495694366,2012.01871467,0.0487044207905,0.031601798760565084,2.8384597910808247,-0.9544059782363926,APO,5
2455953.087386549,2012.06991089,0.00443617032515,0.031601798760565084,0.69112487375201,0.7705295032351148,APO,5
2455953.0944027696,2012.06993006,0.0185127608632,0.031601798760565084,0.6925238875180489,0.7696370120333256,APO,5
2455953.10432137,2012.06995716,0.017703687415,0.031601798760565084,0.6945012498363182,0.7683729985942727,APO,5
2455953.11255637,2012.06997966,0.105475222335,0.031601798760565084,0.6961426354280839,0.7673214734690175,APO,5
2455954.090138741,2012.07265065,0.0317741982792,0.031601798760565084,0.8888795279486302,0.6302823184665042,APO,5
2455954.097209861,2012.07266997,0.0324666850422,0.031601798760565084,0.8902589646748224,0.6292107713384985,APO,5
2455954.1032415414,2012.07268645,0.0478059403752,0.031601798760565084,0.8914354691087173,0.6282959159937967,APO,5
2455958.0958002475,2012.08359508,0.0599542014454,0.031601798760565084,1.650235275517157,-0.07935542454982403,APO,5
2455958.1011914276,2012.08360981,0.0402595155095,0.031601798760565084,1.6512520691673336,-0.08036897042874117,APO,5
2455958.104902668,2012.08361995,0.0229326836918,0.031601798760565084,1.6519520411556297,-0.08106665838944528,APO,5
2455958.108149088,2012.08362882,0.0442769877766,0.031601798760565084,1.6525643576541806,-0.08167694432436272,APO,5
2455958.111746868,2012.08363865,0.0287813298558,0.031601798760565084,1.653242960099412,-0.08235326060354745,APO,5
2455958.1148212682,2012.08364705,0.0499527804707,0.031601798760565084,1.6538228566707847,-0.0829311735036225,APO,5
2455958.1186459684,2012.0836575,-0.0126639254238,0.031601798760565084,1.654544291743952,-0.08365010178902636,APO,5
2455958.1218374884,2012.08366622,-0.0330825693752,0.031601798760565084,1.655146306787942,-0.08424999168913734,APO,5
2455958.1252559284,2012.08367556,0.0226452700947,0.031601798760565084,1.6557911395797396,-0.08489251431365195,APO,5
2455958.1286780285,2012.08368491,0.0173588149403,0.031601798760565084,1.6564366772728831,-0.0855357039570468,APO,5
2455958.1322172484,2012.08369458,-0.00497731043352,0.031601798760565084,1.65710432351561,-0.0862008842337786,APO,5
2455967.3527311003,2012.10888724,0.0483985297536,0.031601798760565084,2.689093282556128,-0.8993571507479127,APO,5
2455967.367404041,2012.10892733,0.0256065480565,0.031601798760565084,2.685757067512001,-0.8978935060454165,APO,5
2455985.177857644,2012.15758977,-0.0524543173458,0.031601798760565084,1.1211679843786706,0.43463084608380287,APO,5
2455985.1867880444,2012.15761417,-0.0710366614009,0.031601798760565084,1.1228451229190177,0.4331197899707348,APO,5
2455985.1908469843,2012.15762526,-0.0482511170055,0.031601798760565084,1.123607394336607,0.43243260125283495,APO,5
2455985.1950816046,2012.15763683,-0.117879355683,0.031601798760565084,1.124402657630775,0.4317154025031996,APO,5
2455985.1985622644,2012.15764634,-0.0646633751537,0.031601798760565084,1.12505632612352,0.43112569487875746,APO,5
2455985.2022149446,2012.15765632,-0.0616151936199,0.031601798760565084,1.125742299435216,0.43050664534371236,APO,5
2455990.1913733827,2012.1712879,0.0426123492573,0.031601798760565084,2.090361431264743,-0.4965026801849167,APO,5
2455990.1988544227,2012.17130834,-0.0576878435756,0.031601798760565084,2.0918915357838754,-0.49783028302057897,APO,5
2455990.207202883,2012.17133115,-0.0566067345287,0.031601798760565084,2.093599479352383,-0.49931081205351713,APO,5
2455990.210800663,2012.17134098,0.0321656815861,0.031601798760565084,2.0943356581495047,-0.49994851889148084,APO,5
2455990.216367523,2012.17135619,-0.0207637198116,0.031601798760565084,2.0954749148466836,-0.500934853335609,APO,5
2455990.218512283,2012.17136205,0.00144604371534,0.031601798760565084,2.0959138927628294,-0.5013147338565136,APO,5
2455993.4469434856,2012.1801829,-0.0246947653438,0.031601798760565084,2.7897817403476437,-0.9387502147143532,APO,5
2456002.674996937,2012.20539616,0.0874079816197,0.031601798760565084,1.325319300010751,0.2430190786619345,APO,5
2456002.6797549375,2012.20540916,0.0254871003483,0.031601798760565084,1.3242852673063716,0.24402198252631258,APO,5
2456002.6832319377,2012.20541866,0.0653561704014,0.031601798760565084,1.3235296984959908,0.24475464054141255,APO,5
2456002.687177418,2012.20542944,0.0808024756764,0.031601798760565084,1.3226723987851037,0.24558577547842952,APO,5
2456002.6903652777,2012.20543815,0.0240496747349,0.031601798760565084,1.3219797756688523,0.24625712795680635,APO,5
2456002.692974858,2012.20544528,-0.0607171900417,0.031601798760565084,1.3214128319795795,0.246806572744395,APO,5
2456002.696107818,2012.20545384,0.049345647559,0.031601798760565084,1.3207322258314729,0.24746606696590207,APO,5
2456014.2581104035,2012.23704401,0.0612070910786,0.031601798760565084,0.9806537297011242,0.5564795069818158,APO,5
2456014.260544304,2012.23705066,0.000829493269787,0.031601798760565084,0.9811128756540061,0.5560979617186481,APO,5
2456014.2627476235,2012.23705668,-0.0386459477092,0.031601798760565084,0.9815285306601712,0.5557524558512725,APO,5
2456014.2653023037,2012.23706366,0.035623108611,0.031601798760565084,0.9820104782049169,0.5553517252799419,APO,5
2456014.2674470637,2012.23706952,0.0602708213185,0.031601798760565084,0.98241510027651,0.5550151898123942,APO,5
2456014.269650384,2012.23707554,0.0223129145955,0.031601798760565084,0.9828307768620199,0.5546693653734329,APO,5
2456014.272084284,2012.23708219,0.0389932744359,0.031601798760565084,0.9832899625038647,0.5542872319243096,APO,5
2456014.275217244,2012.23709075,0.0520650498723,0.031601798760565084,0.9838810468430286,0.5537951605822656,APO,5
2456014.2777097044,2012.23709756,0.076030647025,0.031601798760565084,0.9843513004275566,0.5534035413338393,APO,5
2456014.2802021643,2012.23710437,0.051803504691,0.031601798760565084,0.9848215627859656,0.5530117923964584,APO,5
2456018.2634242103,2012.24798749,-0.0277287609722,0.031601798760565084,1.7607983503330435,-0.18886088209914412,APO,5
2456018.2655689702,2012.24799335,0.00585941003309,0.031601798760565084,1.7612368924782325,-0.18929151400080996,APO,5
2456018.2679479704,2012.24799985,0.00357035325514,0.031601798760565084,1.7617233655382232,-0.18976916966543173,APO,5
2456018.2703233105,2012.24800634,-0.0134598858501,0.031601798760565084,1.7622091274103957,-0.19024608222108924,APO,5
2456018.2726437505,2012.24801268,-0.0448888189937,0.031601798760565084,1.7626836980654068,-0.19071196408334748,APO,5
2456018.2749641906,2012.24801902,0.0150950305318,0.031601798760565084,1.7631583042729706,-0.19117783789077242,APO,5
2456018.2775152107,2012.24802599,0.0312654130314,0.031601798760565084,1.763680112730594,-0.19168999575778428,APO,5
2456018.281167891,2012.24803597,0.0538642756795,0.031601798760565084,1.764427339467605,-0.19242331198339316,APO,5
2456018.283257751,2012.24804168,0.0544278972005,0.031601798760565084,1.7648549006142227,-0.19284286527223377,APO,5
2456018.284879131,2012.24804611,0.0436113231038,0.031601798760565084,1.7651866360920776,-0.19316836334261825,APO,5
2456018.286734751,2012.24805118,-0.000390613808765,0.031601798760565084,1.765566318625923,-0.19354088086077367,APO,5
2456018.288418351,2012.24805578,0.117477094397,0.031601798760565084,1.7659108235027705,-0.19387886042051647,APO,5
2456023.4528761543,2012.26216632,0.0302847974156,0.031601798760565084,2.9180801295882812,-0.9751248938982083,APO,5
2456023.4558919943,2012.26217456,0.00338903592573,0.031601798760565084,2.9187799209881113,-0.9752797681779243,APO,5
2456023.4582709945,2012.26218106,-0.0591803438808,0.031601798760565084,2.919331815401944,-0.9754015737905017,APO,5
2456023.462853315,2012.26219358,0.0891301982258,0.031601798760565084,2.9203945326624527,-0.975635283467518,APO,5
2456023.467201395,2012.26220546,-0.0154345877315,0.031601798760565084,2.921402534747617,-0.9758559421305951,APO,5
2456023.469752415,2012.26221243,0.0668410413121,0.031601798760565084,2.921993749968511,-0.9759849019394424,APO,5
2456023.472244875,2012.26221924,-0.101603592172,0.031601798760565084,2.9225712633284284,-0.9761105436336804,APO,5
2456024.521098428,2012.26508496,0.105243479476,0.031601798760565084,3.0584567273961705,-0.9965461988448252,APO,5
2456024.523301748,2012.26509098,-0.0995137341167,0.031601798760565084,3.0581351273503747,-0.9965194415808927,APO,5
2456024.5266067283,2012.26510001,-0.0968548901225,0.031601798760565084,3.057648414521028,-0.9964787508388648,APO,5
2456029.708405612,2012.27925793,-0.000656793060673,0.031601798760565084,1.8451037651659823,-0.27088033312421617,APO,5
2456029.7108395123,2012.27926458,0.0213211083981,0.031601798760565084,1.8445563310214153,-0.27035332532075396,APO,5
2456029.7130428324,2012.2792706,-0.0167842602161,0.031601798760565084,1.844060795203937,-0.26987620950113766,APO,5
2456029.715421832,2012.2792771,-0.0415808653263,0.031601798760565084,1.8435257868702086,-0.2693610140383117,APO,5
2456029.7198284725,2012.27928914,-0.0113079046635,0.031601798760565084,1.8425348923574407,-0.2684066116228505,APO,5
2456029.7222074727,2012.27929564,0.0124644542309,0.031601798760565084,1.841999998071271,-0.26789130653016846,APO,5
2456029.724410793,2012.27930166,-0.00553769821204,0.031601798760565084,1.841504639370656,-0.2674140207673239,APO,5
2456029.726731233,2012.279308,-0.0314852690128,0.031601798760565084,1.8409829864534162,-0.2669113291874878,APO,5
2456029.728352613,2012.27931243,-0.00446207279242,0.031601798760565084,1.840618510250241,-0.2665600580622491,APO,5
2456032.719436467,2012.28748479,-0.0229713415531,0.031601798760565084,1.1979195256071504,0.36429605231971307,APO,5
2456032.7231477075,2012.28749493,-0.0436975454716,0.031601798760565084,1.1971551028921363,0.3650078398407562,APO,5
2456032.7256987276,2012.2875019,-0.02540654892,0.031601798760565084,1.1966296972567976,0.36549694441984515,APO,5
2456032.7281362875,2012.28750856,-0.0686929916767,0.031601798760565084,1.1961276907617686,0.3659641722861464,APO,5
2456032.7309178878,2012.28751616,-0.0351414179233,0.031601798760565084,1.1955548673936758,0.36649719821975457,APO,5
2456042.316359371,2012.31370589,0.00190096145593,0.031601798760565084,0.6637327685385718,0.7876981098205572,APO,5
2456042.319722911,2012.31371508,0.00649791007959,0.031601798760565084,0.6643720207717893,0.787304130257466,APO,5
2456042.323317031,2012.3137249,0.0433631444546,0.031601798760565084,0.6650551168213137,0.7868827735952143,APO,5
2456042.326739131,2012.31373425,0.00924937969171,0.031601798760565084,0.665705539335485,0.7864812298161136,APO,5
2456042.3303332515,2012.31374407,0.0267855430218,0.031601798760565084,0.6663886784747453,0.7860591299125526,APO,5
2456042.333059951,2012.31375152,-0.0226195549396,0.031601798760565084,0.6669069605384691,0.7857386476151776,APO,5
2456042.3388024913,2012.31376721,0.0243106389614,0.031601798760565084,0.6679985251819075,0.7850629829108282,APO,5
2456046.3268923378,2012.32466363,0.0358793044659,0.031601798760565084,1.4492585771681858,0.12123875625627216,APO,5
2456046.329212778,2012.32466997,-0.00712210887946,0.031601798760565084,1.4497333462517554,0.12076747572009304,APO,5
2456046.331588118,2012.32467646,0.0190846229168,0.031601798760565084,1.4502193812329998,0.12028498386933859,APO,5
2456046.3340256778,2012.32468312,0.0672692561718,0.031601798760565084,1.4507181823550082,0.11978978939809114,APO,5
2456046.336404678,2012.32468962,0.0622162128063,0.031601798760565084,1.4512050344429324,0.11930642881922705,APO,5
2456046.338780018,2012.32469611,0.0285814309689,0.031601798760565084,1.4516911711469203,0.11882375027749315,APO,5
2456046.340924778,2012.32470197,-0.00402230972327,0.031601798760565084,1.4521301462564247,0.11838787371305093,APO,5
2456046.343245218,2012.32470831,0.0308049226376,0.031601798760565084,1.4526051092702912,0.1179162375753663,APO,5
2456046.3457376785,2012.32471512,0.0626724267574,0.031601798760565084,1.4531153183404042,0.11740957263027309,APO,5
2456046.348116678,2012.32472162,0.0695850158306,0.031601798760565084,1.4536023364803639,0.11692590900857439,APO,5
2456046.3503199983,2012.32472764,0.0548143888088,0.031601798760565084,1.454053420432789,0.11647790732248772,APO,5
2456049.3300944525,2012.3328691,0.0202081704708,0.031601798760565084,2.09521591582804,-0.5007106767728586,APO,5
2456049.3320671925,2012.33287449,-0.0327891802219,0.031601798760565084,2.095663259215458,-0.5010978536743111,APO,5
2456049.335083033,2012.33288273,-0.0109275078205,0.031601798760565084,2.0963472001191557,-0.5016896124765684,APO,5
2456049.3375169327,2012.33288938,0.0633154416653,0.031601798760565084,2.0968992210912116,-0.5021670604883406,APO,5
2456049.342677533,2012.33290348,0.0471923852535,0.031601798760565084,2.0980698319910913,-0.5031790261158656,APO,5
2456049.345810493,2012.33291204,0.0128616595837,0.031601798760565084,2.0987806068597714,-0.5037931379476928,APO,5
2456049.348189493,2012.33291854,-0.0333369469074,0.031601798760565084,2.0993203844425516,-0.504259337541633,APO,5
2456049.3506233934,2012.33292519,0.0438093448254,0.031601798760565084,2.09987266632957,-0.5047361848903967,APO,5
2456049.3549714736,2012.33293707,0.0336686874004,0.031601798760565084,2.100859419698812,-0.5055877772022164,APO,5
2456052.543043854,2012.34164765,0.0174847150417,0.031601798760565084,2.861136294572483,-0.9609292208465334,APO,5
2456052.5456534345,2012.34165478,-0.0519216751484,0.031601798760565084,2.861779954976748,-0.9611071832489553,APO,5
2456052.5498880544,2012.34166635,0.00404482131921,0.031601798760565084,2.862824448543838,-0.9613951226044538,APO,5
2456052.5521499347,2012.34167253,0.0361768508526,0.031601798760565084,2.863382360578137,-0.9615484945278081,APO,5
2456052.5551657747,2012.34168077,-0.0394664501575,0.031601798760565084,2.8641262495703277,-0.9617525265641286,APO,5
2456052.572503195,2012.34172814,-0.00170571559943,0.031601798760565084,2.868402837253721,-0.9629151703689355,APO,5
2456052.5754604754,2012.34173622,0.029894402084,0.031601798760565084,2.869132323322049,-0.9631117326413314,APO,5
2456062.747405997,2012.36952842,0.0365765596005,0.031601798760565084,1.0988743702342596,0.4545990033829445,APO,5
2456062.751175797,2012.36953872,-0.0170911049274,0.031601798760565084,1.098134439592385,0.4552579322984794,APO,5
2456062.754769917,2012.36954854,0.051800777969,0.031601798760565084,1.0974290401661053,0.45588587813101467,APO,5
2456062.7603953374,2012.36956391,0.0459409261318,0.031601798760565084,1.096325063803315,0.45686818130021223,APO,5
2456062.7634697375,2012.36957231,0.0136325860592,0.031601798760565084,1.0957217689220633,0.4574047496814005,APO,5
2456062.770775098,2012.36959227,0.0243474746319,0.031601798760565084,1.0942883651260824,0.45867894602536863,APO,5
2456072.394141502,2012.39588562,0.0528272891613,0.031601798760565084,0.754370572460632,0.728702738451725,APO,5
2456072.3973879223,2012.39589449,0.0286007428738,0.031601798760565084,0.7550135480476267,0.7282622587923298,APO,5
2456072.400868582,2012.395904,0.0573629642101,0.031601798760565084,0.7557029540543974,0.72778963683865,APO,5
2456072.4036501823,2012.3959116,0.0814625526043,0.031601798760565084,0.7562539270224203,0.7274116688854773,APO,5
2456072.4062012024,2012.39591857,-0.0079875683216,0.031601798760565084,0.7567592491187332,0.7270648233337179,APO,5
2456072.4089279026,2012.39592602,0.0319351459118,0.031601798760565084,0.7572993942064921,0.7266938705139568,APO,5
2456072.4107835223,2012.39593109,-0.00952262634314,0.031601798760565084,0.7576669965078398,0.7264412928141633,APO,5
2456072.4131625225,2012.39593759,0.0312046313854,0.031601798760565084,0.7581382978681575,0.7261173204062334,APO,5
2456072.415654983,2012.3959444,0.0895212197872,0.031601798760565084,0.7586320963185949,0.7257777104858371,APO,5
2456078.4126676526,2012.41232968,0.0498817468258,0.031601798760565084,2.0353006881010582,-0.4479797338312116,APO,5
2456078.4158555125,2012.41233839,0.0781147981259,0.031601798760565084,2.0360402015723187,-0.4486407686438889,APO,5
2456078.4192776126,2012.41234774,-0.0335393642811,0.031601798760565084,2.0368341325478467,-0.4493501729572187,APO,5
2456078.4232779928,2012.41235867,0.012868812141,0.031601798760565084,2.037762328711056,-0.4501791886108582,APO,5
2456078.427223473,2012.41236945,-0.0368648266224,0.031601798760565084,2.0386778959074476,-0.4509965447720697,APO,5
2456081.5936066927,2012.42102077,-0.0236513113407,0.031601798760565084,2.8024831350206894,-0.9430512557700793,APO,5
2456089.7720562913,2012.44336626,0.0373440290066,0.031601798760565084,1.6057191675783244,-0.03491574253887066,APO,5
2456092.813066208,2012.45167503,0.0932953858944,0.031601798760565084,1.0137226446165615,0.5287045893672728,APO,5
2456092.816488308,2012.45168438,0.0407188439938,0.031601798760565084,1.013071180165191,0.5292574440059463,APO,5
2456092.823969348,2012.45170482,0.114395906982,0.031601798760565084,1.0116470775792397,0.5304652028274627,APO,5
2456104.465650136,2012.48351269,0.0755787396999,0.031601798760565084,1.3090033938021384,0.25881281023293207,APO,5
2456104.4697090765,2012.48352378,0.0935383344265,0.031601798760565084,1.3098909121534703,0.2579554300339533,APO,5
2456105.467355568,2012.48624959,-0.0411545729069,0.031601798760565084,1.5305505396014858,0.0402349235661287,APO,5
2456105.497916569,2012.48633309,-0.0435689186481,0.031601798760565084,1.5373905340538792,0.03339957990538519,APO,5
2456110.686544419,2012.5005097,-0.00687546485938,0.031601798760565084,2.7568698704720314,-0.9269025083929777,APO,5
2456110.689677379,2012.50051826,-0.0157843326954,0.031601798760565084,2.757620471453589,-0.9271839494555623,APO,5
2456110.692923799,2012.50052713,-0.0174630379108,0.031601798760565084,2.75839821604279,-0.9274750170740583,APO,5
2456149.93694198,2012.60775122,-0.01086885685,0.031601798760565084,1.448121515526073,0.12236735160214306,APO,5
2456149.94111804,2012.60776263,0.0027990842434,0.031601798760565084,1.4473312830027734,0.12315160714206723,APO,5
2456149.9448292805,2012.60777277,-0.0494952892689,0.031601798760565084,1.446629007460262,0.12384850644492598,APO,5
2456149.9485990806,2012.60778307,0.0030478740307,0.031601798760565084,1.4459156501415344,0.12455634015176535,APO,5
2456149.9515563603,2012.60779115,-0.0258733724979,0.031601798760565084,1.4453560451682814,0.1251115676899975,APO,5
2456149.954802781,2012.60780002,-0.0611348843006,0.031601798760565084,1.4447417257010176,0.12572103660589007,APO,5
2456149.9573538005,2012.60780699,0.0132960582348,0.031601798760565084,1.4442589963965604,0.12619992109223885,APO,5
2456149.959674241,2012.60781333,0.026659658012,0.031601798760565084,1.4438198992509865,0.12663549540079444,APO,5
2456149.962283821,2012.60782046,-0.0573942160038,0.031601798760565084,1.4433260878525838,0.12712531582119369,APO,5
2456149.9641980007,2012.60782569,-0.0242961143879,0.031601798760565084,1.4429638668691747,0.12748458963649786,APO,5
2456150.936733232,2012.61048289,-0.0120962356953,0.031601798760565084,1.2586862021786072,0.30706749830514807,APO,5
2456150.9402138917,2012.6104924,-0.0486694073109,0.031601798760565084,1.2580250501272996,0.3076966414467949,APO,5
2456150.9439836917,2012.6105027,-0.0511760210422,0.031601798760565084,1.2573089567561966,0.3083779142485806,APO,5
2456150.948390332,2012.61051474,0.00842063671075,0.031601798760565084,1.2564718670052524,0.30917409939755913,APO,5
2456150.951984452,2012.61052456,0.00940816646539,0.031601798760565084,1.2557891042053009,0.3098233384315559,APO,5
2456150.955406552,2012.61053391,-0.00826163047828,0.031601798760565084,1.2551390025208078,0.3104413857901676,APO,5
2456150.958250372,2012.61054168,-0.0563104843525,0.031601798760565084,1.2545987450006648,0.310954905219136,APO,5
2456150.9604536924,2012.6105477,-0.0369538759617,0.031601798760565084,1.254180159192063,0.3113527122432724,APO,5
2456150.9628875926,2012.61055435,0.00618641620599,0.031601798760565084,1.2537177598547842,0.31179209445293804,APO,5
2456150.9651494725,2012.61056053,-0.00322837585486,0.031601798760565084,1.2532880338822705,0.31220036993561273,APO,5
2456150.9669465325,2012.61056544,-0.0284438824085,0.031601798760565084,1.2529466120626458,0.312524708019297,APO,5
2456164.5632686825,2012.64771386,0.0148439908596,0.031601798760565084,1.6817283506228413,-0.11070464378981243,APO,5
2456164.566807903,2012.64772353,-0.0276619886783,0.031601798760565084,1.6825395438171253,-0.11151081435151952,APO,5
2456164.569476043,2012.64773082,-0.0154224132923,0.031601798760565084,1.6831510778000796,-0.1121185134428834,APO,5
2456164.577304783,2012.64775221,0.0327597165676,0.031601798760565084,1.6849453811674269,-0.11390132200309674,APO,5
2456164.5802035034,2012.64776013,3.55744930382e-05,0.031601798760565084,1.6856097391807368,-0.1145613312345659,APO,5
2456164.582465383,2012.64776631,-0.0272737240223,0.031601798760565084,1.6861281349078854,-0.11507629851984028,APO,5
2456164.5848407233,2012.6477728,-0.0438819622425,0.031601798760565084,1.6866725299070067,-0.11561705983651616,APO,5
2456164.5871026036,2012.64777898,0.0171995664211,0.031601798760565084,1.6871909172539197,-0.11613195524844741,APO,5
2456164.5893059233,2012.647785,-0.0154954885868,0.031601798760565084,1.6876958794367203,-0.11663348592557876,APO,5
2456164.5918020434,2012.64779182,0.0295700336071,0.031601798760565084,1.6882679415575743,-0.11720162462122848,APO,5
2456164.5944665237,2012.6477991,-0.0361120199589,0.031601798760565084,1.6888785829881803,-0.1178080357080993,APO,5
2456164.5967284036,2012.64780528,-0.03885526413,0.031601798760565084,1.689396952525273,-0.11832277966958438,APO,5
2456167.577201918,2012.65594865,0.000579764899838,0.031601798760565084,2.366042462964942,-0.7140359487195467,APO,5
2456167.579924958,2012.65595609,-0.00149459594764,0.031601798760565084,2.366651698425322,-0.7144623474311527,APO,5
2456167.5829407983,2012.65596433,-0.0838747715382,0.031601798760565084,2.367326415451023,-0.7149342666551938,APO,5
2456167.5868862784,2012.65597511,-0.0320910906223,0.031601798760565084,2.3682090715099022,-0.7155511338446836,APO,5
2456167.5900741383,2012.65598382,0.0403875613781,0.031601798760565084,2.3689222014097306,-0.7160491161328589,APO,5
2456167.5943636587,2012.65599554,0.00125282054864,0.031601798760565084,2.3698817231508493,-0.7167185804590578,APO,5
2456167.5980199985,2012.65600553,-0.0437403416065,0.031601798760565084,2.3706995620951745,-0.7172886709256551,APO,5
2456167.601207859,2012.65601424,0.00932519679986,0.031601798760565084,2.3714125777875057,-0.7177853008600741,APO,5
2456167.762881044,2012.65645597,0.0428109670254,0.031601798760565084,2.407529303753542,-0.742458533470569,APO,5
2456167.766072564,2012.65646469,0.0162636542889,0.031601798760565084,2.4082413771571054,-0.7429353574937604,APO,5
2456167.769491004,2012.65647403,0.0370339656445,0.031601798760565084,2.4090040404137354,-0.7434456400739619,APO,5
2456167.774421024,2012.6564875,0.0274577642056,0.031601798760565084,2.4101038697846846,-0.7441807521680296,APO,5
2456167.7812652243,2012.6565062,0.00803725963556,0.031601798760565084,2.411630589675641,-0.7451997002323795,APO,5
2456167.7851484846,2012.65651681,0.0253786349865,0.031601798760565084,2.412496746797969,-0.7457770100234876,APO,5
2456171.8057720717,2012.66750212,-0.0130183195499,0.031601798760565084,2.967458246385085,-0.9848768767320232,APO,5
2456171.8087879117,2012.66751036,0.0134910846325,0.031601798760565084,2.966910572929647,-0.9847818414836801,APO,5
2456171.816268952,2012.6675308,0.024949839172,0.031601798760565084,2.9655497917398117,-0.9845444327284159,APO,5
2456171.823402292,2012.66755029,-0.0264189934162,0.031601798760565084,2.964249352208431,-0.9843158478432962,APO,5
2456171.8263595724,2012.66755837,0.0153664851757,0.031601798760565084,2.963709412062057,-0.9842204507345754,APO,5
2456171.830242832,2012.66756898,0.100074102935,0.031601798760565084,2.9629996926532702,-0.984094620421826,APO,5
2456171.8326803925,2012.66757564,0.0453150773617,0.031601798760565084,2.9625537850352672,-0.9840153092899111,APO,5
2456203.8685845453,2012.75510543,-0.00379688495673,0.031601798760565084,2.510442678126146,-0.807349472159977,APO,5
2456203.8739171657,2012.75512,0.00572579151117,0.031601798760565084,2.5094291242789324,-0.8067509862236875,APO,5
2456203.884242026,2012.75514821,-0.0014973377613,0.031601798760565084,2.5074668229818053,-0.8055899264278451,APO,5
2456203.889633206,2012.75516294,-0.0104368423847,0.031601798760565084,2.5064422554146693,-0.804982474552911,APO,5
2456203.9002435463,2012.75519193,-0.00166733020819,0.031601798760565084,2.504425928618143,-0.8037845551629905,APO,5
2456204.8380453764,2012.75775423,0.00162570720636,0.031601798760565084,2.3267695158065043,-0.6859970898915269,APO,5
2456204.8447724567,2012.75777261,-0.0136098360447,0.031601798760565084,2.3254985788020175,-0.6850717968936602,APO,5
2456204.8472100166,2012.75777927,0.0170150304409,0.031601798760565084,2.325038064015208,-0.6847362504980568,APO,5
2456204.8495267965,2012.7577856,-0.0198351835636,0.031601798760565084,2.324600372277764,-0.6844171991367121,APO,5
2456204.8520229165,2012.75779242,-0.00858802551307,0.031601798760565084,2.3241288043375383,-0.6840733072996595,APO,5
2456204.859156257,2012.75781191,-0.0018555616764,0.031601798760565084,2.3227812004477095,-0.6830897262939502,APO,5
2456212.104152106,2012.77760698,0.000592043456661,0.031601798760565084,0.9007805140319555,0.6209983813451131,APO,5
2456212.107457086,2012.77761601,0.0245384479138,0.031601798760565084,0.9000703068873833,0.6215548934575631,APO,5
2456212.111574586,2012.77762726,-0.0329426025776,0.031601798760565084,0.8991853809535622,0.62224787496878,APO,5
2456212.1151687065,2012.77763708,-0.0350546335606,0.031601798760565084,0.8984128333544119,0.6228524551441929,APO,5
2456212.1220129067,2012.77765578,-0.00473518127478,0.031601798760565084,0.8969414169589937,0.6240029273798118,APO,5
2456225.8752539014,2012.81523294,0.0242523456188,0.031601798760565084,2.2564802356710754,-0.6332024955747914,APO,5
2456225.8843563218,2012.81525781,-0.027433345261,0.031601798760565084,2.2583457946000087,-0.6346453096872918,APO,5
2456225.888473822,2012.81526906,0.0265185142132,0.031601798760565084,2.2591895762660315,-0.6352971611556223,APO,5
2456225.895841402,2012.81528919,-0.00822288745917,0.031601798760565084,2.2606992151600376,-0.6364622822592049,APO,5
2456225.8987986823,2012.81529727,0.00626414066278,0.031601798760565084,2.2613051100953827,-0.6369294969108876,APO,5
2456225.9009434422,2012.81530313,0.0156645083996,0.031601798760565084,2.2617445121855853,-0.6372681801753205,APO,5
2456225.9051195025,2012.81531454,-0.0439197515873,0.031601798760565084,2.2626000193418263,-0.6379272367317013,APO,5
2456226.8773655933,2012.81797095,0.0208367610546,0.031601798760565084,2.4599797022675585,-0.7765574951801637,APO,5
2456226.911403594,2012.81806395,0.0270118022534,0.031601798760565084,2.466828089180518,-0.7808540525627331,APO,5
2456231.928747693,2012.83177254,0.00841515308343,0.031601798760565084,2.836778479876184,-0.9539027384641441,APO,5
2456231.935822473,2012.83179187,0.0267543101879,0.031601798760565084,2.83544119690136,-0.9535005457289332,APO,5
2456231.9394165934,2012.83180169,-0.0116625522999,0.031601798760565084,2.83476183273646,-0.9532955712658402,APO,5
2456231.9433035133,2012.83181231,0.000641872939693,0.031601798760565084,2.8340271239053996,-0.9530734032766348,APO,5
2456231.9507259936,2012.83183259,-0.00461311096228,0.031601798760565084,2.8326241224949102,-0.9526477217204676,APO,5
2456231.9539724137,2012.83184146,0.00531559234582,0.031601798760565084,2.8320104832830006,-0.9524609493084971,APO,5
2456233.9293732964,2012.83723873,-0.00942237133063,0.031601798760565084,2.4591172580230136,-0.7760138265569069,APO,5
2456233.9391747764,2012.83726551,0.0461060309979,0.031601798760565084,2.45726758427942,-0.7748458811053867,APO,5
2456233.9438705565,2012.83727834,-0.0176826214222,0.031601798760565084,2.456381413969783,-0.7742853842082573,APO,5
2456233.9465972567,2012.83728579,0.0158057714077,0.031601798760565084,2.4558668375004835,-0.7739596388957758,APO,5
2456233.957500397,2012.83731558,-0.012234041634,0.031601798760565084,2.4538091950372265,-0.7726550303023696,APO,5
2456233.962485317,2012.8373292,-0.0309369062809,0.031601798760565084,2.452868425378608,-0.7720574633189528,APO,5
2456233.9669505176,2012.8373414,-0.0214937424091,0.031601798760565084,2.452025730815598,-0.7715216124196249,APO,5
2456235.9426442,2012.84273947,0.0027546191784,0.031601798760565084,2.077195054342499,-0.4850310973014072,APO,5
2456235.95221144,2012.84276561,0.0343438888165,0.031601798760565084,2.0753637211023115,-0.48342878960440683,APO,5
2456235.9547039,2012.84277242,0.00835626369439,0.031601798760565084,2.0748865844715962,-0.4830110569670999,APO,5
2456235.9571414604,2012.84277908,-0.0148806070713,0.031601798760565084,2.0744199424692837,-0.4826024060050008,APO,5
2456235.9595168005,2012.84278557,-0.0519105886845,0.031601798760565084,2.073965197593458,-0.48220407257184744,APO,5
2456235.9622435006,2012.84279302,-0.0113536810306,0.031601798760565084,2.073443169594057,-0.4817466796034374,APO,5
2456235.969435401,2012.84281267,-0.0196670984653,0.031601798760565084,2.072066188072529,-0.4805395598697527,APO,5
2456256.684047856,2012.89940997,-0.00250406021155,0.031601798760565084,2.489859427357205,-0.7950336783735106,APO,5
2456256.692396316,2012.89943278,-0.0344850515751,0.031601798760565084,2.491467258773204,-0.7960079050521499,APO,5
2456256.696572376,2012.89944419,0.0108498836132,0.031601798760565084,2.4922714706303664,-0.7964944259476984,APO,5
2456256.7002836163,2012.89945433,-0.0065659975437,0.031601798760565084,2.49298613770134,-0.796926343000221,APO,5
2456256.7146088565,2012.89949347,0.000224282798397,0.031601798760565084,2.495744447711233,-0.7985895394969388,APO,5
2456259.9898368204,2012.90844218,0.055485537109,0.031601798760565084,3.1136237808344376,-0.9996088965747048,APO,5
2456260.004798901,2012.90848306,-0.000854203644169,0.031601798760565084,3.115808282137056,-0.9996676015108187,APO,5
2456260.008279561,2012.90849257,0.0331370139691,0.031601798760565084,3.116298117128339,-0.9996801102689618,APO,5
2456260.011525981,2012.90850144,0.0272527242275,0.031601798760565084,3.116747968787106,-0.9996913866935295,APO,5
2456260.015178661,2012.90851142,0.0346141362759,0.031601798760565084,3.1172455382691244,-0.9997036236287637,APO,5
2456279.7351019047,2012.96239099,-0.00746555084266,0.031601798760565084,1.1540455650310502,0.4047914623085169,APO,5
2456279.738699685,2012.96240082,-0.0281645750431,0.031601798760565084,1.1548272913454243,0.4040765210981458,APO,5
2456279.742293805,2012.96241064,0.007753779945,0.031601798760565084,1.1556081166979106,0.4033621573749369,APO,5
2456279.746583325,2012.96242236,-0.00169868225135,0.031601798760565084,1.156539879983039,0.4025093813346266,APO,5
2456279.750063985,2012.96243187,-0.0323544239429,0.031601798760565084,1.1572958334097792,0.40181725463365914,APO,5
2456279.7535446454,2012.96244138,0.00390391593896,0.031601798760565084,1.1580516878390708,0.4011249889919452,APO,5
2456279.7572558853,2012.96245152,0.0766342187496,0.031601798760565084,1.1588575055370884,0.40038671102611784,APO,5
2456279.7618345455,2012.96246403,0.00370984321557,0.031601798760565084,1.159851510322846,0.39947566080085284,APO,5
2456279.765315206,2012.96247354,-0.00264484638251,0.031601798760565084,1.1606070301551212,0.39878292873168586,APO,5
2456280.7422021767,2012.96514263,-0.0283886885075,0.031601798760565084,1.3688567802348661,0.20056984068182415,APO,5
2456280.744577517,2012.96514912,0.000962784347164,0.031601798760565084,1.369354254105263,0.20008245097741967,APO,5
2456286.0007768827,2012.97951032,-0.00304074043311,0.031601798760565084,2.3993372898436647,-0.7369459173379976,APO,5
2456286.0113323233,2012.97953916,-0.029244849625,0.031601798760565084,2.4013240084595124,-0.7382873879201868,APO,5
2456286.014465283,2012.97954772,-0.0126693939594,0.031601798760565084,2.4019136632769196,-0.7386849736288499,APO,5
2456286.0167820635,2012.97955405,0.0174103284451,0.031601798760565084,2.4023496980849868,-0.7389788130183033,APO,5
2456286.0215400634,2012.97956705,-0.00793654674567,0.031601798760565084,2.4032451700618576,-0.7395818217946352,APO,5
2456309.76576875,2013.04456375,0.0161920095059,0.031601798760565084,1.2281795762288992,0.33595290137371153,APO,5
2456309.7943957,2013.04464218,0.00402360206567,0.031601798760565084,1.2340099292554636,0.3304557366433276,APO,5
2456309.7966514,2013.04464836,-0.0260679220585,0.031601798760565084,1.2344691105023964,0.33002231669175264,APO,5
2456309.79902025,2013.04465485,0.0105754638287,0.031601798760565084,1.2349512890186771,0.3295671147816215,APO,5
2456309.8009292,2013.04466008,0.0394119525524,0.031601798760565084,1.2353398282813735,0.3292002575051829,APO,5
2456314.0016412,2013.05616888,0.0147240663143,0.031601798760565084,2.048566719036889,-0.45980037863240064,APO,5
2456314.0052839,2013.05617886,0.0388808751675,0.031601798760565084,2.049250623507156,-0.46040759347809534,APO,5
2456314.00939015,2013.05619011,0.0128856206509,0.031601798760565084,2.0500215437530005,-0.4610918083854036,APO,5
2456314.0126861,2013.05619914,0.00645344501458,0.031601798760565084,2.050640324863022,-0.46164079700145927,APO,5
2456314.0155185,2013.0562069,0.019453575668,0.031601798760565084,2.051172071612761,-0.4621124266813927,APO,5
2456314.0245413,2013.05623162,0.0385746265026,0.031601798760565084,2.0528659396191964,-0.4636139213298738,APO,5
2456314.02656705,2013.05623717,-0.00358171218909,0.031601798760565084,2.0532462279397903,-0.4639508374423164,APO,5
2456314.0289943,2013.05624382,0.00151531940423,0.031601798760565084,2.0537018840812205,-0.46435443724675823,APO,5
2456314.0311916,2013.05624984,0.00578491931878,0.031601798760565084,2.054114368415582,-0.4647197142587944,APO,5
2456329.2657222,2013.09798828,-0.0117088055042,0.031601798760565084,1.070330106433769,0.47983463334399656,APO,5
2456329.27566845,2013.09801553,0.00987141376458,0.031601798760565084,1.0680165777352941,0.481863142503189,APO,5
2456329.2777526,2013.09802124,0.0123543048473,0.031601798760565084,1.0675317664134163,0.4822879000767961,APO,5
2456329.28006305,2013.09802757,-0.0145372843174,0.031601798760565084,1.0669943008863743,0.482758657062722,APO,5
2456329.28249395,2013.09803423,-0.049356172028,0.031601798760565084,1.0664288012990564,0.48325381805180795,APO,5
2456329.28474965,2013.09804041,-0.0234827494053,0.031601798760565084,1.065904045173766,0.48371316514166024,APO,5
2456329.28706375,2013.09804675,-0.000119397583378,0.031601798760565084,1.065365689895043,0.48418427787421525,APO,5
2456329.28926105,2013.09805277,0.00829892402612,0.031601798760565084,1.0648544947151481,0.4846314930173764,APO,5
2456329.2915715,2013.0980591,-0.0152663683323,0.031601798760565084,1.0643169626053912,0.4851016122181018,APO,5
2456329.2938272,2013.09806528,-0.0368734096912,0.031601798760565084,1.063792155293135,0.48556046723528634,APO,5
2456329.2962581,2013.09807194,-0.0259623026279,0.031601798760565084,1.063226572063672,0.48605482415096524,APO,5
2456336.77603155,2013.11856447,-0.000722596588505,0.031601798760565084,0.6641370703847792,0.787448970674519,APO,5
2456336.7798458,2013.11857492,0.0157642865749,0.031601798760565084,0.6649382316739789,0.786954898336917,APO,5
2456336.7821015,2013.1185811,-0.0352950786976,0.031601798760565084,0.6654119898464829,0.7866624962543484,APO,5
2456336.7845324,2013.11858776,-0.0280218815235,0.031601798760565084,0.6659225125471908,0.7863472055722331,APO,5
2456340.7641566,2013.12949084,0.0436711812588,0.031601798760565084,1.4585750691251922,0.11198586080537365,APO,5
2456340.77635855,2013.12952427,-0.0914594625858,0.031601798760565084,1.4608998372210051,0.1096754154300211,APO,5
2456340.7849177998,2013.12954772,-0.10724313015,0.031601798760565084,1.4625303420198001,0.10805460165301628,APO,5
2456340.7890788,2013.12955912,-0.0718277191547,0.031601798760565084,1.4633229255920794,0.10726662483178792,APO,5
2456340.792028,2013.1295672,-0.0512505268482,0.031601798760565084,1.4638846584056429,0.10670811615890705,APO,5
2456340.7945173,2013.12957402,-0.0555996393589,0.031601798760565084,1.4643587761001429,0.10623669351627357,APO,5
2456340.7966562,2013.12957988,-0.0523423647312,0.031601798760565084,1.4647661425900604,0.10583162356279299,APO,5
2456340.799547,2013.1295878,-0.0366161560444,0.031601798760565084,1.4653166934678383,0.10528414853185349,APO,5
2456353.0177979,2013.16306246,0.0280281806561,0.031601798760565084,2.3390524889119506,-0.6948822609765108,APO,5
2456353.02121065,2013.16307181,0.00933425670587,0.031601798760565084,2.3382917563859764,-0.6943349993050251,APO,5
2456353.02410145,2013.16307973,0.0186769271465,0.031601798760565084,2.3376473442835213,-0.6938711027529331,APO,5
2456353.0275726,2013.16308924,0.0273832583996,0.031601798760565084,2.336873529041835,-0.6933136713117543,APO,5
2456353.0310437502,2013.16309875,0.00501828437768,0.031601798760565084,2.3360996783301933,-0.6927557991413364,APO,5
2456353.037924,2013.1631176,0.00713341480218,0.031601798760565084,2.3345657056283824,-0.6916487259904593,APO,5
2456353.04133675,2013.16312695,0.0355864072415,0.031601798760565084,2.3338047710637446,-0.6910989529425109,APO,5
2456353.0445159,2013.16313566,-0.0194246267704,0.031601798760565084,2.3330958912647906,-0.6905864292719603,APO,5
2456353.0476403,2013.16314422,0.00806062465631,0.031601798760565084,2.3323991906300217,-0.6900823730622638,APO,5
2456355.22832185,2013.16911869,0.00832455402337,0.031601798760565084,1.8407559873990746,-0.26669255853614987,APO,5
2456355.2385017,2013.16914658,0.0322827602001,0.031601798760565084,1.8384416729363968,-0.26446135249416586,APO,5
2456355.2414509,2013.16915466,0.0192125344845,0.031601798760565084,1.837771169020836,-0.2638146616102186,APO,5
2456355.245152,2013.1691648,-0.00227362865485,0.031601798760565084,1.8369297041433317,-0.263002913677993,APO,5
2456355.24902465,2013.16917541,0.0149399543377,0.031601798760565084,1.8360492175689334,-0.26215332276144887,APO,5
2456355.25585015,2013.16919411,0.0174233222576,0.031601798760565084,1.8344973238954942,-0.2606553895713244,APO,5
2456367.7839021,2013.20351754,0.0598360801312,0.031601798760565084,0.9153959133469707,0.609476741542658,APO,5
2456367.78708125,2013.20352625,0.0562880540463,0.031601798760565084,0.9160134984498245,0.6089870014347363,APO,5
2456367.7912459,2013.20353766,0.00575952774011,0.031601798760565084,0.9168224733186552,0.608345139382422,APO,5
2456381.98620905,2013.24242797,-0.0014779066471,0.031601798760565084,2.430047898504289,-0.7573540480310215,APO,5
2456382.00118865,2013.24246901,-0.0107793306736,0.031601798760565084,2.4265558345617895,-0.7550691015037155,APO,5
2456382.0043678,2013.24247772,-0.0215450024036,0.031601798760565084,2.425814678975477,-0.7545829590481059,APO,5
2456382.00772215,2013.24248691,-0.0143035149006,0.031601798760565084,2.425032668553881,-0.7540695694873998,APO,5
2456382.0135658,2013.24250292,-0.0123656486896,0.031601798760565084,2.4236702941910284,-0.753174069903481,APO,5
2456382.01819035,2013.24251559,-0.0090850090412,0.031601798760565084,2.4225921152127876,-0.7524643832074138,APO,5
2456382.020676,2013.2425224,-0.0140295719532,0.031601798760565084,2.422012596376241,-0.7520825666780449,APO,5
2456382.02258495,2013.24252763,-0.0152978395847,0.031601798760565084,2.4215675288553538,-0.7517891620388305,APO,5
2456386.1970425,2013.2539645,-0.0319007133869,0.031601798760565084,1.4559940991879838,0.11455022008707404,APO,5
2456386.1991814002,2013.25397036,-0.0482819771198,0.031601798760565084,1.4555085663766867,0.11503254333744004,APO,5
2456386.20184225,2013.25397765,-0.0416792129902,0.031601798760565084,1.4549045680117654,0.11563251117506537,APO,5
2456386.20403955,2013.25398367,-0.0507757162479,0.031601798760565084,1.4544058075653001,0.11612791156483655,APO,5
2456386.2067004,2013.25399096,-0.0284066891102,0.031601798760565084,1.4538018447107144,0.11672776695118232,APO,5
2456386.20855095,2013.25399603,-0.0160718655018,0.031601798760565084,1.4533818162009557,0.11714491381532652,APO,5
2456386.21294555,2013.25400807,-0.0196606611637,0.031601798760565084,1.4523843898738222,0.11813541425885188,APO,5
2456396.75971545,2013.28290333,8.96955104943e-05,0.031601798760565084,0.7600054815382082,0.7248322343807917,APO,5
2456396.76850465,2013.28292741,0.0095814967724,0.031601798760565084,0.7616869070358493,0.7236728335426882,APO,5
2456396.77052675,2013.28293295,4.42767711754e-05,0.031601798760565084,0.7620737239713494,0.7234058203328704,APO,5
2456396.77284085,2013.28293929,0.0499971414181,0.031601798760565084,0.7625163885298201,0.7231001236419082,APO,5
2456396.774925,2013.282945,0.000219037589657,0.031601798760565084,0.762915056417473,0.7228246890410341,APO,5
2456396.7778742,2013.28295308,0.0300194526287,0.031601798760565084,0.7634791805924587,0.7224347464990012,APO,5
2456397.78140885,2013.28570249,0.0145545507046,0.031601798760565084,0.9545461300658877,0.5779791986203726,APO,5
2456401.76242005,2013.29660937,0.0124629045101,0.031601798760565084,1.7147105663372622,-0.14341797836712122,APO,5
2456401.76560285,2013.29661809,0.00133686309777,0.031601798760565084,1.7153342002195338,-0.1440351373222488,APO,5
2456401.76849365,2013.29662601,0.00690989738427,0.031601798760565084,1.715900658918805,-0.1445956661767048,APO,5
2456401.7705194,2013.29663156,0.00476687198602,0.031601798760565084,1.7162976312196352,-0.14498845522275272,APO,5
2456401.77312185,2013.29663869,0.00843577629052,0.031601798760565084,1.716807642210672,-0.14549305822610556,APO,5
2456401.7754907,2013.29664518,-0.0193830227283,0.031601798760565084,1.717271899903806,-0.14595236018368213,APO,5
2456401.777688,2013.2966512,0.0241715217205,0.031601798760565084,1.7177025588479984,-0.14637839392021396,APO,5
2456409.9802308,2013.31912392,0.0182784104916,0.031601798760565084,2.746252368984526,-0.9228655666244594,APO,5
2456409.98433705,2013.31913517,0.012649347839,0.031601798760565084,2.7452591529692376,-0.9224826019094708,APO,5
2456409.99231595,2013.31915703,-0.00812954658545,0.031601798760565084,2.743329188249196,-0.9217358433578398,APO,5
2456417.1599195,2013.3387943,-0.0295389389423,0.031601798760565084,1.0911831687031077,0.4614360141896837,APO,5
2456417.162292,2013.3388008,-0.0730399584202,0.031601798760565084,1.0906762948344195,0.4618856399541603,APO,5
2456417.1644893,2013.33880682,-0.0167635177997,0.031601798760565084,1.0902068741316224,0.46230193680713794,APO,5
2456417.16622305,2013.33881157,-0.0275649523167,0.031601798760565084,1.0898364992984249,0.46263032481551264,APO,5
2456417.1680736,2013.33881664,-0.0140525793461,0.031601798760565084,1.0894411877605763,0.4629807526107019,APO,5
2456426.7585544502,2013.36509193,0.0120695138546,0.031601798760565084,0.8116016209611853,0.6883375155803578,APO,5
2456426.761792,2013.3651008,0.0223604941937,0.031601798760565084,0.8122149122378182,0.6878925104547212,APO,5
2456426.76502955,2013.36510967,0.0281266475292,0.031601798760565084,0.8128282063753481,0.687447244517022,APO,5
2456426.76734365,2013.36511601,0.034013917503,0.031601798760565084,0.8132665716483569,0.6871288225703839,APO,5
2456426.7691358,2013.36512092,-0.00576467269934,0.031601798760565084,0.813606063738823,0.6868821298872752,APO,5
2456426.7715082997,2013.36512742,-0.0112512802509,0.031601798760565084,0.8140554944268192,0.6865554283097544,APO,5
2456430.74754455,2013.37602067,-0.0256595110325,0.031601798760565084,1.5820320098099303,-0.011235446616682548,APO,5
2456430.7511909,2013.37603066,-0.0417553877262,0.031601798760565084,1.5827626031660016,-0.011965990794433565,APO,5
2456430.75448685,2013.37603969,0.0261790061566,0.031601798760565084,1.5834230518538064,-0.01262638953964644,APO,5
2456430.75743605,2013.37604777,0.00830619579278,0.031601798760565084,1.5840140684506652,-0.013217356783399154,APO,5
2456430.7614255,2013.3760587,0.010879447517,0.031601798760565084,1.5848136256805176,-0.014016839859410884,APO,5
2456430.7643747,2013.37606678,0.00512593036615,0.031601798760565084,1.5854047542584981,-0.01460790788109469,APO,5
2456430.7671487,2013.37607438,0.014317562637,0.031601798760565084,1.5859608097933606,-0.01516390179715782,APO,5
2456430.77056145,2013.37608373,-0.0102943872837,0.031601798760565084,1.5866449622914705,-0.015847972030184395,APO,5
2456439.952527,2013.4012398,0.00129144435846,0.031601798760565084,2.577586383195897,-0.8451202418687656,APO,5
2456439.95732675,2013.40125295,-0.0108540748981,0.031601798760565084,2.5764113189703344,-0.8444914971146524,APO,5
2456439.96015915,2013.40126071,0.00391583686792,0.031601798760565084,2.5757179364376745,-0.8441199399752378,APO,5
2456439.9657108,2013.40127592,-0.015458533707,0.031601798760565084,2.574358956226239,-0.8433905375252847,APO,5
2456439.97051055,2013.40128907,-0.0355448221592,0.031601798760565084,2.5731841239259574,-0.8427587170239061,APO,5
2456439.9725363,2013.40129462,-0.0168075060276,0.031601798760565084,2.5726883076106803,-0.8424917197347509,APO,5
2456439.9746752,2013.40130048,-0.0184760784534,0.031601798760565084,2.57216481347835,-0.8422095931530195,APO,5
2456446.10467865,2013.41809501,0.00933640247308,0.031601798760565084,1.1869216098967978,0.37451598857432733,APO,5
2456446.1127159502,2013.41811703,-0.0114212726978,0.031601798760565084,1.1852619086335374,0.3760543810079008,APO,5
2456446.1159535,2013.4181259,-0.00712711566962,0.031601798760565084,1.1845934489283352,0.3766736900990129,APO,5
2456446.1191947,2013.41813478,-0.0134533142475,0.031601798760565084,1.1839242894524,0.3772934789312642,APO,5
2456446.12219865,2013.41814301,0.00878947025262,0.031601798760565084,1.1833041593356035,0.3778677049725471,APO,5
2456446.12543985,2013.41815189,0.0697336698147,0.031601798760565084,1.1826351037121494,0.3784870719242625,APO,5
2456446.1308747,2013.41816678,0.016510298309,0.031601798760565084,1.1815133509302735,0.379525135329125,APO,5
2456446.13336035,2013.41817359,-0.000786731186283,0.031601798760565084,1.18100036326251,0.3799996920332449,APO,5
2456457.7461821,2013.44998954,-0.0354895090488,0.031601798760565084,1.0713222535512268,0.4789639281709937,APO,5
2456457.7515038,2013.45000412,-0.0407314991382,0.031601798760565084,1.072363893734574,0.47804928071880015,APO,5
2456460.75188045,2013.45822433,-0.03457147831,0.031601798760565084,1.6814153262608091,-0.11039353806031527,APO,5
2456487.74467435,2013.53217719,-0.0178693031696,0.031601798760565084,1.1712895972474031,0.388963962777972,APO,5
2456487.74768195,2013.53218543,-0.0337060188679,0.031601798760565084,1.1719079893199935,0.3883941929088621,APO,5
2456487.7509779,2013.53219446,0.00870256668054,0.031601798760565084,1.1725857222003557,0.38776957743125284,APO,5
2456487.75433225,2013.53220365,-0.0147683119205,0.031601798760565084,1.173275520995464,0.38713365881256384,APO,5
2456487.75797495,2013.53221363,-0.0201247429279,0.031601798760565084,1.17402468244144,0.38644280570120476,APO,5
2456517.6982351,2013.61424174,-0.0215925669102,0.031601798760565084,1.2931912074134357,0.2740532452096308,APO,5
2456517.7019362,2013.61425188,-0.0211101269153,0.031601798760565084,1.293995959840031,0.27327921445710424,APO,5
2456517.70517375,2013.61426075,-0.0532137846378,0.031601798760565084,1.2946999763498181,0.2726019288409464,APO,5
2456517.7083529,2013.61426946,-0.033452460709,0.031601798760565084,1.295391344853698,0.2719366795019957,APO,5
2456517.7115941,2013.61427834,-0.02154392952,0.031601798760565084,1.296096259621843,0.27125826183605123,APO,5
2456517.7189963,2013.61429862,-0.0435176586536,0.031601798760565084,1.2977063305957794,0.26970820697124864,APO,5
2456537.06396345,2013.66729853,-0.0356453155903,0.031601798760565084,0.7808424676354605,0.7103207956469653,APO,5
2456537.0702670002,2013.6673158,-0.00249428504981,0.031601798760565084,0.7796421985224867,0.7111651269159533,APO,5
2456537.08692195,2013.66736143,-0.0679003691105,0.031601798760565084,0.7764705724805816,0.7133912787247805,APO,5
2456537.09050625,2013.66737125,-0.0687373375324,0.031601798760565084,0.7757879461638565,0.7138694737382149,APO,5
2456537.0932255,2013.6673787,0.0221667790981,0.031601798760565084,0.7752700528657267,0.7142320476760408,APO,5
2456537.09657985,2013.66738789,-0.0392783378986,0.031601798760565084,0.7746311842018142,0.7146790518033199,APO,5
2456537.09947065,2013.66739581,0.0260983014675,0.031601798760565084,0.774080587512603,0.7150640597056704,APO,5
2456566.0707142,2013.74676908,-0.0508823394775,0.031601798760565084,0.9207677711201534,0.6052091381993137,APO,5
2456566.0752256,2013.74678144,-0.0762519836426,0.031601798760565084,0.9198885677727291,0.6059088085425431,APO,5
2456566.0790435,2013.7467919,-0.00564086437225,0.031601798760565084,0.9191444576196145,0.606500605748415,APO,5
2456566.0819927,2013.74679998,-0.0293099880219,0.031601798760565084,0.9185696200839377,0.6069575490840026,APO,5
2456566.0864457,2013.74681218,-0.0175234079361,0.031601798760565084,0.9177016106926287,0.6076471571398432,APO,5
2456566.08985845,2013.74682153,-0.0583484172821,0.031601798760565084,0.917036323611712,0.6081753983558303,APO,5
2456566.09280765,2013.74682961,-0.054047703743,0.031601798760565084,0.9164613665229384,0.6086317002810506,APO,5
2456578.6911805,2013.7813457,-0.00509035587311,0.031601798760565084,1.852828265639036,-0.2783078825917917,APO,5
2456578.702167,2013.7813758,-0.0235247612,0.031601798760565084,1.8553396304708683,-0.28071914804072995,APO,5
2456586.856997,2013.8037178,0.0284663438797,0.031601798760565084,2.6535590368361257,-0.8832565830341326,APO,5
2456586.861742,2013.8037308,-0.000726461410522,0.031601798760565084,2.65260707529324,-0.8828098176605162,APO,5
2456586.8659614,2013.80374236,0.0650537014008,0.031601798760565084,2.6517606457483396,-0.8824119076182524,APO,5
2456586.87006765,2013.80375361,0.0123584270477,0.031601798760565084,2.65093699031148,-0.8820240968645914,APO,5
2456604.5997638,2013.85232812,-0.0117741823196,0.031601798760565084,1.0753014326852086,0.47546708441196417,APO,5
2456604.60341015,2013.85233811,-0.0481868982315,0.031601798760565084,1.0761550264245887,0.4747159762672865,APO,5
2456604.60768795,2013.85234983,0.00934660434723,0.031601798760565084,1.0771563926397112,0.47383439690142803,APO,5
2456604.61075395,2013.85235823,0.0266364812851,0.031601798760565084,1.0778740640357531,0.473202283473666,APO,5
2456604.61433825,2013.85236805,-0.0110994577408,0.031601798760565084,1.0787130227747892,0.472463033138486,APO,5
2456607.5501756,2013.86041144,0.00825190544128,0.031601798760565084,1.7511760332607142,-0.1794031323223797,APO,5
2456607.5598335,2013.8604379,-0.0541219711304,0.031601798760565084,1.7533347338581013,-0.18152638973353746,APO,5
2456607.5620308,2013.86044392,-0.0332065820694,0.031601798760565084,1.753825816192656,-0.18200929135431868,APO,5
2456607.56399815,2013.86044931,0.0327122211456,0.031601798760565084,1.754265490253127,-0.18244160384937566,APO,5
2456607.5665422,2013.86045628,0.0638270378113,0.031601798760565084,1.7548340259674786,-0.18300056813740204,APO,5
2456607.5687979,2013.86046246,0.00670480728149,0.031601798760565084,1.7553381012396383,-0.18349610772288752,APO,5
2456607.57116675,2013.86046895,-0.0165255069733,0.031601798760565084,1.7558674405730599,-0.18401643337333384,APO,5
2456607.57353925,2013.86047545,-0.0337213277817,0.031601798760565084,1.7563975736350486,-0.1845374875590675,APO,5
2456607.5760249,2013.86048226,0.0281566381454,0.031601798760565084,1.7569529665213977,-0.18508331334739953,APO,5
2456607.5781054,2013.86048796,0.0503797531128,0.031601798760565084,1.7574178142528551,-0.18554010981394944,APO,5
2456607.58163495,2013.86049763,0.00320065021515,0.031601798760565084,1.7582063860103214,-0.18631493158784423,APO,5
2456611.8418529,2013.87216946,-0.0218496322632,0.031601798760565084,2.6757665324206936,-0.8934508090739276,APO,5
2456611.85619375,2013.87220875,-0.0440403223038,0.031601798760565084,2.6787412665785464,-0.8947829887413136,APO,5
2456611.85874145,2013.87221573,0.031778216362,0.031601798760565084,2.6792696548984,-0.8950187898882995,APO,5
2456611.8612855,2013.8722227,-0.0171496868134,0.031601798760565084,2.6797972611948495,-0.895253992716153,APO,5
2456625.0712195,2013.9084143,-0.0279197692871,0.031601798760565084,1.0128444678807649,0.5294497869997369,APO,5
2456625.0786801,2013.90843474,-0.0619776248932,0.031601798760565084,1.0112672900903132,0.5307871129662382,APO,5
2456625.08099055,2013.90844107,0.0245673656464,0.031601798760565084,1.01077877346703,0.5312010699857986,APO,5
2456625.08347985,2013.90844789,-0.0550646781921,0.031601798760565084,1.0102523960756635,0.5316469674015274,APO,5
2456625.09007175,2013.90846595,-0.040793299675,0.031601798760565084,1.0088582730820206,0.5328272252253841,APO,5
2456634.5284571,2013.93432454,0.0333795547485,0.031601798760565084,1.209970511575114,0.3530469909080232,APO,5
2456634.5320414,2013.93433436,-0.0143013000488,0.031601798760565084,1.2107940410443794,0.3522763725008185,APO,5
2456637.5302755,2013.9425487,0.0398287773132,0.031601798760565084,1.871928095329301,-0.2966012369427794,APO,5
2456637.53374665,2013.94255821,0.000564813613892,0.031601798760565084,1.8726630813779706,-0.2973030694847937,APO,5
2456637.5408605,2013.9425777,0.0440155267715,0.031601798760565084,1.8741691781366745,-0.2987407275751803,APO,5
2456637.54276945,2013.94258293,-0.0544636249542,0.031601798760565084,1.8745732826347261,-0.2991263539602711,APO,5
2456637.54473315,2013.94258831,0.00377178192139,0.031601798760565084,1.874988956918581,-0.2995229701243432,APO,5
2456637.5497665,2013.9426021,-0.0150935649872,0.031601798760565084,1.8760543189628986,-0.3005392502560161,APO,5
2456646.78643825,2013.96790805,-0.0472700595856,0.031601798760565084,2.5857187311616445,-0.8494396082084044,APO,5
2456666.5129727502,2014.02195335,0.00543785095215,0.031601798760565084,1.7494207605014132,-0.17767606225246596,APO,5
2456666.533504,2014.0220096,-0.0368937253952,0.031601798760565084,1.7536293658421385,-0.18181611884032484,APO,5
2456676.75763215,2014.05002091,-0.0301587581635,0.031601798760565084,2.5558642234894955,-0.833309626083008,APO,5
2456676.76520955,2014.05004167,0.0148075819016,0.031601798760565084,2.554432005792539,-0.8325170323867412,APO,5
2456676.7699508998,2014.05005466,-0.0654084682465,0.031601798760565084,2.553535743928883,-0.8320201694992089,APO,5
2456676.7735936,2014.05006464,-0.0325264930725,0.031601798760565084,2.5528471132838946,-0.8316379575829645,APO,5
2456676.78064905,2014.05008397,-0.0224320888519,0.031601798760565084,2.551513205236387,-0.8308964745105744,APO,5
2456684.0285234,2014.06994116,-0.0183521509171,0.031601798760565084,1.0642169026869226,0.4851891079646736,APO,5
2456684.03176095,2014.06995003,-0.0399094820023,0.031601798760565084,1.0634775259409779,0.48583549314761537,APO,5
2456684.0356336,2014.06996064,0.0176240205765,0.031601798760565084,1.0625930046758678,0.4866084190434879,APO,5
2456684.03898795,2014.06996983,0.0044891834259,0.031601798760565084,1.0618267731117808,0.48727767150051055,APO,5
2456684.0439045,2014.0699833,-0.0419768095016,0.031601798760565084,1.0607035367939852,0.488258226744852,APO,5
2456684.0513067,2014.07000358,-0.0436608791351,0.031601798760565084,1.0590120861881234,0.48973365518709033,APO,5
2456684.0550078,2014.07001372,-0.0299714803696,0.031601798760565084,1.058166206710763,0.4904709786045351,APO,5
2456691.5270323,2014.09048502,-0.00305116176605,0.031601798760565084,0.7582690617796615,0.7260274047481906,APO,5
2456691.53038665,2014.09049421,-0.0480312108994,0.031601798760565084,0.7590391731071348,0.7254976103105476,APO,5
2456691.5335658,2014.09050292,-0.0343248844147,0.031601798760565084,0.759768985466891,0.72499514226406,APO,5
2456691.5373837,2014.09051338,0.0100940465927,0.031601798760565084,0.7606453332544972,0.7243912759227087,APO,5
2456691.54073805,2014.09052257,0.0331535339355,0.031601798760565084,0.7614151918180092,0.7238603292349489,APO,5
2456691.544034,2014.0905316,-0.0241417884827,0.031601798760565084,0.7621715670683241,0.723338263738657,APO,5
2456691.5484286,2014.09054364,-0.0624817609787,0.031601798760565084,0.7631799440950076,0.7226416179678387,APO,5
2456698.51206285,2014.10962209,-0.000956535339355,0.031601798760565084,2.192295341348192,-0.5822545229257042,APO,5
2456698.5158771,2014.10963254,-0.051990032196,0.031601798760565084,2.193015570321106,-0.5828399227401302,APO,5
2456698.52969965,2014.10967041,-0.0319985151291,0.031601798760565084,2.1956253883985086,-0.584958639657707,APO,5
2456698.53334235,2014.10968039,0.0476530790329,0.031601798760565084,2.196313100421201,-0.5855162791473062,APO,5
2456698.5369887,2014.10969038,-0.00891947746277,0.031601798760565084,2.19700147600758,-0.5860741793757819,APO,5
2456698.73823875,2014.11024175,0.0175144672394,0.031601798760565084,2.2349561480091764,-0.61639776422575,APO,5
2456698.7429217,2014.11025458,-0.00832211971283,0.031601798760565084,2.2358384642559486,-0.6170922908556468,APO,5
2456698.74500585,2014.11026029,-0.00393724441528,0.031601798760565084,2.2362311276389466,-0.6174012264716159,APO,5
2456698.74777985,2014.11026789,-0.00289726257324,0.031601798760565084,2.2367537501544352,-0.6178122623085447,APO,5
2456698.75136415,2014.11027771,0.045783996582,0.031601798760565084,2.2374290139881556,-0.6183430986774768,APO,5
2456698.7549521,2014.11028754,-0.0129722356796,0.031601798760565084,2.238104943374096,-0.6188741758784049,APO,5
2456698.76189075,2014.11030655,0.0439722537994,0.031601798760565084,2.2394120444149026,-0.6199003618836656,APO,5
2456698.76402965,2014.11031241,-0.0266427993774,0.031601798760565084,2.239814953293978,-0.6202164663137913,APO,5
2456698.76622695,2014.11031843,-0.00787603855133,0.031601798760565084,2.2402288549814857,-0.6205410903720306,APO,5
2456705.7372634,2014.12941716,-0.0117627382278,0.031601798760565084,2.7023129053961523,-0.9050582121868705,APO,5
2456705.74073455,2014.12942667,-0.0390239953995,0.031601798760565084,2.7016400893779906,-0.9047718669762903,APO,5
2456705.74431885,2014.12943649,0.00854122638702,0.031601798760565084,2.7009452706557244,-0.9044757277057803,APO,5
2456705.74865505,2014.12944837,-0.0239471197128,0.031601798760565084,2.700104599598639,-0.9041168408351574,APO,5
2456705.75363,2014.129462,-0.0467964410782,0.031601798760565084,2.6991399632342095,-0.9037042452979693,APO,5
2456705.7587181,2014.12947594,-0.0327209234238,0.031601798760565084,2.6981532449894354,-0.9032813348600358,APO,5
2456709.9981201,2014.14109074,-0.0170642137527,0.031601798760565084,1.8356657331906145,-0.2617832310083364,APO,5
2456710.00118245,2014.14109913,-0.0447423458099,0.031601798760565084,1.8350121958929917,-0.2611524288550083,APO,5
2456710.00367175,2014.14110595,-0.0212644338608,0.031601798760565084,1.8344809162211166,-0.2606395490438685,APO,5
2456710.0067341,2014.14111434,0.0277372598648,0.031601798760565084,1.8338272872907244,-0.26000845639184184,APO,5
2456710.00951175,2014.14112195,0.0154418945312,0.031601798760565084,1.8332343811176708,-0.2594358967646513,APO,5
2456710.0225824,2014.14115776,-0.0329891443253,0.031601798760565084,1.8304438130829375,-0.25673987020764316,APO,5
2456710.02489285,2014.14116409,0.0203410387039,0.031601798760565084,1.8299504389095524,-0.25626300244067407,APO,5
2456710.0274953,2014.14117122,-0.0276935100555,0.031601798760565084,1.8293946763475668,-0.25572575885726834,APO,5
2456724.5121918,2014.18085532,-0.0183392763138,0.031601798760565084,1.4636097711869274,0.10698142984354074,APO,5
2456724.51641485,2014.18086689,-0.0382498502731,0.031601798760565084,1.4644398421004696,0.10615608593002455,APO,5
2456724.5264195,2014.1808943,0.0306869745255,0.031601798760565084,1.4664059816385544,0.10420085218126648,APO,5
2456729.72407425,2014.19513445,0.00325846672058,0.031601798760565084,2.455268542744764,-0.7735806392582667,APO,5
2456741.94909225,2014.22862765,-0.0403070449829,0.031601798760565084,1.255083812721395,0.31049384832805477,APO,5
2456741.95209985,2014.22863589,-0.0215173959732,0.031601798760565084,1.2543861137088865,0.3111569882127577,APO,5
2456741.9593305,2014.2286557,-0.0381563901901,0.031601798760565084,1.252708642084991,0.312750749141711,APO,5
2456741.9629148,2014.22866552,-0.016453742981,0.031601798760565084,1.251877043757896,0.3135405222987509,APO,5
2456741.9664991,2014.22867534,-0.0474141836166,0.031601798760565084,1.2510454054372526,0.31433011659146887,APO,5
2456755.5087875,2014.2657775,-0.00553691387177,0.031601798760565084,1.6947841962843648,-0.1236704361663016,APO,5
2456755.5191973,2014.26580602,-0.0448729991913,0.031601798760565084,1.6967560839837523,-0.1256269446618675,APO,5
2456755.5226648,2014.26581552,0.000854849815369,0.031601798760565084,1.6974129029164495,-0.12627853283597099,APO,5
2456755.5265411,2014.26582614,-0.0314466953278,0.031601798760565084,1.6981471480764263,-0.12700686612986672,APO,5
2456755.53047215,2014.26583691,-0.0383062362671,0.031601798760565084,1.6988917539771027,-0.12774540681427068,APO,5
2456755.5340017,2014.26584658,0.0224725008011,0.031601798760565084,1.69956030062542,-0.12840844745751623,APO,5
2456755.53712245,2014.26585513,0.0202391147614,0.031601798760565084,1.7001514080833156,-0.12899463888635124,APO,5
2456759.6944615,2014.2772451,0.0521315336227,0.031601798760565084,2.49856853762218,-0.8002861046756894,APO,5
2456759.69874295,2014.27725683,0.00256407260895,0.031601798760565084,2.4994168714300993,-0.8007944931511904,APO,5
2456759.704061,2014.2772714,-0.000781893730164,0.031601798760565084,2.500470707601486,-0.8014252321710885,APO,5
2456759.7094411,2014.27728614,0.0166985988617,0.031601798760565084,2.5015369621802455,-0.8020624979845415,APO,5
2456759.712967,2014.2772958,-0.03000831604,0.031601798760565084,2.502235809323934,-0.8024796816371598,APO,5
2456759.72065755,2014.27731687,-0.00166845321655,0.031601798760565084,2.503760290230493,-0.8033883752085939,APO,5
2456762.6730914502,2014.28540573,-0.00545823574066,0.031601798760565084,3.109085303903737,-0.9994716826346224,APO,5
2456762.67563915,2014.28541271,0.0186778306961,0.031601798760565084,3.109619576487594,-0.9994889047126418,APO,5
2456762.6786431,2014.28542094,-0.0099059343338,0.031601798760565084,3.1102492790556773,-0.9995088366485804,APO,5
2456762.6854686,2014.28543964,-0.0100885629654,0.031601798760565084,3.111678970345863,-0.9995526191396436,APO,5
2456762.6904983,2014.28545342,0.00233471393585,0.031601798760565084,3.1127314057760835,-0.9995835430965871,APO,5
2456762.69258245,2014.28545913,0.0109511613846,0.031601798760565084,3.11316719633618,-0.9995960238923413,APO,5
2456762.69547325,2014.28546705,0.0329481363297,0.031601798760565084,3.1137713339979247,-0.9996130120506052,APO,5
2456762.6981341,2014.28547434,0.00983965396881,0.031601798760565084,3.114327063684166,-0.9996283168305612,APO,5
2456762.70200675,2014.28548495,0.0172864198685,0.031601798760565084,3.115135231334142,-0.9996500228197029,APO,5
2456762.7048428,2014.28549272,-0.0263392925262,0.031601798760565084,3.1157265447858262,-0.9996654908587287,APO,5
2456762.70802195,2014.28550143,-0.00176000595093,0.031601798760565084,3.1163888138066502,-0.9996824000431389,APO,5
2456762.7128217,2014.28551458,0.00549793243408,0.031601798760565084,3.117387401133231,-0.9997070671794805,APO,5
2456762.71484745,2014.28552013,-0.0142071247101,0.031601798760565084,3.1178083529412692,-0.9997171668547673,APO,5
2456762.71779665,2014.28552821,-0.00103557109833,0.031601798760565084,3.1184206118467572,-0.9997315402533621,APO,5
2456762.7212678,2014.28553772,0.0211437940598,0.031601798760565084,3.1191402644691277,-0.9997479556998203,APO,5
2456762.7247353,2014.28554722,-0.0146453380585,0.031601798760565084,3.1198580159200477,-0.9997638120607252,APO,5
2456762.7278597,2014.28555578,-0.0121576786041,0.031601798760565084,3.1205036663362264,-0.9997776355497896,APO,5
2456762.7323710998,2014.28556814,0.00855112075806,0.031601798760565084,3.121433913121874,-0.9997968194721342,APO,5
2456762.73543345,2014.28557653,-0.0228275060654,0.031601798760565084,3.1220638440649093,-0.9998093188594614,APO,5
2456762.73855785,2014.28558509,-0.00754797458649,0.031601798760565084,3.1227051160002706,-0.9998216357644545,APO,5
2456762.7416785997,2014.28559364,0.0181678533554,0.031601798760565084,3.1233440490532605,-0.9998334988368793,APO,5
2456762.7453797,2014.28560378,-0.0172593593597,0.031601798760565084,3.124099495054413,-0.9998469986039584,APO,5
2456762.749256,2014.2856144,0.00752389431,0.031601798760565084,3.124887658764284,-0.9998604748186066,APO,5
2456762.75249355,2014.28562327,0.0193442106247,0.031601798760565084,3.1255432253316613,-0.9998712106908362,APO,5
2456762.75544275,2014.28563135,0.0110784769058,0.031601798760565084,3.1261379586186826,-0.9998805785786633,APO,5
2456762.75868395,2014.28564023,-0.0140941143036,0.031601798760565084,3.1267885351205127,-0.9998904210394903,APO,5
2456762.76163315,2014.28564831,-0.0030266046524,0.031601798760565084,3.1273773708046595,-0.9998989645690749,APO,5
2456762.76539265,2014.28565861,0.0298091173172,0.031601798760565084,3.1281230193049825,-0.9999092858476595,APO,5
2456762.76880175,2014.28566795,0.0770133733749,0.031601798760565084,3.1287935886980187,-0.9999180930870962,APO,5
2456762.7715794,2014.28567556,-0.0191886425018,0.031601798760565084,3.12933539312526,-0.9999248807234554,APO,5
2456762.774587,2014.2856838,-0.0148946046829,0.031601798760565084,3.12991671924607,-0.9999318370529792,APO,5
2456762.77776615,2014.28569251,0.0123010873795,0.031601798760565084,3.130524225207591,-0.9999387455719351,APO,5
2456762.78083215,2014.28570091,-0.0191870927811,0.031601798760565084,3.1311021621967345,-0.9999449752997931,APO,5
2456762.78516835,2014.28571279,0.0218813419342,0.031601798760565084,3.131903451784196,-0.9999530600514163,APO,5
2456762.78817595,2014.28572103,-0.00355112552643,0.031601798760565084,3.1324458243687316,-0.9999581680492556,APO,5
2456762.7906616,2014.28572784,0.017555475235,0.031601798760565084,3.1328840856534383,-0.9999620806618974,APO,5
2456762.79546135,2014.28574099,-0.0288009643555,0.031601798760565084,3.133698904594098,-0.9999688445251751,APO,5
2456762.7983558,2014.28574892,0.000988483428955,0.031601798760565084,3.134165567246935,-0.9999724193210111,APO,5
2456762.80066625,2014.28575525,0.0258049964905,0.031601798760565084,3.1345216533702294,-0.99997500058211,APO,5
2456762.8028088,2014.28576112,0.0472750663757,0.031601798760565084,3.1348366393303193,-0.999977178222469,APO,5
2456762.80592955,2014.28576967,-0.0101329088211,0.031601798760565084,3.1352646233447983,-0.9999799780834224,APO,5
2456762.80806845,2014.28577553,0.00375986099243,0.031601798760565084,3.13553330862908,-0.9999816422254918,APO,5
2456762.81130965,2014.28578441,0.0286475419998,0.031601798760565084,3.135895089390286,-0.9999837689250044,APO,5
2456762.8136785,2014.2857909,0.0289039611816,0.031601798760565084,3.136119457969175,-0.9999850221022389,APO,5
2456762.8159926,2014.28579724,-0.0173490047455,0.031601798760565084,3.1363012795980754,-0.9999860007133033,APO,5
2456762.81865345,2014.28580453,-0.00427830219269,0.031601798760565084,3.1364595981993273,-0.9999868259001055,APO,5
2456762.8233364,2014.28581736,0.00979816913605,0.031601798760565084,3.136592342780697,-0.9999874984719543,APO,5
2456762.82888805,2014.28583257,-0.0178215503693,0.031601798760565084,3.1364950472875424,-0.999987007233129,APO,5
2456762.83114375,2014.28583875,-0.00686144828796,0.031601798760565084,3.136378845580134,-0.9999864081338091,APO,5
2456762.8336294,2014.28584556,0.0267106294632,0.031601798760565084,3.1362038722439345,-0.9999854805529391,APO,5
2456762.83629025,2014.28585285,-0.0182852745056,0.031601798760565084,3.13596713725787,-0.9999841768247286,APO,5
2456762.8388927,2014.28585998,-0.00850641727448,0.031601798760565084,3.1356919355215425,-0.999982590813653,APO,5
2456762.8411484,2014.28586616,0.0189893245697,0.031601798760565084,3.135422935856535,-0.9999809673519199,APO,5
2456762.84398445,2014.28587393,-0.0106701850891,0.031601798760565084,3.135050216514617,-0.9999785983348977,APO,5
2456762.84612335,2014.28587979,0.00828588008881,0.031601798760565084,3.1347472074639806,-0.9999765700251638,APO,5
2456762.84883895,2014.28588723,0.00641298294067,0.031601798760565084,3.1343394206030624,-0.9999736954209427,APO,5
2456762.85410225,2014.28590165,-0.00386798381805,0.031601798760565084,3.1334895371116502,-0.999967169931308,APO,5
2456762.8612161,2014.28592114,0.00917685031891,0.031601798760565084,3.132249091912525,-0.99995634924516,APO,5
2456762.863647,2014.2859278,-0.0158381462097,0.031601798760565084,3.131807344211378,-0.9999521242422039,APO,5
2456762.86682615,2014.28593651,-0.0246948003769,0.031601798760565084,3.131218911313637,-0.9999461932181292,APO,5
2456762.86989215,2014.28594491,0.015909910202,0.031601798760565084,3.1306416019484518,-0.9999400378332275,APO,5
2456762.8723778,2014.28595172,0.0398056507111,0.031601798760565084,3.130167504292306,-0.9999347336917259,APO,5
2456762.87717755,2014.28596487,0.0362800359726,0.031601798760565084,3.129239107291302,-0.9999236959173308,APO,5
2456762.8818605,2014.2859777,0.0238789319992,0.031601798760565084,3.1283197405456673,-0.9999119161828184,APO,5
2456781.50822295,2014.33700883,0.00557565689087,0.031601798760565084,0.97394588325124,0.5620402360367452,APO,5
2456781.51215765,2014.33701961,-0.00999772548676,0.031601798760565084,0.9747091283168071,0.5614087848481534,APO,5
2456781.51591715,2014.33702991,0.00517153739929,0.031601798760565084,0.9754383400757701,0.5608051847406044,APO,5
2456781.5198482,2014.33704068,0.0428711175919,0.031601798760565084,0.9762007762504946,0.5601737644545343,APO,5
2456781.5236661,2014.33705114,0.0303785800934,0.031601798760565084,0.9769412174402863,0.5595602478862859,APO,5
2456781.527192,2014.3370608,-0.000488758087158,0.031601798760565084,0.9776249851972062,0.558993417463996,APO,5
2456781.5332072,2014.33707728,-0.00485157966614,0.031601798760565084,0.978791400641748,0.5580258782860382,APO,5
2456781.5356381,2014.33708394,-0.0322326421738,0.031601798760565084,0.9792627456364872,0.5576346831379071,APO,5
2456786.52406025,2014.35075085,0.0174443721771,0.031601798760565084,1.932598878178002,-0.3539606621724239,APO,5
2456786.5287432,2014.35076368,0.042250752449,0.031601798760565084,1.93350848135848,-0.35481123137910825,APO,5
2456786.5326779,2014.35077446,0.0330836772919,0.031601798760565084,1.934272807778508,-0.3555257254544238,APO,5
2456786.53591545,2014.35078333,0.0641312599182,0.031601798760565084,1.9349017529073336,-0.3561135090373297,APO,5
2456786.53944135,2014.35079299,0.0372042655945,0.031601798760565084,1.935586757687605,-0.3567535231571515,APO,5
2456800.8690968,2014.39005232,0.0703729391098,0.031601798760565084,1.157114314412311,0.4019834685670871,APO,5
2456800.87314465,2014.39006341,0.0591515302658,0.031601798760565084,1.156209522117491,0.40281177419474445,APO,5
2456800.87690415,2014.39007371,0.0803678035736,0.031601798760565084,1.1553692309480108,0.4035807359805341,APO,5
2456800.8802585,2014.3900829,0.0349630117416,0.031601798760565084,1.154619534476219,0.4042665528169533,APO,5
2456800.88349605,2014.39009177,0.0689203739166,0.031601798760565084,1.153895977804411,0.4049282416897708,APO,5
2456800.8861569,2014.39009906,0.0507419109344,0.031601798760565084,1.1533013328358082,0.40547188278132634,APO,5
2456800.88846735,2014.39010539,0.0412484407425,0.031601798760565084,1.152785013800918,0.40594379982478745,APO,5
2456800.8904931,2014.39011094,0.0715092420578,0.031601798760565084,1.1523323314390757,0.40635746374157705,APO,5
2456800.8928656,2014.39011744,0.0516763925552,0.031601798760565084,1.151802179993646,0.40684181350918674,APO,5
2456800.89459935,2014.39012219,0.0604790449142,0.031601798760565084,1.1514147732716626,0.407195678478157,APO,5
2456800.8963331,2014.39012694,0.0421390533447,0.031601798760565084,1.151027376502833,0.4075494732445329,APO,5
2456823.85080715,2014.45301591,0.00643181800842,0.031601798760565084,2.607714180508899,-0.860839888572451,APO,5
2456823.85607045,2014.45303033,-0.0169744491577,0.031601798760565084,2.6064511411032028,-0.8601964717879643,APO,5
2456823.859308,2014.4530392,0.0111738443375,0.031601798760565084,2.60567420636116,-0.8598000044131233,APO,5
2456823.8663087,2014.45305838,-0.0186411142349,0.031601798760565084,2.6039941632862154,-0.8589409094377505,APO,5
2456823.8727838,2014.45307612,-0.0357974767685,0.031601798760565084,2.6024402043829498,-0.8581441296149546,APO,5
2456823.8752147,2014.45308278,-0.00852239131927,0.031601798760565084,2.601856800648709,-0.8578444589495822,APO,5
2456823.87746675,2014.45308895,-0.0169206857681,0.031601798760565084,2.601316314226106,-0.8575665726040562,APO,5
2456830.85423005,2014.47220337,-0.000379800796509,0.031601798760565084,1.0105605483783466,0.5313859476228127,APO,5
2456830.8612271002,2014.47222254,-0.0456886291504,0.031601798760565084,1.0090837566002377,0.5326364021050877,APO,5
2456830.8685125,2014.4722425,-0.00542616844177,0.031601798760565084,1.0075463484871456,0.533936948518271,APO,5
2456830.87047985,2014.47224789,0.0140616893768,0.031601798760565084,1.0071312290710426,0.5342878960551082,APO,5
2456830.87267715,2014.47225391,-0.0239716768265,0.031601798760565084,1.0066676105048225,0.5346797365886393,APO,5
2456902.4350626,2014.66831524,-0.0180857181549,0.031601798760565084,1.4562286255947448,0.11431723431194565,APO,5
2456902.43905205,2014.66832617,0.00398623943329,0.031601798760565084,1.4570813336719004,0.11347007487824622,APO,5
2456902.44130775,2014.66833235,-0.00135850906372,0.031601798760565084,1.4575635128768083,0.11299099669686274,APO,5
2456902.44368025,2014.66833885,-0.0261231660843,0.031601798760565084,1.4580706937271408,0.11248704931584236,APO,5
2456902.445414,2014.6683436,-0.0214591026306,0.031601798760565084,1.4584413482458862,0.11211873955200816,APO,5
2456912.62837015,2014.69624211,-0.0224159955978,0.031601798760565084,2.412700121603956,-0.7459124820115692,APO,5
2456933.5576125,2014.7535825,0.00212156772614,0.031601798760565084,1.8536549363936852,-0.2791017979835123,APO,5
2456933.5612552,2014.75359248,0.00536549091339,0.031601798760565084,1.8544957964167699,-0.27990914474320805,APO,5
2456933.56460955,2014.75360167,-0.00654876232147,0.031601798760565084,1.8552701542446162,-0.28065246477912764,APO,5
2456933.56732515,2014.75360911,-0.011133313179,0.031601798760565084,1.8558970967597657,-0.2812541549386361,APO,5
2456933.57062475,2014.75361815,0.00671970844269,0.031601798760565084,1.8566589152421715,-0.28198513964867905,APO,5
2456933.5744974,2014.75362876,-0.00206053256989,0.031601798760565084,1.8575531101434946,-0.28284293417348116,APO,5
2456933.5820748,2014.75364952,0.0194356441498,0.031601798760565084,1.8593029490029547,-0.2845208866517739,APO,5
2456936.5745857,2014.76184818,-0.016912817955,0.031601798760565084,2.5689312788581957,-0.8404618322038203,APO,5
2456936.5833165,2014.7618721,-0.019054889679,0.031601798760565084,2.571038518685165,-0.8416018169643474,APO,5
2456936.58678765,2014.76188161,0.0044139623642,0.031601798760565084,2.5718763273916507,-0.842054020760851,APO,5
2456936.5900836,2014.76189064,-0.0246744155884,0.031601798760565084,2.572671860847215,-0.8424828595964903,APO,5
2456936.5950549,2014.76190426,-0.0254517793655,0.031601798760565084,2.5738717895704033,-0.843128682306188,APO,5
2456936.59997145,2014.76191773,-0.00624752044678,0.031601798760565084,2.575058528167462,-0.843766211844015,APO,5
2456936.60297905,2014.76192597,-0.0295199155807,0.031601798760565084,2.575784503578215,-0.8441556283694317,APO,5
2456936.6063334,2014.76193516,-0.027151465416,0.031601798760565084,2.5765941883435057,-0.8445894221537699,APO,5
2456959.3178598,2014.82415852,-0.0234951972961,0.031601798760565084,1.0524092322057208,0.4954797818923785,APO,5
2456959.3248021,2014.82417754,-0.0399746894836,0.031601798760565084,1.0539521715174556,0.4941389655103497,APO,5
2456959.32884995,2014.82418863,0.00657892227173,0.031601798760565084,1.0548518780255887,0.4933565761379694,APO,5
2456959.33174075,2014.82419655,-0.0186361074448,0.031601798760565084,1.0554944386841656,0.49279755761390137,APO,5
2456959.3357886,2014.82420764,-0.00935447216034,0.031601798760565084,1.056394226419425,0.4920144133385677,APO,5
2456959.3393145,2014.8242173,-0.00806415081024,0.031601798760565084,1.057178029491269,0.4913318934680457,APO,5
2456959.34272725,2014.82422665,0.0166977643967,0.031601798760565084,1.057936713718376,0.4906709590822712,APO,5
2456959.34712185,2014.82423869,-0.00726103782654,0.031601798760565084,1.0589137213249395,0.48981941439687293,APO,5
2456959.3506514,2014.82424836,-0.0119251012802,0.031601798760565084,1.0596984513162926,0.4891351172770047,APO,5
2456978.81359385,2014.87757149,-0.0320113897324,0.031601798760565084,1.0630872714081667,0.48617655822249867,APO,5
2456978.81787165,2014.87758321,-0.0108588933945,0.031601798760565084,1.0622649005157623,0.48689503126667316,APO,5
2456978.82151435,2014.87759319,-0.0268869400024,0.031601798760565084,1.0615645776877332,0.48750661613824375,APO,5
2456978.8251023,2014.87760302,-0.0361076593399,0.031601798760565084,1.0608747404942633,0.4881088102567014,APO,5
2456978.828745,2014.877613,-0.0141985416412,0.031601798760565084,1.060174335904176,0.48871999155037404,APO,5
2456978.83140585,2014.87762029,-0.0172822475433,0.031601798760565084,1.0596626916761838,0.48916630680929335,APO,5
2456978.8337747,2014.87762678,-0.0361938476562,0.031601798760565084,1.0592071765033944,0.4895635520669344,APO,5
2456978.835972,2014.8776328,-0.0172116756439,0.031601798760565084,1.0587846336473425,0.489931952040123,APO,5
2456978.83782255,2014.87763787,-0.00296938419342,0.031601798760565084,1.0584287594758939,0.490242158119038,APO,5
2456978.83961835,2014.87764279,0.0103666782379,0.031601798760565084,1.0580834039429494,0.4905431360182071,APO,5
2456978.8415273,2014.87764802,-0.0174044370651,0.031601798760565084,1.0577162771513469,0.49086302344726646,APO,5
2456987.2874192502,2014.90078745,-0.00291645526886,0.031601798760565084,0.7387444236163777,0.739314596397298,APO,5
2456987.2957449,2014.90081026,0.00117874145508,0.031601798760565084,0.740641079216098,0.7380361350445417,APO,5
2456987.30014315,2014.90082231,-0.0189927816391,0.031601798760565084,0.7416430918712454,0.7373596454012764,APO,5
2456987.30517285,2014.90083609,0.0282533168793,0.031601798760565084,0.7427890065690987,0.736585095644379,APO,5
2456987.3087024,2014.90084576,-0.00993895530701,0.031601798760565084,0.743593171065587,0.7360409649954098,APO,5
2456987.31251665,2014.90085621,-0.0221402645111,0.031601798760565084,0.7444622272179573,0.7354523908568749,APO,5
2456987.3167397,2014.90086778,0.0367813110352,0.031601798760565084,0.7454244577696816,0.7348000657690754,APO,5
2456987.3202072,2014.90087728,0.00541567802429,0.031601798760565084,0.7462145596530994,0.7342639231925865,APO,5
2456992.53665945,2014.91516893,-0.00758898258209,0.031601798760565084,1.9379856169704928,-0.3589935053892343,APO,5
2456992.5406489,2014.91517986,-0.00740551948547,0.031601798760565084,1.9388880647535776,-0.3598356497564357,APO,5
2456992.54475515,2014.91519111,-0.0106850862503,0.031601798760565084,1.939816905457142,-0.36070211737218516,APO,5
2456992.5481095,2014.9152003,0.00727117061615,0.031601798760565084,1.9405756438329282,-0.3614096744009685,APO,5
2456992.55152225,2014.91520965,-0.0169080495834,0.031601798760565084,1.9413475722528055,-0.3621293182111625,APO,5
2456992.5554533,2014.91522042,-0.0284885168076,0.031601798760565084,1.942236710270273,-0.3629579652803306,APO,5
2456992.55944275,2014.91523135,-0.0195198059082,0.031601798760565084,1.9431390304414498,-0.36379860432004635,APO,5
2456992.5623372,2014.91523928,-0.00565218925476,0.031601798760565084,1.9437936702110545,-0.3644083086241642,APO,5
2456992.56840715,2014.91525591,-0.0115578174591,0.031601798760565084,1.9451664684839274,-0.36568636851162845,APO,5
2457022.54082015,2014.99737211,0.0101488828659,0.031601798760565084,2.069762093463376,-0.4785176572233356,APO,5
2457022.5433058,2014.99737892,0.0415136814117,0.031601798760565084,2.0702972870114147,-0.4789875303124716,APO,5
2457022.54584985,2014.99738589,0.0354200601578,0.031601798760565084,2.0708450289664464,-0.4794682782120893,APO,5
2457022.5475836,2014.99739064,0.00850582122803,0.031601798760565084,2.0712182957310414,-0.47979580849050996,APO,5
2457022.5492626,2014.99739524,0.00679707527161,0.031601798760565084,2.0715797634603863,-0.4801129217606309,APO,5
2457038.8098853356,2015.04194489,-0.0100713968277,0.031601798760565084,0.9814922896548516,0.5557825843672853,APO,5
2457038.8124877857,2015.04195202,0.0130593776703,0.031601798760565084,0.9809379265928244,0.5562433563032673,APO,5
2457038.8148018857,2015.04195836,0.0477818250656,0.031601798760565084,0.9804449435293344,0.5566529672090832,APO,5
2457038.816940786,2015.04196422,0.0128647089005,0.031601798760565084,0.9799892479856464,0.5570314762536678,APO,5
2457038.819079686,2015.04197008,-0.00957477092743,0.031601798760565084,0.979533517754455,0.5574098984248377,APO,5
2457038.8212185856,2015.04197594,-0.00730633735657,0.031601798760565084,0.9790777529319263,0.5577882335377562,APO,5
2457048.2675283854,2015.06785624,-0.00507152080536,0.031601798760565084,1.251458391313483,0.3139380366300441,APO,5
2457048.2709411355,2015.06786559,0.00805473327637,0.031601798760565084,1.2522341811890905,0.31320137359802475,APO,5
2457048.2744670357,2015.06787525,-0.0117106437683,0.031601798760565084,1.253035614855976,0.31244016217101533,APO,5
2457048.278456486,2015.06788618,-0.00921666622162,0.031601798760565084,1.2539423178556732,0.31157872273006737,APO,5
2457048.281986036,2015.06789585,-0.00801193714142,0.031601798760565084,1.2547444127590666,0.31081645568981836,APO,5
2457048.286902586,2015.06790932,0.006343126297,0.031601798760565084,1.2558615734673733,0.30975443426825566,APO,5
2457048.290023336,2015.06791787,0.0133217573166,0.031601798760565084,1.256570604789601,0.3090801977190465,APO,5
2457048.2925089863,2015.06792468,-0.0151026248932,0.031601798760565084,1.2571352977698738,0.30854310512738514,APO,5
2457048.2947062864,2015.0679307,-0.0178338289261,0.031601798760565084,1.2576344503695123,0.3080682675849683,APO,5
2457048.2976554865,2015.06793878,-0.00782155990601,0.031601798760565084,1.2583043611406688,0.3074308693445379,APO,5
2457061.5169010554,2015.10415589,-0.0205357074738,0.031601798760565084,2.3755927907417878,-0.7206895549440323,APO,5
2457061.5234929556,2015.10417395,-0.00693666934967,0.031601798760565084,2.3743515730154687,-0.7198285159714715,APO,5
2457061.527197706,2015.1041841,-0.00528705120087,0.031601798760565084,2.373653960430147,-0.7193440917283455,APO,5
2457063.7558184266,2015.11028991,0.000960230827332,0.031601798760565084,1.9486183875652472,-0.3688970161556524,APO,5
2457063.7584792767,2015.1102972,0.0140818357468,0.031601798760565084,1.948102214943134,-0.3684171999247255,APO,5
2457063.761428477,2015.11030528,0.0218373537064,0.031601798760565084,1.9475300745123982,-0.36788524325773475,APO,5
2457063.763859377,2015.11031194,0.0105545520782,0.031601798760565084,1.9470584586881243,-0.3674466603889466,APO,5
2457063.766286627,2015.11031859,-0.0215795040131,0.031601798760565084,1.9465875285491814,-0.3670086336287325,APO,5
2457063.768370777,2015.1103243,0.00825273990631,0.031601798760565084,1.946183148118275,-0.36663244186397925,APO,5
2457063.770568077,2015.11033032,0.00390112400055,0.031601798760565084,1.9457567956507904,-0.36623574476897425,APO,5
2457063.772995327,2015.11033697,0.00654745101929,0.031601798760565084,1.945285803503363,-0.36579743556120553,APO,5
2457063.775426227,2015.11034363,0.00619852542877,0.031601798760565084,1.9448140806058485,-0.36535836497627305,APO,5
2457063.7775651272,2015.11034949,-0.0561784505844,0.031601798760565084,1.9443990024462874,-0.36497195097619306,APO,5
2457063.7801091773,2015.11035646,0.00290846824646,0.031601798760565084,1.9439052775173644,-0.3645122394612298,APO,5
2457063.7823648774,2015.11036264,-0.00450682640076,0.031601798760565084,1.9434674921153474,-0.36410453939156384,APO,5
2457063.7850841274,2015.11037009,0.0215291976929,0.031601798760565084,1.942939715233719,-0.3636129394376909,APO,5
2457063.7874529776,2015.11037658,-0.0107346773148,0.031601798760565084,1.942479924085247,-0.36318458251688845,APO,5
2457063.7895371276,2015.11038229,-0.0128889083862,0.031601798760565084,1.9420753751414783,-0.362807627594691,APO,5
2457067.7692162036,2015.12128552,0.0228617191315,0.031601798760565084,1.1258389727838385,0.4304193871850326,APO,5
2457067.7719354536,2015.12129297,0.00572061538696,0.031601798760565084,1.125243080422407,0.43095718047422965,APO,5
2457067.775808104,2015.12130358,0.0247973203659,0.031601798760565084,1.124394329059735,0.4317229149415339,APO,5
2457067.7791077043,2015.12131262,0.0189714431763,0.031601798760565084,1.1236710734359776,0.4323751830807074,APO,5
2457067.7820569044,2015.1213207,0.0222537517548,0.031601798760565084,1.1230245482308139,0.43295806044100643,APO,5
2457067.7864515046,2015.12133274,-0.000938296318054,0.031601798760565084,1.1220610293301816,0.43382638882391467,APO,5
2457088.5686871135,2015.17827037,0.0102554559708,0.031601798760565084,2.892927041147106,-0.9692416917597014,APO,5
2457088.5761477137,2015.17829081,0.0553661584854,0.031601798760565084,2.8915264041912296,-0.9688960292208839,APO,5
2457088.580659114,2015.17830317,-0.0544617176056,0.031601798760565084,2.890679323820371,-0.9686860562215763,APO,5
2457091.7257255134,2015.18691979,0.026146531105,0.031601798760565084,2.287204596277616,-0.65668014099622,APO,5
2457091.7323174137,2015.18693785,0.0291866064072,0.031601798760565084,2.285912509169064,-0.6557051407975498,APO,5
2457091.7359053637,2015.18694768,0.0254083871841,0.031601798760565084,2.2852091708805222,-0.6551739462474068,APO,5
2457091.738912964,2015.18695592,0.0225974321365,0.031601798760565084,2.2846195650446677,-0.654728398119074,APO,5
2457091.742497264,2015.18696574,0.00521290302277,0.031601798760565084,2.283916865172765,-0.6541970908213889,APO,5
2457091.747355414,2015.18697905,0.0241993665695,0.031601798760565084,2.2829643608260333,-0.6534763921587188,APO,5
2457091.749494314,2015.18698491,-0.00290763378143,0.031601798760565084,2.282544976822571,-0.653158883280274,APO,5
2457096.734102372,2015.20064137,0.0143595933914,0.031601798760565084,1.2443251709687555,0.32070258170156807,APO,5
2457109.2619795194,2015.23496432,0.00372087955475,0.031601798760565084,1.6590738313868587,-0.08816289270273411,APO,5
2457109.2649287195,2015.2349724,0.0207906961441,0.031601798760565084,1.659662061928397,-0.08874881742957041,APO,5
2457109.2684546197,2015.23498206,0.00835680961609,0.031601798760565084,1.6603652581417665,-0.08944921685748235,APO,5
2457109.27221412,2015.23499236,0.0656951665878,0.031601798760565084,1.6611149714444458,-0.09019589963933594,APO,5
2457109.27620722,2015.2350033,-0.00128555297852,0.031601798760565084,1.6619111881691788,-0.09098884234491272,APO,5
2457109.27990832,2015.23501344,-0.0237404108047,0.031601798760565084,1.6626491065089115,-0.09172367489494077,APO,5
2457109.28343422,2015.2350231,-0.0213632583618,0.031601798760565084,1.663352027533735,-0.09242361003725257,APO,5
2457109.2867301702,2015.23503213,0.00205647945404,0.031601798760565084,1.6640090474407625,-0.09307779775766692,APO,5
2457109.2908948204,2015.23504354,0.0081479549408,0.031601798760565084,1.6648391547074861,-0.0939042692311969,APO,5
2457114.4953168356,2015.24930223,0.00752782821655,0.031601798760565084,2.6628680133204994,-0.8875831358172476,APO,5
2457114.4985543857,2015.2493111,0.000165104866028,0.031601798760565084,2.663481340133563,-0.8878654963601341,APO,5
2457114.502025536,2015.24932061,-0.00251007080078,0.031601798760565084,2.6641389290602335,-0.8881678630735917,APO,5
2457114.508905786,2015.24933946,0.00323557853699,0.031601798760565084,2.6654423782355767,-0.8887660682684696,APO,5
2457114.512376936,2015.24934897,-0.0137162208557,0.031601798760565084,2.6660999937533973,-0.8890673014259503,APO,5
2457114.5149209863,2015.24935594,0.00609838962555,0.031601798760565084,2.666581974241831,-0.8892878374960431,APO,5
2457114.5187388863,2015.2493664,0.00913214683533,0.031601798760565084,2.667305299784161,-0.8896184162793651,APO,5
2457119.5319702453,2015.26310128,0.0244692564011,0.031601798760565084,2.6450149878255593,-0.8792181738402556,APO,5
2457119.548913546,2015.2631477,0.00339901447296,0.031601798760565084,2.6416330892620596,-0.8776019470668797,APO,5
2457119.552037946,2015.26315626,0.028491973877,0.031601798760565084,2.6410093604871214,-0.8773027670059941,APO,5
2457119.556027396,2015.26316719,0.0134152173996,0.031601798760565084,2.6402128971005268,-0.8769202362631446,APO,5
2457119.559034996,2015.26317543,0.0138131380081,0.031601798760565084,2.639612420474119,-0.8766314675409316,APO,5
2457122.6677291445,2015.2716924,0.0434774160385,0.031601798760565084,2.0017650821261217,-0.4177511720934996,APO,5
2457122.6711966447,2015.2717019,0.0409222841263,0.031601798760565084,2.00103137920822,-0.4170844455043527,APO,5
2457122.6747261947,2015.27171157,0.0296581983566,0.031601798760565084,2.0002844883702107,-0.4164055042465099,APO,5
2457122.677905345,2015.27172028,0.0159087181091,0.031601798760565084,1.9996116953488656,-0.41579372076250043,APO,5
2457122.681434895,2015.27172995,-0.0237063169479,0.031601798760565084,1.9988646921890179,-0.41511423610697,APO,5
2457122.684614045,2015.27173866,0.0154097080231,0.031601798760565084,1.9981917979523887,-0.4145019636584939,APO,5
2457122.686406195,2015.27174357,0.0279752016068,0.031601798760565084,1.9978124529556396,-0.4141567115288501,APO,5
2457122.688661895,2015.27174975,0.0311412811279,0.031601798760565084,1.9973349664974667,-0.4137220534889216,APO,5
2457122.6910343952,2015.27175625,0.00910937786102,0.031601798760565084,1.9968327297455615,-0.4132647633621326,APO,5
2457122.6932316953,2015.27176227,-0.0133340358734,0.031601798760565084,1.9963675573712092,-0.4128411276245561,APO,5
2457122.6956041954,2015.27176877,0.00705397129059,0.031601798760565084,1.9958652690840069,-0.41238358985920454,APO,5
2457134.260249962,2015.30345273,-0.0158553123474,0.031601798760565084,0.6940099644188689,0.7686873296475294,APO,5
2457134.263779512,2015.3034624,0.00947904586792,0.031601798760565084,0.6947932439426229,0.7681860889433988,APO,5
2457134.2675390122,2015.3034727,0.00703370571136,0.031601798760565084,0.6956274491117834,0.7676517413547576,APO,5
2457134.2701414623,2015.30347983,-0.0103322267532,0.031601798760565084,0.6962048500280069,0.7672815760862609,APO,5
2457134.2725103125,2015.30348632,-0.00120091438293,0.031601798760565084,0.6967303774217857,0.7669444439840251,APO,5
2457134.2763866126,2015.30349694,-0.0218728780746,0.031601798760565084,0.697590238510001,0.7663923760566453,APO,5
2457134.2835588627,2015.30351659,0.00495159626007,0.031601798760565084,0.699180920669734,0.7653695960544594,APO,5
2457142.478871273,2015.3259695,0.0198413133621,0.031601798760565084,2.3293054103782955,-0.6878400099250592,APO,5
2457142.487777273,2015.3259939,0.00281608104706,0.031601798760565084,2.3309955524111166,-0.6890658373385569,APO,5
2457142.4941939735,2015.32601148,0.011012673378,0.031601798760565084,2.332213341892554,-0.6899478566838531,APO,5
2457142.5018297737,2015.3260324,0.000248789787292,0.031601798760565084,2.333662558939979,-0.6909961606981837,APO,5
2457143.4816540545,2015.32871685,0.0283826589584,0.031601798760565084,2.5203067417694283,-0.8131306239853793,APO,5
2457143.4850084046,2015.32872604,0.0355286598206,0.031601798760565084,2.5209483964104553,-0.8135039517076396,APO,5
2457143.4893482546,2015.32873793,0.0322756767273,0.031601798760565084,2.5217785979680998,-0.813986482813561,APO,5
2457143.499060905,2015.32876454,0.0359107255936,0.031601798760565084,2.523636725853426,-0.8150644334056409,APO,5
2457143.502013755,2015.32877263,0.0148817300797,0.031601798760565084,2.524201669866685,-0.8153916151141157,APO,5
2457143.5054812552,2015.32878213,0.0287835597992,0.031601798760565084,2.5248650978979357,-0.8157755006085536,APO,5
2457150.631387431,2015.34830516,0.0127400159836,0.031601798760565084,2.305223168379286,-0.6701618589744309,APO,5
2457150.6371726817,2015.34832101,0.00304818153381,0.031601798760565084,2.303975190317402,-0.6692350693259075,APO,5
2457150.6407569814,2015.34833083,-0.0038822889328,0.031601798760565084,2.3032019319070662,-0.6686602990614943,APO,5
2457150.6441697315,2015.34834018,0.00811052322388,0.031601798760565084,2.302465637721835,-0.6681126330493823,APO,5
2457150.6470021317,2015.34834794,-0.000699043273926,0.031601798760565084,2.3018545195691384,-0.6676577996537253,APO,5
2457150.651801882,2015.34836109,0.00100004673004,0.031601798760565084,2.300818857298015,-0.6668864239886327,APO,5
2457150.653940782,2015.34836695,-0.00710070133209,0.031601798760565084,2.3003573098687804,-0.6665424265738229,APO,5
2457150.658568982,2015.34837963,0.00427103042603,0.031601798760565084,2.299358544175977,-0.6657975472864542,APO,5
2457168.2479122397,2015.39656961,0.00412142276764,0.031601798760565084,1.575684205256374,-0.00488785899849333,APO,5
2457168.25178489,2015.39658022,0.00956249237061,0.031601798760565084,1.576420659714239,-0.005624303266855464,APO,5
2457168.25635469,2015.39659274,0.00441813468933,0.031601798760565084,1.5772896599935677,-0.006493287568625759,APO,5
2457168.26017259,2015.3966032,-0.00461113452911,0.031601798760565084,1.578015653126959,-0.00721926362194135,APO,5
2457168.2643919904,2015.39661476,-0.00643229484558,0.031601798760565084,1.5788179675327476,-0.008021554710415853,APO,5
2457168.2689033905,2015.39662712,0.0155888795853,0.031601798760565084,1.5796757752962518,-0.008879331819045872,APO,5
2457168.2729512407,2015.39663821,0.00488829612732,0.031601798760565084,1.5804454162476584,-0.009648939723830232,APO,5
2457168.276188791,2015.39664708,-0.00426173210144,0.031601798760565084,1.5810609723249829,-0.010264465278817228,APO,5
2457168.279659941,2015.39665659,-0.0137763023376,0.031601798760565084,1.5817209251997435,-0.010924381103408515,APO,5
2457174.4088532855,2015.4134489,0.0305120944977,0.031601798760565084,2.7659526526938243,-0.9302730166130451,APO,5
2457174.4154451857,2015.41346696,0.0485543012619,0.031601798760565084,2.767272396665847,-0.9307563781379191,APO,5
2457174.4191462854,2015.4134771,0.0263087749481,0.031601798760565084,2.7680133767083897,-0.9310270544936945,APO,5
2457174.422329086,2015.41348582,0.0099550485611,0.031601798760565084,2.7686505867986817,-0.9312594153907364,APO,5
2457174.4258549856,2015.41349548,0.0328521728516,0.031601798760565084,2.7693564824978365,-0.9315163812722274,APO,5
2457174.4310598862,2015.41350974,0.00537359714508,0.031601798760565084,2.7703985101835342,-0.9318948602856957,APO,5
2457174.4338375363,2015.41351735,0.024894118309,0.031601798760565084,2.770954594461793,-0.9320964238102073,APO,5
2457174.4374802364,2015.41352733,0.0430105924606,0.031601798760565084,2.771683855968895,-0.9323603219162132,APO,5
2457194.2504729144,2015.4678095,0.00494062900543,0.031601798760565084,0.8624179146185498,0.6506031641628519,APO,5
2457197.2399763092,2015.47599992,0.0306769609451,0.031601798760565084,1.4342569913117378,0.1361154805249339,APO,5
2457197.2442541094,2015.47601164,0.0212454795837,0.031601798760565084,1.4350667313914647,0.13531323217786445,APO,5
2457197.2509044097,2015.47602986,-0.0185636281967,0.031601798760565084,1.4363255583669725,0.1340658759141088,APO,5
2457197.25946366,2015.47605331,-0.0256775617599,0.031601798760565084,1.437945726872084,0.13246015835136127,APO,5
2457265.387386796,2015.66270518,0.00788986682892,0.031601798760565084,2.866719495720137,-0.9624596334779236,APO,5
2457265.392361746,2015.66271881,-0.0439990758896,0.031601798760565084,2.8654984273221578,-0.9621274877254545,APO,5
2457265.3999354965,2015.66273956,0.0193967819214,0.031601798760565084,2.86363933712762,-0.9616190375840398,APO,5
2457265.4038117966,2015.66275018,-0.0233175754547,0.031601798760565084,2.862687766716121,-0.9613575026648107,APO,5
2457265.409476597,2015.6627657,-0.00759816169739,0.031601798760565084,2.8612970590578692,-0.9609737071067278,APO,5
2457265.412371047,2015.66277363,-0.0103951692581,0.031601798760565084,2.860586432063477,-0.9607768768296812,APO,5
2457265.415838547,2015.66278313,-0.0247939825058,0.031601798760565084,2.8597350784597175,-0.9605404291247315,APO,5
2457265.419656447,2015.66279359,-0.00550270080566,0.031601798760565084,2.858797649944939,-0.9602792703695459,APO,5
2457269.5672209286,2015.67415678,0.00806546211243,0.031601798760565084,1.86872723698425,-0.2935428984959771,APO,5
2457269.5704584788,2015.67416565,0.018646478653,0.031601798760565084,1.8679952996755695,-0.29284312745781566,APO,5
2457269.573754429,2015.67417468,-0.000453352928162,0.031601798760565084,1.867250236813176,-0.2921306465629829,APO,5
2457269.578959329,2015.67418894,-0.000665545463562,0.031601798760565084,1.866073807033145,-0.29100533261384526,APO,5
2457269.5886756293,2015.67421556,-0.0212228298187,0.031601798760565084,1.8638782156197398,-0.2889040635297389,APO,5
2457269.5909313294,2015.67422174,-0.0336933135986,0.031601798760565084,1.8633685923107328,-0.28841613405537736,APO,5
2457269.5948076295,2015.67423236,-0.0418838262558,0.031601798760565084,1.862492917259134,-0.28757756020142466,APO,5
2457269.6000125296,2015.67424662,-0.0244196653366,0.031601798760565084,1.8613172747553635,-0.28645138147300897,APO,5
2457273.5699205557,2015.68512308,-0.0438115596771,0.031601798760565084,1.0159013177583982,0.526854065433086,APO,5
2457273.572811356,2015.685131,-0.0157984495163,0.031601798760565084,1.0153170476255016,0.5273505792431052,APO,5
2457273.575932106,2015.68513955,-0.0204883813858,0.031601798760565084,1.014686341345842,0.5278863525165527,APO,5
2457273.5792864556,2015.68514874,-0.00312829017639,0.031601798760565084,1.0140084705771333,0.5284619570119978,APO,5
2457273.5920687565,2015.68518376,-0.0125977993011,0.031601798760565084,1.0114257703053247,0.5306527934970424,APO,5
2457273.5939193065,2015.68518883,-0.014423251152,0.031601798760565084,1.0110519187908955,0.5309696289478254,APO,5
2457273.5989490063,2015.68520261,0.00251483917236,0.031601798760565084,1.0100358828719338,0.5318303342733254,APO,5
2457273.6014967067,2015.68520959,-0.0132057666779,0.031601798760565084,1.009521269695718,0.5322660644788817,APO,5
2457283.131194409,2015.71131835,0.00606322288513,0.031601798760565084,0.8257117560360769,0.6780339749728448,APO,5
2457283.135822609,2015.71133103,0.0176591873169,0.031601798760565084,0.8266014101864475,0.6773797837412644,APO,5
2457283.1385382093,2015.71133847,0.0374414920807,0.031601798760565084,0.8271234377425785,0.6769956705094705,APO,5
2457283.1432248093,2015.71135131,0.00791835784912,0.031601798760565084,0.8280243949987677,0.6763323030055364,APO,5
2457283.1464623595,2015.71136018,0.0272880792618,0.031601798760565084,0.8286468139983729,0.6758737002814923,APO,5
2457283.151145309,2015.71137301,0.00359702110291,0.031601798760565084,0.8295471526722278,0.6752098611107102,APO,5
2457283.1539229597,2015.71138062,-0.00147068500519,0.031601798760565084,0.830081203928021,0.6748158349202973,APO,5
2457283.1569889598,2015.71138902,0.0320580005646,0.031601798760565084,0.8306707155295299,0.6743806662784753,APO,5
2457283.1569889598,2015.71138902,0.0320580005646,0.031601798760565084,0.8306707155295299,0.6743806662784753,APO,5
2457283.1581423595,2015.71139218,-0.040869474411,0.031601798760565084,0.8308924896000275,0.6742168953024799,APO,5
2457283.1600513095,2015.71139741,0.0337933301926,0.031601798760565084,0.8312595464171153,0.6739457661717906,APO,5
2457283.1626537596,2015.71140454,0.0203337669373,0.031601798760565084,0.8317599640890253,0.6735759828237599,APO,5
2457293.140889026,2015.73874217,0.0646158456802,0.031601798760565084,3.022510806302126,-0.9929181314552485,APO,5
2457293.1435498763,2015.73874946,0.0489475727081,0.031601798760565084,3.0231743314929678,-0.9929967400710273,APO,5
2457293.1558686267,2015.73878321,0.0553600788116,0.031601798760565084,3.0262462104419363,-0.9933549714960395,APO,5
2457293.160898327,2015.73879699,0.065291762352,0.031601798760565084,3.027500445235469,-0.9934985410638255,APO,5
2457293.163905927,2015.73880523,0.0650672912598,0.031601798760565084,3.0282504360076623,-0.9935836442250203,APO,5
2457293.166741977,2015.738813,0.0636501312256,0.031601798760565084,3.0289576466970676,-0.9936633810655912,APO,5
2457293.168738527,2015.73881847,-0.00250315666199,0.031601798760565084,3.0294555147847366,-0.9937192167906901,APO,5
2457293.169399177,2015.73882028,0.0607045888901,0.031601798760565084,3.0296202570067425,-0.9937376383345546,APO,5
2457293.1769181774,2015.73884088,0.0544344186783,0.031601798760565084,3.0314952152331243,-0.9939453966210567,APO,5
2457293.179400177,2015.73884768,-0.0259240865707,0.031601798760565084,3.0321141293152354,-0.9940132095264862,APO,5
2457293.1813711775,2015.73885308,0.0703364610672,0.031601798760565084,3.0326056183338723,-0.9940667895381664,APO,5
2457293.1836852776,2015.73885942,0.041885137558,0.031601798760565084,3.033182660677028,-0.9941293897383644,APO,5
2457293.1855358277,2015.73886449,0.0690786838531,0.031601798760565084,3.033644110791767,-0.9941792117648258,APO,5
2457293.1877915277,2015.73887067,0.0673190355301,0.031601798760565084,3.0342065862092293,-0.9942396550393655,APO,5
2457293.1901056278,2015.73887701,0.0480806827545,0.031601798760565084,3.0347836213685357,-0.994301336019949,APO,5
2457293.192649678,2015.73888398,0.0658452510834,0.031601798760565084,3.035417992588858,-0.9943687637684728,APO,5
2457293.195076928,2015.73889063,0.0696014165878,0.031601798760565084,3.0360232356137162,-0.9944327224402152,APO,5
2457293.197215828,2015.73889649,0.0558426380157,0.031601798760565084,3.0365565745139844,-0.9944887807554434,APO,5
2457293.2040997283,2015.73891535,0.0521976947784,0.031601798760565084,3.0382730669378355,-0.9946672779128214,APO,5
2457293.2060415284,2015.73892067,-0.0110347270966,0.031601798760565084,3.038757246065942,-0.9947170975534858,APO,5
2457293.2067021783,2015.73892248,0.05937063694,0.031601798760565084,3.0389219754701147,-0.9947339942312724,APO,5
2457293.2090710285,2015.73892897,0.0476368665695,0.031601798760565084,3.0395126321140173,-0.994794357340456,APO,5
2457293.2112719784,2015.738935,0.0354707241058,0.031601798760565084,3.040061419611778,-0.9948501305363434,APO,5
2457293.2133524786,2015.7389407,0.063493847847,0.031601798760565084,3.0405801699603576,-0.9949025755944365,APO,5
2457293.2178638787,2015.73895306,0.0785783529282,0.031601798760565084,3.041705024769549,-0.9950153773947107,APO,5
2457293.220174329,2015.73895939,0.0413572788239,0.031601798760565084,3.042281095313222,-0.9950726589699078,APO,5
2457293.222430029,2015.73896557,0.0502252578735,0.031601798760565084,3.042843509305357,-0.9951282640337105,APO,5
2457293.225149279,2015.73897302,0.0357165336609,0.031601798760565084,3.043521492641822,-0.9951948768351808,APO,5
2457296.5616362845,2015.74811408,-0.0575842857361,0.031601798760565084,2.418726623418453,-0.7499128276512174,APO,5
2457296.564877485,2015.74812296,-0.057056427002,0.031601798760565084,2.417957544719808,-0.7494038321687483,APO,5
2457296.574995285,2015.74815068,-0.0747545957565,0.031601798760565084,2.4155572761473327,-0.7478124254121402,APO,5
2457296.578061285,2015.74815908,-0.0743683576584,0.031601798760565084,2.4148300728124896,-0.7473294301094702,APO,5
2457296.5807221355,2015.74816637,-0.0718322992325,0.031601798760565084,2.4141990209891624,-0.74690997661361,APO,5
2457296.5854050852,2015.7481792,-0.0767353773117,0.031601798760565084,2.413088533171144,-0.7461711249215366,APO,5
2457296.5874892357,2015.74818491,-0.0694472789764,0.031601798760565084,2.4125943624186084,-0.7458420375725732,APO,5
2457313.0912312088,2015.79340064,-0.0489424467087,0.031601798760565084,0.8931628555158769,0.6269511168008074,APO,5
2457313.093892059,2015.79340793,-0.0426794290543,0.031601798760565084,0.8936948140677724,0.6265366012301135,APO,5
2457313.098053059,2015.79341933,-0.0621211528778,0.031601798760565084,0.8945267364544613,0.625887990841983,APO,5
2457313.100772309,2015.79342678,-0.0294662714005,0.031601798760565084,0.8950704399741329,0.6254638569317991,APO,5
2457313.104126659,2015.79343597,-0.0234053134918,0.031601798760565084,0.8957411673979264,0.6249403791016694,APO,5
2457313.1075394093,2015.79344532,-0.0562163591385,0.031601798760565084,0.8964236155596224,0.6244074651150368,APO,5
2457320.319497988,2015.81320411,0.0119667053223,0.031601798760565084,2.4830736720663933,-0.7908994021609677,APO,5
2457320.324414538,2015.81321758,0.000414967536926,0.031601798760565084,2.484264176546341,-0.7916273661947116,APO,5
2457320.3279988384,2015.8132274,-0.00769996643066,0.031601798760565084,2.4851321497696017,-0.7921574032021832,APO,5
2457320.3355178386,2015.813248,-0.00605499744415,0.031601798760565084,2.486953120273381,-0.7932674581862954,APO,5
2457320.338580189,2015.81325639,-0.0173863172531,0.031601798760565084,2.487694834289438,-0.7937188498285574,APO,5
2457320.340894289,2015.81326273,0.0066887140274,0.031601798760565084,2.4882553443703537,-0.7940596748864045,APO,5
2457320.343208389,2015.81326907,-0.00336992740631,0.031601798760565084,2.4888158762642143,-0.7944002637223639,APO,5
2457329.560736181,2015.83852257,0.010126709938,0.031601798760565084,1.661842238116175,-0.0909201780865676,APO,5
2457329.5648424313,2015.83853382,0.0164836645126,0.031601798760565084,1.6610182157899789,-0.09009953793470224,APO,5
2457329.5685435315,2015.83854396,0.00692844390869,0.031601798760565084,1.6602755820415613,-0.08935989987475344,APO,5
2457329.5721898815,2015.83855395,-0.00749552249908,0.031601798760565084,1.6595440128064323,-0.0886312335067976,APO,5
2457329.5755989817,2015.83856329,-0.0201563835144,0.031601798760565084,1.6588601137959802,-0.08795000530120757,APO,5
2457329.5786649818,2015.83857169,-0.00508034229279,0.031601798760565084,1.6582451023366915,-0.08733736048450244,APO,5
2457329.581150632,2015.8385785,0.0218690633774,0.031601798760565084,1.657746544231989,-0.08684069664033955,APO,5
2457329.583698332,2015.83858548,0.0144990682602,0.031601798760565084,1.6572355781110968,-0.08633164952739995,APO,5
2457329.586242382,2015.83859245,-0.00150883197784,0.031601798760565084,1.6567253819632326,-0.08582334700658105,APO,5
2457329.588498082,2015.83859863,-0.0265760421753,0.031601798760565084,1.6562730446404972,-0.08537266987651267,APO,5
2457329.590348632,2015.8386037,-0.00686550140381,0.031601798760565084,1.6559019746122854,-0.08500294872280897,APO,5
2457347.040086685,2015.8864112,-0.0110154151917,0.031601798760565084,1.8583773717871577,-0.2836334419421328,APO,5
2457347.0440761354,2015.88642213,-0.0126662254333,0.031601798760565084,1.8592929291732845,-0.28451128092896943,APO,5
2457347.0488758855,2015.88643528,-0.0333561897278,0.031601798760565084,1.8603945457605686,-0.2855671978194045,APO,5
2457347.0525185857,2015.88644526,-0.00813436508179,0.031601798760565084,1.8612306741978317,-0.2863684088569167,APO,5
2457347.0561065357,2015.88645509,-0.00789475440979,0.031601798760565084,1.8620542968059326,-0.28715744058752535,APO,5
2457347.060209136,2015.88646633,-0.0106445550919,0.031601798760565084,1.8629961330958285,-0.2880594824376478,APO,5
2457347.063275136,2015.88647473,-0.0160466432571,0.031601798760565084,1.8637000483397688,-0.2887334890649152,APO,5
2457347.065647636,2015.88648123,-0.0233935117722,0.031601798760565084,1.864244775085158,-0.28925497276866574,APO,5
2457347.067903336,2015.88648741,-0.0226775407791,0.031601798760565084,1.86476270913951,-0.28975072740453184,APO,5
2457347.0706773363,2015.88649501,-0.0145593881607,0.031601798760565084,1.8653996836046371,-0.2903603182089741,APO,5
2457348.292412675,2015.88984223,0.0428916215897,0.031601798760565084,2.1492424601791855,-0.5467235243257585,APO,5
2457348.2999280253,2015.88986282,0.015939116478,0.031601798760565084,2.151007099240754,-0.5482002278961711,APO,5
2457348.3035707255,2015.8898728,-7.8558921814e-05,0.031601798760565084,2.151862494188742,-0.5489154343535144,APO,5
2457348.3076185756,2015.88988389,-0.014876127243,0.031601798760565084,2.1528130833487396,-0.5497097626891648,APO,5
2457348.3105714256,2015.88989198,-0.00627219676971,0.031601798760565084,2.1535065613556053,-0.5502889312806415,APO,5
2457348.3150244257,2015.88990418,0.0118194818497,0.031601798760565084,2.154552408436316,-0.551161885610195,APO,5
2457348.316988126,2015.88990956,-0.00847959518433,0.031601798760565084,2.155013632085302,-0.551546671216203,APO,5
2457348.319590576,2015.88991669,-0.057229757309,0.031601798760565084,2.1556249028988907,-0.5520564560435102,APO,5
2457348.321729476,2015.88992255,0.00160360336304,0.031601798760565084,2.156127311621091,-0.552475298128048,APO,5
2457357.554295269,2015.91521725,0.00229477882385,0.031601798760565084,2.013903484442174,-0.4287486104923991,APO,5
2457357.557072919,2015.91522486,0.00800538063049,0.031601798760565084,2.0133443518095038,-0.42824340975071296,APO,5
2457357.560832419,2015.91523516,0.0246187448502,0.031601798760565084,2.0125876492763,-0.4275594828088403,APO,5
2457357.563894769,2015.91524355,0.0178931951523,0.031601798760565084,2.011971329798563,-0.42700225671042713,APO,5
2457357.5677126693,2015.91525401,-0.00856494903564,0.031601798760565084,2.0112030291622944,-0.4263073944725495,APO,5
2457357.5708370693,2015.91526257,0.0120006799698,0.031601798760565084,2.0105743508399776,-0.42573862145951435,APO,5
2457357.5730927694,2015.91526875,0.0161248445511,0.031601798760565084,2.010120504841398,-0.4253279168052828,APO,5
2457357.5752900694,2015.91527477,0.0318073034286,0.031601798760565084,2.009678438114457,-0.4249277874907884,APO,5
2457357.5774289696,2015.91528063,0.0153412818909,0.031601798760565084,2.0092481483496756,-0.42453823814449204,APO,5
2457357.5796846696,2015.91528681,-0.0041332244873,0.031601798760565084,2.0087943911217314,-0.4241273581174831,APO,5
2457357.58205352,2015.9152933,0.00897240638733,0.031601798760565084,2.0083179052642843,-0.423695803178137,APO,5
2457362.5620370274,2015.92893709,0.00188541412354,0.031601798760565084,1.0539319651758254,0.494156532458006,APO,5
2457362.5655045277,2015.92894659,0.0553455352783,0.031601798760565084,1.053280416731254,0.49472286612095007,APO,5
2457362.569205628,2015.92895673,0.020915389061,0.031601798760565084,1.0525849650838928,0.4953271292427409,APO,5
2457362.572559978,2015.92896592,0.000392436981201,0.031601798760565084,1.05195466070499,0.4958745803435712,APO,5
2457362.576261078,2015.92897606,-0.0205428600311,0.031601798760565084,1.051259190336628,0.4964784027725318,APO,5
2457362.578980328,2015.92898351,0.0194592475891,0.031601798760565084,1.0507482122192349,0.49692189202016007,APO,5
2457362.581294428,2015.92898985,0.0138494968414,0.031601798760565084,1.0503133621832295,0.49729920583071174,APO,5
2457362.5857474282,2015.92900205,0.00476729869843,0.031601798760565084,1.0494765735083127,0.49802501200569044,APO,5
2457375.0211518225,2015.96307165,-0.0223876237869,0.031601798760565084,1.5447906771902453,0.026002718460454117,APO,5
2457375.0245061726,2015.96308084,-0.0174577236176,0.031601798760565084,1.545551634272605,0.025242011223779816,APO,5
2457375.0268786727,2015.96308734,-0.0190463066101,0.031601798760565084,1.5460898669668441,0.02470394639654447,APO,5
2457375.0291927727,2015.96309368,-0.0220942497253,0.031601798760565084,1.546614862801721,0.024179107404300636,APO,5
2457375.031561623,2015.96310017,-0.00145435333252,0.031601798760565084,1.547152291910791,0.023641831950619877,APO,5
2457375.034164073,2015.9631073,-0.0249443054199,0.031601798760565084,1.5477427328613926,0.023051551945781353,APO,5
2457375.036302973,2015.96311316,-0.0141739845276,0.031601798760565084,1.5482280152658299,0.022566395796447623,APO,5
2457375.038558673,2015.96311934,-0.0329836606979,0.031601798760565084,1.5487398086191004,0.022054729840064468,APO,5
2457375.040642823,2015.96312505,-0.0205920934677,0.031601798760565084,1.5492126890980091,0.021581961934028327,APO,5
2457375.042840123,2015.96313107,0.000793814659119,0.031601798760565084,1.5497112529554693,0.021083511539277545,APO,5
2457375.0487385234,2015.96314723,-0.0204883813858,0.031601798760565084,1.551049642905281,0.01974540060554301,APO,5
2457375.0536550735,2015.9631607,0.007288813591,0.031601798760565084,1.5521653022535604,0.018629946708461378,APO,5
2457377.016720036,2015.96853896,-0.0293281078339,0.031601798760565084,2.0012600928744426,-0.41729230506619613,APO,5
2457377.031637586,2015.96857983,-0.00832426548004,0.031601798760565084,2.004694706782551,-0.42041111967673944,APO,5
2457377.0355722867,2015.96859061,-0.0215079784393,0.031601798760565084,2.0056006677660267,-0.42123295598968025,APO,5
2457377.038579887,2015.96859885,-0.00537967681885,0.031601798760565084,2.00629317491584,-0.4218609260102911,APO,5
2457377.0422225865,2015.96860883,0.00682544708252,0.031601798760565084,2.0071319269999113,-0.4226212409592032,APO,5
2457377.0473106867,2015.96862277,-0.0230557918549,0.031601798760565084,2.008303512101103,-0.4236827657416824,APO,5
2457390.555368225,2016.00561576,0.00999855995178,0.031601798760565084,1.4156871192555947,0.15448799667841612,APO,5
2457390.5588488854,2016.00562527,0.0344787836075,0.031601798760565084,1.415032135551455,0.155135083899812,APO,5
2457390.5627907054,2016.00563604,0.0083155632019,0.031601798760565084,1.4142903589826092,0.15586783722994715,APO,5
2457390.5663299253,2016.00564571,0.0169723033905,0.031601798760565084,1.413624332583956,0.15652568878059084,APO,5
2457390.5705059855,2016.00565712,0.00324046611786,0.031601798760565084,1.412838448501993,0.15730183755111923,APO,5
2457390.5735767256,2016.00566551,0.00381767749786,0.031601798760565084,1.41226056245124,0.1578725029535698,APO,5
2457390.5758971656,2016.00567185,0.00460517406464,0.031601798760565084,1.4118238706316322,0.15830370337450297,APO,5
2457390.5782761658,2016.00567835,0.00529885292053,0.031601798760565084,1.4113761531602653,0.15874575945752858,APO,5
2457390.5803623656,2016.00568405,0.00762593746185,0.031601798760565084,1.4109835352553188,0.15913338652370476,APO,5
2457390.5823351056,2016.00568944,0.021267414093,0.031601798760565084,1.4106122666010579,0.15949991315965756,APO,5
2457390.584655546,2016.00569578,-0.00854325294495,0.031601798760565084,1.4101755563966885,0.15993101735160523,APO,5
2457401.054023657,2016.03430061,0.0165394544601,0.031601798760565084,0.787368730300198,0.7057120079739065,APO,5
2457401.058258277,2016.03431218,-0.0149472951889,0.031601798760565084,0.7883352878222136,0.7050268735778796,APO,5
2457401.0616218173,2016.03432137,-0.0215975046158,0.031601798760565084,0.789103041595871,0.7044821897705379,APO,5
2457401.065333057,2016.03433151,-0.0104174613953,0.031601798760565084,0.789950182223979,0.703880702999037,APO,5
2457401.0710170376,2016.03434704,0.0109306573868,0.031601798760565084,0.7912476716467002,0.702958480412556,APO,5
2457401.0742048975,2016.03435575,-0.0297508239746,0.031601798760565084,0.7919753917454307,0.7024407173116797,APO,5
2457401.077740458,2016.03436541,-0.0273081064224,0.031601798760565084,0.7927825038847355,0.7018660327638855,APO,5
2457401.081510258,2016.03437571,0.0109831094742,0.031601798760565084,0.793643111719507,0.7012527542401331,APO,5
2457401.084061278,2016.03438268,-0.0119180679321,0.031601798760565084,0.7942254973503048,0.7008374452048848,APO,5
2457408.0692666587,2016.05346794,0.00823056697845,0.031601798760565084,2.377979805786552,-0.722342317308733,APO,5
2457408.076634239,2016.05348807,0.0317866802216,0.031601798760565084,2.3796048327446964,-0.723465127164035,APO,5
2457408.0811543395,2016.05350042,0.0164798498154,0.031601798760565084,2.380601723551496,-0.7241529820250868,APO,5
2457408.0846935594,2016.05351009,0.036158323288,0.031601798760565084,2.3813822407330054,-0.7246910367670677,APO,5
2457408.0917683397,2016.05352942,0.00456631183624,0.031601798760565084,2.382942351529009,-0.7257651861021687,APO,5
2457415.3664541095,2016.07340561,-0.0212153196335,0.031601798760565084,2.381261083960997,-0.7246075454736035,APO,5
2457415.3695285097,2016.07341401,-0.0131446123123,0.031601798760565084,2.380669240064303,-0.7241995424197905,APO,5
2457415.37300917,2016.07342352,0.0174930095673,0.031601798760565084,2.379999220594374,-0.7237373408540243,APO,5
2457415.37712667,2016.07343477,-0.0267693996429,0.031601798760565084,2.3792066552511,-0.723190183636634,APO,5
2457415.37996683,2016.07344253,-0.00960552692413,0.031601798760565084,2.3786599893258367,-0.7228125213532457,APO,5
2457416.603076649,2016.07678436,0.00302493572235,0.031601798760565084,2.14514266158375,-0.5432861237247787,APO,5
2457416.606787889,2016.0767945,-0.00391209125519,0.031601798760565084,2.14443908316559,-0.5426953017253601,APO,5
2457416.6098037288,2016.07680274,-0.000552654266357,0.031601798760565084,2.1438673570476827,-0.5422150033403428,APO,5
2457416.613163609,2016.07681192,0.0134440660477,0.031601798760565084,2.1432304287411488,-0.5416797208932583,APO,5
2457416.6164722494,2016.07682096,-0.0128304958344,0.031601798760565084,2.142603233524055,-0.5411524035181746,APO,5
2457416.6229650895,2016.0768387,-0.0165573358536,0.031601798760565084,2.1413724887472227,-0.5401170304478212,APO,5
2457416.6278365497,2016.07685201,-0.042817234993,0.031601798760565084,2.140449132151002,-0.5393397127058407,APO,5
2457416.63201261,2016.07686342,-0.0154137611389,0.031601798760565084,2.1396576177732984,-0.5386730188463074,APO,5
2457422.622181079,2016.09323,3.21865081787e-05,0.031601798760565084,0.9879060696067573,0.5504392366313571,APO,5
2457422.625255479,2016.0932384,0.0111002922058,0.031601798760565084,0.9872808056571845,0.5509611463814864,APO,5
2457422.629080179,2016.09324885,-0.0308828353882,0.031601798760565084,0.9865028656899113,0.5516101945351235,APO,5
2457422.6322131394,2016.09325741,-0.0162080526352,0.031601798760565084,0.9858655572341448,0.5521416627530558,APO,5
2457422.6359243793,2016.09326755,0.017226934433,0.031601798760565084,0.9851105359731929,0.5527710045296771,APO,5
2457422.6391707994,2016.09327642,0.0341876745224,0.031601798760565084,0.9844500083307223,0.5533213235152956,APO,5
2457422.64276492,2016.09328624,0.0087286233902,0.031601798760565084,0.9837186599767689,0.5539303651817892,APO,5
2457430.135784337,2016.11375897,0.015823841095,0.031601798760565084,0.7143007594740841,0.7555514908448234,APO,5
2457430.140421557,2016.11377164,-0.0136342048645,0.031601798760565084,0.7154010171642161,0.7548302666662744,APO,5
2457430.143843657,2016.11378099,-0.0231090784073,0.031601798760565084,0.7162129535912324,0.7542974524386751,APO,5
2457430.147207197,2016.11379018,0.00192904472351,0.031601798760565084,0.717010984339184,0.7537732789227958,APO,5
2457430.150859877,2016.11380016,0.044895529747,0.031601798760565084,0.7178776032202792,0.7532035107151991,APO,5
2457430.153410897,2016.11380713,-0.0196756124496,0.031601798760565084,0.7184828389514992,0.7528052562527632,APO,5
2457430.1577626374,2016.11381902,0.00466787815094,0.031601798760565084,0.7195152844020297,0.7521252548458669,APO,5
2457430.1601965376,2016.11382567,-0.0108803510666,0.031601798760565084,0.7200927159046885,0.7517445904632322,APO,5
2457434.1426060633,2016.12470657,-0.00101327896118,0.031601798760565084,1.64213710780507,-0.07128028150671747,APO,5
2457434.1464893236,2016.12471718,0.00776016712189,0.031601798760565084,1.6430059175378071,-0.07214685425909326,APO,5
2457434.1501456634,2016.12472717,0.00709676742554,0.031601798760565084,1.6438238984257953,-0.07296267927791901,APO,5
2457434.1570447637,2016.12474602,0.00488221645355,0.031601798760565084,1.6453671788900353,-0.0745017588940096,APO,5
2457434.160580324,2016.12475568,-0.00998246669769,0.031601798760565084,1.6461579794319712,-0.07529033833048578,APO,5
2457434.163771844,2016.1247644,0.0116600990295,0.031601798760565084,1.6468717819969187,-0.07600209563585827,APO,5
2457434.167365964,2016.12477422,0.00593256950378,0.031601798760565084,1.6476755758768755,-0.07680354003074952,APO,5
2457434.1706709443,2016.12478325,0.0133737325668,0.031601798760565084,1.6484146569685052,-0.07754041701478911,APO,5
2457438.371293337,2016.13626036,0.022554397583,0.031601798760565084,2.551965044638327,-0.8311478053446734,APO,5
2457438.376281917,2016.13627399,0.0525298118591,0.031601798760565084,2.552998442416109,-0.8317219838820675,APO,5
2457438.380051717,2016.13628429,0.0347738265991,0.031601798760565084,2.5537793072012556,-0.832155260419166,APO,5
2457444.419915668,2016.15278665,-0.0121644735336,0.031601798760565084,2.5325115386491994,-0.8201740710867322,APO,5
2457444.4247871283,2016.15279996,-0.0254534482956,0.031601798760565084,2.531586210710441,-0.8196443269125372,APO,5
2457444.4272795888,2016.15280677,0.0192427635193,0.031601798760565084,2.5311127841103103,-0.8193730218740328,APO,5
2457444.4315142087,2016.15281834,-0.023975610733,0.031601798760565084,2.5303084661770026,-0.8189116730102531,APO,5
2457444.4338346487,2016.15282468,-0.0162756443024,0.031601798760565084,2.5298677358914015,-0.8186586497488315,APO,5
2457444.436096529,2016.15283086,0.0119667053223,0.031601798760565084,2.5294381355169153,-0.8184118631231646,APO,5
2457444.438413309,2016.15283719,-0.00843739509583,0.031601798760565084,2.5289981156290513,-0.8181589343604301,APO,5
2457447.6454481506,2016.16159958,-0.000461935997009,0.031601798760565084,1.9222716902880306,-0.3442833499673243,APO,5
2457447.6495070904,2016.16161067,-0.0171154737473,0.031601798760565084,1.9214991214676473,-0.3435579088573219,APO,5
2457447.6524094706,2016.1616186,-0.0120533704758,0.031601798760565084,1.9209466685328234,-0.34303903050593226,APO,5
2457447.6559450305,2016.16162826,0.0145243406296,0.031601798760565084,1.9202736695558253,-0.3424067906944517,APO,5
2457447.659425691,2016.16163777,0.00417006015778,0.031601798760565084,1.9196110954295214,-0.34178419286625056,APO,5
2457447.6624415307,2016.16164601,-0.000778436660767,0.031601798760565084,1.9190369835153267,-0.34124459855494793,APO,5
2457447.664469171,2016.16165155,-0.0302052497864,0.031601798760565084,1.9186509801012952,-0.34088173976236763,APO,5
2457447.667312991,2016.16165932,-0.0103813409805,0.031601798760565084,1.918109585412958,-0.3403727213344613,APO,5
2457447.669571211,2016.16166549,0.0280554294586,0.031601798760565084,1.9176796627333506,-0.33996843763684,APO,5
2457447.6730518714,2016.161675,0.0192873477936,0.031601798760565084,1.9170169895039733,-0.3393451607144989,APO,5
2457447.6761262715,2016.1616834,-0.000376462936401,0.031601798760565084,1.9164316418391896,-0.33879448834807774,APO,5
2457450.6456380854,2016.16979682,-0.00318920612335,0.031601798760565084,1.335471893495121,0.23315848928954633,APO,5
2457450.6495213453,2016.16980743,-0.0262628793716,0.031601798760565084,1.3346835247400108,0.23392505707847366,APO,5
2457450.6531154653,2016.16981725,-0.0159131288528,0.031601798760565084,1.3339537711837137,0.2346345010029108,APO,5
2457450.6568267057,2016.16982739,0.0045839548111,0.031601798760565084,1.3332001514163956,0.23536701576920052,APO,5
2457450.660076786,2016.16983627,0.013624548912,0.031601798760565084,1.3325401049348362,0.23600846796001118,APO,5
2457450.663729466,2016.16984625,-0.00801599025726,0.031601798760565084,1.3317982158557693,0.2367293343977669,APO,5
2457450.670628566,2016.1698651,-0.0323992967606,0.031601798760565084,1.3303967211127659,0.23809075961208834,APO,5
2457450.6738200863,2016.16987382,0.0195195674896,0.031601798760565084,1.329748287806443,0.23872049576481216,APO,5
2457450.675906286,2016.16987952,0.0385099649429,0.031601798760565084,1.3293243916215827,0.23913211493881995,APO,5
2457450.678574426,2016.16988681,-0.00820505619049,0.031601798760565084,1.3287822102504796,0.23965853084991612,APO,5
2457459.205481656,2016.19318437,-0.0030437707901,0.031601798760565084,0.6426305144757058,0.8005220533507946,APO,5
2457459.209482036,2016.1931953,-0.0146604776382,0.031601798760565084,0.6436018730429988,0.7999395373889001,APO,5
2457459.212845576,2016.19320449,-0.0267556905746,0.031601798760565084,0.644418549425396,0.799449199019052,APO,5
2457459.2160334364,2016.1932132,-0.00751686096191,0.031601798760565084,0.6451925307835723,0.7989840029266606,APO,5
2457459.2194555365,2016.19322255,0.0170611143112,0.031601798760565084,0.6460233403351304,0.7984841180200165,APO,5
2457459.2238036166,2016.19323443,-0.0104258060455,0.031601798760565084,0.6470788929365179,0.7978482138835252,APO,5
2457459.2271671565,2016.19324362,0.002601146698,0.031601798760565084,0.6478953862647977,0.7973557181449207,APO,5
2457459.230878397,2016.19325376,-0.0112315416336,0.031601798760565084,0.6487962331205397,0.796811724939825,APO,5
2457459.234069917,2016.19326248,-0.0125472545624,0.031601798760565084,0.6495708836585188,0.796343420621663,APO,5
2457465.215077406,2016.20960403,0.00296127796173,0.031601798760565084,1.998014086943279,-0.41434023149150423,APO,5
2457465.218440946,2016.20961322,-0.0237659215927,0.031601798760565084,1.9987131389601085,-0.41497635286595563,APO,5
2457465.222382766,2016.20962399,-0.00724041461945,0.031601798760565084,1.9995323068502264,-0.41572151887168307,APO,5
2457465.2256877464,2016.20963302,0.0219297409058,0.031601798760565084,2.0002190725501983,-0.41634602866571024,APO,5
2457465.2294575465,2016.20964332,0.0326104164124,0.031601798760565084,2.001002362457453,-0.4170580729401337,APO,5
2457465.2322977064,2016.20965108,0.00416553020477,0.031601798760565084,2.001592446458725,-0.4175943157521226,APO,5
2457465.2349658464,2016.20965837,0.00443518161774,0.031601798760565084,2.002146755584896,-0.41809791545879543,APO,5
2457465.2367043467,2016.20966312,0.00524210929871,0.031601798760565084,2.0025079126340453,-0.41842596395821685,APO,5
2457465.239200467,2016.20966994,0.0337060689926,0.031601798760565084,2.0030264326990723,-0.4188968540075789,APO,5
2457465.2413452268,2016.2096758,0.0279054641724,0.031601798760565084,2.003471940734899,-0.4193013487888537,APO,5
2457465.2429117067,2016.20968008,-0.0213122367859,0.031601798760565084,2.003797314912667,-0.41959671659590037,APO,5
2457468.4677487887,2016.21849111,0.0227309465408,0.031601798760565084,2.652932138578079,-0.8829624631843865,APO,5
2457468.471577149,2016.21850157,-0.000191569328308,0.031601798760565084,2.6536826247158447,-0.8833145254063852,APO,5
2457468.474475869,2016.21850949,0.0524315834045,0.031601798760565084,2.65425084445937,-0.8835807533050161,APO,5
2457468.4825351895,2016.21853151,0.0217607021332,0.031601798760565084,2.6558305501047568,-0.884319393217078,APO,5
2457473.4453086862,2016.232091,-0.0180324316025,0.031601798760565084,2.675194769603682,-0.893193849458604,APO,5
2457473.448672226,2016.23210019,0.00789368152618,0.031601798760565084,2.674558728683258,-0.8929076591285741,APO,5
2457473.4518051865,2016.23210875,-0.0260798931122,0.031601798760565084,2.6739662896789542,-0.8926407628043603,APO,5
2457473.4555164264,2016.23211889,-0.0193004608154,0.031601798760565084,2.6732644981941354,-0.8923241973401116,APO,5
2457473.4631694867,2016.2321398,-0.00540673732758,0.031601798760565084,2.6718173108369725,-0.8916700098815142,APO,5
2457473.465607047,2016.23214646,-0.0323070287704,0.031601798760565084,2.67135636964477,-0.8914612535499941,APO,5
2457473.467923827,2016.23215279,-0.00945150852203,0.031601798760565084,2.670918267697933,-0.8912626653560175,APO,5
2457488.278308275,2016.27261832,0.00205588340759,0.031601798760565084,0.5748567269898794,0.8392702106547417,APO,5
2457488.2820195155,2016.27262846,-0.00359189510345,0.031601798760565084,0.5757566234391615,0.8387805841002662,APO,5
2457488.2856758554,2016.27263845,-0.00269067287445,0.031601798760565084,0.5766431375674136,0.8382975745798776,APO,5
2457488.2892114157,2016.27264811,-0.0102113485336,0.031601798760565084,0.5775003012566932,0.837829929920175,APO,5
2457488.2927469756,2016.27265777,-0.000356197357178,0.031601798760565084,0.5783573995166363,0.8373617054489668,APO,5
2457488.2981418157,2016.27267251,0.00415241718292,0.031601798760565084,0.579665102480831,0.8366461348613353,APO,5
2457488.3010405363,2016.27268043,0.00746369361877,0.031601798760565084,0.580367685892844,0.8362610927073163,APO,5
2457488.303419536,2016.27268693,-0.011447429657,0.031601798760565084,0.5809442678869055,0.8359447956747988,APO,5
2457488.3059119964,2016.27269374,0.0239615440369,0.031601798760565084,0.5815483166238367,0.8356131330633964,APO,5
2457488.3080567564,2016.2726996,-0.00719153881073,0.031601798760565084,0.5820680738199735,0.835327508021487,APO,5
2457488.3118265565,2016.2727099,0.000981688499451,0.031601798760565084,0.5829815814087641,0.8348249563529913,APO,5
2457497.498013267,2016.29780877,0.0194244384766,0.031601798760565084,2.530026908745009,-0.8187500492328962,APO,5
2457497.504334087,2016.29782604,0.0216778516769,0.031601798760565084,2.5312305295494126,-0.8194405150289717,APO,5
2457497.508623607,2016.29783776,0.00961863994598,0.031601798760565084,2.532047297996019,-0.8199083841114996,APO,5
2457497.5114088673,2016.29784537,0.0418006181717,0.031601798760565084,2.5325776188771654,-0.8202118747232656,APO,5
2457497.5168586075,2016.29786026,0.0149750709534,0.031601798760565084,2.53361521557715,-0.8208050005142478,APO,5
2457497.5184836476,2016.2978647,0.0226296186447,0.031601798760565084,2.533924600788569,-0.8209816846907412,APO,5
2457503.539560818,2016.31431573,-0.0126107931137,0.031601798760565084,2.5970220081666686,-0.8553497971342153,APO,5
2457503.543096378,2016.31432539,-0.0207042694092,0.031601798760565084,2.596344601658901,-0.8549986698656019,APO,5
2457503.5462293383,2016.31433395,0.0191045999527,0.031601798760565084,2.595744303746201,-0.8546871832108397,APO,5
2457503.551913318,2016.31434948,0.0100544691086,0.031601798760565084,2.5946551431056055,-0.8541212458727127,APO,5
2457503.5575936385,2016.314365,-0.00809645652771,0.031601798760565084,2.593566595042212,-0.8535546144704576,APO,5
2457503.5621173987,2016.31437736,0.00857532024384,0.031601798760565084,2.592699620959837,-0.8531025973166896,APO,5
2457503.564320719,2016.31438338,0.018303155899,0.031601798760565084,2.592277336518013,-0.8528821972262106,APO,5
2457503.566465479,2016.31438924,-0.0212326049805,0.031601798760565084,2.5918662628100724,-0.8526675021920315,APO,5
2457503.568668799,2016.31439526,-0.00148713588715,0.031601798760565084,2.5914439520622237,-0.8524467882448364,APO,5
2457510.723379765,2016.33394365,-0.0108963251114,0.031601798760565084,1.1109034811065737,0.44385208852838826,APO,5
2457510.726743305,2016.33395284,-0.0161774158478,0.031601798760565084,1.110133484542274,0.4445419508514718,APO,5
2457510.7298726053,2016.33396139,-0.0201926231384,0.031601798760565084,1.109417037368121,0.4451836000172159,APO,5
2457510.7332947054,2016.33397074,0.0042712688446,0.031601798760565084,1.1086334727936935,0.4458850978037549,APO,5
2457510.7366582453,2016.33397993,0.0215109586716,0.031601798760565084,1.1078632339615555,0.44657439870702353,APO,5
2457510.7403109255,2016.33398991,-0.0125246047974,0.031601798760565084,1.1070266899707955,0.4473227371732189,APO,5
2457510.745412966,2016.33400385,-0.0231983661652,0.031601798760565084,1.1058580485535738,0.44836763235254634,APO,5
2457519.358838938,2016.3575378,0.0106648206711,0.031601798760565084,0.9680485069196244,0.5669082124783922,APO,5
2457519.363249238,2016.35754985,-0.00142347812653,0.031601798760565084,0.9690283382871837,0.5661007740422249,APO,5
2457519.365624578,2016.35755634,0.00378262996674,0.031601798760565084,0.969556000570401,0.5656657242142273,APO,5
2457519.3699726583,2016.35756822,0.0250389575958,0.031601798760565084,0.970521774130943,0.5648690502027788,APO,5
2457519.3791372986,2016.35759326,0.0218349695206,0.031601798760565084,0.9725568831857454,0.5631885491831974,APO,5
2457519.381223499,2016.35759896,0.0017341375351,0.031601798760565084,0.9730200531586851,0.5628057582754359,APO,5
2457519.388415399,2016.35761861,-0.0193837881088,0.031601798760565084,0.9746165040504139,0.561485432597886,APO,5
2457524.551251822,2016.37172472,0.025820851326,0.031601798760565084,2.0296446620681805,-0.4429158607277737,APO,5
2457524.5546153625,2016.37173391,-1.34706497192e-05,0.031601798760565084,2.0302891825237137,-0.44349362200351533,APO,5
2457524.5578617826,2016.37174278,0.0205870866776,0.031601798760565084,2.030911230504304,-0.44405106379038994,APO,5
2457524.561920723,2016.37175387,0.0509052276611,0.031601798760565084,2.031688924575021,-0.44474774447592696,APO,5
2457524.5648194426,2016.37176179,0.028174161911,0.031601798760565084,2.0322442920073747,-0.4452450939656748,APO,5
2457524.568300103,2016.3717713,0.0441823005676,0.031601798760565084,2.032911122974644,-0.44584208120349506,APO,5
2457524.571433063,2016.37177986,0.0358585119247,0.031601798760565084,2.0335113122532995,-0.4463792372753916,APO,5
2457524.5749100633,2016.37178936,0.0432534217834,0.031601798760565084,2.034177378324125,-0.4469751633643299,APO,5
2457533.6023808685,2016.39645458,0.0206135511398,0.031601798760565084,2.498921440744661,-0.8004976620208359,APO,5
2457533.6080062888,2016.39646995,0.00464129447937,0.031601798760565084,2.497794114314942,-0.7998215063277347,APO,5
2457533.611135589,2016.3964785,0.0236859321594,0.031601798760565084,2.4971669458834067,-0.7994448987779454,APO,5
2457533.617167269,2016.39649498,0.0238835811615,0.031601798760565084,2.4959579650133654,-0.7987180322369682,APO,5
2457594.872089426,2016.56385815,-0.0116302967072,0.031601798760565084,1.9356748366584502,-0.3568358050197292,APO,5
2457594.876206926,2016.5638694,-0.00605845451355,0.031601798760565084,1.934731182182034,-0.3559541152877329,APO,5
2457594.8811369464,2016.56388287,0.00339496135712,0.031601798760565084,1.9336012848274222,-0.35489799533706606,APO,5
2457594.8851373265,2016.5638938,-0.0161248445511,0.031601798760565084,1.9326844264111966,-0.35404067074429274,APO,5
2457594.888965687,2016.56390426,0.0078307390213,0.031601798760565084,1.9318069747706552,-0.3532199154363611,APO,5
2457594.892790387,2016.56391471,-0.0251861810684,0.031601798760565084,1.930930343536033,-0.3523996559535553,APO,5
2457594.897083567,2016.56392644,-0.00285375118256,0.031601798760565084,1.9299463135188533,-0.3514785813827199,APO,5
2457594.900794807,2016.56393658,-0.00479698181152,0.031601798760565084,1.929095649998866,-0.350682066589306,APO,5
2457594.905318567,2016.56394894,-0.0165202617645,0.031601798760565084,1.9280587230881308,-0.34971080180749486,APO,5
2457594.908392967,2016.56395734,0.0173133611679,0.031601798760565084,1.9273540008427532,-0.34905049055926435,APO,5
2457594.9117528475,2016.56396652,0.00292158126831,0.031601798760565084,1.9265838265478423,-0.34832865375766425,APO,5
2457594.9145381073,2016.56397413,-0.0238667726517,0.031601798760565084,1.9259453599170095,-0.3477301017587915,APO,5
2457643.589805627,2016.69696666,0.0087605714798,0.031601798760565084,2.088888106126047,-0.495223243707177,APO,5
2457643.594384287,2016.69697917,0.0026593208313,0.031601798760565084,2.089836244033801,-0.4960467307357494,APO,5
2457643.600763667,2016.6969966,0.0068324804306,0.031601798760565084,2.091157508299996,-0.4971935456648685,APO,5
2457643.605115407,2016.69700849,0.0188410282135,0.031601798760565084,2.0920589771844376,-0.4979754936933781,APO,5
2457643.6083032675,2016.6970172,0.00444459915161,0.031601798760565084,2.0927194286038926,-0.49854812263863213,APO,5
2457643.6154951677,2016.69703685,0.0363396406174,0.031601798760565084,2.0942096793812497,-0.4998394103667056,APO,5
2457643.6187415877,2016.69704572,0.0193849802017,0.031601798760565084,2.0948824933351573,-0.5004220335331206,APO,5
2457648.849716233,2016.711338,-0.0232088565826,0.031601798760565084,3.0056808711735727,-0.9907782022510988,APO,5
2457648.853833733,2016.71134925,-0.0216839313507,0.031601798760565084,3.00469817592811,-0.9906445748248822,APO,5
2457648.858877213,2016.71136303,0.0239160060883,0.031601798760565084,3.003494239992352,-0.9904795590168405,APO,5
2457648.8623578735,2016.71137254,0.0481054782867,0.031601798760565084,3.0026632131616604,-0.9903648179590403,APO,5
2457648.8665339337,2016.71138395,-0.0111246109009,0.031601798760565084,3.001665992838214,-0.9902262275367679,APO,5
2457648.8691984136,2016.71139123,0.0290153026581,0.031601798760565084,3.0010296379913233,-0.990137274324005,APO,5
2457652.0444571343,2016.7200668,0.00429570674896,0.031601798760565084,2.2352538902905925,-0.6166321895779927,APO,5
2457652.047355854,2016.72007472,0.0415071249008,0.031601798760565084,2.2345629692507125,-0.6160881138944477,APO,5
2457652.0494420542,2016.72008042,0.0135005712509,0.031601798760565084,2.2340657354704216,-0.6156963780171656,APO,5
2457652.059474115,2016.72010783,0.0205204486847,0.031601798760565084,2.2316748875756485,-0.6138106714528948,APO,5
2457652.063243915,2016.72011813,0.0224318504333,0.031601798760565084,2.2307765672035775,-0.6131012419301021,APO,5
2457656.0464074006,2016.73100109,0.0249841213226,0.031601798760565084,1.3208194673259386,0.24738153804031293,APO,5
2457656.0512203006,2016.73101424,0.0109403133392,0.031601798760565084,1.3197706493313839,0.2483976205791069,APO,5
2457656.054700961,2016.73102375,0.0177110433578,0.031601798760565084,1.3190122239232442,0.24913220402527797,APO,5
2457656.058177961,2016.73103325,0.0173894166946,0.031601798760565084,1.3182546575703302,0.2498658123620365,APO,5
2457656.060674081,2016.73104007,0.0247874259949,0.031601798760565084,1.3177108425992476,0.25039234080690803,APO,5
2457656.0645573414,2016.73105068,0.0110642910004,0.031601798760565084,1.3168648825303735,0.2512112626582093,APO,5
2457656.0672840416,2016.73105813,0.0203900337219,0.031601798760565084,1.316270922457211,0.2517861314408949,APO,5
2457656.0716906814,2016.73107017,0.01012134552,0.031601798760565084,1.315311099153973,0.2527149158990599,APO,5
2457656.0748785418,2016.73107888,0.0125135183334,0.031601798760565084,1.3146168033212655,0.25338661447012734,APO,5
2457656.0784177617,2016.73108855,0.00236010551453,0.031601798760565084,1.3138460440450805,0.25413214475069945,APO,5
2457659.055930336,2016.73922383,-0.0327305793762,0.031601798760565084,0.6859645125574959,0.7738084659071758,APO,5
2457659.060336976,2016.73923587,0.0601025819778,0.031601798760565084,0.6850628646460233,0.7743792727968095,APO,5
2457659.068513416,2016.73925821,0.0064332485199,0.031601798760565084,0.68339007082711,0.7754366017928007,APO,5
2457659.0816198764,2016.73929402,0.0252768993378,0.031601798760565084,0.6807091940918412,0.7771265869481592,APO,5
2457659.086315657,2016.73930685,-0.0210355520248,0.031601798760565084,0.6797488503209579,0.7777306153922829,APO,5
2457667.6407680474,2016.76267967,0.00956594944,0.031601798760565084,0.9810586935081242,0.5561429925915075,APO,5
2457667.6447135275,2016.76269045,0.00144124031067,0.031601798760565084,0.9818055317919729,0.555522150244152,APO,5
2457676.8536288384,2016.78785142,-0.040016412735,0.031601798760565084,2.9331721402290807,-0.978358954229105,APO,5
2457676.856875259,2016.78786029,-0.0105535984039,0.031601798760565084,2.933932920410426,-0.9785160878033812,APO,5
2457676.861285559,2016.78787234,-0.0416706800461,0.031601798760565084,2.934966128198287,-0.9787285824168704,APO,5
2457676.865399399,2016.78788358,-0.031541466713,0.031601798760565084,2.935929544835864,-0.9789257821106314,APO,5
2457676.8695168993,2016.78789483,0.00503265857697,0.031601798760565084,2.9368934850045254,-0.9791221796130045,APO,5
2457676.873345259,2016.78790529,-0.0205371379852,0.031601798760565084,2.9377894301540493,-0.9793039077257917,APO,5
2457676.8786229794,2016.78791971,-0.00619566440582,0.031601798760565084,2.9390240759577497,-0.9795530477656461,APO,5
2457680.903883787,2016.79891769,-0.00780248641968,0.031601798760565084,2.343632752312716,-0.6981687357297901,APO,5
2457680.908407547,2016.79893005,-0.00901079177856,0.031601798760565084,2.342551586557658,-0.6973942853178496,APO,5
2457680.912060227,2016.79894003,-0.0211069583893,0.031601798760565084,2.3416786917615218,-0.6967684267749196,APO,5
2457680.916294847,2016.7989516,-0.0359807014465,0.031601798760565084,2.340666823831522,-0.6960422612310154,APO,5
2457680.9249946675,2016.79897537,-0.0135018825531,0.031601798760565084,2.338588312800788,-0.6945483861680071,APO,5
2457680.9280654076,2016.79898376,-0.0145736932755,0.031601798760565084,2.337854772910508,-0.6940204570177729,APO,5
2457680.932472048,2016.7989958,-0.0270495414734,0.031601798760565084,2.3368022071610723,-0.693262272438074,APO,5
2457680.9359527077,2016.79900531,-0.00888562202454,0.031601798760565084,2.3359708991595243,-0.6926629214339908,APO,5
2457680.941402448,2016.7990202,-0.00504457950592,0.031601798760565084,2.334669443402011,-0.6917236452223237,APO,5
2457686.1189118116,2016.8131664,-0.000115275382996,0.031601798760565084,1.1898632410254963,0.3717868315724787,APO,5
2457686.1236075917,2016.81317923,0.0201079845428,0.031601798760565084,1.1889032177504915,0.3726778671200405,APO,5
2457686.127029692,2016.81318858,0.00980734825134,0.031601798760565084,1.188203662311969,0.373326935886641,APO,5
2457686.130510352,2016.81319809,0.0257084369659,0.031601798760565084,1.187492197905111,0.37398686676398357,APO,5
2457686.1323659723,2016.81320316,-0.00446569919586,0.031601798760565084,1.1871129254042163,0.3743385900694059,APO,5
2457686.1350341123,2016.81321045,0.0134267807007,0.031601798760565084,1.1865676121260438,0.37484419907581945,APO,5
2457686.1394993123,2016.81322265,0.0128881931305,0.031601798760565084,1.1856550986686925,0.37569002300774595,APO,5
2457686.1423980324,2016.81323057,0.0198789834976,0.031601798760565084,1.185062767890716,0.37623889688338763,APO,5
2457686.1459335927,2016.81324023,0.0189718008041,0.031601798760565084,1.1843403623946847,0.37690812373377,APO,5
2457686.151152753,2016.81325449,0.01396048069,0.031601798760565084,1.1832740719848889,0.37789556146398623,APO,5
2457688.1344994954,2016.81867347,0.00251626968384,0.031601798760565084,0.7870783445413809,0.705917716180984,APO,5
2457688.1404140554,2016.81868963,-0.00867557525635,0.031601798760565084,0.785920622482766,0.7067372503340666,APO,5
2457688.143605576,2016.81869835,-0.029308795929,0.031601798760565084,0.7852959632228084,0.7071790439301269,APO,5
2457688.146445736,2016.81870611,0.000728964805603,0.031601798760565084,0.7847401046553334,0.7075719458487152,APO,5
2457688.151200076,2016.8187191,-0.0145754814148,0.031601798760565084,0.7838096793497265,0.7082291164415615,APO,5
2457688.1585676563,2016.81873923,-0.00441825389862,0.031601798760565084,0.7823680027137464,0.709246178795041,APO,5
2457711.978441329,2016.88382085,0.0238089561462,0.031601798760565084,1.969388260978092,-0.3881210421964105,APO,5
2457711.98963361,2016.88385143,-0.0212327241898,0.031601798760565084,1.9669329662966468,-0.38585705436106016,APO,5
2457711.99317283,2016.8838611,0.0265663862228,0.031601798760565084,1.9661567649164897,-0.3851408469526368,APO,5
2457718.223415347,2016.90088362,-0.0093902349472,0.031601798760565084,0.7199296119102829,0.751852140105901,APO,5
