date_julian,date_julian_year,residual_m,timestamp,station,elongation_rad
2457107.5,2015.2301369863014,0.04321,5120150326164716328590825462182877449301910037002793631,DE430,1.2972440301273407
2457107.5,2015.2301369863014,0.04389,5120150326170048362346925498203946792101910022001391715,DE430,1.2972440301273407
2457107.5,2015.2301369863014,0.03738,5120150326171623620909525476947595263401910031001991212,DE430,1.2972440301273407
2457107.5,2015.2301369863014,0.03589,5120150326173617046582125483815986095401910055001642834,DE430,1.2972440301273407
2457107.5,2015.2301369863014,0.01484,5120150326212314578676925684416620290301910053002452999,DE430,1.2972440301273407
2457107.5,2015.2301369863014,0.04138,5120150326213843509557025738425352869101910012000803999,DE430,1.2972440301273407
2457107.5,2015.2301369863014,0.04982,5120150326224250316809425797554183054301910046002446999,DE430,1.2972440301273407
2457107.5,2015.2301369863014,0.05196,5120150326225523474397825825295381407401910026001883261,DE430,1.2972440301273407
2457107.5,2015.2301369863014,1.80924,5120150326231118215479525872642690576101910041001473999,DE430,1.2972440301273407
2457107.5,2015.2301369863014,1.88067,5120150326233444660515125883976339148401910018002044187,DE430,1.2972440301273407
2457108.5,2015.2328767123288,0.05939,5120150327140133655248225927265523371401910044001741329,DE430,1.5051944205565333
2457108.5,2015.2328767123288,0.056,5120150327141504657628525941775427807101910028001285830,DE430,1.5051944205565333
2457108.5,2015.2328767123288,0.01517,5120150327142712590556325898730047674301910024002819138,DE430,1.5051944205565333
2457108.5,2015.2328767123288,0.03418,5120150327144613295241025893501254284401910097001618774,DE430,1.5051944205565333
2457108.5,2015.2328767123288,0.05217,5120150327151019095137125903248901122101910176001419999,DE430,1.5051944205565333
2457108.5,2015.2328767123288,0.03776,5120150327154245265446325852422018070301910057003165338,DE430,1.5051944205565333
2457108.5,2015.2328767123288,0.03645,5120150327161156431003825849440863921401910075001556414,DE430,1.5051944205565333
2457108.5,2015.2328767123288,0.04641,5120150327163352076654825868126908268101910058001158913,DE430,1.5051944205565333
2457108.5,2015.2328767123288,0.02719,5120150327165219291807325831404986786301910035003257212,DE430,1.5051944205565333
2457108.5,2015.2328767123288,0.06538,5120150327172110643945425829657263005301910035002792248,DE430,1.5051944205565333
2457108.5,2015.2328767123288,-0.00839,5120150327173441589862325830315371670301910022003505153,DE430,1.5051944205565333
2457108.5,2015.2328767123288,0.03416,5120150327174958347637025832209466623301910029002914275,DE430,1.5051944205565333
2457108.5,2015.2328767123288,0.02744,5120150327181528650013125838106258326301910027002591362,DE430,1.5051944205565333
2457108.5,2015.2328767123288,0.05727,5120150327185327013746225853205900499301910039002589382,DE430,1.5051944205565333
2457108.5,2015.2328767123288,0.09659,5120150327190203557900925863229481147201910008001862252,DE430,1.5051944205565333
2457108.5,2015.2328767123288,0.04339,5120150327195041416816925889837319407301910029003014344,DE430,1.5051944205565333
2457108.5,2015.2328767123288,-0.00192,5120150327202426489654725918761722765301910023002997320,DE430,1.5051944205565333
2457108.5,2015.2328767123288,0.12392,5120150327203908176552425938329705026201910009001691683,DE430,1.5051944205565333
2457108.5,2015.2328767123288,-0.00127,5120150327205910738204225953656109862301910018003123218,DE430,1.5051944205565333
2457108.5,2015.2328767123288,0.10909,5120150327213819149090125998460785939301910014003144249,DE430,1.5051944205565333
2457108.5,2015.2328767123288,0.04524,5120150327215106443990726023659185184401910046002000332,DE430,1.5051944205565333
2457108.5,2015.2328767123288,0.07621,5120150327220051843397226058959952412101910022001426999,DE430,1.5051944205565333
2457108.5,2015.2328767123288,0.06412,5120150327222112933167326053091382614301910026003431438,DE430,1.5051944205565333
2457108.5,2015.2328767123288,0.18159,5120150327224649495513026093190943590201910013002123999,DE430,1.5051944205565333
2457108.5,2015.2328767123288,0.03295,5120150327225748023231826112707170711401910020001100324,DE430,1.5051944205565333
2457108.5,2015.2328767123288,0.04882,5120150327230851400762526151057544335101910012000877999,DE430,1.5051944205565333
2457108.5,2015.2328767123288,0.05109,5120150327233504096627526156353974507301910013004183208,DE430,1.5051944205565333
2457109.5,2015.2356164383561,0.04852,5120150328200648704554526168675796744301910054002662043,DE430,1.7069876958247714
2457109.5,2015.2356164383561,0.03089,5120150328201836665199726175863828393301910086002895117,DE430,1.7069876958247714
2457109.5,2015.2356164383561,0.0182,5120150328203355891977526186222656392301910031003350023,DE430,1.7069876958247714
2457109.5,2015.2356164383561,0.06691,5120150328235316336945126437545646127101910017001276465,DE430,1.7069876958247714
2457112.5,2015.2438356164384,-0.01389,5120150331215937432403926631629494762301910035003532025,DE430,2.287414974468011
2457119.5,2015.2630136986302,-0.02314,5120150407232359072363225997848389053301910053003103041,DE430,3.629168357660395
2457119.5,2015.2630136986302,0.10127,5120150407233400418993926013273862502101910022002413022,DE430,3.629168357660395
2457120.5,2015.2657534246575,0.07331,5120150408003816684804925936083711042301910072002887066,DE430,3.830055963744332
2457120.5,2015.2657534246575,0.04908,5120150408004951368569925926498456701001910045002001087,DE430,3.830055963744332
2457120.5,2015.2657534246575,0.06408,5120150408012856161187625908973123266301910073003292071,DE430,3.830055963744332
2457120.5,2015.2657534246575,0.06764,5120150408020213227715725898358338514301910043003520017,DE430,3.830055963744332
2457120.5,2015.2657534246575,0.07032,5120150408022324491107225894647958807301910068002790073,DE430,3.830055963744332
2457120.5,2015.2657534246575,0.09403,5120150408023444844959925918202966681101910023001846026,DE430,3.830055963744332
2457120.5,2015.2657534246575,0.03549,5120150408024551623006125912569033736401910032001903046,DE430,3.830055963744332
2457120.5,2015.2657534246575,0.03971,5120150408025533081016125891577940348001910033001514171,DE430,3.830055963744332
2457120.5,2015.2657534246575,0.08968,5120150408030254846945725878701380677201910035001570078,DE430,3.830055963744332
2457120.5,2015.2657534246575,0.06741,5120150408035127169996025904373563849301910047002945076,DE430,3.830055963744332
2457120.5,2015.2657534246575,0.05621,5120150408035731385785125904632947878001910040001356280,DE430,3.830055963744332
2457120.5,2015.2657534246575,0.11026,5120150408040315645322125893133758211201910024002205042,DE430,3.830055963744332
2457120.5,2015.2657534246575,0.14148,5120150408041100758837725936060712703101910013002010032,DE430,3.830055963744332
2457120.5,2015.2657534246575,0.05267,5120150408041925826074425935055699194401910011002248030,DE430,3.830055963744332
2457120.5,2015.2657534246575,0.10615,5120150408043329826901725922561982876301910035004101020,DE430,3.830055963744332
2457120.5,2015.2657534246575,0.05444,5120150408044756469043125930648910777301910071003018067,DE430,3.830055963744332
2457121.5,2015.268493150685,0.06053,5120150409040340155292825647918056695301910067002896071,DE430,4.034838755492551
2457121.5,2015.268493150685,0.07039,5120150409041821399051825650172088336301910148002910161,DE430,4.034838755492551
2457121.5,2015.268493150685,0.06517,5120150409043321737453925653586911257301910227002842168,DE430,4.034838755492551
2457121.5,2015.268493150685,0.04973,5120150409045011894777925658724783780301910124003141073,DE430,4.034838755492551
2457121.5,2015.268493150685,0.05247,5120150409050501998636425664364592890301910249002949198,DE430,4.034838755492551
2457121.5,2015.268493150685,0.03791,5120150409051806849401025667950103548001910057001465191,DE430,4.034838755492551
2457121.5,2015.268493150685,0.03756,5120150409053047753434125674322685849001910054001426224,DE430,4.034838755492551
2457121.5,2015.268493150685,0.04274,5120150409054907496762325684737147488001910153001526438,DE430,4.034838755492551
2457121.5,2015.268493150685,0.03684,5120150409061015693992625700579680689301910081003214058,DE430,4.034838755492551
2457122.5,2015.2712328767122,0.07191,5120150410021107165139625422518229957301910110002593152,DE430,4.244027978846884
2457122.5,2015.2712328767122,0.03004,5120150410022340656910125410590546993001910079001436999,DE430,4.244027978846884
2457122.5,2015.2712328767122,0.08281,5120150410023657096560625387906939203201910062001828084,DE430,4.244027978846884
2457122.5,2015.2712328767122,0.02479,5120150410025226001784925415507559855401910061001624539,DE430,4.244027978846884
2457122.5,2015.2712328767122,0.11071,5120150410030541299423225413687189745101910030001958037,DE430,4.244027978846884
2457122.5,2015.2712328767122,0.06078,5120150410031929977382525383140710902301910215002888309,DE430,4.244027978846884
2457122.5,2015.2712328767122,0.03176,5120150410033214204682025375566014249001910124001651999,DE430,4.244027978846884
2457122.5,2015.2712328767122,0.0951,5120150410034345861775825357682888051201910044001639079,DE430,4.244027978846884
2457122.5,2015.2712328767122,0.02695,5120150410035938416846225390779646275401910056001509999,DE430,4.244027978846884
2457122.5,2015.2712328767122,0.06003,5120150410043943112897925367379211113301910038003446031,DE430,4.244027978846884
2457122.5,2015.2712328767122,0.09866,5120150410045122631666925392002070193101910039001772068,DE430,4.244027978846884
2457122.5,2015.2712328767122,0.01748,5120150410050528377475625366696486503001910042001516536,DE430,4.244027978846884
2457122.5,2015.2712328767122,0.07323,5120150410053348036285925357952999024201910072001752094,DE430,4.244027978846884
2457122.5,2015.2712328767122,0.01311,5120150410054634844618525399301540239401910066001345687,DE430,4.244027978846884
2457122.5,2015.2712328767122,0.09381,5120150410061550604898125415213809790101910064001624095,DE430,4.244027978846884
2457122.5,2015.2712328767122,0.03871,5120150410062903777075025397945129235301910159003095170,DE430,4.244027978846884
2457122.5,2015.2712328767122,0.00879,5120150410063910881716225400972373495001910023001783042,DE430,4.244027978846884
2457122.5,2015.2712328767122,0.03417,5120150410070622043652825440602820128401910063002004188,DE430,4.244027978846884
2457123.5,2015.2739726027398,0.02282,5120150411024414554939425153910370865401910015001620289,DE430,4.458116485310036
2457123.5,2015.2739726027398,0.04257,5120150411031931461463625126778934426401910038001669418,DE430,4.458116485310036
2457123.5,2015.2739726027398,0.07077,5120150411035452053037725086075963296301910270002707312,DE430,4.458116485310036
2457123.5,2015.2739726027398,0.02731,5120150411041347284049825074166952101001910174001646439,DE430,4.458116485310036
2457123.5,2015.2739726027398,0.05879,5120150411045400331026225064679038903301910199002899078,DE430,4.458116485310036
2457124.5,2015.2767123287672,0.06515,5120150412040703404868624789657235104301910009003058036,DE430,4.677518817515662
2457124.5,2015.2767123287672,0.13202,5120150412045432773829124785417900754101910064001810153,DE430,4.677518817515662
2457124.5,2015.2767123287672,0.08818,5120150412050617573587724738136934604201910020001742047,DE430,4.677518817515662
2457124.5,2015.2767123287672,0.03251,5120150412052934661954724746223447932301910071003113105,DE430,4.677518817515662
2457124.5,2015.2767123287672,0.00425,5120150412054317381387924739237775762001910016002035088,DE430,4.677518817515662
2457124.5,2015.2767123287672,0.01019,5120150412061528445739924756727087459401910076001572510,DE430,4.677518817515662
2457124.5,2015.2767123287672,0.10813,5120150412062316897817824761697155971101910075001624123,DE430,4.677518817515662
2457124.5,2015.2767123287672,0.07224,5120150412065700190605224738804165085301910044003010125,DE430,4.677518817515662
2457124.5,2015.2767123287672,0.08839,5120150412071003831988324724002958763201910070001912127,DE430,4.677518817515662
2457124.5,2015.2767123287672,0.02942,5120150412072337906112924741295248581001910037001705176,DE430,4.677518817515662
2457124.5,2015.2767123287672,0.00938,5120150412073617661304024767703793763401910045001577160,DE430,4.677518817515662
2457124.5,2015.2767123287672,0.05603,5120150412083028757039824772902988314301910056002561156,DE430,4.677518817515662
2457124.5,2015.2767123287672,0.09621,5120150412084203240142524804261355274101910028001955049,DE430,4.677518817515662
2457125.5,2015.2794520547945,0.08501,5120150413043539242291824486998897122301910020002616093,DE430,4.902476612188029
2457125.5,2015.2794520547945,-0.01495,5120150413045214723176224470090615972001910012002065048,DE430,4.902476612188029
2457125.5,2015.2794520547945,0.05806,5120150413050420507263324448771589126201910016002246046,DE430,4.902476612188029
2457125.5,2015.2794520547945,-0.00255,5120150413051857333247224472999945656401910038001552148,DE430,4.902476612188029
2457125.5,2015.2794520547945,0.0996,5120150413052933160620424473480964756101910059001456089,DE430,4.902476612188029
2457125.5,2015.2794520547945,0.05568,5120150413054225663860124440601860382301910060002974033,DE430,4.902476612188029
2457125.5,2015.2794520547945,0.00909,5120150413055431721672024431327046064001910022001881017,DE430,4.902476612188029
2457125.5,2015.2794520547945,0.00312,5120150413060756383059124447506181315401910068001412103,DE430,4.902476612188029
2457125.5,2015.2794520547945,0.08657,5120150413061819378255024450546809114101910167001496249,DE430,4.902476612188029
2457125.5,2015.2794520547945,0.05315,5120150413062920756675824421588183741301910210002741140,DE430,4.902476612188029
2457125.5,2015.2794520547945,0.07828,5120150413063912632820624403292063261201910057002044046,DE430,4.902476612188029
2457125.5,2015.2794520547945,0.04107,5120150413065319579868824416384423005301910090002867052,DE430,4.902476612188029
2457125.5,2015.2794520547945,0.00904,5120150413070750767767224411564444807001910052001125101,DE430,4.902476612188029
2457125.5,2015.2794520547945,-0.00547,5120150413071840649726124433030087488401910157001550165,DE430,4.902476612188029
2457125.5,2015.2794520547945,0.08915,5120150413073215088629124439824570758101910078001391121,DE430,4.902476612188029
2457125.5,2015.2794520547945,0.06201,5120150413074408615986624415462881795301910105002911067,DE430,4.902476612188029
2457125.5,2015.2794520547945,0.03978,5120150413075809682733224417583010027301910057002986028,DE430,4.902476612188029
2457125.5,2015.2794520547945,-0.00039,5120150413082318725130124442790643398401910036002236035,DE430,4.902476612188029
2457125.5,2015.2794520547945,0.05796,5120150413084416385801624431476287623301910053002888031,DE430,4.902476612188029
2457125.5,2015.2794520547945,-0.01273,5120150413085713915745224456170020995401910035002409052,DE430,4.902476612188029
2457125.5,2015.2794520547945,0.08969,5120150413091220130716324470010350733101910057001531173,DE430,4.902476612188029
2457125.5,2015.2794520547945,0.02948,5120150413092252081297724450740580949301910057002505128,DE430,4.902476612188029
2457125.5,2015.2794520547945,-4e-05,5120150413093344518323424476329776609401910015002110029,DE430,4.902476612188029
2457125.5,2015.2794520547945,0.03944,5120150413094833597659824467047694127301910046002999060,DE430,4.902476612188029
2457126.5,2015.282191780822,0.05516,5120150414042325286466924252151153674301910015003751057,DE430,5.132937359342241
2457126.5,2015.282191780822,0.04446,5120150414043757373883324236276372575301910019002786058,DE430,5.132937359342241
2457126.5,2015.282191780822,0.02039,5120150414045318106674924220410958039301910051002468094,DE430,5.132937359342241
2457126.5,2015.282191780822,0.01488,5120150414051825555403424196562473437301910055002668057,DE430,5.132937359342241
2457126.5,2015.282191780822,-0.03397,5120150414055100408463224166627790098001910020002779012,DE430,5.132937359342241
2457126.5,2015.282191780822,0.09707,5120150414064316228062624155811234849401910026002923018,DE430,5.132937359342241
2457126.5,2015.282191780822,-0.02816,5120150414070755134806024145755266893401910092001553377,DE430,5.132937359342241
2457126.5,2015.282191780822,0.01703,5120150414072123248420124123756742164301910098002194102,DE430,5.132937359342241
2457126.5,2015.282191780822,-0.02695,5120150414073936867374224137634874674401910052001680182,DE430,5.132937359342241
2457126.5,2015.282191780822,-0.01454,5120150414074749271841224115393808282001910048001361120,DE430,5.132937359342241
2457126.5,2015.282191780822,0.04607,5120150414075840723033024103361022744201910067001604128,DE430,5.132937359342241
2457126.5,2015.282191780822,0.06181,5120150414081058411038924143267151953101910032002265038,DE430,5.132937359342241
2457126.5,2015.282191780822,-0.03096,5120150414082649741681324114585838610001910020002096045,DE430,5.132937359342241
2457126.5,2015.282191780822,0.02062,5120150414084235049751324119607409385301910027002707053,DE430,5.132937359342241
2457126.5,2015.282191780822,0.02622,5120150414085952873976024123257067951301910025002676061,DE430,5.132937359342241
2457126.5,2015.282191780822,0.05595,5120150414090905226338524125825384185301910025002756072,DE430,5.132937359342241
2457126.5,2015.282191780822,0.0259,5120150414093736240879624136456415057301910044002593086,DE430,5.132937359342241
2457126.5,2015.282191780822,0.04065,5120150414094655164512624126526892604201910031001594097,DE430,5.132937359342241
2457127.5,2015.2849315068493,0.03734,5120150415045312390572924028392135482301910045002188181,DE430,5.3684277205902395
2457127.5,2015.2849315068493,0.05515,5120150415050148872755424046124289945101910031001665100,DE430,5.3684277205902395
2457127.5,2015.2849315068493,0.02302,5120150415051056121990224008104075554301910022002892026,DE430,5.3684277205902395
2457127.5,2015.2849315068493,0.00914,5120150415053215138613123985215437867301910029003279025,DE430,5.3684277205902395
2457127.5,2015.2849315068493,-0.02052,5120150415054514741972723988738390401401910031001330184,DE430,5.3684277205902395
2457127.5,2015.2849315068493,0.04231,5120150415055656321998423949458073905201910027001742077,DE430,5.3684277205902395
2457127.5,2015.2849315068493,0.02293,5120150415061107559381123948211015404301910081002527167,DE430,5.3684277205902395
2457127.5,2015.2849315068493,0.00812,5120150415063632188100423927671102797301910069002137205,DE430,5.3684277205902395
2457127.5,2015.2849315068493,0.04787,5120150415065132366017923944556147057101910099001552293,DE430,5.3684277205902395
2457127.5,2015.2849315068493,-0.02747,5120150415070358228698123905977147257001910061001291240,DE430,5.3684277205902395
2457127.5,2015.2849315068493,0.03673,5120150415071756874961423889381149179201910069001287181,DE430,5.3684277205902395
2457127.5,2015.2849315068493,-0.06096,5120150415073040951572823911272100629401910104001587287,DE430,5.3684277205902395
2457127.5,2015.2849315068493,-0.00168,5120150415074357042119023888749242488301910242001808618,DE430,5.3684277205902395
2457127.5,2015.2849315068493,-0.02757,5120150415075547167321523881414653398001910081001362253,DE430,5.3684277205902395
2457127.5,2015.2849315068493,0.04512,5120150415080803398995423869009480541201910106001609304,DE430,5.3684277205902395
2457127.5,2015.2849315068493,-0.04695,5120150415082310076311223894038501015401910069001715213,DE430,5.3684277205902395
2457127.5,2015.2849315068493,0.02263,5120150415083302263293423903024838408101910031002001091,DE430,5.3684277205902395
2457127.5,2015.2849315068493,-0.00988,5120150415085258715259023874118510368301910106002115248,DE430,5.3684277205902395
2457127.5,2015.2849315068493,-0.04353,5120150415090419180359823871320684924001910048001391156,DE430,5.3684277205902395
2457132.5,2015.2986301369863,0.00731,5120150420100318779726824253795275944301910061002712042,DE430,0.28732566062822174
2457132.5,2015.2986301369863,0.01703,5120150420112835772278724211722432670301910044002823057,DE430,0.28732566062822174
2457132.5,2015.2986301369863,-0.01163,5120150420132953370167324213377088026301910020003017088,DE430,0.28732566062822174
2457132.5,2015.2986301369863,0.05439,5120150420141939421193724236569839085301910023002709018,DE430,0.28732566062822174
2457132.5,2015.2986301369863,0.01285,5120150420160551471285024326712878178301910044003271022,DE430,0.28732566062822174
2457133.5,2015.3013698630136,0.00297,5120150421095220233038924659834195157301910027002862043,DE430,0.5187370092919141
2457133.5,2015.3013698630136,0.04614,5120150421104026714768724656355227214101910024001286060,DE430,0.5187370092919141
2457133.5,2015.3013698630136,-0.01208,5120150421110748038633324614661049129401910058001565133,DE430,0.5187370092919141
2457133.5,2015.3013698630136,0.00521,5120150421113949883211124588689414109301910052003139032,DE430,0.5187370092919141
2457133.5,2015.3013698630136,0.11051,5120150421115307780210324587411248204201910039002286101,DE430,0.5187370092919141
2457133.5,2015.3013698630136,0.01959,5120150421121510295551224575278397936301910038002863042,DE430,0.5187370092919141
2457133.5,2015.3013698630136,0.045,5120150421122850125749924604803819128101910055001074254,DE430,0.5187370092919141
2457133.5,2015.3013698630136,-0.01293,5120150421124730594457724577470600993401910051001714130,DE430,0.5187370092919141
2457133.5,2015.3013698630136,0.03212,5120150421131515155248624566206338436301910019003353022,DE430,0.5187370092919141
2457133.5,2015.3013698630136,-0.01959,5120150421140049863210124571665052862301910017003399026,DE430,0.5187370092919141
2457133.5,2015.3013698630136,-0.00674,5120150421144243111288224586332259714301910077002624140,DE430,0.5187370092919141
2457133.5,2015.3013698630136,-0.00988,5120150421154358649911624624101455495301910020002670040,DE430,0.5187370092919141
2457133.5,2015.3013698630136,0.04916,5120150421155923993516624669182799998101910014001615079,DE430,0.5187370092919141
2457133.5,2015.3013698630136,-0.08615,5120150421162423228004624658988065026301910016003366035,DE430,0.5187370092919141
2457135.5,2015.3068493150686,0.00949,5120150423170206732350725413782072632301910022002631021,DE430,0.9604431076079571
2457135.5,2015.3068493150686,0.03666,5120150423172033356925625426134191336301910041002578133,DE430,0.9604431076079571
2457135.5,2015.3068493150686,0.06321,5120150423173147946874125467239624467101910043001124288,DE430,0.9604431076079571
2457135.5,2015.3068493150686,0.01546,5120150423174632835299525455629632517401910059001509249,DE430,0.9604431076079571
2457135.5,2015.3068493150686,0.01266,5120150423181112747599725468441477469301910032003864039,DE430,0.9604431076079571
2457135.5,2015.3068493150686,0.08307,5120150423185121004922125542510966108101910038001569376,DE430,0.9604431076079571
2457135.5,2015.3068493150686,0.13986,5120150423191100443264225532602592751301910010002306030,DE430,0.9604431076079571
2457135.5,2015.3068493150686,0.09863,5120150423195335329221425586068319745301910016002301031,DE430,0.9604431076079571
2457135.5,2015.3068493150686,0.02455,5120150423204423696897925665742717216401910039001406226,DE430,0.9604431076079571
2457135.5,2015.3068493150686,0.08404,5120150423205823316034825708667011377101910021001623181,DE430,0.9604431076079571
2457136.5,2015.309589041096,0.09129,5120150424130712083397525823172617464301910019003067033,DE430,1.1703210994726465
2457136.5,2015.309589041096,0.00475,5120150424192052369731525868884734662401910046001773212,DE430,1.1703210994726465
2457136.5,2015.309589041096,-0.00782,5120150424193649804985825885506725404401910022001644135,DE430,1.1703210994726465
2457140.5,2015.3205479452056,-0.01413,5120150428160315810817826698749282196301910042003164035,DE430,1.9553751893962537
2457140.5,2015.3205479452056,0.0322,5120150428164138040319226662160687285301910047002801048,DE430,1.9553751893962537
2457140.5,2015.3205479452056,0.00386,5120150428173951298944926617797309440301910060002722056,DE430,1.9553751893962537
2457140.5,2015.3205479452056,0.00982,5120150428180204777910626604942013489301910055002676054,DE430,1.9553751893962537
2457140.5,2015.3205479452056,0.00321,5120150428181602582698126598116454630301910058002574034,DE430,1.9553751893962537
2457140.5,2015.3205479452056,0.06775,5120150428182700097591926623451840537101910063001190224,DE430,1.9553751893962537
2457140.5,2015.3205479452056,-0.04965,5120150428184202482093526600908922955401910024001931038,DE430,1.9553751893962537
2457140.5,2015.3205479452056,-0.0583,5120150428190222627219526595620666166401910030002083031,DE430,1.9553751893962537
2457140.5,2015.3205479452056,0.0799,5120150428191319838945926610615007114101910037001122999,DE430,1.9553751893962537
2457140.5,2015.3205479452056,0.0804,5120150428203326517781026616147472649101910081000975999,DE430,1.9553751893962537
2457140.5,2015.3205479452056,-0.00755,5120150428204532714578026590551710626301910069003114066,DE430,1.9553751893962537
2457140.5,2015.3205479452056,0.09651,5120150428211705815566026633860536510101910048001251249,DE430,1.9553751893962537
2457140.5,2015.3205479452056,0.09011,5120150428225838825763226711076616228101910021001054478,DE430,1.9553751893962537
2457141.5,2015.323287671233,0.00608,5120150429220512253057026609231253488301910036002321049,DE430,2.144557717012169
2457141.5,2015.323287671233,0.01009,5120150429223751927941426628376141754301910022002624018,DE430,2.144557717012169
2457149.5,2015.345205479452,0.05366,5120150507011612347720525407023185900301910053003042036,DE430,3.7309707492770183
2457149.5,2015.345205479452,0.04883,5120150507015600865934725396803542516301910067003117042,DE430,3.7309707492770183
2457149.5,2015.345205479452,0.01911,5120150507021528902470625391418457256001910030001704041,DE430,3.7309707492770183
2457149.5,2015.345205479452,0.09302,5120150507022626302179625394561080142301910046002517036,DE430,3.7309707492770183
2457149.5,2015.345205479452,-0.01877,5120150507031536500346525397709250101001910020001961032,DE430,3.7309707492770183
2457149.5,2015.345205479452,0.0799,5120150507032521179060425403713028134301910043003158034,DE430,3.7309707492770183
2457151.5,2015.3506849315067,0.04546,5120150509020826773471824972629642477301910072002439076,DE430,4.1642869790852135
2457151.5,2015.3506849315067,-0.04007,5120150509022111122980924983141136964401910030001453963,DE430,4.1642869790852135
2457151.5,2015.3506849315067,0.10258,5120150509030503895924724944227871710301910050002564058,DE430,4.1642869790852135
2457151.5,2015.3506849315067,0.01876,5120150509033024131362424955271355344401910008001179467,DE430,4.1642869790852135
2457151.5,2015.3506849315067,0.06769,5120150509035127171090024933241532483301910066002359088,DE430,4.1642869790852135
2457151.5,2015.3506849315067,0.06349,5120150509045212737498124935852641959301910120002900112,DE430,4.1642869790852135
2457151.5,2015.3506849315067,0.04358,5120150509051140391733224940671259090301910030002546045,DE430,4.1642869790852135
2457152.5,2015.3534246575343,-0.03006,5120150510032852998570924746232725715401910042001451999,DE430,4.386313339705466
2457152.5,2015.3534246575343,0.03571,5120150510034240163281924721697847622301910045002172107,DE430,4.386313339705466
2457152.5,2015.3534246575343,0.05065,5120150510052242490315824703716246740301910062002606074,DE430,4.386313339705466
2457152.5,2015.3534246575343,0.01467,5120150510055804714603224706195179235001910014002080034,DE430,4.386313339705466
2457152.5,2015.3534246575343,-0.00194,5120150510063510055956724723205768033301910027003079035,DE430,4.386313339705466
2457153.5,2015.3561643835617,0.06914,5120150511043449961376124502606812468301910011002072093,DE430,4.611658979893006
2457153.5,2015.3561643835617,0.0456,5120150511052005714400224487856851697301910054002736183,DE430,4.611658979893006
2457153.5,2015.3561643835617,-0.01609,5120150511052955822676024482468487006001910055001414256,DE430,4.611658979893006
2457153.5,2015.3561643835617,0.07822,5120150511054129203510124470762686002201910049001587083,DE430,4.611658979893006
2457153.5,2015.3561643835617,-0.0323,5120150511055550639394924501560620319401910033001711091,DE430,4.611658979893006
2457153.5,2015.3561643835617,0.04383,5120150511081534406764924532286634992301910042002609049,DE430,4.611658979893006
2457154.5,2015.358904109589,0.0159,5120150512042318494661424341948083005301910147001918780,DE430,4.840111891386418
2457154.5,2015.358904109589,-0.01721,5120150512043658319823824328637306783001910026001199119,DE430,4.840111891386418
2457154.5,2015.358904109589,0.08117,5120150512050556904095824314057849597301910028002759023,DE430,4.840111891386418
2457154.5,2015.358904109589,0.04675,5120150512063754229623424286332756554301910018002451051,DE430,4.840111891386418
2457154.5,2015.358904109589,0.05468,5120150512073340187804424291900552892301910029001792105,DE430,4.840111891386418
2457154.5,2015.358904109589,0.03141,5120150512075053089405324296960766196301910010002191119,DE430,4.840111891386418
2457154.5,2015.358904109589,0.00732,5120150512083014979809224314159598162301910044002285095,DE430,4.840111891386418
2457154.5,2015.358904109589,0.11945,5120150512084309940412324348644414401101910026002395035,DE430,4.840111891386418
2457154.5,2015.358904109589,0.02355,5120150512085810411636724330834069680301910031002828035,DE430,4.840111891386418
2457155.5,2015.3616438356164,0.02323,5120150513042335586223224221608146749301910013003361033,DE430,5.071372449794543
2457155.5,2015.3616438356164,0.02691,5120150513051858274914524174635070476301910076002009087,DE430,5.071372449794543
2457155.5,2015.3616438356164,0.02022,5120150513053254848433924165057565219301910084002165092,DE430,5.071372449794543
2457155.5,2015.3616438356164,-0.0221,5120150513074243478809224124975391603301910038003140023,DE430,5.071372449794543
2457170.5,2015.4027397260274,-0.00775,5120150528170307271263226523784554819301910048003197027,DE430,2.0027575431481117
2457170.5,2015.4027397260274,-0.00202,5120150528171605274036126512096889871301910075001850058,DE430,2.0027575431481117
2457170.5,2015.4027397260274,0.07837,5120150528172752739023326530064957715101910091001299318,DE430,2.0027575431481117
2457170.5,2015.4027397260274,-0.05972,5120150528174546612022526486901041159001910052001525058,DE430,2.0027575431481117
2457170.5,2015.4027397260274,0.09273,5120150528175915758959826471330400160201910039001926043,DE430,2.0027575431481117
2457171.5,2015.4054794520548,-0.07163,5120150529200009001756526283794096418301910031003244009,DE430,2.193925646450178
2457171.5,2015.4054794520548,0.32555,5120150529204810532011126275420525231301910025003554006,DE430,2.193925646450178
2457171.5,2015.4054794520548,-0.03036,5120150529213821537718926278961573959001910038001495032,DE430,2.193925646450178
2457171.5,2015.4054794520548,0.02934,5120150529223410124742726300841450159301910037003285011,DE430,2.193925646450178
2457171.5,2015.4054794520548,0.01166,5120150529224951743668026299261255386201910016002582006,DE430,2.193925646450178
2457181.5,2015.4328767123288,-0.01702,5120150608014734802647924451894182431301910027002905019,DE430,4.332176033427765
2457181.5,2015.4328767123288,0.25736,5120150608021435622543024426385245218001910010002313025,DE430,4.332176033427765
2457181.5,2015.4328767123288,0.01077,5120150608023440502254824417019514364301910021003520010,DE430,4.332176033427765
2457181.5,2015.4328767123288,-0.04874,5120150608041235702440124395991540848401910115001554999,DE430,4.332176033427765
2457181.5,2015.4328767123288,0.11313,5120150608042332210975224407624822096101910036002068036,DE430,4.332176033427765
2457181.5,2015.4328767123288,-0.01145,5120150608045538168459124380020820863301910036003214035,DE430,4.332176033427765
2457182.5,2015.4356164383562,0.06532,5120150609012317829893224445238214178301910062002629107,DE430,4.561829067757737
2457182.5,2015.4356164383562,0.05027,5120150609024957783018124361732023595301910131001817220,DE430,4.561829067757737
2457182.5,2015.4356164383562,-0.02419,5120150609030302436740624366863753994401910087001613384,DE430,4.561829067757737
2457182.5,2015.4356164383562,0.13184,5120150609031702098494724371421331804101910083001779077,DE430,4.561829067757737
2457182.5,2015.4356164383562,0.05084,5120150609032929299253624334206127525301910081001921114,DE430,4.561829067757737
2457182.5,2015.4356164383562,0.04242,5120150609041606103987224311724560104301910086002424065,DE430,4.561829067757737
2457182.5,2015.4356164383562,0.02147,5120150609050358744722924300681688300301910103002693050,DE430,4.561829067757737
2457182.5,2015.4356164383562,0.01863,5120150609053850217032224300561771262301910112001880058,DE430,4.561829067757737
2457183.5,2015.4383561643835,-0.05528,5120150610025036259337424374676053003401910021001374202,DE430,4.791788742133518
2457183.5,2015.4383561643835,0.02399,5120150610030658820124024344937780903301910024001310199,DE430,4.791788742133518
2457183.5,2015.4383561643835,-0.04283,5120150610033021620420524338899165747401910014001351126,DE430,4.791788742133518
2457184.5,2015.441095890411,-0.0,5120150611042713499348224313196666954301910064001908199,DE430,5.021732286329495
2457184.5,2015.441095890411,0.0181,5120150611043542791802224306843984680301910111001801195,DE430,5.021732286329495
2457184.5,2015.441095890411,-0.00535,5120150611045215324871724295412503849301910078001937270,DE430,5.021732286329495
2457184.5,2015.441095890411,0.08998,5120150611051129172303624313932787365101910072001661182,DE430,5.021732286329495
2457184.5,2015.441095890411,-0.06897,5120150611052133578039124291943155173401910108001493314,DE430,5.021732286329495
2457184.5,2015.441095890411,-0.03534,5120150611053612365182224269287834767001910052001299338,DE430,5.021732286329495
2457184.5,2015.441095890411,0.08293,5120150611054731031803024262290436143201910086001485341,DE430,5.021732286329495
2457184.5,2015.441095890411,0.07129,5120150611060042280341324292559498065101910122001093349,DE430,5.021732286329495
2457184.5,2015.441095890411,-0.07648,5120150611061222371901624272951404950401910104001434425,DE430,5.021732286329495
2457184.5,2015.441095890411,-0.04141,5120150611062705984831224254227100206001910046001538231,DE430,5.021732286329495
2457184.5,2015.441095890411,0.08597,5120150611063823104629824250192214075201910108001222583,DE430,5.021732286329495
2457184.5,2015.441095890411,-0.00161,5120150611065016756146924254164531767301910080002778048,DE430,5.021732286329495
2457184.5,2015.441095890411,0.08444,5120150611070620161460324284315005638101910061001364220,DE430,5.021732286329495
2457184.5,2015.441095890411,-0.07915,5120150611071624306964524268979593611401910021001719145,DE430,5.021732286329495
2457184.5,2015.441095890411,0.0447,5120150611080541856656724267457233629301910010002423031,DE430,5.021732286329495
2457184.5,2015.441095890411,-0.10357,5120150611083534748883924295056523597401910014002203041,DE430,5.021732286329495
2457184.5,2015.441095890411,-0.00713,5120150611084425875474824286119160682301910020002325022,DE430,5.021732286329495
2457184.5,2015.441095890411,0.0789,5120150611085805607955924324221366646101910011001074081,DE430,5.021732286329495
2457184.5,2015.441095890411,-0.05684,5120150611090917550237824300124571484001910017001152077,DE430,5.021732286329495
2457184.5,2015.441095890411,0.07714,5120150611092710933115124310339872278201910027001737074,DE430,5.021732286329495
2457184.5,2015.441095890411,-0.00717,5120150611094058160887824326527595314301910021002872037,DE430,5.021732286329495
2457197.5,2015.4767123287672,-0.01369,5120150624160158330710626550706026725301910052002413045,DE430,1.4834723538692822
2457197.5,2015.4767123287672,-0.08501,5120150624161323532063826559616230398401910057001543054,DE430,1.4834723538692822
2457197.5,2015.4767123287672,0.10339,5120150624162608123166126565873743685101910071001160210,DE430,1.4834723538692822
2457197.5,2015.4767123287672,-0.06261,5120150624164212568542826529842999086001910042002157036,DE430,1.4834723538692822
2457197.5,2015.4767123287672,-0.02973,5120150624202946676223026582966836448301910046002882080,DE430,1.4834723538692822
2457197.5,2015.4767123287672,0.01995,5120150624205738599425426606725062442301910042002221095,DE430,1.4834723538692822
2457200.5,2015.4849315068493,-0.04275,5120150627190743831133525971921929268301910027003080016,DE430,2.0596472881732666
2457200.5,2015.4849315068493,0.11364,5120150627193202199204725987955936464101910017001691043,DE430,2.0596472881732666
2457200.5,2015.4849315068493,-0.0022,5120150627195336581529325956540577154301910102002842074,DE430,2.0596472881732666
2457200.5,2015.4849315068493,0.10413,5120150627201404159996425978764488148101910025001158145,DE430,2.0596472881732666
2457200.5,2015.4849315068493,-0.03783,5120150627215622453556925970197371212301910028002762023,DE430,2.0596472881732666
2457209.5,2015.509589041096,0.05854,5120150706014840693314124140526536659301910096002127095,DE430,4.051251137042148
2457209.5,2015.509589041096,-0.07158,5120150706034455095316124120770585015001910024002217034,DE430,4.051251137042148
2457209.5,2015.509589041096,0.03884,5120150706035552021854624127270873267301910038002339020,DE430,4.051251137042148
2457209.5,2015.509589041096,0.04065,5120150706042906831277724138306997912301910029003747007,DE430,4.051251137042148
2457209.5,2015.509589041096,0.04802,5120150706050443821422624156498235416301910110001758087,DE430,4.051251137042148
2457209.5,2015.509589041096,-0.04579,5120150706051445384091324177618949717401910034001812058,DE430,4.051251137042148
2457209.5,2015.509589041096,0.00836,5120150706053338544619224175831105696301910071002975035,DE430,4.051251137042148
2457209.5,2015.509589041096,0.11201,5120150706054419078895124174592503938201910039001888034,DE430,4.051251137042148
2457209.5,2015.509589041096,0.02216,5120150706062136422032124216074356083301910093002247074,DE430,4.051251137042148
2457211.5,2015.5150684931507,-0.04756,5120150708022837749896824286215376793401910027001995730,DE430,4.516984279370206
2457211.5,2015.5150684931507,0.0266,5120150708025431586597924257091524906301910035002771034,DE430,4.516984279370206
2457211.5,2015.5150684931507,-0.02288,5120150708030954862990724245693707270001910019001972076,DE430,4.516984279370206
2457211.5,2015.5150684931507,-0.06083,5120150708032426501954524254796588491401910080001480632,DE430,4.516984279370206
2457211.5,2015.5150684931507,0.00948,5120150708033553968992024237529996988301910038002416049,DE430,4.516984279370206
2457211.5,2015.5150684931507,-0.00228,5120150708040153617061424229771044004301910067002706057,DE430,4.516984279370206
2457211.5,2015.5150684931507,-0.05487,5120150708041346395099824224392453879001910026001948038,DE430,4.516984279370206
2457211.5,2015.5150684931507,-0.06103,5120150708042434398903324238792917673401910068001949112,DE430,4.516984279370206
2457211.5,2015.5150684931507,0.09654,5120150708044010208643124220791733759201910032001482053,DE430,4.516984279370206
2457211.5,2015.5150684931507,0.09321,5120150708045232112000224256258915228101910054001744072,DE430,4.516984279370206
2457211.5,2015.5150684931507,0.03045,5120150708050519420487124226271953320301910058002152036,DE430,4.516984279370206
2457211.5,2015.5150684931507,-0.03277,5120150708051946887801724225631489218001910060001758096,DE430,4.516984279370206
2457211.5,2015.5150684931507,0.0745,5120150708052928011221724226487779516201910083001895109,DE430,4.516984279370206
2457211.5,2015.5150684931507,-0.06983,5120150708054240193695424247558460140401910112001551379,DE430,4.516984279370206
2457211.5,2015.5150684931507,0.07944,5120150708055428233931624269767333023101910040001420074,DE430,4.516984279370206
2457211.5,2015.5150684931507,-0.00101,5120150708060819586869724244729847206301910057002887025,DE430,4.516984279370206
2457211.5,2015.5150684931507,0.012,5120150708062027987899224250737663214301910234001738285,DE430,4.516984279370206
2457211.5,2015.5150684931507,-0.0533,5120150708063800125933824257905443748001910072001766151,DE430,4.516984279370206
2457211.5,2015.5150684931507,0.08498,5120150708065251308897424266035997334201910087001496136,DE430,4.516984279370206
2457211.5,2015.5150684931507,-0.0825,5120150708070403410745624291564529092401910131001666254,DE430,4.516984279370206
2457211.5,2015.5150684931507,0.0865,5120150708072010199247624321843282456101910026001664025,DE430,4.516984279370206
2457211.5,2015.5150684931507,0.00113,5120150708073049931747124300032941129301910041002545025,DE430,4.516984279370206
2457211.5,2015.5150684931507,0.01491,5120150708074444794381824312484749006301910138002550065,DE430,4.516984279370206
2457211.5,2015.5150684931507,-0.05044,5120150708080255175883524327203583745001910032001481056,DE430,4.516984279370206
2457211.5,2015.5150684931507,-0.0107,5120150708083113434573924356941028462001910038002181053,DE430,4.516984279370206
2457211.5,2015.5150684931507,0.11886,5120150708085623725857824383834821602201910019002723014,DE430,4.516984279370206
2457211.5,2015.5150684931507,0.02336,5120150708090819343158424402588778676301910041002827032,DE430,4.516984279370206
2457212.5,2015.517808219178,-0.56614,5120150709051904326639924344916392918301910035003733011,DE430,4.746475378064827
2457212.5,2015.517808219178,-0.00212,5120150709053856782811624344697891597301910100002460069,DE430,4.746475378064827
2457212.5,2015.517808219178,0.00099,5120150709054959092713824345514865132301910291002145262,DE430,4.746475378064827
2457212.5,2015.517808219178,-0.01117,5120150709060324113395824347411123034301910086002274111,DE430,4.746475378064827
2457212.5,2015.517808219178,-0.00439,5120150709063858144126424357205641697301910095002256102,DE430,4.746475378064827
2457212.5,2015.517808219178,-0.07835,5120150709065306368955924375219452963401910039001432115,DE430,4.746475378064827
2457212.5,2015.517808219178,-0.01079,5120150709070845520499424370638157846301910073001834061,DE430,4.746475378064827
2457212.5,2015.517808219178,-0.05006,5120150709072029196709724375096536209001910104001750391,DE430,4.746475378064827
2457212.5,2015.517808219178,0.08258,5120150709073206792188724382295259046201910065001700139,DE430,4.746475378064827
2457212.5,2015.517808219178,0.05972,5120150709074455584776424424224454554101910094001211170,DE430,4.746475378064827
2457212.5,2015.517808219178,-0.01304,5120150709075420196038124399977234285301910118002258092,DE430,4.746475378064827
2457212.5,2015.517808219178,7e-05,5120150709085210455322624451077855551301910033003223031,DE430,4.746475378064827
2457213.5,2015.5205479452054,0.02241,5120150710035007771791424553948217140301910017003440025,DE430,4.973340564184538
2457213.5,2015.5205479452054,-0.01462,5120150710040019987327724546654976442301910028003267030,DE430,4.973340564184538
2457213.5,2015.5205479452054,-0.02757,5120150710044920992577624518030169849301910034002881049,DE430,4.973340564184538
2457213.5,2015.5205479452054,-0.44844,5120150710051432333521224519054682813401910011001609024,DE430,4.973340564184538
2457213.5,2015.5205479452054,-0.03504,5120150710053252495651924502325489787301910019003365013,DE430,4.973340564184538
2457213.5,2015.5205479452054,0.01144,5120150710083732525572224547454234847301910047002435047,DE430,4.973340564184538
2457214.5,2015.5232876712328,0.03664,5120150711045131308785724754577715467101910016002009037,DE430,5.1974890285254505
2457214.5,2015.5232876712328,-0.00556,5120150711053849727026424695535914307301910054002106114,DE430,5.1974890285254505
2457214.5,2015.5232876712328,0.01365,5120150711054842358600024723155158441101910011001698021,DE430,5.1974890285254505
2457214.5,2015.5232876712328,0.00369,5120150711081540046421824686049852818301910020002826029,DE430,5.1974890285254505
2457214.5,2015.5232876712328,0.01444,5120150711082751050936324690764489141301910090002261137,DE430,5.1974890285254505
2457214.5,2015.5232876712328,0.00695,5120150711090602647068124710504401797301910066002611101,DE430,5.1974890285254505
2457214.5,2015.5232876712328,0.08232,5120150711091504334065824747707705710101910020001905041,DE430,5.1974890285254505
2457229.5,2015.5643835616438,-0.0204,5120150726180302535962125642934428680301910029002695018,DE430,1.932420440728225
2457229.5,2015.5643835616438,0.08231,5120150726181617188185725659097111555101910026002246058,DE430,1.932420440728225
2457229.5,2015.5643835616438,-0.00177,5120150726182918051910825626901906498301910045003064038,DE430,1.932420440728225
2457229.5,2015.5643835616438,-0.01039,5120150726184824245536225617451027894301910021002970012,DE430,1.932420440728225
2457229.5,2015.5643835616438,-0.04154,5120150726190551487798725610476441057301910027003491014,DE430,1.932420440728225
2457229.5,2015.5643835616438,-0.01726,5120150726192052702786725605755336675301910043003202038,DE430,1.932420440728225
2457229.5,2015.5643835616438,-0.02191,5120150726194132686995325601203107453301910051002890046,DE430,1.932420440728225
2457229.5,2015.5643835616438,-0.06786,5120150726205941234749025604024289469301910024003265010,DE430,1.932420440728225
2457229.5,2015.5643835616438,-0.04059,5120150726211421096563125607951159325301910053003490040,DE430,1.932420440728225
2457238.5,2015.5890410958905,-0.0025,5220150804231602895417224189368536473301910040003508025,DE430,3.9972757378466457
2457238.5,2015.5890410958905,0.08635,5220150804234100483405024164052256030301910074002184110,DE430,3.9972757378466457
2457239.5,2015.5917808219178,0.02262,5220150805000726740857924139174663336301910051003364036,DE430,4.233718374331291
2457239.5,2015.5917808219178,0.04875,5220150805004735690692324105984899677301910035002414021,DE430,4.233718374331291
2457239.5,2015.5917808219178,-0.02299,5220150805010301429220624091853691381001910019001532049,DE430,4.233718374331291
2457239.5,2015.5917808219178,0.04107,5220150805011820469223424084920183643301910079002389054,DE430,4.233718374331291
2457239.5,2015.5917808219178,-0.04338,5220150805013831187878824084774641001401910036001934120,DE430,4.233718374331291
2457239.5,2015.5917808219178,0.01946,5220150805015537365692024065120575437301910028003468011,DE430,4.233718374331291
2457239.5,2015.5917808219178,-0.01081,5220150805020840913092624056793501934001910031001617054,DE430,4.233718374331291
2457239.5,2015.5917808219178,-0.0285,5220150805023651917833524062720689348401910026001820089,DE430,4.233718374331291
2457239.5,2015.5917808219178,0.03873,5220150805025624827581424047791319819301910050002968029,DE430,4.233718374331291
2457239.5,2015.5917808219178,0.01042,5220150805031236071478424043576201939001910028001984045,DE430,4.233718374331291
2457239.5,2015.5917808219178,0.1017,5220150805032714830317724044866369678201910025002197017,DE430,4.233718374331291
2457239.5,2015.5917808219178,-0.03357,5220150805033936293715624059107354524401910144001336722,DE430,4.233718374331291
2457239.5,2015.5917808219178,0.02538,5220150805035740467001524050475390684301910077002611042,DE430,4.233718374331291
2457239.5,2015.5917808219178,-0.02351,5220150805041134830082324051120802399001910067001589162,DE430,4.233718374331291
2457239.5,2015.5917808219178,0.03399,5220150805043809791745624063584279191301910056002624033,DE430,4.233718374331291
2457239.5,2015.5917808219178,-0.03775,5220150805044720396816624079477415913401910130001845215,DE430,4.233718374331291
2457239.5,2015.5917808219178,0.02362,5220150805050238035250224075793760390301910072002391046,DE430,4.233718374331291
2457239.5,2015.5917808219178,0.03276,5220150805051806648023624085132438209301910236001909292,DE430,4.233718374331291
2457239.5,2015.5917808219178,-0.03527,5220150805053138264220324106046323035401910231001510999,DE430,4.233718374331291
2457239.5,2015.5917808219178,-0.00809,5220150805054329352169124100332085498001910104001442396,DE430,4.233718374331291
2457239.5,2015.5917808219178,0.10301,5220150805055307994295224108793659802201910059001654094,DE430,4.233718374331291
2457239.5,2015.5917808219178,0.06782,5220150805060503546149524152584973305101910025002635026,DE430,4.233718374331291
2457239.5,2015.5917808219178,0.03185,5220150805061808840987024132500302788301910153002084168,DE430,4.233718374331291
2457239.5,2015.5917808219178,-0.04349,5220150805063017957097224155924686427401910201001480649,DE430,4.233718374331291
2457239.5,2015.5917808219178,-0.0224,5220150805064403009604424155299551038001910067001737167,DE430,4.233718374331291
2457239.5,2015.5917808219178,0.06893,5220150805065654156981024169632946728201910031001722037,DE430,4.233718374331291
2457239.5,2015.5917808219178,-0.04559,5220150805074144914661924235629202968401910060001640180,DE430,4.233718374331291
2457239.5,2015.5917808219178,0.02276,5220150805075813904039624244457774633301910057002465050,DE430,4.233718374331291
2457240.5,2015.5945205479452,0.02409,5220150806044644408752624277993574050301910049002473101,DE430,4.465797705879567
2457240.5,2015.5945205479452,0.02271,5220150806045534964244424280167302028301910292002227320,DE430,4.465797705879567
2457240.5,2015.5945205479452,0.01598,5220150806051029988606624284798549020301910347002104419,DE430,4.465797705879567
2457240.5,2015.5945205479452,-0.01318,5220150806052609646261524288743312604001910092001805378,DE430,4.465797705879567
2457240.5,2015.5945205479452,0.09226,5220150806053926716239824297756267806201910093001667130,DE430,4.465797705879567
2457240.5,2015.5945205479452,-0.04069,5220150806054958045098324313615105260401910304001538541,DE430,4.465797705879567
2457240.5,2015.5945205479452,0.06238,5220150806060731521343824345834691574101910072001568078,DE430,4.465797705879567
2457240.5,2015.5945205479452,0.02992,5220150806062107158479124322751997700301910238002330143,DE430,4.465797705879567
2457240.5,2015.5945205479452,-0.02669,5220150806064037821145924335590535401001910122001550357,DE430,4.465797705879567
2457240.5,2015.5945205479452,0.08317,5220150806065116437386024347054561491201910044002207051,DE430,4.465797705879567
2457240.5,2015.5945205479452,-0.04442,5220150806070339553914724368538168868401910112001665325,DE430,4.465797705879567
2457240.5,2015.5945205479452,0.02744,5220150806072657735157324380151646837301910083002449050,DE430,4.465797705879567
2457240.5,2015.5945205479452,-0.01887,5220150806080012820925924427082453071401910059001719126,DE430,4.465797705879567
2457240.5,2015.5945205479452,-0.0065,5220150806081706412329024435863253696301910064002002074,DE430,4.465797705879567
2457240.5,2015.5945205479452,-0.03441,5220150806082938440118024462166022138401910049001210144,DE430,4.465797705879567
2457240.5,2015.5945205479452,0.0168,5220150806084307609235124468087083581301910034003029023,DE430,4.465797705879567
2457241.5,2015.5972602739726,-0.02565,5220150807025955752537024580930114542401910035001861151,DE430,4.69307172100644
2457241.5,2015.5972602739726,0.0005,5220150807031252448045224573919079241401910023001945090,DE430,4.69307172100644
2457241.5,2015.5972602739726,0.0884,5220150807043217284413024538479931684301910007002465032,DE430,4.69307172100644
2457241.5,2015.5972602739726,-0.04649,5220150807044622338805324537260263285301910015003637020,DE430,4.69307172100644
2457241.5,2015.5972602739726,0.01928,5220150807060104291424924548525533771301910014003105028,DE430,4.69307172100644
2457241.5,2015.5972602739726,-0.03279,5220150807061744476945224553507057607001910034002160090,DE430,4.69307172100644
2457241.5,2015.5972602739726,0.10899,5220150807062910226615924562977719136201910038001616066,DE430,4.69307172100644
2457241.5,2015.5972602739726,0.05429,5220150807070002986513724611006415100101910033001856039,DE430,4.69307172100644
2457241.5,2015.5972602739726,-0.04776,5220150807071130662239324596423500508401910111001539364,DE430,4.69307172100644
2457241.5,2015.5972602739726,0.01137,5220150807072752178618224598562013602301910173002717136,DE430,4.69307172100644
2457241.5,2015.5972602739726,-0.00534,5220150807074306281849424609704103338001910044001519200,DE430,4.69307172100644
2457241.5,2015.5972602739726,-0.0269,5220150807080642937824824643052577608401910105001700216,DE430,4.69307172100644
2457241.5,2015.5972602739726,0.06276,5220150807082004243071724678485974262101910079001621129,DE430,4.69307172100644
2457241.5,2015.5972602739726,0.11063,5220150807083325334532124662345097261201910036001886062,DE430,4.69307172100644
2457241.5,2015.5972602739726,0.03058,5220150807092406442275224718887166719301910047002987027,DE430,4.69307172100644
2457241.5,2015.5972602739726,-0.0645,5220150807094219719845124752403141398401910022002274034,DE430,4.69307172100644
2457242.5,2015.6,-0.01828,5220150808073621428171324857757248853401910119001792103,DE430,4.915488606768713
2457242.5,2015.6,0.03715,5220150808075136324826024857363960923301910076003092026,DE430,4.915488606768713
2457242.5,2015.6,0.05925,5220150808075807786368424894380983442101910064001482292,DE430,4.915488606768713
2457242.5,2015.6,0.02414,5220150808080127247910824862984587066001910025001988206,DE430,4.915488606768713
2457242.5,2015.6,0.12381,5220150808080652231729524871638302648201910031001792103,DE430,4.915488606768713
2457246.5,2015.6109589041096,0.02126,5220150812064126328325125927594386764301910095003126052,DE430,5.761251075842553
2457246.5,2015.6109589041096,0.02765,5220150812070730044507125909403832043301910137002712075,DE430,5.761251075842553
2457246.5,2015.6109589041096,-0.04374,5220150812071917611807825911559508439401910107001413113,DE430,5.761251075842553
2457246.5,2015.6109589041096,0.03916,5220150812073254355944725927003439853101910106001854081,DE430,5.761251075842553
2457246.5,2015.6109589041096,0.01108,5220150812080641245273025878662665655301910064003139030,DE430,5.761251075842553
2457246.5,2015.6109589041096,0.01794,5220150812082325082204925872905721833301910041002899013,DE430,5.761251075842553
2457246.5,2015.6109589041096,-0.0374,5220150812083451079282925879450844130401910026002372015,DE430,5.761251075842553
2457246.5,2015.6109589041096,-0.00267,5220150812094616700275625865340180196301910058003349021,DE430,5.761251075842553
2457246.5,2015.6109589041096,0.00675,5220150812112809867575725905429657832301910044003357022,DE430,5.761251075842553
2457251.5,2015.6246575342466,0.0,5220150817161748592743226725745577580301910077002554034,DE430,0.45683828235544954
2457251.5,2015.6246575342466,0.06951,5220150817164048419172226775112836944101910039001561050,DE430,0.45683828235544954
2457251.5,2015.6246575342466,-0.08215,5220150817164910133427226769672180416401910047001713061,DE430,0.45683828235544954
2457251.5,2015.6246575342466,-0.03819,5220150817170720066585126773311785948301910055003081022,DE430,0.45683828235544954
2457251.5,2015.6246575342466,-0.06571,5220150817172305738271326805293067309401910037001665055,DE430,0.45683828235544954
2457253.5,2015.6301369863013,-0.00134,5220150819184013447636426736947891301301910022001907140,DE430,0.8345470296577444
2457253.5,2015.6301369863013,0.08982,5220150819185155033071526774835880594101910029001173234,DE430,0.8345470296577444
2457253.5,2015.6301369863013,-0.0382,5220150819190935657686026784288055197401910028001419254,DE430,0.8345470296577444
2457253.5,2015.6301369863013,-0.00216,5220150819191452460825226771211735083001910005001178999,DE430,0.8345470296577444
2457253.5,2015.6301369863013,0.0277,5220150819192739237428926786501769743301910012001633544,DE430,0.8345470296577444
2457254.5,2015.6328767123289,0.01301,5220150820161904864545326503935739411301910088002366048,DE430,1.0237633921465323
2457254.5,2015.6328767123289,0.0345,5220150820181049691166326544375246322301910074002573065,DE430,1.0237633921465323
2457254.5,2015.6328767123289,0.08282,5220150820182600354166726579884231420101910059001071273,DE430,1.0237633921465323
2457254.5,2015.6328767123289,-0.0389,5220150820183529431434726579535359862401910043001824111,DE430,1.0237633921465323
2457254.5,2015.6328767123289,0.08857,5220150820184942637806426559130641051201910016000745999,DE430,1.0237633921465323
2457254.5,2015.6328767123289,0.01761,5220150820190004518795326578933223814001910030001723118,DE430,1.0237633921465323
2457254.5,2015.6328767123289,0.03641,5220150820190948367113226588738929740301910016002703080,DE430,1.0237633921465323
2457254.5,2015.6328767123289,-0.04519,5220150820192540087593626621262202868401910014001922045,DE430,1.0237633921465323
2457254.5,2015.6328767123289,0.03783,5220150820193601948641026612523232316301910038002771415,DE430,1.0237633921465323
2457255.5,2015.6356164383562,-0.00602,5220150821141614636158526369962190165301910038002301037,DE430,1.2148561993291769
2457255.5,2015.6356164383562,0.01164,5220150821143835955500726352180280779301910045003437028,DE430,1.2148561993291769
2457255.5,2015.6356164383562,0.00906,5220150821153059206850126320047083969301910081002707081,DE430,1.2148561993291769
2457255.5,2015.6356164383562,0.01106,5220150821174630201207626303827072411301910063002659055,DE430,1.2148561993291769
2457255.5,2015.6356164383562,0.08724,5220150821180014300982226332312795859101910107001749153,DE430,1.2148561993291769
2457255.5,2015.6356164383562,0.09918,5220150821183537750256926346086005810101910037001650119,DE430,1.2148561993291769
2457255.5,2015.6356164383562,-0.04415,5220150821184418443224726344898204809401910224001792311,DE430,1.2148561993291769
2457255.5,2015.6356164383562,-0.0014,5220150821185151804611126329790223142301910005001333992,DE430,1.2148561993291769
2457255.5,2015.6356164383562,0.00918,5220150821190019912019926334597420982301910029003679059,DE430,1.2148561993291769
2457255.5,2015.6356164383562,0.10194,5220150821193143718634026379476953964101910066002026115,DE430,1.2148561993291769
2457255.5,2015.6356164383562,-0.00175,5220150821195419255684226372067321600301910064002636185,DE430,1.2148561993291769
2457256.5,2015.6383561643836,0.01269,5220150822180445455142826013724114351301910135002564134,DE430,1.4092060951711995
2457256.5,2015.6383561643836,0.08541,5220150822181943867962026038923594289101910047001923098,DE430,1.4092060951711995
2457256.5,2015.6383561643836,-0.00429,5220150822183851551560126017856008930301910180002624469,DE430,1.4092060951711995
2457256.5,2015.6383561643836,-0.04474,5220150822185159762651526040757555320401910100001648094,DE430,1.4092060951711995
2457256.5,2015.6383561643836,-0.00917,5220150822190141322996626021863763234001910020001780048,DE430,1.4092060951711995
2457256.5,2015.6383561643836,-0.00234,5220150822190916363147426026420304951301910027002939325,DE430,1.4092060951711995
2457256.5,2015.6383561643836,-0.05441,5220150822193658884877126038001348225301910049003062064,DE430,1.4092060951711995
2457256.5,2015.6383561643836,0.07536,5220150822195217029076926029362105038201910049001585999,DE430,1.4092060951711995
2457256.5,2015.6383561643836,0.08042,5220150822200336777260926076072078211101910076001345882,DE430,1.4092060951711995
2457256.5,2015.6383561643836,-0.03298,5220150822201350494961026078482169034401910059001724121,DE430,1.4092060951711995
2457258.5,2015.6438356164383,-0.04549,5220150824182731065879625290903464507401910031001683032,DE430,1.813297396831799
2457258.5,2015.6438356164383,0.0202,5220150824190246611418425258247827317301910049003329030,DE430,1.813297396831799
2457258.5,2015.6438356164383,0.10575,5220150824191258120786025279536022781101910009000886202,DE430,1.813297396831799
2457258.5,2015.6438356164383,0.08363,5220150824194855689472025275120329053101910080001511964,DE430,1.813297396831799
2457258.5,2015.6438356164383,0.0969,5220150824195944163180725275089503457101910020001275581,DE430,1.813297396831799
2457258.5,2015.6438356164383,-0.03335,5220150824203314553594625255212693051301910016003354021,DE430,1.813297396831799
2457258.5,2015.6438356164383,0.04174,5220150824205601107345225260821808308301910063003371042,DE430,1.813297396831799
2457258.5,2015.6438356164383,0.0137,5220150824212608185556125271857000673301910043003277022,DE430,1.813297396831799
2457258.5,2015.6438356164383,0.10737,5220150824215149867783825307598274632101910035001921310,DE430,1.813297396831799
2457260.5,2015.6493150684933,0.10099,5220150826173030319229624556285662649301910052003942012,DE430,2.24569875339568
2457260.5,2015.6493150684933,0.02489,5220150826174759140665724535865524256301910122002974050,DE430,2.24569875339568
2457260.5,2015.6493150684933,0.03689,5220150826180653643915824515068568295301910136002763054,DE430,2.24569875339568
2457260.5,2015.6493150684933,0.07405,5220150826182045483292724484394721997201910047001923038,DE430,2.24569875339568
2457260.5,2015.6493150684933,0.02132,5220150826190016545494224464426420489301910041003532012,DE430,2.24569875339568
2457260.5,2015.6493150684933,0.0287,5220150826191447935634824452888362799301910071003051029,DE430,2.24569875339568
2457260.5,2015.6493150684933,0.04935,5220150826194436592850324432422744632301910100003367038,DE430,2.24569875339568
2457260.5,2015.6493150684933,0.05043,5220150826195859444088324424144913637301910081002949030,DE430,2.24569875339568
2457260.5,2015.6493150684933,0.04794,5220150826201201209396424401093532720201910038002325021,DE430,2.24569875339568
2457260.5,2015.6493150684933,0.02928,5220150826202545244641324395086811006201910040002546022,DE430,2.24569875339568
2457260.5,2015.6493150684933,0.0542,5220150826205141493524724386437591335201910082001889054,DE430,2.24569875339568
2457260.5,2015.6493150684933,0.04061,5220150826211714529606824397955876053301910058003323019,DE430,2.24569875339568
2457269.5,2015.6739726027397,0.04699,5220150904015236161658024455620029710301910073003085042,DE430,4.3983868486662505
2457269.5,2015.6739726027397,0.04609,5220150904022254591157124476774687694101910040001526040,DE430,4.3983868486662505
2457269.5,2015.6739726027397,0.04538,5220150904023740842805424436462197796001910023002079166,DE430,4.3983868486662505
2457269.5,2015.6739726027397,0.03518,5220150904025042204117724435119809616301910091002990041,DE430,4.3983868486662505
2457269.5,2015.6739726027397,0.01494,5220150904031248143153624440500697910401910086001569613,DE430,4.3983868486662505
2457269.5,2015.6739726027397,0.02393,5220150904033718960703924430717409864301910076003117061,DE430,4.3983868486662505
2457269.5,2015.6739726027397,0.0405,5220150904043342762301024440667284590301910041003547015,DE430,4.3983868486662505
2457269.5,2015.6739726027397,0.08824,5220150904044628346300824445271130369301910033003380011,DE430,4.3983868486662505
2457269.5,2015.6739726027397,0.03322,5220150904052248640556724463082667409301910090002758062,DE430,4.3983868486662505
2457269.5,2015.6739726027397,0.01419,5220150904053410146703824479194621640401910208001557577,DE430,4.3983868486662505
2457269.5,2015.6739726027397,0.03526,5220150904054551678220524511305864466101910051002403040,DE430,4.3983868486662505
2457269.5,2015.6739726027397,0.04136,5220150904055828838427724485591438709001910034001973092,DE430,4.3983868486662505
2457269.5,2015.6739726027397,0.04756,5220150904061506599978924500493441563301910218002629190,DE430,4.3983868486662505
2457269.5,2015.6739726027397,0.0253,5220150904071849053482024563091749371301910092003003077,DE430,4.3983868486662505
2457269.5,2015.6739726027397,0.02509,5220150904074624161351924604573547034401910106001591434,DE430,4.3983868486662505
2457269.5,2015.6739726027397,0.04296,5220150904075928832096924644479309477101910040001739036,DE430,4.3983868486662505
2457269.5,2015.6739726027397,-5e-05,5220150904082550631080324654869511776401910029001738076,DE430,4.3983868486662505
2457269.5,2015.6739726027397,0.03797,5220150904083409682460824656622103776301910040003717027,DE430,4.3983868486662505
2457272.5,2015.682191780822,0.07631,5220150907032753208516825571547335807301910045002900097,DE430,5.049887402395459
2457272.5,2015.682191780822,0.04441,5220150907034357743912925594251171803101910088001643108,DE430,5.049887402395459
2457272.5,2015.682191780822,0.0487,5220150907040330542771325547209417056301910093003025315,DE430,5.049887402395459
2457272.5,2015.682191780822,0.05267,5220150907041607470834125539723821093301910069002980200,DE430,5.049887402395459
2457272.5,2015.682191780822,0.02444,5220150907042723384786625541589899650401910060001456318,DE430,5.049887402395459
2457272.5,2015.682191780822,0.07998,5220150907045145567340225522137419379301910022003149052,DE430,5.049887402395459
2457272.5,2015.682191780822,0.0399,5220150907050750480395025516037328220301910302002646999,DE430,5.049887402395459
2457272.5,2015.682191780822,0.01018,5220150907053621360280125516387418791401910475001291999,DE430,5.049887402395459
2457272.5,2015.682191780822,0.0643,5220150907054832762629425504783791058001910131002213576,DE430,5.049887402395459
2457272.5,2015.682191780822,0.03475,5220150907060008971311325538679360909101910305001214747,DE430,5.049887402395459
2457272.5,2015.682191780822,0.1302,5220150907061524160589325510206447317201910056001925185,DE430,5.049887402395459
2457272.5,2015.682191780822,0.03378,5220150907062445009335125504196142927301910451002761999,DE430,5.049887402395459
2457272.5,2015.682191780822,-0.00238,5220150907065702898575225516624746254401910305001436999,DE430,5.049887402395459
2457272.5,2015.682191780822,0.03328,5220150907070750630971725509679305913001910066002105266,DE430,5.049887402395459
2457272.5,2015.682191780822,0.01438,5220150907072254655628525549123374383101910087001751150,DE430,5.049887402395459
2457272.5,2015.682191780822,0.01149,5220150907073550279941525520343658538301910144002845349,DE430,5.049887402395459
2457272.5,2015.682191780822,0.0026,5220150907080631052339125543997176690401910171001593682,DE430,5.049887402395459
2457272.5,2015.682191780822,0.0464,5220150907082309257949425544645293970001910045002298152,DE430,5.049887402395459
2457272.5,2015.682191780822,0.12357,5220150907083733406818725561401500030201910047002054124,DE430,5.049887402395459
2457272.5,2015.682191780822,0.02403,5220150907084849787184125597409708506101910078001475147,DE430,5.049887402395459
2457272.5,2015.682191780822,0.02563,5220150907090220055307425574882720763301910051003033112,DE430,5.049887402395459
2457272.5,2015.682191780822,-0.01453,5220150907100049713132225640076855226401910049001321190,DE430,5.049887402395459
2457273.5,2015.6849315068494,0.02543,5220150908042345016597925875887840575301910018003275043,DE430,5.255523886832517
2457273.5,2015.6849315068494,0.03451,5220150908043424313243425867980610558301910034002574131,DE430,5.255523886832517
2457273.5,2015.6849315068494,0.02709,5220150908044639182064225867690136348401910038001436254,DE430,5.255523886832517
2457273.5,2015.6849315068494,0.02191,5220150908050029300288525884309231095101910026002150043,DE430,5.255523886832517
2457273.5,2015.6849315068494,0.03476,5220150908051221089255825877144764549101910012001552039,DE430,5.255523886832517
2457273.5,2015.6849315068494,0.03347,5220150908053859892293625829349963108301910118002692174,DE430,5.255523886832517
2457273.5,2015.6849315068494,-0.01462,5220150908063357021747225819565439719401910025001770038,DE430,5.255523886832517
2457273.5,2015.6849315068494,0.03051,5220150908070344819729225840908888790101910089001285165,DE430,5.255523886832517
2457273.5,2015.6849315068494,0.01693,5220150908071602696425925807099312881301910028003373024,DE430,5.255523886832517
2457273.5,2015.6849315068494,0.03071,5220150908072927702926225807789461672301910083002872093,DE430,5.255523886832517
2457273.5,2015.6849315068494,0.00728,5220150908092027764472125849747062385301910034003204045,DE430,5.255523886832517
2457274.5,2015.6876712328767,0.03234,5220150909042045756193526187392446763301910050003138999,DE430,5.456615486774057
2457274.5,2015.6876712328767,0.00643,5220150909044452603554326174009150501401910060001374999,DE430,5.456615486774057
2457274.5,2015.6876712328767,0.08776,5220150909052612390750926131259230650301910037003647009,DE430,5.456615486774057
2457274.5,2015.6876712328767,0.04345,5220150909061013312632126101927583479301910031003330016,DE430,5.456615486774057
2457283.5,2015.7123287671234,0.06557,5220150918170810861356926381123754171101910035001965032,DE430,0.8950394150935934
2457283.5,2015.7123287671234,0.02564,5220150918172130604623526362558787908301910022003053025,DE430,0.8950394150935934
2457283.5,2015.7123287671234,0.0175,5220150918174846253084226377811976943301910040002565137,DE430,0.8950394150935934
2457283.5,2015.7123287671234,0.03867,5220150918180530271912126388725877924301910035002810993,DE430,0.8950394150935934
2457283.5,2015.7123287671234,0.03621,5220150918181505281503426395474878719301910006001315999,DE430,0.8950394150935934
2457285.5,2015.717808219178,0.06388,5220150920152602282400925817262691366101910044001640239,DE430,1.2886057763027576
2457285.5,2015.717808219178,0.01902,5220150920154625700184025780416633022301910067002818162,DE430,1.2886057763027576
2457285.5,2015.717808219178,-0.00298,5220150920155820121007825771253790370001910032001898031,DE430,1.2886057763027576
2457285.5,2015.717808219178,0.02034,5220150920161113738069025750224604728201910019002166070,DE430,1.2886057763027576
2457285.5,2015.717808219178,-0.01637,5220150920162448661741625782202515431401910142001679167,DE430,1.2886057763027576
2457285.5,2015.717808219178,0.06276,5220150920163618933280525782138450096101910138001470672,DE430,1.2886057763027576
2457285.5,2015.717808219178,0.0112,5220150920164751219598025754942060025301910056002754150,DE430,1.2886057763027576
2457285.5,2015.717808219178,0.0665,5220150920174209562324525772424781297101910058001706726,DE430,1.2886057763027576
2457285.5,2015.717808219178,0.03839,5220150920175113723101225731406505085201910046001552999,DE430,1.2886057763027576
2457285.5,2015.717808219178,0.06671,5220150920182711342932925778528555335101910026001815152,DE430,1.2886057763027576
2457285.5,2015.717808219178,0.04333,5220150920183621211330825739583311173201910032001777157,DE430,1.2886057763027576
2457285.5,2015.717808219178,0.0323,5220150920184835238038425761408150001301910053003091124,DE430,1.2886057763027576
2457286.5,2015.7205479452055,0.00965,5220150921164521824445925394300694481301910073003398037,DE430,1.4926677057731634
2457286.5,2015.7205479452055,0.07501,5220150921170003392404225410181233271101910076001755232,DE430,1.4926677057731634
2457286.5,2015.7205479452055,-0.00453,5220150921171521122126725399753928896401910107002045083,DE430,1.4926677057731634
2457286.5,2015.7205479452055,0.04992,5220150921172415541155325358083855307201910033001887115,DE430,1.4926677057731634
2457286.5,2015.7205479452055,0.00656,5220150921173944840634025370930879265301910118002960085,DE430,1.4926677057731634
2457286.5,2015.7205479452055,0.06885,5220150921180804809786025388313569766101910167001756999,DE430,1.4926677057731634
2457286.5,2015.7205479452055,-0.01045,5220150921182243354220025383706431034401910129001724089,DE430,1.4926677057731634
2457286.5,2015.7205479452055,0.01236,5220150921183356982254525360527152316001910024002047018,DE430,1.4926677057731634
2457287.5,2015.7232876712328,0.01439,5220150922172707997853724979144721905301910056003227034,DE430,1.7030463067837984
2457287.5,2015.7232876712328,0.08052,5220150922174456235856424992157557973101910051001583829,DE430,1.7030463067837984
2457289.5,2015.7287671232878,0.02084,5220150924174350901482524210749174159301910084003373027,DE430,2.145914502399133
2457289.5,2015.7287671232878,0.054,5220150924175935900624224219634481105101910022001788027,DE430,2.145914502399133
2457289.5,2015.7287671232878,0.00044,5220150924181005218761424184251717407301910090003332031,DE430,2.145914502399133
2457289.5,2015.7287671232878,-0.0207,5220150924182441251069024168630475061001910046002142027,DE430,2.145914502399133
2457289.5,2015.7287671232878,0.02415,5220150924183605288364724161030518859301910105002830035,DE430,2.145914502399133
2457289.5,2015.7287671232878,0.04516,5220150924195002137420224113160504878301910073003028029,DE430,2.145914502399133
2457289.5,2015.7287671232878,0.08958,5220150924195812555115224134507679442101910014003052024,DE430,2.145914502399133
2457289.5,2015.7287671232878,-0.01555,5220150924224401715036324113861852672301910028003622010,DE430,2.145914502399133
2457289.5,2015.7287671232878,-0.0009,5220150924225549444195324117499774382001910096001762074,DE430,2.145914502399133
2457289.5,2015.7287671232878,0.07233,5220150924230532921801124124365704392301910056003355024,DE430,2.145914502399133
2457289.5,2015.7287671232878,0.03332,5220150924233046951261924139163056349301910047003264016,DE430,2.145914502399133
2457290.5,2015.731506849315,0.00578,5220150925205201922974023761538649311301910094003053033,DE430,2.3788610396090295
2457290.5,2015.731506849315,0.02161,5220150925210400664670123757491227394301910055002860015,DE430,2.3788610396090295
2457290.5,2015.731506849315,-0.02459,5220150925211823349251823751815525621001910070002148044,DE430,2.3788610396090295
2457290.5,2015.731506849315,-0.00762,5220150925212910415742623749701398381001910077001253078,DE430,2.3788610396090295
2457290.5,2015.731506849315,0.03392,5220150925214243488346023737414909405201910164001546119,DE430,2.3788610396090295
2457290.5,2015.731506849315,0.03239,5220150925215419278552223736680889060201910088001839060,DE430,2.3788610396090295
2457290.5,2015.731506849315,0.00063,5220150925222800684246723751089114958301910062003213019,DE430,2.3788610396090295
2457290.5,2015.731506849315,0.00527,5220150925233330073408023771880944085301910043003561008,DE430,2.3788610396090295
2457290.5,2015.731506849315,-0.01142,5220150925234746405847923766660501188201910030002360009,DE430,2.3788610396090295
2457292.5,2015.7369863013698,0.00804,5220150927230045418854423395252402580301910071003328016,DE430,2.8638080490807742
2457292.5,2015.7369863013698,0.01298,5220150927231515422237123394258903529301910075002800022,DE430,2.8638080490807742
2457292.5,2015.7369863013698,0.05963,5220150927234001344143723395266191657301910063003636014,DE430,2.8638080490807742
2457293.5,2015.7397260273972,0.02831,5220150928000609202066223400005151458301910066003238016,DE430,3.1119424505372244
2457293.5,2015.7397260273972,0.00641,5220150928012650658490323437489961930301910058002619057,DE430,3.1119424505372244
2457293.5,2015.7397260273972,0.02372,5220150928014028791095323447011720426301910024001644528,DE430,3.1119424505372244
2457293.5,2015.7397260273972,0.03753,5220150928022857833218523487447027156301910013001699218,DE430,3.1119424505372244
2457293.5,2015.7397260273972,0.01407,5220150928024419671875723502206925104301910018001958823,DE430,3.1119424505372244
2457293.5,2015.7397260273972,0.02914,5220150928025431390458923512463702789301910077001829999,DE430,3.1119424505372244
2457293.5,2015.7397260273972,0.00497,5220150928030710124170623525664126522301910089001605986,DE430,3.1119424505372244
2457293.5,2015.7397260273972,0.0326,5220150928032243030366623542567519314301910089001873931,DE430,3.1119424505372244
2457293.5,2015.7397260273972,0.02513,5220150928033649160688023558481876504301910195001833999,DE430,3.1119424505372244
2457293.5,2015.7397260273972,0.03716,5220150928034830668403123572054318870301910144001753999,DE430,3.1119424505372244
2457293.5,2015.7397260273972,0.01207,5220150928040240508081223588904662201301910061001734999,DE430,3.1119424505372244
2457293.5,2015.7397260273972,0.03436,5220150928041214912233623600518183020301910067002389119,DE430,3.1119424505372244
2457293.5,2015.7397260273972,-0.02892,5220150928042258056607923613709094479301910043003374027,DE430,3.1119424505372244
2457294.5,2015.7424657534248,0.06144,5220150929200432527955423770777505227301910044004212013,DE430,3.3603483544182873
2457294.5,2015.7424657534248,0.02743,5220150929201826897104923755812407664301910100002617041,DE430,3.3603483544182873
2457294.5,2015.7424657534248,0.04383,5220150929204223205445323729405605353001910030002489014,DE430,3.3603483544182873
2457294.5,2015.7424657534248,0.07597,5220150929213211555902923683841107862301910123002338063,DE430,3.3603483544182873
2457294.5,2015.7424657534248,0.04615,5220150929224549746253523629994605903301910224002330099,DE430,3.3603483544182873
2457294.5,2015.7424657534248,0.03939,5220150929225728317534623622086835419001910046002088035,DE430,3.3603483544182873
2457294.5,2015.7424657534248,0.04237,5220150929232556115248423610563734356301910177002513074,DE430,3.3603483544182873
2457294.5,2015.7424657534248,0.06257,5220150929235051494439123603130282661201910077001850042,DE430,3.3603483544182873
2457295.5,2015.7452054794521,0.05445,5220150930000850173952923597191809197001910107001784080,DE430,3.606227914256736
2457295.5,2015.7452054794521,0.04493,5220150930002211281876623596872952957301910345002133180,DE430,3.606227914256736
2457295.5,2015.7452054794521,0.04079,5220150930011646347496023599754121915301910209002159096,DE430,3.606227914256736
2457295.5,2015.7452054794521,0.03527,5220150930012925555745023601394382385001910179001683145,DE430,3.606227914256736
2457295.5,2015.7452054794521,0.06195,5220150930014225280136323607237305695201910045002156023,DE430,3.606227914256736
2457295.5,2015.7452054794521,0.03649,5220150930045004110052923757426164699301910095002118044,DE430,3.606227914256736
2457295.5,2015.7452054794521,0.05635,5220150930050418188013823775161269923201910070002139035,DE430,3.606227914256736
2457295.5,2015.7452054794521,0.02116,5220150930051905411284123792306936643001910047002260029,DE430,3.606227914256736
2457295.5,2015.7452054794521,0.02731,5220150930054604749037323828835930133301910116002548038,DE430,3.606227914256736
2457295.5,2015.7452054794521,0.05789,5220150930055812906035823845750487258201910046002441019,DE430,3.606227914256736
2457302.5,2015.7643835616439,0.00658,5220151007025838444328926268067732660301910073002583999,DE430,5.140759899457281
2457302.5,2015.7643835616439,-0.0186,5220151007031246587335826289171009053101910061001417196,DE430,5.140759899457281
2457302.5,2015.7643835616439,0.00072,5220151007034459219677126226535884547301910032002991176,DE430,5.140759899457281
2457302.5,2015.7643835616439,0.03629,5220151007035936302003626212344217980001910018002246507,DE430,5.140759899457281
2457302.5,2015.7643835616439,0.00285,5220151007041344159163826212629995175401910096001402999,DE430,5.140759899457281
2457302.5,2015.7643835616439,0.05337,5220151007042704913200426199023215801201910048001699785,DE430,5.140759899457281
2457302.5,2015.7643835616439,-0.01868,5220151007044237916964426218807880957101910210001316416,DE430,5.140759899457281
2457302.5,2015.7643835616439,0.00193,5220151007045649276875426210454155504101910038001862062,DE430,5.140759899457281
2457302.5,2015.7643835616439,0.02069,5220151007051001093129526169353760507301910036002886113,DE430,5.140759899457281
2457302.5,2015.7643835616439,0.08919,5220151007052120467613026168214391317201910017002068077,DE430,5.140759899457281
2457302.5,2015.7643835616439,-0.00133,5220151007053451639569826167174720053401910105001475999,DE430,5.140759899457281
2457302.5,2015.7643835616439,-0.0201,5220151007055444874155326151831147641301910079002813093,DE430,5.140759899457281
2457302.5,2015.7643835616439,-0.01924,5220151007060449935761926149233638763301910098003077078,DE430,5.140759899457281
2457302.5,2015.7643835616439,-0.00767,5220151007062129584954926146079642059301910068002842077,DE430,5.140759899457281
2457302.5,2015.7643835616439,-0.02585,5220151007063159753765226178698893594101910060001184133,DE430,5.140759899457281
2457302.5,2015.7643835616439,-0.01201,5220151007065039308539226153000021114401910139001489856,DE430,5.140759899457281
2457302.5,2015.7643835616439,0.01549,5220151007065929340167826142247243384001910021001588224,DE430,5.140759899457281
2457302.5,2015.7643835616439,-0.03075,5220151007071430997037926179489982401101910135001254357,DE430,5.140759899457281
2457302.5,2015.7643835616439,-0.02106,5220151007072751860376726157113387530401910398001386999,DE430,5.140759899457281
2457302.5,2015.7643835616439,-0.01524,5220151007080830238049326160947113133301910104002500360,DE430,5.140759899457281
2457302.5,2015.7643835616439,0.0649,5220151007081953459722726169910055360201910049002169057,DE430,5.140759899457281
2457302.5,2015.7643835616439,-0.02615,5220151007083237848116626206216330198101910118001284209,DE430,5.140759899457281
2457302.5,2015.7643835616439,-0.0586,5220151007111227716276126329329569624401910022002476025,DE430,5.140759899457281
2457303.5,2015.7671232876712,0.04102,5220151008032845295786626527366521319301910040003094117,DE430,5.335425926418081
2457303.5,2015.7671232876712,0.00319,5220151008034409749826426520785046823401910220001316999,DE430,5.335425926418081
2457303.5,2015.7671232876712,0.0208,5220151008035206795733626537311044158101910068001626199,DE430,5.335425926418081
2457303.5,2015.7671232876712,0.01718,5220151008041315632929926483048012403301910022002530075,DE430,5.335425926418081
2457303.5,2015.7671232876712,0.0105,5220151008052726365224126422721338899301910038002287326,DE430,5.335425926418081
2457303.5,2015.7671232876712,0.0015,5220151008054646216371226410524729146301910019002216451,DE430,5.335425926418081
2457303.5,2015.7671232876712,-0.02811,5220151008072227992415826386201553295401910070001770115,DE430,5.335425926418081
2457303.5,2015.7671232876712,-0.00926,5220151008074112351358126375224575557301910106002461110,DE430,5.335425926418081
2457303.5,2015.7671232876712,-0.01841,5220151008075514768662026408742937093101910046001514120,DE430,5.335425926418081
2457303.5,2015.7671232876712,-0.02871,5220151008080809182792426386898409857401910116001297583,DE430,5.335425926418081
2457303.5,2015.7671232876712,0.01046,5220151008081930747299926376658168139001910045002048151,DE430,5.335425926418081
2457303.5,2015.7671232876712,0.06127,5220151008083447534755826384459837422201910023002160052,DE430,5.335425926418081
2457303.5,2015.7671232876712,-0.01325,5220151008084631827515126419143618701101910028001876047,DE430,5.335425926418081
2457303.5,2015.7671232876712,-0.02749,5220151008090349538127726403105539840401910033001928066,DE430,5.335425926418081
2457303.5,2015.7671232876712,-0.03207,5220151008091813222764026399832487886301910019002865031,DE430,5.335425926418081
2457326.5,2015.8301369863013,0.04418,5220151031011627238872624542455488633301910131003384056,DE430,3.9704584774193945
2457326.5,2015.8301369863013,0.08871,5220151031013652894533624540494794401301910079003584026,DE430,3.9704584774193945
2457326.5,2015.8301369863013,0.05146,5220151031230524114999425074210525807301910097003255045,DE430,3.9704584774193945
2457326.5,2015.8301369863013,0.10003,5220151031234900159271125038352811899001910034001975055,DE430,3.9704584774193945
2457327.5,2015.8328767123287,0.04643,5220151101002131264608725018454074052301910164003220085,DE430,4.191195163686362
2457327.5,2015.8328767123287,0.11035,5220151101003344497862325017827109302201910037002243017,DE430,4.191195163686362
2457327.5,2015.8328767123287,0.05589,5220151101051446053887125036192422907301910042003342020,DE430,4.191195163686362
2457327.5,2015.8328767123287,0.05292,5220151101052623192542125045786190530301910124003043068,DE430,4.191195163686362
2457327.5,2015.8328767123287,0.0803,5220151101060302107135425086091567715201910059002106031,DE430,4.191195163686362
2457327.5,2015.8328767123287,0.08588,5220151101061917833437725095953083244001910029002425049,DE430,4.191195163686362
2457327.5,2015.8328767123287,-0.0361,5220151101063049379936125143738628208101910039002719022,DE430,4.191195163686362
2457327.5,2015.8328767123287,0.04777,5220151101064403586362325133676210598401910032001761065,DE430,4.191195163686362
2457328.5,2015.835616438356,0.03581,5220151102014331830512925430344039334301910095003452059,DE430,4.403760065585785
2457328.5,2015.835616438356,0.10456,5220151102015639517792925421566270508001910026001340335,DE430,4.403760065585785
2457328.5,2015.835616438356,0.04776,5220151102021620063420025423121565574401910111001396999,DE430,4.403760065585785
2457328.5,2015.835616438356,0.04055,5220151102023409425147625409281468859301910125003132100,DE430,4.403760065585785
2457328.5,2015.835616438356,0.06275,5220151102032947673732325399930239553301910069002786053,DE430,4.403760065585785
2457328.5,2015.835616438356,0.07412,5220151102034428723083725397985106047001910031001690486,DE430,4.403760065585785
2457328.5,2015.835616438356,0.05412,5220151102040103616245125409522237114401910219001379999,DE430,4.403760065585785
2457328.5,2015.835616438356,-0.01338,5220151102041450499459525438354951537101910051002420039,DE430,4.403760065585785
2457328.5,2015.835616438356,0.01838,5220151102042612528624825406584113249301910080003466053,DE430,4.403760065585785
2457328.5,2015.835616438356,0.08316,5220151102045047093708525412798504675001910033002196476,DE430,4.403760065585785
2457328.5,2015.835616438356,0.04882,5220151102050239676963025427938906527401910120001305999,DE430,4.403760065585785
2457328.5,2015.835616438356,0.0173,5220151102051703176029825461237014670101910039001627029,DE430,4.403760065585785
2457328.5,2015.835616438356,0.08068,5220151102052909620400125433805588453301910040003793022,DE430,4.403760065585785
2457328.5,2015.835616438356,0.12594,5220151102054054817183425439345784135001910021002091326,DE430,4.403760065585785
2457328.5,2015.835616438356,0.04739,5220151102055813181524325461536031712401910229001363999,DE430,4.403760065585785
2457328.5,2015.835616438356,0.00859,5220151102061316313194825499119339041101910040001746028,DE430,4.403760065585785
2457328.5,2015.835616438356,0.02159,5220151102062455649074625474828757338301910107002970077,DE430,4.403760065585785
2457328.5,2015.835616438356,0.09629,5220151102064422652331725490940896858001910009001291134,DE430,4.403760065585785
2457328.5,2015.835616438356,0.049,5220151102065612692880325512666120921401910196001570999,DE430,4.403760065585785
2457328.5,2015.835616438356,-0.00076,5220151102070847651064925551297296186101910062001934047,DE430,4.403760065585785
2457328.5,2015.835616438356,0.04238,5220151102072035943765725530154796041301910118003096081,DE430,4.403760065585785
2457328.5,2015.835616438356,0.10068,5220151102074016933583725551178854365001910023002354151,DE430,4.403760065585785
2457328.5,2015.835616438356,0.04706,5220151102075344306042225577506870012401910096001404459,DE430,4.403760065585785
2457328.5,2015.835616438356,0.04871,5220151102084248009276925641729302865401910030001830116,DE430,4.403760065585785
2457328.5,2015.835616438356,0.01059,5220151102085159289241425645912344192301910047002956028,DE430,4.403760065585785
2457331.5,2015.8438356164384,0.02741,5220151105081614459208526414538071586401910125001181536,DE430,5.001474989666298
2457331.5,2015.8438356164384,0.00903,5220151105084611374039226424770195067301910166002182200,DE430,5.001474989666298
2457332.5,2015.8465753424657,0.01165,5220151106060831629926926566658851534401910191001452999,DE430,5.191910112570313
2457332.5,2015.8465753424657,0.01689,5220151106062042592635926551638545850301910174002060278,DE430,5.191910112570313
2457344.5,2015.8794520547945,0.08043,5220151118144224425135824846442373196301910086002686240,DE430,1.290616946438444
2457344.5,2015.8794520547945,0.0595,5220151118150719164319824825112542048301910096002751347,DE430,1.290616946438444
2457344.5,2015.8794520547945,0.08352,5220151118151904465145524841288788312101910186001751999,DE430,1.290616946438444
2457344.5,2015.8794520547945,0.02833,5220151118153047524549724826285298878401910172001581247,DE430,1.290616946438444
2457344.5,2015.8794520547945,0.03301,5220151118154407109465724785099975350201910065001565628,DE430,1.290616946438444
2457344.5,2015.8794520547945,0.04237,5220151118155811640255224788964305898001910037001937051,DE430,1.290616946438444
2457344.5,2015.8794520547945,0.05393,5220151118161514695733924782269658943301910094002359636,DE430,1.290616946438444
2457344.5,2015.8794520547945,0.06596,5220151118162703537464724802297051107101910155001751999,DE430,1.290616946438444
2457344.5,2015.8794520547945,0.05753,5220151118194047536279424799560925625301910178002797766,DE430,1.290616946438444
2457344.5,2015.8794520547945,0.03054,5220151118195342201795724832086789282101910011001219837,DE430,1.290616946438444
2457345.5,2015.8821917808218,0.02387,5220151119152610027825524560897809425301910041002745053,DE430,1.510665712961984
2457345.5,2015.8821917808218,0.04078,5220151119153658158941924576318622787101910017001132241,DE430,1.510665712961984
2457345.5,2015.8821917808218,0.02558,5220151119155459608125924535276426294301910036002380047,DE430,1.510665712961984
2457345.5,2015.8821917808218,0.03449,5220151119161212923761824539980582559401910028001551034,DE430,1.510665712961984
2457345.5,2015.8821917808218,0.05869,5220151119162446718995924512941773275301910022002698041,DE430,1.510665712961984
2457345.5,2015.8821917808218,0.0491,5220151119163644501545824530546761934101910010001137601,DE430,1.510665712961984
2457345.5,2015.8821917808218,-0.01789,5220151119165148229260624514762894173401910023001944022,DE430,1.510665712961984
2457345.5,2015.8821917808218,0.04261,5220151119170612408192424489364540702301910036002804067,DE430,1.510665712961984
2457345.5,2015.8821917808218,0.03708,5220151119175028598227524499438152398101910025001156999,DE430,1.510665712961984
2457345.5,2015.8821917808218,0.03546,5220151119180407626000124496911082953101910024001284999,DE430,1.510665712961984
2457345.5,2015.8821917808218,0.01381,5220151119182454272488424469950077009301910034002622053,DE430,1.510665712961984
2457353.5,2015.9041095890411,0.0518,5220151127201138477745324688509036066301910054002939014,DE430,3.3882652031632405
2457353.5,2015.9041095890411,0.07847,5220151127202551253940424675199297678301910060003345022,DE430,3.3882652031632405
2457353.5,2015.9041095890411,0.04857,5220151127203912501976424663000920825301910067003223023,DE430,3.3882652031632405
2457353.5,2015.9041095890411,0.04145,5220151127210020010317124644433080933301910059002671021,DE430,3.3882652031632405
2457353.5,2015.9041095890411,0.03755,5220151127214842713286624606189714618301910069003348023,DE430,3.3882652031632405
2457353.5,2015.9041095890411,-0.01318,5220151127220357415324024595627554651301910055003235019,DE430,3.3882652031632405
2457353.5,2015.9041095890411,0.02333,5220151127222448564102224582518776535301910052002881021,DE430,3.3882652031632405
2457353.5,2015.9041095890411,0.03949,5220151127223649668466624575715977511301910046003362014,DE430,3.3882652031632405
2457353.5,2015.9041095890411,0.02841,5220151127231245086478724558946595792301910149002582098,DE430,3.3882652031632405
2457353.5,2015.9041095890411,0.08393,5220151127233014271696024552110074733001910068001979059,DE430,3.3882652031632405
2457353.5,2015.9041095890411,0.06638,5220151127234120927920224554949610174201910054001902034,DE430,3.3882652031632405
2457353.5,2015.9041095890411,0.01772,5220151127235420427074324546797429716301910203002556111,DE430,3.3882652031632405
2457354.5,2015.9068493150685,0.01196,5220151128000848216646024553707688120401910028001995014,DE430,3.616686128165167
2457354.5,2015.9068493150685,0.00324,5220151128002237454652024543334857220301910089002828041,DE430,3.616686128165167
2457354.5,2015.9068493150685,0.0662,5220151128004558178557924542899199665001910069002018061,DE430,3.616686128165167
2457354.5,2015.9068493150685,0.00618,5220151128011334750933424547431669317301910084002654039,DE430,3.616686128165167
2457354.5,2015.9068493150685,-0.01956,5220151128013906135384624554586426269301910103002926049,DE430,3.616686128165167
2457354.5,2015.9068493150685,0.07571,5220151128014819734942424563007027405201910071001713053,DE430,3.616686128165167
2457354.5,2015.9068493150685,0.05922,5220151128020045291172324562815075586001910050001841040,DE430,3.616686128165167
2457354.5,2015.9068493150685,-0.00711,5220151128022210555708724574362609590301910160002594081,DE430,3.616686128165167
2457356.5,2015.9123287671232,0.05012,5220151130010103639546225348967918498301910049003068023,DE430,4.051335551722236
2457356.5,2015.9123287671232,0.02607,5220151130011835787438925343096327155301910033002972013,DE430,4.051335551722236
2457356.5,2015.9123287671232,0.02121,5220151130021353661395725334361783118301910032002794016,DE430,4.051335551722236
2457356.5,2015.9123287671232,0.03392,5220151130023752699039625335429725112301910031003750014,DE430,4.051335551722236
2457357.5,2015.9150684931508,0.00426,5220151201080756636896525948358115266401910045001319389,DE430,4.257361694801907
2457357.5,2015.9150684931508,0.02907,5220151201082017617775025955619953732301910053002381046,DE430,4.257361694801907
2457357.5,2015.9150684931508,0.05664,5220151201083225516290825970599715418001910015001999121,DE430,4.257361694801907
2457357.5,2015.9150684931508,0.0236,5220151201084028544666525993698071434401910040001395391,DE430,4.257361694801907
2457357.5,2015.9150684931508,0.00884,5220151201085044352822526008455178232401910092001273999,DE430,4.257361694801907
2457357.5,2015.9150684931508,-0.01098,5220151201085932422447426011544665322301910055002806085,DE430,4.257361694801907
2457357.5,2015.9150684931508,0.06078,5220151201090922037219926024009421486001910030001791088,DE430,4.257361694801907
2457357.5,2015.9150684931508,0.02492,5220151201092535345806926059744685697401910056001054274,DE430,4.257361694801907
2457357.5,2015.9150684931508,-0.01481,5220151201093926568223826070759674168301910052003589034,DE430,4.257361694801907
2457357.5,2015.9150684931508,0.0164,5220151201234927500342726203711896222301910037003516030,DE430,4.257361694801907
2457358.5,2015.9178082191781,0.04104,5220151202000507215677226197302839980401910023001696860,DE430,4.456824568453319
2457358.5,2015.9178082191781,0.03582,5220151202002013287735826173675069396301910080002543090,DE430,4.456824568453319
2457358.5,2015.9178082191781,0.08019,5220151202003510739725526156385987313001910050001610999,DE430,4.456824568453319
2457358.5,2015.9178082191781,0.04637,5220151202004929886943926147100838706301910122002603211,DE430,4.456824568453319
2457358.5,2015.9178082191781,0.11109,5220151202010500375799126135969486756201910056001859059,DE430,4.456824568453319
2457358.5,2015.9178082191781,0.04482,5220151202011811339927926132711895028401910265001240999,DE430,4.456824568453319
2457358.5,2015.9178082191781,0.02105,5220151202013444171362026111091188539301910289002164400,DE430,4.456824568453319
2457358.5,2015.9178082191781,0.06637,5220151202014849602652126098009875202001910114001594999,DE430,4.456824568453319
2457358.5,2015.9178082191781,0.03773,5220151202023212701001726076525405842301910060002635112,DE430,4.456824568453319
2457358.5,2015.9178082191781,0.09273,5220151202024200734805826073813536173201910102001586132,DE430,4.456824568453319
2457358.5,2015.9178082191781,-0.01687,5220151202025433184592426100980365104101910031001819039,DE430,4.456824568453319
2457358.5,2015.9178082191781,0.02554,5220151202030849532047226071755258019401910068001263999,DE430,4.456824568453319
2457358.5,2015.9178082191781,0.05312,5220151202032115432157626058889848535301910024003411025,DE430,4.456824568453319
2457358.5,2015.9178082191781,-0.00926,5220151202083204045091126235193533477301910278001951349,DE430,4.456824568453319
2457358.5,2015.9178082191781,0.00518,5220151202084914896524126267663259696401910246001269866,DE430,4.456824568453319
2457358.5,2015.9178082191781,0.00701,5220151202090750889323326282161168718301910048002013167,DE430,4.456824568453319
2457358.5,2015.9178082191781,-0.03499,5220151202091509675066026325022318465101910074001381090,DE430,4.456824568453319
2457358.5,2015.9178082191781,0.05133,5220151202092830684169226308279109728001910032001936202,DE430,4.456824568453319
2457358.5,2015.9178082191781,-0.01374,5220151202094405551269526343190004637401910063001571224,DE430,4.456824568453319
2457360.5,2015.9232876712329,0.02176,5220151204015620433985526641909855845301910035001433999,DE430,4.841489161822088
2457360.5,2015.9232876712329,0.0357,5220151204034950957703126543559182252301910032001348877,DE430,4.841489161822088
2457360.5,2015.9232876712329,0.03101,5220151204035807622255526538395995481301910141001511999,DE430,4.841489161822088
2457360.5,2015.9232876712329,0.03496,5220151204040818811125826543947757734401910194001314999,DE430,4.841489161822088
2457360.5,2015.9232876712329,0.00827,5220151204041950501205326558985445734101910297001138565,DE430,4.841489161822088
2457360.5,2015.9232876712329,0.07411,5220151204043211484216626517791977524201910186001359556,DE430,4.841489161822088
2457360.5,2015.9232876712329,0.06027,5220151204044321205195626512168218906001910120001142999,DE430,4.841489161822088
2457360.5,2015.9232876712329,-0.00693,5220151204045709216301626543694339424101910069001336148,DE430,4.841489161822088
2457360.5,2015.9232876712329,0.0843,5220151204050814239676726505233632337201910036001124290,DE430,4.841489161822088
2457360.5,2015.9232876712329,0.01397,5220151204051439187740226539018713039101910057000995453,DE430,4.841489161822088
2457360.5,2015.9232876712329,0.02734,5220151204052034531940426517082048570401910128001222999,DE430,4.841489161822088
2457360.5,2015.9232876712329,0.0027,5220151204052550125538326536891678687101910108001279562,DE430,4.841489161822088
2457360.5,2015.9232876712329,0.02364,5220151204053718944025326503080733314301910169001676999,DE430,4.841489161822088
2457360.5,2015.9232876712329,0.05145,5220151204055107158072126498655494839001910050001268999,DE430,4.841489161822088
2457360.5,2015.9232876712329,-0.01181,5220151204060300559791926534739845397101910081001449134,DE430,4.841489161822088
2457360.5,2015.9232876712329,0.01479,5220151204061408320995126503378450757301910104001510999,DE430,4.841489161822088
2457360.5,2015.9232876712329,0.01874,5220151204062849476410926517461027014401910068001302999,DE430,4.841489161822088
2457360.5,2015.9232876712329,0.0155,5220151204064021586465226508171577302301910052001545641,DE430,4.841489161822088
2457360.5,2015.9232876712329,0.0001,5220151204070924039853126517892003741301910078001619478,DE430,4.841489161822088
2457360.5,2015.9232876712329,-0.00852,5220151204073018326129726559636481259101910071001285125,DE430,4.841489161822088
2457360.5,2015.9232876712329,0.01394,5220151204074204425087526546309125319401910203001235999,DE430,4.841489161822088
2457360.5,2015.9232876712329,-0.02165,5220151204074923179423226570521798081101910109001247438,DE430,4.841489161822088
2457360.5,2015.9232876712329,0.00382,5220151204075538919087126554762009493401910037001372457,DE430,4.841489161822088
2457360.5,2015.9232876712329,-0.00272,5220151204080306896182726579497778616101910027001394133,DE430,4.841489161822088
2457360.5,2015.9232876712329,-0.00835,5220151204080820720313426583162988883101910042001495211,DE430,4.841489161822088
2457360.5,2015.9232876712329,0.01753,5220151204081551253468926569038494495401910068001211999,DE430,4.841489161822088
2457360.5,2015.9232876712329,-0.01919,5220151204082153274860126593266761055101910045001031290,DE430,4.841489161822088
2457360.5,2015.9232876712329,0.00351,5220151204082713839935126577938054735401910074001176999,DE430,4.841489161822088
2457360.5,2015.9232876712329,-0.01804,5220151204083230273328826601791371026101910032001002196,DE430,4.841489161822088
2457360.5,2015.9232876712329,0.01751,5220151204083948507500526588471723699401910053001260999,DE430,4.841489161822088
2457360.5,2015.9232876712329,-0.00616,5220151204084539837973426581376006528301910110001285999,DE430,4.841489161822088
2457360.5,2015.9232876712329,0.00698,5220151204085125365882726598822944519401910128001243999,DE430,4.841489161822088
2457360.5,2015.9232876712329,-0.01031,5220151204085702243861626623425841653101910083001362310,DE430,4.841489161822088
2457360.5,2015.9232876712329,0.0169,5220151204090339010894726594867499319001910028001428317,DE430,4.841489161822088
2457360.5,2015.9232876712329,-0.00496,5220151204091000617396826616576896861401910079001331999,DE430,4.841489161822088
2457360.5,2015.9232876712329,-0.00901,5220151204091706159589226611403719339301910141001432622,DE430,4.841489161822088
2457360.5,2015.9232876712329,-0.03038,5220151204092517626329826651455933899101910041001149139,DE430,4.841489161822088
2457360.5,2015.9232876712329,0.00723,5220151204093056326145826625857524704301910052001977111,DE430,4.841489161822088
2457378.5,2015.972602739726,0.81396,5220151222181045555014424235252046227301910045003267017,DE430,2.3453037868153697
2457378.5,2015.972602739726,0.82485,5220151222182429196667324224449921491301910044002645017,DE430,2.3453037868153697
2457378.5,2015.972602739726,0.85376,5220151222183620944608024215736035169301910079002557040,DE430,2.3453037868153697
2457378.5,2015.972602739726,0.95859,5220151222185224662330324206172782229001910026002156015,DE430,2.3453037868153697
2457378.5,2015.972602739726,0.9354,5220151222190529055074424196927413964301910043002743013,DE430,2.3453037868153697
2457378.5,2015.972602739726,0.97562,5220151222192547648841124186123461398301910058002139030,DE430,2.3453037868153697
2457378.5,2015.972602739726,1.04328,5220151222201113630952024169297633423301910053003109031,DE430,2.3453037868153697
2457378.5,2015.972602739726,0.05008,5220151222224855377002024194841208932301910068002785029,DE430,2.3453037868153697
2457378.5,2015.972602739726,0.02576,5220151222230110423271724202187388854301910113002407057,DE430,2.3453037868153697
2457378.5,2015.972602739726,0.08304,5220151222231247599852824211403434018001910029001862023,DE430,2.3453037868153697
2457378.5,2015.972602739726,0.0501,5220151222233149254347724223641058157301910086002634043,DE430,2.3453037868153697
2457378.5,2015.972602739726,0.04932,5220151222234322044419624232811913501301910091002381042,DE430,2.3453037868153697
2457378.5,2015.972602739726,0.07624,5220151222235645430175024244152043824301910053002297069,DE430,2.3453037868153697
2457379.5,2015.9753424657533,0.07171,5220151223000636602501224252961408664301910052002678024,DE430,2.5774533111165345
2457379.5,2015.9753424657533,0.06294,5220151223001852089303624264447003269301910066002246033,DE430,2.5774533111165345
2457379.5,2015.9753424657533,0.07654,5220151223003438998263324280047836077301910047002705015,DE430,2.5774533111165345
2457379.5,2015.9753424657533,0.04136,5220151223004749325923724293726049707301910062003166020,DE430,2.5774533111165345
2457399.5,2016.0300546448088,0.04115,5220160112154638064179324508102318742401910020001038130,DE430,0.43287834139609416
2457399.5,2016.0300546448088,0.08769,5220160112160259405878624499862539775301910024002086069,DE430,0.43287834139609416
2457399.5,2016.0300546448088,0.08776,5220160112162732512109624542301958600101910029001655327,DE430,0.43287834139609416
2457399.5,2016.0300546448088,0.04034,5220160112164630893596724546952746230401910070001311999,DE430,0.43287834139609416
2457399.5,2016.0300546448088,0.07027,5220160112165945017460624540226103710301910059001767999,DE430,0.43287834139609416
2457399.5,2016.0300546448088,0.09691,5220160112170855894051924574550087341101910067001015999,DE430,0.43287834139609416
2457399.5,2016.0300546448088,0.04054,5220160112171816859955024553953718683001910044001008999,DE430,0.43287834139609416
2457399.5,2016.0300546448088,0.0449,5220160112173142612443024556601802704201910037001287999,DE430,0.43287834139609416
2457400.5,2016.032786885246,0.04346,5220160113131204062896224382113375498401910040001301312,DE430,0.660413719407293
2457400.5,2016.032786885246,0.07234,5220160113131917477393624389700829215101910048001236499,DE430,0.660413719407293
2457400.5,2016.032786885246,0.01332,5220160113133041169414724354837915382001910036001477145,DE430,0.660413719407293
2457400.5,2016.032786885246,0.01949,5220160113134132242705824342908481087201910026000932217,DE430,0.660413719407293
2457400.5,2016.032786885246,0.05147,5220160113135449499469524347402255698301910087001740353,DE430,0.660413719407293
2457400.5,2016.032786885246,0.03724,5220160113140316526262824361167305140401910039001255675,DE430,0.660413719407293
2457400.5,2016.032786885246,0.07308,5220160113141004980506724370615382028101910045001055791,DE430,0.660413719407293
2457400.5,2016.032786885246,0.01218,5220160113141621591386824339995716112001910036000775796,DE430,0.660413719407293
2457400.5,2016.032786885246,0.01541,5220160113142157495611024331439394839201910064000911999,DE430,0.660413719407293
2457400.5,2016.032786885246,0.0513,5220160113142707791197824339903326942301910139001721999,DE430,0.660413719407293
2457400.5,2016.032786885246,0.02819,5220160113143337564817924355412433512401910088001201999,DE430,0.660413719407293
2457400.5,2016.032786885246,0.06742,5220160113144035885962024365859441296101910095001158999,DE430,0.660413719407293
2457400.5,2016.032786885246,0.01178,5220160113145231358516024336296457395001910047001031331,DE430,0.660413719407293
2457400.5,2016.032786885246,0.02494,5220160113150118505831124328848014236201910050000948852,DE430,0.660413719407293
2457400.5,2016.032786885246,0.04757,5220160113150811055143524338627337136301910073001605287,DE430,0.660413719407293
2457400.5,2016.032786885246,0.05697,5220160113152401384936824340603149733301910090001568336,DE430,0.660413719407293
2457400.5,2016.032786885246,0.04388,5220160113154018622464324344050401726301910067001637242,DE430,0.660413719407293
2457400.5,2016.032786885246,0.02928,5220160113155001725672124346782523118301910075002117221,DE430,0.660413719407293
2457400.5,2016.032786885246,0.05169,5220160113160548153094224352273817564301910083001740531,DE430,0.660413719407293
2457400.5,2016.032786885246,0.07327,5220160113161714359795024384254032943101910040001257489,DE430,0.660413719407293
2457400.5,2016.032786885246,0.05521,5220160113165937560677824380435913816301910011002232425,DE430,0.660413719407293
2457400.5,2016.032786885246,0.07118,5220160113171408023730624390373361765301910018001833858,DE430,0.660413719407293
2457400.5,2016.032786885246,0.07848,5220160113172941132024724402049129644301910015001191999,DE430,0.660413719407293
2457400.5,2016.032786885246,0.02499,5220160113174523380733224414858283737301910027001750999,DE430,0.660413719407293
2457400.5,2016.032786885246,0.04774,5220160113180142296257024429184534861301910013002209999,DE430,0.660413719407293
2457401.5,2016.035519125683,0.04507,5220160114184925364600524360581545842301910025001351999,DE430,0.8892210897752442
2457401.5,2016.035519125683,0.03765,5220160114190043210635524371359508165301910026001577910,DE430,0.8892210897752442
2457401.5,2016.035519125683,0.02257,5220160114191533179584124402060827501401910043001303478,DE430,0.8892210897752442
2457401.5,2016.035519125683,0.05905,5220160114192528674326124423939395751101910050001118999,DE430,0.8892210897752442
2457401.5,2016.035519125683,0.01907,5220160114193850911323424403661240994201910017001250999,DE430,0.8892210897752442
2457402.5,2016.0382513661202,0.03984,5220160115143046289905424279117196720301910043001936210,DE430,1.1184418267005736
2457402.5,2016.0382513661202,0.0364,5220160115144309114425824271933198580301910127001752742,DE430,1.1184418267005736
2457402.5,2016.0382513661202,0.03061,5220160115145734117142724260134855026201910101000995999,DE430,1.1184418267005736
2457402.5,2016.0382513661202,0.02977,5220160115150951620324924273718221254401910222001195648,DE430,1.1184418267005736
2457402.5,2016.0382513661202,0.03027,5220160115152423859525524282018329282101910278000940999,DE430,1.1184418267005736
2457402.5,2016.0382513661202,0.02225,5220160115153903890209424249007519166001910065001413312,DE430,1.1184418267005736
2457402.5,2016.0382513661202,0.03451,5220160115160114866662624245010574097301910135001640999,DE430,1.1184418267005736
2457402.5,2016.0382513661202,0.01623,5220160115172155910933824252224851635301910074001696999,DE430,1.1184418267005736
2457402.5,2016.0382513661202,0.0031,5220160115173520688649624256873706954301910024001693652,DE430,1.1184418267005736
2457402.5,2016.0382513661202,0.03608,5220160115175040700748824263354640397301910142001548999,DE430,1.1184418267005736
2457402.5,2016.0382513661202,0.02543,5220160115180221311828424284032847143401910084001018429,DE430,1.1184418267005736
2457402.5,2016.0382513661202,0.0264,5220160115181545511749924304577447914101910071000738999,DE430,1.1184418267005736
2457402.5,2016.0382513661202,0.00371,5220160115182853515900724284625549446001910060001272410,DE430,1.1184418267005736
2457402.5,2016.0382513661202,0.03522,5220160115183913360533324286978420439201910052001187999,DE430,1.1184418267005736
2457402.5,2016.0382513661202,0.01912,5220160115185336370414824302311897155301910079001592999,DE430,1.1184418267005736
2457402.5,2016.0382513661202,0.01869,5220160115190551430187024327064672407401910097001355276,DE430,1.1184418267005736
2457402.5,2016.0382513661202,0.03005,5220160115191703773398724349430499058101910064001133999,DE430,1.1184418267005736
2457402.5,2016.0382513661202,0.03478,5220160115193110244234624334149460454001910029001361164,DE430,1.1184418267005736
2457402.5,2016.0382513661202,0.03122,5220160115194238334447624340228213395201910021000970999,DE430,1.1184418267005736
2457402.5,2016.0382513661202,0.03137,5220160115195600411940724358309656380301910055001765999,DE430,1.1184418267005736
2457408.5,2016.0546448087432,0.03463,5220160121222148638192624886184526760301910090002614030,DE430,2.4777398382260127
2457408.5,2016.0546448087432,0.01753,5220160121223357553042524890336403214301910220002397122,DE430,2.4777398382260127
2457408.5,2016.0546448087432,0.08333,5220160121224654679324324896069931293001910083001963067,DE430,2.4777398382260127
2457408.5,2016.0546448087432,0.11754,5220160121225924705180224905279884751201910082001623066,DE430,2.4777398382260127
2457408.5,2016.0546448087432,0.02549,5220160121231715455971224911262045380301910126002410055,DE430,2.4777398382260127
2457408.5,2016.0546448087432,0.03621,5220160121234242912413424927879382010301910095002487090,DE430,2.4777398382260127
2457410.5,2016.0601092896175,-0.00419,5220160123210125489533125392859360589301910052003326012,DE430,2.913989052525311
2457410.5,2016.0601092896175,0.05548,5220160123211207966609725386801349791301910038003057008,DE430,2.913989052525311
2457410.5,2016.0601092896175,0.03514,5220160123212551426117025379767620932301910053003394013,DE430,2.913989052525311
2457410.5,2016.0601092896175,-0.01861,5220160123213858396996425373840663749301910043003475007,DE430,2.913989052525311
2457410.5,2016.0601092896175,0.0983,5220160123215133865165825368906735023301910048003330010,DE430,2.913989052525311
2457410.5,2016.0601092896175,0.03223,5220160123220504025787725364462459054301910062002785019,DE430,2.913989052525311
2457410.5,2016.0601092896175,0.04047,5220160123221614844621125361461989928301910061002794015,DE430,2.913989052525311
2457410.5,2016.0601092896175,0.02549,5220160123223355971372925358002079694301910069002885022,DE430,2.913989052525311
2457410.5,2016.0601092896175,0.01821,5220160123224629890460225356519800901301910073002518025,DE430,2.913989052525311
2457410.5,2016.0601092896175,0.03554,5220160123230011760483625355842425391301910074002966027,DE430,2.913989052525311
2457412.5,2016.0655737704917,0.04231,5220160125215035400760125970275366109301910070002961029,DE430,3.3333749647511692
2457412.5,2016.0655737704917,0.04272,5220160125220310748131225960531551052301910062002397028,DE430,3.3333749647511692
2457412.5,2016.0655737704917,0.03946,5220160125221618923449525950994940328301910108001949071,DE430,3.3333749647511692
2457412.5,2016.0655737704917,0.02047,5220160125222811088571025942962983369301910079002319039,DE430,3.3333749647511692
2457412.5,2016.0655737704917,0.02917,5220160125224603173104725931978669653301910066002579028,DE430,3.3333749647511692
2457412.5,2016.0655737704917,0.01581,5220160125225655687924025925975464047301910107002748043,DE430,3.3333749647511692
2457413.5,2016.068306010929,0.02973,5220160126014722475916425909777332721301910056002581026,DE430,3.535865462206016
2457413.5,2016.068306010929,0.02467,5220160126015838262097225914206918733301910087002246040,DE430,3.535865462206016
2457413.5,2016.068306010929,0.0035,5220160126021109327153425919931092100301910087002667032,DE430,3.535865462206016
2457413.5,2016.068306010929,0.01872,5220160126022634198792725928124229350301910047002489020,DE430,3.535865462206016
2457413.5,2016.068306010929,0.02646,5220160126023748744521425934883808313301910038003189011,DE430,3.535865462206016
2457413.5,2016.068306010929,0.00405,5220160126212631851802426293118739456301910019002952016,DE430,3.535865462206016
2457413.5,2016.068306010929,0.02071,5220160126213645078138826282771471696301910026002656020,DE430,3.535865462206016
2457413.5,2016.068306010929,0.01299,5220160126215722864341426262661717061301910038003290017,DE430,3.535865462206016
2457413.5,2016.068306010929,0.00712,5220160126221740800752126244033869161301910079002379060,DE430,3.535865462206016
2457413.5,2016.068306010929,0.02421,5220160126224523738141926220756789226301910054002384031,DE430,3.535865462206016
2457413.5,2016.068306010929,0.01488,5220160126230906127584226203090208347301910077002156046,DE430,3.535865462206016
2457413.5,2016.068306010929,0.00941,5220160126232646088338026191412452526301910065002162043,DE430,3.535865462206016
2457413.5,2016.068306010929,0.00592,5220160126234914407594826178539562611301910095002045052,DE430,3.535865462206016
2457413.5,2016.068306010929,0.0571,5220160126235552612086726171700401251001910016001537073,DE430,3.535865462206016
2457414.5,2016.0710382513662,-0.00428,5220160127000750498114426169664223373301910071002370040,DE430,3.7337450484947805
2457414.5,2016.0710382513662,0.02183,5220160127001818624576826161972836407001910020001523042,DE430,3.7337450484947805
2457414.5,2016.0710382513662,-0.01063,5220160127002903120511126161616114770301910071001919043,DE430,3.7337450484947805
2457414.5,2016.0710382513662,-0.03656,5220160127005745352222126154401203661301910059002876031,DE430,3.7337450484947805
2457414.5,2016.0710382513662,0.04303,5220160127010828872005526149498460425001910048001378076,DE430,3.7337450484947805
2457414.5,2016.0710382513662,0.00984,5220160127011924685712626151856622623301910040002299024,DE430,3.7337450484947805
2457414.5,2016.0710382513662,0.03408,5220160127012839203440826148267238856001910015002133026,DE430,3.7337450484947805
2457414.5,2016.0710382513662,-0.02631,5220160127013924529936926151774084491301910037003400013,DE430,3.7337450484947805
2457414.5,2016.0710382513662,-0.02813,5220160127235153936039826424388187284301910048002661025,DE430,3.7337450484947805
2457415.5,2016.0737704918033,0.01083,5220160128000622552150226414123465205301910160001778101,DE430,3.9276082326015884
2457415.5,2016.0737704918033,0.01806,5220160128002025281929026405032430336301910334001469217,DE430,3.9276082326015884
2457415.5,2016.0737704918033,0.03693,5220160128003212452995826394108230518001910025001655040,DE430,3.9276082326015884
2457415.5,2016.0737704918033,0.01152,5220160128033208724876026381440243761301910068002091037,DE430,3.9276082326015884
2457415.5,2016.0737704918033,-0.0039,5220160128034432730822226386801915927301910076002135045,DE430,3.9276082326015884
2457415.5,2016.0737704918033,-0.01956,5220160128040043935948926395040158579301910058002612031,DE430,3.9276082326015884
2457415.5,2016.0737704918033,0.07306,5220160128041444571685226398598470467201910073001399059,DE430,3.9276082326015884
2457415.5,2016.0737704918033,0.04204,5220160128042558700216326407200415693001910049001318097,DE430,3.9276082326015884
2457415.5,2016.0737704918033,-0.03415,5220160128045852993356026435700909217301910029002314013,DE430,3.9276082326015884
2457415.5,2016.0737704918033,-0.00141,5220160128051443151355126449585939518301910030002434014,DE430,3.9276082326015884
2457416.5,2016.0765027322404,0.02544,5220160129000942072893026609460722400301910036001701052,DE430,4.118372033554721
2457416.5,2016.0765027322404,-0.0268,5220160129033829877121726526480876038301910026003056026,DE430,4.118372033554721
2457416.5,2016.0765027322404,-0.0126,5220160129034841892202526528330650326301910023002645017,DE430,4.118372033554721
2457433.5,2016.122950819672,0.01011,5220160215160051456853124517032532233301910019002322029,DE430,1.497238092143336
2457433.5,2016.122950819672,0.0081,5220160215161645060347724510790580580301910022002808044,DE430,1.497238092143336
2457433.5,2016.122950819672,0.03138,5220160215165023555928924501678310968301910032002327181,DE430,1.497238092143336
2457433.5,2016.122950819672,0.0511,5220160215170341030641424510336657956401910057001430076,DE430,1.497238092143336
2457433.5,2016.122950819672,0.03193,5220160215171317898657624530056243549101910028001239982,DE430,1.497238092143336
2457433.5,2016.122950819672,0.01999,5220160215174251203092424499101992681301910027002874174,DE430,1.497238092143336
2457433.5,2016.122950819672,0.03366,5220160215180206132168224501806616045301910044001975527,DE430,1.497238092143336
2457433.5,2016.122950819672,0.04778,5220160215181359084342624515275159009401910030001963045,DE430,1.497238092143336
2457433.5,2016.122950819672,0.03254,5220160215182959099312124509214783412301910053002332745,DE430,1.497238092143336
2457433.5,2016.122950819672,0.045,5220160215201307482719224571101194569301910051002038595,DE430,1.497238092143336
2457433.5,2016.122950819672,0.02255,5220160215202346532401824611205189943101910035001037999,DE430,1.497238092143336
2457433.5,2016.122950819672,0.13268,5220160215210451984531224620457442444301910007003343035,DE430,1.497238092143336
2457433.5,2016.122950819672,0.13053,5220160215212300389274524640184436974301910005002416058,DE430,1.497238092143336
2457433.5,2016.122950819672,0.01941,5220160215231501317816124782047857498301910034002431198,DE430,1.497238092143336
2457433.5,2016.122950819672,-0.00225,5220160215232456294747724826289604557101910053001109999,DE430,1.497238092143336
2457437.5,2016.1338797814208,0.03418,5220160219173338626237025559900001414301910038003204014,DE430,2.373726375682271
2457437.5,2016.1338797814208,0.02984,5220160219174725106224325547911015927301910046002889015,DE430,2.373726375682271
2457437.5,2016.1338797814208,0.01965,5220160219181554056742325525023767233301910048002830016,DE430,2.373726375682271
2457437.5,2016.1338797814208,0.02288,5220160219183854364929125508634914475301910037003361009,DE430,2.373726375682271
2457438.5,2016.136612021858,-0.01086,5220160220183545783693925787272511742301910032003455012,DE430,2.582887955228119
2457438.5,2016.136612021858,0.03475,5220160220211622254558025698246987482301910053002543022,DE430,2.582887955228119
2457438.5,2016.136612021858,0.04033,5220160220212824151734425696444584220301910062002202032,DE430,2.582887955228119
2457438.5,2016.136612021858,0.12226,5220160220213947984677325697785300315201910026002315015,DE430,2.582887955228119
2457438.5,2016.136612021858,0.03215,5220160220215254814932125695131221898301910045002890019,DE430,2.582887955228119
2457438.5,2016.136612021858,0.00527,5220160220221731567237425697041580639301910062002940022,DE430,2.582887955228119
2457438.5,2016.136612021858,0.11287,5220160220222828671512825701177730211201910030001991014,DE430,2.582887955228119
2457438.5,2016.136612021858,0.02999,5220160220224955908866025704526581702301910043002800014,DE430,2.582887955228119
2457438.5,2016.136612021858,0.07882,5220160220230114912945625710635884617201910028002476011,DE430,2.582887955228119
2457439.5,2016.139344262295,-0.0135,5220160221001429824715225750032370779301910038003361016,DE430,2.7882119343595324
2457439.5,2016.139344262295,-0.05338,5220160221205526069870425952442972246301910041003331016,DE430,2.7882119343595324
2457439.5,2016.139344262295,0.02243,5220160221210940315144325945328937689301910049003215017,DE430,2.7882119343595324
2457439.5,2016.139344262295,0.03831,5220160221213954824956625933455146195301910046002658018,DE430,2.7882119343595324
2457439.5,2016.139344262295,0.02121,5220160221215411571802625929441754617301910044002816016,DE430,2.7882119343595324
2457442.5,2016.1475409836066,0.0559,5220160224040323285573726472448757994301910039002628012,DE430,3.3828415172618223
2457449.5,2016.1666666666667,-0.01695,5220160302070821426174926109717271682301910014002414029,DE430,4.718992092582824
2457449.5,2016.1666666666667,0.07354,5220160302072729354738326114450772321301910030002840069,DE430,4.718992092582824
2457449.5,2016.1666666666667,0.0365,5220160302074026016890526138274404129401910015002028056,DE430,4.718992092582824
2457449.5,2016.1666666666667,0.04279,5220160302081635227130526154117457444401910029001681066,DE430,4.718992092582824
2457449.5,2016.1666666666667,0.05871,5220160302083811814194926166245821870401910042001426212,DE430,4.718992092582824
2457449.5,2016.1666666666667,0.04675,5220160302084952226345226178040580092101910030001999044,DE430,4.718992092582824
2457451.5,2016.172131147541,0.0415,5220160304044154443694125477906420009301910054003083999,DE430,5.125322787513023
2457451.5,2016.172131147541,0.07234,5220160304050606806974625472507182268401910024001171999,DE430,5.125322787513023
2457451.5,2016.172131147541,0.01457,5220160304051912255994025422860914653201910035001441999,DE430,5.125322787513023
2457451.5,2016.172131147541,0.04907,5220160304052812320724325429273505534001910025001405999,DE430,5.125322787513023
2457457.5,2016.188524590164,0.00634,5220160310145335481541523597249310099301910075002417037,DE430,0.22430323189160895
2457457.5,2016.188524590164,0.05623,5220160310154908939124623638359204043301910047002719025,DE430,0.22430323189160895
2457457.5,2016.188524590164,0.03448,5220160310155915849043623662286200591401910081001315079,DE430,0.22430323189160895
2457457.5,2016.188524590164,0.05554,5220160310163831998822823685768124401301910038003100014,DE430,0.22430323189160895
2457461.5,2016.1994535519125,0.05992,5220160314151831830424524394164748327301910081002518198,DE430,1.184986211501153
2457461.5,2016.1994535519125,0.01535,5220160314152812202760024424833433709101910474001140999,DE430,1.184986211501153
2457461.5,2016.1994535519125,0.06772,5220160314154058568302124399950670744401910276001194925,DE430,1.184986211501153
2457461.5,2016.1994535519125,0.08586,5220160314155257161357624389285148356001910068001639294,DE430,1.184986211501153
2457461.5,2016.1994535519125,0.09433,5220160314160745961733824394525909764201910128001798646,DE430,1.184986211501153
2457461.5,2016.1994535519125,0.04935,5220160314162041326031424390295697063301910037002680169,DE430,1.184986211501153
2457461.5,2016.1994535519125,0.02726,5220160314163659047600724425027032485101910042001281261,DE430,1.184986211501153
2457461.5,2016.1994535519125,0.04705,5220160314191705537664124487683483075301910020002337952,DE430,1.184986211501153
2457461.5,2016.1994535519125,0.00921,5220160314200321534248624536979375328301910020002365373,DE430,1.184986211501153
2457461.5,2016.1994535519125,0.05218,5220160314201045019003524545586982827301910081002489999,DE430,1.184986211501153
2457461.5,2016.1994535519125,0.01326,5220160314202402469190224593471656357101910074001226999,DE430,1.184986211501153
2457461.5,2016.1994535519125,0.05103,5220160314203703949331924587651722138401910047001441231,DE430,1.184986211501153
2457461.5,2016.1994535519125,0.04019,5220160314205354705225524599283012943301910009002319371,DE430,1.184986211501153
2457461.5,2016.1994535519125,0.05854,5220160314213319361539324652518163290301910042002608999,DE430,1.184986211501153
2457461.5,2016.1994535519125,0.07518,5220160314214718514529424676869109646201910030001683999,DE430,1.184986211501153
2457461.5,2016.1994535519125,0.03365,5220160314222152468054224721738256794301910025002515999,DE430,1.184986211501153
2457465.5,2016.2103825136612,-0.01295,5220160318155500866263525845546874419101910099001104834,DE430,2.0586031828401357
2457465.5,2016.2103825136612,0.00409,5220160318160713562566125799889681238301910099002931071,DE430,2.0586031828401357
2457465.5,2016.2103825136612,-0.01088,5220160318174549902083525760069960207101910025001003909,DE430,2.0586031828401357
2457465.5,2016.2103825136612,-0.00525,5220160318180304916485725716742979880301910065002690061,DE430,2.0586031828401357
2457465.5,2016.2103825136612,-0.02868,5220160318181920053670425709360762889301910037002504039,DE430,2.0586031828401357
2457465.5,2016.2103825136612,-0.02931,5220160318184609269077125699897339648301910023002447026,DE430,2.0586031828401357
2457465.5,2016.2103825136612,0.00489,5220160318185955410040425696407855570301910076002606067,DE430,2.0586031828401357
2457465.5,2016.2103825136612,-0.01995,5220160318191111169941225728239092606101910084000995999,DE430,2.0586031828401357
2457465.5,2016.2103825136612,0.05477,5220160318192504226671825696145310228201910021001916027,DE430,2.0586031828401357
2457465.5,2016.2103825136612,0.00325,5220160318194411581929825691765503767301910040002921023,DE430,2.0586031828401357
2457465.5,2016.2103825136612,0.03326,5220160318195459817239125689872556303001910022001721027,DE430,2.0586031828401357
2457465.5,2016.2103825136612,0.00348,5220160318200842205213125702711311704401910065001921057,DE430,2.0586031828401357
2457465.5,2016.2103825136612,0.06989,5220160318202053993487125699250900162201910038001790096,DE430,2.0586031828401357
2457465.5,2016.2103825136612,-0.0003,5220160318203311306908325698702785388301910040002824031,DE430,2.0586031828401357
2457465.5,2016.2103825136612,-0.01267,5220160318204553525681325736286682882101910033000974999,DE430,2.0586031828401357
2457465.5,2016.2103825136612,-0.02142,5220160318211352117796025714186889151301910036003112021,DE430,2.0586031828401357
2457465.5,2016.2103825136612,-0.00112,5220160318213307724376725733836184641401910041001915028,DE430,2.0586031828401357
2457465.5,2016.2103825136612,-0.00128,5220160318215032546468925735519365292301910061002988045,DE430,2.0586031828401357
2457465.5,2016.2103825136612,-0.01983,5220160318220621061089725780240171825101910065000993999,DE430,2.0586031828401357
2457465.5,2016.2103825136612,0.09149,5220160318221852760130825759828827497201910021002006035,DE430,2.0586031828401357
2457465.5,2016.2103825136612,0.00431,5220160318224445913219925779062975950301910062002919033,DE430,2.0586031828401357
2457466.5,2016.2131147540983,-0.01383,5220160319165934938864226062988183483301910036003085021,DE430,2.2630551056618167
2457466.5,2016.2131147540983,-0.01989,5220160319192004379362525966614808713301910029002595016,DE430,2.2630551056618167
2457466.5,2016.2131147540983,-0.01343,5220160319193015060518625996838994552101910031001066209,DE430,2.2630551056618167
2457466.5,2016.2131147540983,-0.001,5220160319194545276968625958309757912301910087002362057,DE430,2.2630551056618167
2457466.5,2016.2131147540983,0.01336,5220160319201449519118725950012626669001910038002050036,DE430,2.2630551056618167
2457466.5,2016.2131147540983,0.04667,5220160319202811632035225953910722034201910022002247021,DE430,2.2630551056618167
2457466.5,2016.2131147540983,-0.05041,5220160319211727368419425956787977442301910030003021016,DE430,2.2630551056618167
2457468.5,2016.2185792349726,-0.02679,5220160321223859774623626368147371065301910058002948017,DE430,2.6600897820805223
2457468.5,2016.2185792349726,-0.0176,5220160321225145162071026370334045229301910067002567027,DE430,2.6600897820805223
2457471.5,2016.2267759562842,-0.02542,5220160324232200371991726726472462061301910042002474014,DE430,3.236346348726229
2457471.5,2016.2267759562842,0.00187,5220160324233243719142426722372857154301910046002725018,DE430,3.236346348726229
2457471.5,2016.2267759562842,-0.02329,5220160324235254788231226716309065845301910026003034009,DE430,3.236346348726229
2457472.5,2016.2295081967213,-0.00943,5220160325000917540022326713004148556301910026003263011,DE430,3.4257278699792573
2457472.5,2016.2295081967213,-0.0122,5220160325002102605927626711536899571301910049002859027,DE430,3.4257278699792573
2457472.5,2016.2295081967213,0.01097,5220160325004101967093826710789949336301910075001557047,DE430,3.4257278699792573
2457472.5,2016.2295081967213,0.03586,5220160325005225330096326706651152516001910040001223044,DE430,3.4257278699792573
2457472.5,2016.2295081967213,0.01625,5220160325010833532277126713377415333301910065001953038,DE430,3.4257278699792573
2457472.5,2016.2295081967213,0.03598,5220160325012042334029626706217258622201910030001541020,DE430,3.4257278699792573
2457472.5,2016.2295081967213,0.00306,5220160325013227138949326719000969358301910062001715047,DE430,3.4257278699792573
2457472.5,2016.2295081967213,0.02966,5220160325014452148412326718581920857001910056001307072,DE430,3.4257278699792573
2457472.5,2016.2295081967213,0.05107,5220160325015611502583626717931459929201910022002111023,DE430,3.4257278699792573
2457472.5,2016.2295081967213,-0.00404,5220160325020753772542326733001771548301910059002182031,DE430,3.4257278699792573
2457472.5,2016.2295081967213,0.06034,5220160325220851160786326836445479569301910052002622021,DE430,3.4257278699792573
2457472.5,2016.2295081967213,0.01471,5220160325221953132680926826050273014301910074001845042,DE430,3.4257278699792573
2457472.5,2016.2295081967213,0.00689,5220160325230919804432726785466323013301910044002719019,DE430,3.4257278699792573
2457472.5,2016.2295081967213,0.021,5220160325234758385797426761396634032301910063002015045,DE430,3.4257278699792573
2457473.5,2016.2322404371585,0.0272,5220160326002741138584126744420589591301910052002677024,DE430,3.6147584292933344
2457473.5,2016.2322404371585,0.02338,5220160326004239333122526735329948852001910022001757024,DE430,3.6147584292933344
2457473.5,2016.2322404371585,0.02142,5220160326005333846138326726189127299201910046002004031,DE430,3.6147584292933344
2457473.5,2016.2322404371585,0.01607,5220160326011808346451626734928770389301910123001795086,DE430,3.6147584292933344
2457473.5,2016.2322404371585,0.05664,5220160326013045359418626730014358589001910032001681031,DE430,3.6147584292933344
2457473.5,2016.2322404371585,0.03347,5220160326014202883630626723527050708201910040001632029,DE430,3.6147584292933344
2457473.5,2016.2322404371585,0.01989,5220160326025855875915726757297279033301910054001875056,DE430,3.6147584292933344
2457473.5,2016.2322404371585,0.01914,5220160326042033167752726812871791598301910048002439025,DE430,3.6147584292933344
2457473.5,2016.2322404371585,0.04447,5220160326043111372657426817956155000001910023001510036,DE430,3.6147584292933344
2457491.5,2016.2814207650274,0.0539,5220160413192715327442425090926396140301910033002927999,DE430,1.319273242576664
2457491.5,2016.2814207650274,0.08463,5220160413194309715798425105858488980301910014002312484,DE430,1.319273242576664
2457491.5,2016.2814207650274,0.03762,5220160413200116506065225124197068764301910020002508482,DE430,1.319273242576664
2457491.5,2016.2814207650274,0.00128,5220160413201756491103525176287562579101910067001406999,DE430,1.319273242576664
2457491.5,2016.2814207650274,0.06735,5220160413202910205128725160269911639201910009001778865,DE430,1.319273242576664
2457491.5,2016.2814207650274,0.02898,5220160413213450514824025238286450337301910013002386413,DE430,1.319273242576664
2457493.5,2016.2868852459017,0.09213,5220160415192751124817325773058549893301910012003596044,DE430,1.744354813849212
2457493.5,2016.2868852459017,0.05219,5220160415194222554863725813456870525101910011002135418,DE430,1.744354813849212
2457493.5,2016.2868852459017,-0.00943,5220160415202158988685525834659930720101910018001039999,DE430,1.744354813849212
2457493.5,2016.2868852459017,0.05254,5220160415231304480546026009028850288101910021001763622,DE430,1.744354813849212
2457493.5,2016.2868852459017,0.0199,5220160415233120039795326033703214772101910009001919313,DE430,1.744354813849212
2457496.5,2016.295081967213,-0.03549,5220160418182338251565926562972110361301910043002772025,DE430,2.338932901464168
2457496.5,2016.295081967213,-0.07683,5220160418184610492053926546671858660301910047003166025,DE430,2.338932901464168
2457496.5,2016.295081967213,-0.00974,5220160418191207944534026530684505439301910037002407017,DE430,2.338932901464168
2457497.5,2016.2978142076502,-0.00113,5220160419003447742959026624818068446301910060003068032,DE430,2.5304205094830436
2457505.5,2016.3196721311476,0.05301,5220160427011526809050226203053385166301910027003139030,DE430,4.064419999886037
2457505.5,2016.3196721311476,0.05878,5220160427015823518935026173779843847301910018002442018,DE430,4.064419999886037
2457505.5,2016.3196721311476,0.04301,5220160427021355415255426165390811907301910034003207031,DE430,4.064419999886037
2457508.5,2016.327868852459,0.04526,5220160430040613264001225178323553655301910012003409205,DE430,4.681214183094934
2457508.5,2016.327868852459,0.06612,5220160430042004248389125187950610240401910017001238601,DE430,4.681214183094934
2457508.5,2016.327868852459,0.01807,5220160430043022595146225160327174981301910012003047032,DE430,4.681214183094934
2457524.5,2016.3715846994535,0.0177,5220160516222512977308826639784666369101910010001354229,DE430,2.0198213620037007
2457524.5,2016.3715846994535,0.00408,5220160516231213190459126685220481877101910009000999262,DE430,2.0198213620037007
2457525.5,2016.3743169398906,0.04993,5220160517183053359462326695118598787301910043002825025,DE430,2.210512489006416
2457525.5,2016.3743169398906,0.01368,5220160517184344553816526687475157902301910050002419035,DE430,2.210512489006416
2457525.5,2016.3743169398906,0.02635,5220160517190302122017926671258335608001910053001737057,DE430,2.210512489006416
2457525.5,2016.3743169398906,0.08808,5220160517191526642289126665341918421201910040001871050,DE430,2.210512489006416
2457525.5,2016.3743169398906,-0.00838,5220160517192721177457326679822599358401910027001743028,DE430,2.210512489006416
2457525.5,2016.3743169398906,0.01426,5220160517193949446107926663803702308301910094002082077,DE430,2.210512489006416
2457525.5,2016.3743169398906,0.03211,5220160517195234316130026654596401472001910049001394061,DE430,2.210512489006416
2457525.5,2016.3743169398906,0.06334,5220160517200357377271026651858570548201910049001514059,DE430,2.210512489006416
2457525.5,2016.3743169398906,-0.00595,5220160517205528452594226658599072550301910029002779020,DE430,2.210512489006416
2457525.5,2016.3743169398906,0.02715,5220160517210741846686126660728232374301910030002436021,DE430,2.210512489006416
2457525.5,2016.3743169398906,0.0048,5220160517212144102817726664189093127301910024002556017,DE430,2.210512489006416
2457536.5,2016.4043715846994,0.09519,5220160528030611163085825154816243178301910033002908044,DE430,4.383358328285933
2457536.5,2016.4043715846994,0.03245,5220160528031723699892525166904055917401910063001310999,DE430,4.383358328285933
2457536.5,2016.4043715846994,0.05933,5220160528033044998454925139210740097301910062003022065,DE430,4.383358328285933
2457553.5,2016.450819672131,0.0147,5220160614183730872111826628384394020301910033002894045,DE430,1.8891362071496547
2457553.5,2016.450819672131,0.0209,5220160614184635425472226626913035132301910029001722061,DE430,1.8891362071496547
2457553.5,2016.450819672131,0.01796,5220160614213432963197926680270852718301910026002430021,DE430,1.8891362071496547
2457553.5,2016.450819672131,0.00174,5220160614220244418907626735191913730101910006000618596,DE430,1.8891362071496547
2457576.5,2016.5136612021859,0.0212,5220160707134641623134125357831572352101910030001425121,DE430,0.5649339006591498
2457580.5,2016.5245901639344,0.04175,5220160711151443783071426515219911962301910017001305172,DE430,1.3722630574541572
2457580.5,2016.5245901639344,0.04243,5220160711152700428815126542433043247101910019001995161,DE430,1.3722630574541572
2457580.5,2016.5245901639344,0.01747,5220160711154017500311726502960625880301910026001535241,DE430,1.3722630574541572
2457580.5,2016.5245901639344,0.02995,5220160711155402888827126531136156759101910018001082252,DE430,1.3722630574541572
2457582.5,2016.5300546448088,0.03525,5220160713180223199467326619251818221301910027001968092,DE430,1.754025101471659
2457582.5,2016.5300546448088,0.04563,5220160713181145300445726648345709027101910017001612561,DE430,1.754025101471659
2457596.5,2016.568306010929,0.00396,5220160727014655411781124340698961947301910038002208999,DE430,4.721885274237528
2457596.5,2016.568306010929,0.00471,5220160727015616917402124330602156637301910133002383999,DE430,4.721885274237528
2457596.5,2016.568306010929,-0.01176,5220160727020958595434924319151195008001910058001566999,DE430,4.721885274237528
2457596.5,2016.568306010929,0.04129,5220160727022212401075724303809213656201910083001501352,DE430,4.721885274237528
2457596.5,2016.568306010929,0.02167,5220160727023249011894824321074297737101910066001209330,DE430,4.721885274237528
2457596.5,2016.568306010929,-0.0293,5220160727024825387139724294306592979401910165000983999,DE430,4.721885274237528
2457596.5,2016.568306010929,0.04836,5220160727030105207026224269120673359301910029002340999,DE430,4.721885274237528
2457596.5,2016.568306010929,0.00665,5220160727031157634356124260444132708301910055002422999,DE430,4.721885274237528
2457596.5,2016.568306010929,-0.02464,5220160727032953424813424261782487324401910062001313999,DE430,4.721885274237528
2457596.5,2016.568306010929,-0.03844,5220160727042832821597624229600136745401910027001384377,DE430,4.721885274237528
2457596.5,2016.568306010929,-0.00029,5220160727045042290873524210332494130001910044001752114,DE430,4.721885274237528
2457596.5,2016.568306010929,0.03213,5220160727051927469191224200816665819201910019000945159,DE430,4.721885274237528
2457596.5,2016.568306010929,0.02239,5220160727053927881121124226715037369101910033001439066,DE430,4.721885274237528
2457596.5,2016.568306010929,-0.0095,5220160727055044091471124200048086245301910023001543204,DE430,4.721885274237528
2457596.5,2016.568306010929,0.02606,5220160727060906572209124201717952433301910030002222350,DE430,4.721885274237528
2457596.5,2016.568306010929,-0.0037,5220160727061937242464424218267736925401910035001047849,DE430,4.721885274237528
2457596.5,2016.568306010929,0.04478,5220160727075704898744624247273322817301910013001804112,DE430,4.721885274237528
2457596.5,2016.568306010929,0.01292,5220160727080842239003924270508416908401910053001500588,DE430,4.721885274237528
2457596.5,2016.568306010929,0.01382,5220160727082140336652524291969852036101910038001207151,DE430,4.721885274237528
2457596.5,2016.568306010929,-0.02102,5220160727084652293688724301812588700401910022001465134,DE430,4.721885274237528
2457597.5,2016.5710382513662,-0.00532,5220160728064040777556124195499751455301910039001928477,DE430,4.9532896462970015
2457597.5,2016.5710382513662,-0.01846,5220160728064900082556424209826260265401910010000840352,DE430,4.9532896462970015
2457597.5,2016.5710382513662,0.01482,5220160728070512255406324225803706791101910016001454092,DE430,4.9532896462970015
2457597.5,2016.5710382513662,-0.00027,5220160728071943224022324201346621656301910046001786808,DE430,4.9532896462970015
2457597.5,2016.5710382513662,-0.01934,5220160728074845430086624224780106878401910073001008999,DE430,4.9532896462970015
2457597.5,2016.5710382513662,0.0186,5220160728080246740903224244538586101101910062001524282,DE430,4.9532896462970015
2457597.5,2016.5710382513662,-0.00637,5220160728081329837440724236365314753401910136001358999,DE430,4.9532896462970015
2457597.5,2016.5710382513662,-0.02,5220160728083924282672224265133368776101910025001785129,DE430,4.9532896462970015
2457597.5,2016.5710382513662,0.02705,5220160728085257805496624246994658819301910036002720170,DE430,4.9532896462970015
2457597.5,2016.5710382513662,-0.00512,5220160728091114360451924274747418000401910032001224306,DE430,4.9532896462970015
2457598.5,2016.5737704918033,-0.00578,5220160729060947988848424249791951898301910056002001626,DE430,5.1848731072919
2457598.5,2016.5737704918033,-0.03011,5220160729062742568441424256520041827401910140000997999,DE430,5.1848731072919
2457598.5,2016.5737704918033,-0.00728,5220160729063753351768024270014042265101910068001360860,DE430,5.1848731072919
2457598.5,2016.5737704918033,0.02911,5220160729065309261435924240603328067001910028002018549,DE430,5.1848731072919
2457598.5,2016.5737704918033,-0.0013,5220160729070655831555424236677482847301910101002292999,DE430,5.1848731072919
2457598.5,2016.5737704918033,-0.02088,5220160729072124642347724248812110113401910084001272999,DE430,5.1848731072919
2457598.5,2016.5737704918033,-0.01797,5220160729073428634232824265131714564101910100001178999,DE430,5.1848731072919
2457598.5,2016.5737704918033,-0.0307,5220160729081830156428224257310920890401910017001078360,DE430,5.1848731072919
2457598.5,2016.5737704918033,-0.01061,5220160729083314059464624277932725372101910071001004931,DE430,5.1848731072919
2457598.5,2016.5737704918033,0.05173,5220160729084428974927724255956137191201910013001371180,DE430,5.1848731072919
2457598.5,2016.5737704918033,0.07032,5220160729090409702741224265347692629201910017002077144,DE430,5.1848731072919
2457605.5,2016.5928961748634,-0.04435,5220160805094923094757925923121074268401910021001669083,DE430,0.4492967528870784
2457605.5,2016.5928961748634,-0.08337,5220160805100047962310725938132759215101910012002236027,DE430,0.4492967528870784
2457605.5,2016.5928961748634,-0.03118,5220160805113749918863225838745324058301910040002538023,DE430,0.4492967528870784
2457608.5,2016.6010928961748,-0.02386,5220160808135818606652426559041578769401910021001641071,DE430,1.0432069826972912
2457608.5,2016.6010928961748,0.07472,5220160808141015220023826573255582516101910012001802061,DE430,1.0432069826972912
2457608.5,2016.6010928961748,0.00539,5220160808191726215830326645395916594301910023000791999,DE430,1.0432069826972912
2457608.5,2016.6010928961748,-0.01009,5220160808193910920083426683086650824401910020001325338,DE430,1.0432069826972912
2457608.5,2016.6010928961748,0.04347,5220160808195247316280026717014289115101910011001081999,DE430,1.0432069826972912
2457611.5,2016.6092896174864,-0.07934,5220160811194036874348826537428838098301910010002905020,DE430,1.6156139775502414
2457611.5,2016.6092896174864,0.03237,5220160811200846087147126578857310357101910023001469804,DE430,1.6156139775502414
2457611.5,2016.6092896174864,-0.01865,5220160811202112914145026557224118615301910089002061175,DE430,1.6156139775502414
2457611.5,2016.6092896174864,0.02326,5220160811203312493563926592939714476101910046001457999,DE430,1.6156139775502414
2457612.5,2016.6120218579235,0.00539,5220160812195156539227426342660349132301910086002483048,DE430,1.80775028015357
2457612.5,2016.6120218579235,0.04312,5220160812200733539232726373182469438101910058001495999,DE430,1.80775028015357
2457612.5,2016.6120218579235,-0.01196,5220160812202036713272626349087295486301910033002640022,DE430,1.80775028015357
2457612.5,2016.6120218579235,-0.00955,5220160812203243876717226370442489607401910027002175025,DE430,1.80775028015357
2457612.5,2016.6120218579235,0.00561,5220160812210012229953226364514143730301910071002554068,DE430,1.80775028015357
2457612.5,2016.6120218579235,0.03322,5220160812211402451210226398902763890101910073001542999,DE430,1.80775028015357
2457612.5,2016.6120218579235,-0.00725,5220160812212406625234326394827117435401910049001834051,DE430,1.80775028015357
2457612.5,2016.6120218579235,-0.00311,5220160812213813113425226370369653879201910022001395104,DE430,1.80775028015357
2457612.5,2016.6120218579235,0.01341,5220160812214722046378026391990187349301910056002159078,DE430,1.80775028015357
2457624.5,2016.6448087431695,0.02701,5220160824010322049125924236676592681301910013002497021,DE430,4.44512356636713
2457624.5,2016.6448087431695,0.04908,5220160824012002748133724221893073122301910207002269451,DE430,4.44512356636713
2457624.5,2016.6448087431695,0.04363,5220160824012853604791424214467924500301910066002333152,DE430,4.44512356636713
2457624.5,2016.6448087431695,0.02082,5220160824014531172800024214063551116401910155000544999,DE430,4.44512356636713
2457624.5,2016.6448087431695,0.0295,5220160824015647554870824195122147085001910136001539999,DE430,4.44512356636713
2457624.5,2016.6448087431695,0.03183,5220160824020637031000724188205749604201910016001273084,DE430,4.44512356636713
2457624.5,2016.6448087431695,0.03015,5220160824025952025917324157525628023301910143002295380,DE430,4.44512356636713
2457624.5,2016.6448087431695,0.03999,5220160824031409824526824153879571378201910064001994126,DE430,4.44512356636713
2457624.5,2016.6448087431695,0.04097,5220160824032624168987224177111597060101910026001585222,DE430,4.44512356636713
2457624.5,2016.6448087431695,-0.00865,5220160824033844439564824174076280395101910014001919045,DE430,4.44512356636713
2457624.5,2016.6448087431695,0.02984,5220160824034808558561824156495942308401910096001077999,DE430,4.44512356636713
2457624.5,2016.6448087431695,0.02566,5220160824040013529168124170711709629101910033000932267,DE430,4.44512356636713
2457624.5,2016.6448087431695,0.03901,5220160824045112332344024144074031424301910017001478169,DE430,4.44512356636713
2457624.5,2016.6448087431695,0.01145,5220160824050206209707124146327951828301910039002296161,DE430,4.44512356636713
2457624.5,2016.6448087431695,0.03901,5220160824051414032915024151785816554001910023001609978,DE430,4.44512356636713
2457624.5,2016.6448087431695,0.02137,5220160824052601080686824166558558837401910483001037999,DE430,4.44512356636713
2457624.5,2016.6448087431695,0.02155,5220160824053650465111524186213005875101910115000978600,DE430,4.44512356636713
2457624.5,2016.6448087431695,0.0287,5220160824083250539049224315618779368401910048001270577,DE430,4.44512356636713
2457624.5,2016.6448087431695,0.01834,5220160824084429144533624315900763792301910068002372133,DE430,4.44512356636713
2457624.5,2016.6448087431695,0.00536,5220160824085601348613824357873740691101910032001725050,DE430,4.44512356636713
2457624.5,2016.6448087431695,0.04486,5220160824091811726494824359571019977001910013002291062,DE430,4.44512356636713
2457624.5,2016.6448087431695,0.02637,5220160824093509254422924391962386644401910020000973199,DE430,4.44512356636713
2457624.5,2016.6448087431695,0.06817,5220160824095522944284324433000351868101910018002344016,DE430,4.44512356636713
2457625.5,2016.6475409836066,0.04384,5220160825032046685264124292797920141301910132002376999,DE430,4.676877457699293
2457625.5,2016.6475409836066,0.01955,5220160825033421154637024285858315128301910290002178999,DE430,4.676877457699293
2457625.5,2016.6475409836066,0.01064,5220160825034658899003824309958398046101910115001484223,DE430,4.676877457699293
2457625.5,2016.6475409836066,0.01306,5220160825035902609295524287327760800401910313001000999,DE430,4.676877457699293
2457625.5,2016.6475409836066,0.03869,5220160825041138786150524273041609436001910063001941999,DE430,4.676877457699293
2457625.5,2016.6475409836066,-0.01547,5220160825055944428579724299401999908101910105001378209,DE430,4.676877457699293
2457625.5,2016.6475409836066,0.01429,5220160825061227659905724273777362545301910425002225999,DE430,4.676877457699293
2457625.5,2016.6475409836066,0.00526,5220160825065147901795424291092660156301910249002137999,DE430,4.676877457699293
2457625.5,2016.6475409836066,0.04952,5220160825070318584369324297631245215301910051002219399,DE430,4.676877457699293
2457625.5,2016.6475409836066,-0.00193,5220160825071747744895824336122504891101910267001167651,DE430,4.676877457699293
2457625.5,2016.6475409836066,-0.00169,5220160825073136464274424345733065832101910038001440103,DE430,4.676877457699293
2457625.5,2016.6475409836066,0.00754,5220160825074945505274524342642618807401910036001097858,DE430,4.676877457699293
2457625.5,2016.6475409836066,0.00599,5220160825080230973719924370348027790101910042001395105,DE430,4.676877457699293
2457626.5,2016.6502732240438,0.03737,5220160826014033521458524584944033555401910207001177999,DE430,4.9060590253291485
2457626.5,2016.6502732240438,0.0216,5220160826015330513605424560881743567301910268002269999,DE430,4.9060590253291485
2457626.5,2016.6502732240438,0.05692,5220160826020624463366924548956979060001910102001754999,DE430,4.9060590253291485
2457626.5,2016.6502732240438,0.06039,5220160826021939842598924539373146564201910072001543366,DE430,4.9060590253291485
2457626.5,2016.6502732240438,0.00667,5220160826022835569067224557738667264101910042001234147,DE430,4.9060590253291485
2457626.5,2016.6502732240438,0.03066,5220160826024638427980124521430053635401910256001076999,DE430,4.9060590253291485
2457626.5,2016.6502732240438,0.00482,5220160826032323907114624480996057399301910066002193999,DE430,4.9060590253291485
2457626.5,2016.6502732240438,0.04308,5220160826033352184836924474419214669001910039001793999,DE430,4.9060590253291485
2457626.5,2016.6502732240438,0.07926,5220160826034809266671224467916383273201910057001656300,DE430,4.9060590253291485
2457626.5,2016.6502732240438,0.00012,5220160826035826747042224488362727129101910190001147793,DE430,4.9060590253291485
2457626.5,2016.6502732240438,0.02535,5220160826041156359817524460787276341401910146001177999,DE430,4.9060590253291485
2457626.5,2016.6502732240438,0.00813,5220160826081258183705724476871059604401910061001235471,DE430,4.9060590253291485
2457626.5,2016.6502732240438,-0.00665,5220160826093202130029424544031894529401910040001182263,DE430,4.9060590253291485
2457626.5,2016.6502732240438,-0.02456,5220160826094352299243724574845369088101910043001270119,DE430,4.9060590253291485
2457626.5,2016.6502732240438,-0.01845,5220160826095823987687324560288832499301910019003067044,DE430,4.9060590253291485
2457627.5,2016.6530054644809,0.01193,5220160827025033888098424739134041385301910039002006999,DE430,5.13215056096369
2457627.5,2016.6530054644809,0.00219,5220160827030817923098624721965219457301910013002383999,DE430,5.13215056096369
2457627.5,2016.6530054644809,0.01724,5220160827034250354197024690919647537301910135002354999,DE430,5.13215056096369
2457627.5,2016.6530054644809,0.08089,5220160827035300680854724682510885179001910037001829999,DE430,5.13215056096369
2457627.5,2016.6530054644809,0.00164,5220160827040730780094824702890810713101910111001452622,DE430,5.13215056096369
2457627.5,2016.6530054644809,0.08469,5220160827041816322912624667304890967201910044001709999,DE430,5.13215056096369
2457627.5,2016.6530054644809,0.03236,5220160827043216909273124663426000421401910078001260999,DE430,5.13215056096369
2457627.5,2016.6530054644809,0.01373,5220160827044716950077824643724686048001910010001994320,DE430,5.13215056096369
2457627.5,2016.6530054644809,0.02274,5220160827045926342750524636582799652301910084002217538,DE430,5.13215056096369
2457627.5,2016.6530054644809,-0.02771,5220160827050751393606224663836181096101910061001412223,DE430,5.13215056096369
2457627.5,2016.6530054644809,0.00038,5220160827054107296869124617302209899301910042002482097,DE430,5.13215056096369
2457627.5,2016.6530054644809,-0.0501,5220160827055323514790424644878831975101910051001847096,DE430,5.13215056096369
2457627.5,2016.6530054644809,0.02653,5220160827060307576949124620770339943401910045001464226,DE430,5.13215056096369
2457628.5,2016.655737704918,0.0075,5220160828031415001112624983446526294401910032001120999,DE430,5.354772266480068
2457628.5,2016.655737704918,-0.03083,5220160828032611450641224994510529479101910082001100999,DE430,5.354772266480068
2457628.5,2016.655737704918,0.07211,5220160828033436675773524957324979175201910010001754999,DE430,5.354772266480068
2457628.5,2016.655737704918,0.00836,5220160828040729579412624921464985273301910029002332999,DE430,5.354772266480068
2457628.5,2016.655737704918,0.05154,5220160828042706104127624902811894332001910044001557999,DE430,5.354772266480068
2457628.5,2016.655737704918,0.07187,5220160828045123172033724887624324112201910094001734999,DE430,5.354772266480068
2457628.5,2016.655737704918,-0.03637,5220160828050009110994924909603199717101910065001215422,DE430,5.354772266480068
2457628.5,2016.655737704918,0.00221,5220160828051442421206824866119287358301910105002152299,DE430,5.354772266480068
2457628.5,2016.655737704918,-0.03759,5220160828052839388653524889344154919101910020001999077,DE430,5.354772266480068
2457637.5,2016.6803278688524,-0.01563,5220160906150215700177926681593327516301910056001776133,DE430,0.9037926192272501
2457637.5,2016.6803278688524,-0.00747,5220160906151240023972926711991289820101910034001480186,DE430,0.9037926192272501
2457637.5,2016.6803278688524,-0.03602,5220160906152730460808826696721081345401910016002471052,DE430,0.9037926192272501
2457638.5,2016.6830601092897,-0.01136,5220160907185929675587526743469111946301910025001740999,DE430,1.0937214927415626
2457638.5,2016.6830601092897,-0.02081,5220160907191203958652726754119411545301910028001699999,DE430,1.0937214927415626
2457638.5,2016.6830601092897,-0.0166,5220160907192313937228826764059366827301910016001464999,DE430,1.0937214927415626
2457639.5,2016.6857923497269,-0.01258,5220160908162603038644426569371756470301910031001779113,DE430,1.2838406906437378
2457639.5,2016.6857923497269,-0.01282,5220160908163844142805726595258859239101910023002023069,DE430,1.2838406906437378
2457649.5,2016.7131147540983,0.11246,5220160918205903271710223875915463892301910059003577026,DE430,3.4305539346076657
2457649.5,2016.7131147540983,0.04681,5220160918211516981256423857202776645301910105002170063,DE430,3.4305539346076657
2457649.5,2016.7131147540983,0.06734,5220160918212557792200223859523168399401910021002094015,DE430,3.4305539346076657
2457649.5,2016.7131147540983,0.04459,5220160918214049909414123829203530446301910095002626047,DE430,3.4305539346076657
2457649.5,2016.7131147540983,0.03367,5220160918221113992714123798611900983301910026002979024,DE430,3.4305539346076657
2457649.5,2016.7131147540983,0.04249,5220160918225448340909023760884295874301910204002601104,DE430,3.4305539346076657
2457649.5,2016.7131147540983,0.05824,5220160918230915688302223764471659669401910033001893030,DE430,3.4305539346076657
2457649.5,2016.7131147540983,0.04042,5220160918231953472608823745053710195001910093001485092,DE430,3.4305539346076657
2457650.5,2016.7158469945355,0.03055,5220160919001156001936023715228720656301910125002520044,DE430,3.67271265163455
2457650.5,2016.7158469945355,0.0297,5220160919004938005828823703981579956301910162002418090,DE430,3.67271265163455
2457650.5,2016.7158469945355,0.04268,5220160919011248488015823703149155742001910083001630110,DE430,3.67271265163455
2457650.5,2016.7158469945355,0.03102,5220160919012836941222223700484803547301910259002256137,DE430,3.67271265163455
2457650.5,2016.7158469945355,0.02129,5220160919014057436708023700025333477201910116001471082,DE430,3.67271265163455
2457650.5,2016.7158469945355,0.04841,5220160919015323203099423704904165673001910179001512207,DE430,3.67271265163455
2457650.5,2016.7158469945355,0.01466,5220160919024739865887523718941360116301910110002334065,DE430,3.67271265163455
2457650.5,2016.7158469945355,0.01212,5220160919030019040532323727338092650001910064001780072,DE430,3.67271265163455
2457650.5,2016.7158469945355,0.00365,5220160919031200402083723730066219457201910096001524071,DE430,3.67271265163455
2457650.5,2016.7158469945355,0.04114,5220160919032254158805223737777967722301910115002390074,DE430,3.67271265163455
2457650.5,2016.7158469945355,0.00842,5220160919033611795702023745225192515201910051001686037,DE430,3.67271265163455
2457650.5,2016.7158469945355,0.02304,5220160919035834639774623762970078281301910155002370089,DE430,3.67271265163455
2457652.5,2016.72131147541,0.01881,5220160921014323100154623942372540092301910035002391026,DE430,4.153659124692617
2457652.5,2016.72131147541,0.03756,5220160921020122919092223948048633339401910022001866070,DE430,4.153659124692617
2457652.5,2016.72131147541,0.02256,5220160921021333972954023933499321229301910078002745063,DE430,4.153659124692617
2457652.5,2016.72131147541,0.03385,5220160921025211915100723928996707641301910077002652062,DE430,4.153659124692617
2457652.5,2016.72131147541,-0.04619,5220160921071210891081824094353125609301910024002180028,DE430,4.153659124692617
2457652.5,2016.72131147541,-0.00576,5220160921072407116253924108653126274301910173002331160,DE430,4.153659124692617
2457652.5,2016.72131147541,0.02458,5220160921073559164444524135225811718401910056001583086,DE430,4.153659124692617
2457652.5,2016.72131147541,-0.18632,5220160921075304796740724146567284892001910010001937036,DE430,4.153659124692617
2457653.5,2016.724043715847,-0.00579,5220160922050756759270024176527482011301910017002789020,DE430,4.388757126234918
2457653.5,2016.724043715847,0.00073,5220160922051949800022024182074853986301910057002208099,DE430,4.388757126234918
2457653.5,2016.724043715847,0.00749,5220160922053502971184224190226305435301910113002570134,DE430,4.388757126234918
2457653.5,2016.724043715847,0.01792,5220160922054812502426024198205075230301910204002366348,DE430,4.388757126234918
2457653.5,2016.724043715847,0.05253,5220160922060125994438024207794844322001910067001535839,DE430,4.388757126234918
2457653.5,2016.724043715847,0.02331,5220160922061612758475724222032529353201910068001766075,DE430,4.388757126234918
2457653.5,2016.724043715847,-0.03573,5220160922062650284634124257488075094101910111001455159,DE430,4.388757126234918
2457653.5,2016.724043715847,0.04333,5220160922064138242060024239819176683001910076001860620,DE430,4.388757126234918
2457653.5,2016.724043715847,0.02261,5220160922065351131925224254188608740201910112001831116,DE430,4.388757126234918
2457653.5,2016.724043715847,-0.04044,5220160922070723582072824294211362075101910099001584123,DE430,4.388757126234918
2457653.5,2016.724043715847,0.03688,5220160922072043443318624287581754123401910146000940999,DE430,4.388757126234918
2457653.5,2016.724043715847,0.06112,5220160922073904024682324297357495680001910036001870275,DE430,4.388757126234918
2457653.5,2016.724043715847,0.02982,5220160922074924754907824312132666019201910123001679167,DE430,4.388757126234918
2457653.5,2016.724043715847,-0.05811,5220160922080639068061724359222124766101910079001523090,DE430,4.388757126234918
2457653.5,2016.724043715847,0.03182,5220160922081944489131424355083193660401910219001066999,DE430,4.388757126234918
2457653.5,2016.724043715847,0.05655,5220160922083044462144024358855048632001910018001971135,DE430,4.388757126234918
2457653.5,2016.724043715847,-0.01019,5220160922084353677478324374749950173301910041002498038,DE430,4.388757126234918
2457654.5,2016.7267759562842,0.05849,5220160923002625128502324570747928766301910057002587167,DE430,4.618681752005175
2457654.5,2016.7267759562842,0.07048,5220160923003733792872824569295948873401910262001155999,DE430,4.618681752005175
2457654.5,2016.7267759562842,-0.02822,5220160923004702558123924584014257099101910069001523120,DE430,4.618681752005175
2457654.5,2016.7267759562842,0.06127,5220160923010044468720724544014781870201910069001783103,DE430,4.618681752005175
2457654.5,2016.7267759562842,0.1025,5220160923011101126550324529148658088001910024001601560,DE430,4.618681752005175
2457654.5,2016.7267759562842,0.03471,5220160923013213124398524511900751948301910087002992118,DE430,4.618681752005175
2457654.5,2016.7267759562842,0.06358,5220160923014602883732324510322592275401910177001122999,DE430,4.618681752005175
2457654.5,2016.7267759562842,0.0473,5220160923060404636601224460315491489401910335001016999,DE430,4.618681752005175
2457654.5,2016.7267759562842,-0.04886,5220160923061420695169724487781527807101910250001118366,DE430,4.618681752005175
2457654.5,2016.7267759562842,0.08119,5220160923062706694939024462040335144001910033001945142,DE430,4.618681752005175
2457654.5,2016.7267759562842,0.0428,5220160923063955353094424474540967880201910070001891091,DE430,4.618681752005175
2457654.5,2016.7267759562842,0.04612,5220160923065543680161724490363601886401910457001163999,DE430,4.618681752005175
2457654.5,2016.7267759562842,-0.03739,5220160923070503825352424519524969352101910205001331234,DE430,4.618681752005175
2457654.5,2016.7267759562842,0.02675,5220160923073919619927124515691097829301910110002357170,DE430,4.618681752005175
2457654.5,2016.7267759562842,0.05205,5220160923075221582060024532301205506201910063001862072,DE430,4.618681752005175
2457654.5,2016.7267759562842,0.06344,5220160923081628415526024562041983413401910145001096973,DE430,4.618681752005175
2457654.5,2016.7267759562842,-0.03991,5220160923083123277084624600212147278101910052001349083,DE430,4.618681752005175
2457654.5,2016.7267759562842,0.05989,5220160923085902174868024600036396898301910062002288122,DE430,4.618681752005175
2457657.5,2016.7349726775956,0.0039,5220160926085855308806425343208672250401910078001290473,DE430,5.274968548571724
2457657.5,2016.7349726775956,-0.08032,5220160926092957760359525387105437723101910089001524237,DE430,5.274968548571724
2457657.5,2016.7349726775956,0.02641,5220160926094234010922125358377996553001910024001517050,DE430,5.274968548571724
2457657.5,2016.7349726775956,0.02685,5220160926095447971578225373359170575201910015002014026,DE430,5.274968548571724
2457659.5,2016.74043715847,0.0277,5220160928054745208991225940679875372401910073001599181,DE430,5.687959358512414
2457659.5,2016.74043715847,-0.0576,5220160928062609910343925935316726232101910145001332237,DE430,5.687959358512414
2457659.5,2016.74043715847,0.04204,5220160928064046226100425883624416521001910115001739169,DE430,5.687959358512414
2457659.5,2016.74043715847,0.03811,5220160928065033923725725882012208650201910083001354166,DE430,5.687959358512414
2457659.5,2016.74043715847,-0.03376,5220160928070214793326025875373219165301910104002367119,DE430,5.687959358512414
2457659.5,2016.74043715847,-0.07332,5220160928071654121745425902168698864101910050001345126,DE430,5.687959358512414
2457659.5,2016.74043715847,0.00027,5220160928084557510022025847698519822401910027001800044,DE430,5.687959358512414
2457659.5,2016.74043715847,-0.03811,5220160928085643435562725837538084228301910040002210045,DE430,5.687959358512414
2457659.5,2016.74043715847,-0.01424,5220160928093241701337225849451812615401910039001498070,DE430,5.687959358512414
2457659.5,2016.74043715847,-0.08296,5220160928094741713989425877684046141101910061001308109,DE430,5.687959358512414
2457659.5,2016.74043715847,-0.01544,5220160928104706248467625876884622970401910039001493050,DE430,5.687959358512414
2457678.5,2016.792349726776,0.07177,5220161017220311611112623539762404798301910029002762038,DE430,3.3441487494180837
2457681.5,2016.8005464480875,0.03802,5220161020021236956793423933075412851301910045002932030,DE430,4.078066745861568
2457681.5,2016.8005464480875,0.01085,5220161020023934309975523933437516649301910037002969024,DE430,4.078066745861568
2457681.5,2016.8005464480875,0.03935,5220161020025114852080423934767671176301910045002694031,DE430,4.078066745861568
2457681.5,2016.8005464480875,0.00736,5220161020030413904973623937085654560301910045003042026,DE430,4.078066745861568
2457681.5,2016.8005464480875,0.02963,5220161020031513108289223939737943460301910061002987039,DE430,4.078066745861568
2457681.5,2016.8005464480875,0.04065,5220161020033046733320123944576491728301910029002816016,DE430,4.078066745861568
2457681.5,2016.8005464480875,0.02041,5220161020040901386591323961805562489301910113002721099,DE430,4.078066745861568
2457681.5,2016.8005464480875,-0.07839,5220161020042033341735124000637397370101910030001863028,DE430,4.078066745861568
2457681.5,2016.8005464480875,0.03468,5220161020043304305197423976437773137301910176002263163,DE430,4.078066745861568
2457681.5,2016.8005464480875,0.08311,5220161020044529470528923995021834561401910025001276073,DE430,4.078066745861568
2457681.5,2016.8005464480875,0.0143,5220161020045805271491323994648718900301910120002635107,DE430,4.078066745861568
2457681.5,2016.8005464480875,0.04605,5220161020050910307983224008125243807201910040001959038,DE430,4.078066745861568
2457681.5,2016.8005464480875,0.04244,5220161020052129388297924014318229230301910033002629032,DE430,4.078066745861568
2457681.5,2016.8005464480875,0.04022,5220161020053501979727324026807276532301910110002536113,DE430,4.078066745861568
2457682.5,2016.8032786885246,0.04965,5220161021012511708135624313827141805301910032002754027,DE430,4.311376741040634
2457682.5,2016.8032786885246,0.0207,5220161021014934639902824302483971707301910046002635049,DE430,4.311376741040634
2457682.5,2016.8032786885246,-0.08245,5220161021020328630544024331161195523101910041001372054,DE430,4.311376741040634
2457682.5,2016.8032786885246,0.07441,5220161021021402618503824302221533159401910091001068999,DE430,4.311376741040634
2457682.5,2016.8032786885246,0.09218,5220161021023031934288024287683946060001910020001928166,DE430,4.311376741040634
2457682.5,2016.8032786885246,0.01568,5220161021024238354592624292213961276201910028002112030,DE430,4.311376741040634
2457682.5,2016.8032786885246,0.00936,5220161021025345446783624285524195491301910068002410079,DE430,4.311376741040634
2457682.5,2016.8032786885246,-0.0699,5220161021030617283338524318423825486101910027001417043,DE430,4.311376741040634
2457682.5,2016.8032786885246,0.06618,5220161021032224745496724293088726273401910337001156999,DE430,4.311376741040634
2457682.5,2016.8032786885246,0.08535,5220161021034213031165024284566147476001910026001635206,DE430,4.311376741040634
2457682.5,2016.8032786885246,0.01711,5220161021035900709470824289270888130301910067002742065,DE430,4.311376741040634
2457682.5,2016.8032786885246,-0.12911,5220161021041625896816724327741123201101910022002543031,DE430,4.311376741040634
2457682.5,2016.8032786885246,0.06558,5220161021043052208111924307899376510401910156001013999,DE430,4.311376741040634
2457682.5,2016.8032786885246,0.01856,5220161021045005890219424307654452180301910080002522093,DE430,4.311376741040634
2457682.5,2016.8032786885246,0.06541,5220161021050857547812524326675991900401910159001180999,DE430,4.311376741040634
2457682.5,2016.8032786885246,0.07326,5220161021052115984687024323966225353001910021001430309,DE430,4.311376741040634
2457682.5,2016.8032786885246,0.01324,5220161021053441519480224339451923348201910070001791083,DE430,4.311376741040634
2457682.5,2016.8032786885246,-0.07378,5220161021054655463992024377269288693101910047001402054,DE430,4.311376741040634
2457682.5,2016.8032786885246,0.08198,5220161021055718023153824360931841035401910256001051999,DE430,4.311376741040634
2457682.5,2016.8032786885246,0.02051,5220161021061050389355024363568439284301910142002621161,DE430,4.311376741040634
2457682.5,2016.8032786885246,0.10365,5220161021062109711393224371523699729001910021001980176,DE430,4.311376741040634
2457682.5,2016.8032786885246,0.07442,5220161021063210573063524392405349706401910114000898999,DE430,4.311376741040634
2457682.5,2016.8032786885246,0.03252,5220161021070812625271924421269189862301910064002540158,DE430,4.311376741040634
2457682.5,2016.8032786885246,-0.08569,5220161021071709329163424464810363646101910042001630074,DE430,4.311376741040634
2457682.5,2016.8032786885246,0.06206,5220161021073024774003924456064995841401910214001092999,DE430,4.311376741040634
2457682.5,2016.8032786885246,0.11466,5220161021073954516100824457238848444001910033002109206,DE430,4.311376741040634
2457682.5,2016.8032786885246,0.03016,5220161021075354777648624476059699012301910129002807157,DE430,4.311376741040634
2457682.5,2016.8032786885246,0.01236,5220161021080529480349024495672135285201910019001656033,DE430,4.311376741040634
2457682.5,2016.8032786885246,0.05961,5220161021081609248285424514120272289401910050001446500,DE430,4.311376741040634
2457682.5,2016.8032786885246,0.02565,5220161021082823912550424521529665949301910062002676089,DE430,4.311376741040634
2457688.5,2016.8196721311476,-0.00652,5220161027081820605794626285734356172301910025002204101,DE430,5.567596077687255
2457688.5,2016.8196721311476,-0.1075,5220161027082821844820126320493368815101910052001144363,DE430,5.567596077687255
2457688.5,2016.8196721311476,-0.03368,5220161027090511011482126287540941177301910014001859081,DE430,5.567596077687255
2457688.5,2016.8196721311476,0.04245,5220161027094929543813126310553362993401910024001836123,DE430,5.567596077687255
2457688.5,2016.8196721311476,-0.0935,5220161027095956209550726340152063886101910052000945418,DE430,5.567596077687255
2457688.5,2016.8196721311476,-0.00123,5220161027125711134930426474099600132401910026001970052,DE430,5.567596077687255
2457688.5,2016.8196721311476,-0.0905,5220161027130711013611926510739510508101910028001584058,DE430,5.567596077687255
2457699.5,2016.8497267759562,0.06182,5220161107150219336842825594350474422301910033003113057,DE430,1.400821758230173
2457699.5,2016.8497267759562,0.0916,5220161107151116402343825585546479834301910099002889136,DE430,1.400821758230173
2457699.5,2016.8497267759562,0.01008,5220161107154522829257925555320940893301910022002791032,DE430,1.400821758230173
2457699.5,2016.8497267759562,0.01109,5220161107160402243688025563496248048101910074001055985,DE430,1.400821758230173
2457699.5,2016.8497267759562,-0.00463,5220161107161734722290625517868422699201910024001345327,DE430,1.400821758230173
2457699.5,2016.8497267759562,0.00229,5220161107162854911532025510843622848201910030001059878,DE430,1.400821758230173
2457699.5,2016.8497267759562,0.03583,5220161107170223511345825508112350064301910050003368082,DE430,1.400821758230173
2457699.5,2016.8497267759562,0.02853,5220161107175632337335525493524502052301910091002887288,DE430,1.400821758230173
2457699.5,2016.8497267759562,0.04558,5220161107180914605160525493457463334001910051001665072,DE430,1.400821758230173
2457699.5,2016.8497267759562,0.01981,5220161107195510455488225514409485730301910056002771172,DE430,1.400821758230173
2457699.5,2016.8497267759562,0.06644,5220161107202517359717125551017663615401910097001553113,DE430,1.400821758230173
2457699.5,2016.8497267759562,-0.0097,5220161107203614021298325558263175810101910046001042999,DE430,1.400821758230173
2457699.5,2016.8497267759562,0.01527,5220161107205019087983125567376711120101910034001353999,DE430,1.400821758230173
2457699.5,2016.8497267759562,0.03437,5220161107210413838951425555547842962301910069003177140,DE430,1.400821758230173
2457702.5,2016.8579234972678,0.07626,5220161110172110161877224287340696621301910044003438020,DE430,2.0391710147618833
2457703.5,2016.860655737705,0.05949,5220161111171824989412023958937863339301910036003363010,DE430,2.2675546031412264
2457703.5,2016.860655737705,-0.03122,5220161111174115753099923930968342045301910041003239012,DE430,2.2675546031412264
2457703.5,2016.860655737705,-0.02863,5220161111181950810409723888341630542301910045003166014,DE430,2.2675546031412264
2457706.5,2016.8688524590164,0.05232,5220161114210725777300223378174533536301910049002608013,DE430,2.9965663099596815
2457706.5,2016.8688524590164,0.06158,5220161114212027843210423368806193131301910066002751017,DE430,2.9965663099596815
2457706.5,2016.8688524590164,0.00781,5220161114213928904204623356486169771301910049003122010,DE430,2.9965663099596815
2457706.5,2016.8688524590164,0.07722,5220161114215334153010823348435403920301910051003259011,DE430,2.9965663099596815
2457706.5,2016.8688524590164,0.08028,5220161114221637015946923337323303746301910057003156014,DE430,2.9965663099596815
2457706.5,2016.8688524590164,0.10366,5220161114224340593217623330423464086001910035002249013,DE430,2.9965663099596815
2457706.5,2016.8688524590164,0.01549,5220161114225538837853723324601268970301910070002835017,DE430,2.9965663099596815
2457708.5,2016.8743169398906,0.05397,5220161116233556565654623737909556024301910080002849032,DE430,3.4964372422536147
2457710.5,2016.879781420765,0.02153,5220161118005829077956824089278828525301910086002744045,DE430,3.9782000659891588
2457710.5,2016.879781420765,0.1001,5220161118011525662356624093638285110401910044001733059,DE430,3.9782000659891588
2457710.5,2016.879781420765,0.10228,5220161118012612054803624080851047155001910071001951098,DE430,3.9782000659891588
2457710.5,2016.879781420765,0.01318,5220161118013752394850024086184322929201910050002070030,DE430,3.9782000659891588
2457710.5,2016.879781420765,-0.00788,5220161118020301343800524080997313988301910039002920020,DE430,3.9782000659891588
2457710.5,2016.879781420765,0.01055,5220161118023133534537724084060742834301910068003208039,DE430,3.9782000659891588
2457710.5,2016.879781420765,0.01198,5220161118053845001586724206592458319301910100002495088,DE430,3.9782000659891588
2457710.5,2016.879781420765,0.10701,5220161118054918056488124216247719821001910041002218076,DE430,3.9782000659891588
2457710.5,2016.879781420765,0.00343,5220161118071338559195124325124868807301910089002678055,DE430,3.9782000659891588
2457710.5,2016.879781420765,0.07901,5220161118072603177743124351517081842401910029002007043,DE430,3.9782000659891588
2457722.5,2016.9125683060108,0.04644,5220161130122040316445526670769315517301910073002733020,DE430,0.09285366674782569
2457722.5,2016.9125683060108,-0.00956,5220161130124215168787726700335751356101910046001993025,DE430,0.09285366674782569
2457722.5,2016.9125683060108,0.12191,5220161130130740210894926692354217184401910055001985022,DE430,0.09285366674782569
2457722.5,2016.9125683060108,0.05246,5220161130132051751760226679324747893301910066002969021,DE430,0.09285366674782569
2457722.5,2016.9125683060108,0.04972,5220161130141411457727626701981681140301910083002823021,DE430,0.09285366674782569
2457723.5,2016.9153005464482,0.0134,5220161201121208526767726549747542625301910019002301024,DE430,0.2846784824997526
2457723.5,2016.9153005464482,0.11658,5220161201122618525444626562676130606401910033002048043,DE430,0.2846784824997526
2457723.5,2016.9153005464482,0.05024,5220161201124627304102726541124185157301910026003096013,DE430,0.2846784824997526
2457723.5,2016.9153005464482,0.07784,5220161201131406770701026538625767013301910021002854008,DE430,0.2846784824997526
2457724.5,2016.9180327868853,0.06432,5220161202125802978776626372865433566301910125002369202,DE430,0.4781032845705413
2457724.5,2016.9180327868853,0.11693,5220161202131230665733026385937069400401910101001305293,DE430,0.4781032845705413
2457724.5,2016.9180327868853,0.00644,5220161202132439218905926390397874798101910121001483341,DE430,0.4781032845705413
2457724.5,2016.9180327868853,0.07802,5220161202133721331861026358598770838001910047001284149,DE430,0.4781032845705413
2457724.5,2016.9180327868853,-0.02596,5220161202134824445633826345358139923201910048001399163,DE430,0.4781032845705413
2457724.5,2016.9180327868853,0.06046,5220161202140244589736126358610935656301910191002288421,DE430,0.4781032845705413
2457724.5,2016.9180327868853,0.00191,5220161202141349966119726384189230073101910193001322758,DE430,0.4781032845705413
2457724.5,2016.9180327868853,0.11242,5220161202142714700177526377238675625401910112001304474,DE430,0.4781032845705413
2457724.5,2016.9180327868853,0.07525,5220161202143832048299826357201355222001910032001456102,DE430,0.4781032845705413
2457724.5,2016.9180327868853,0.03864,5220161202152129222263526370358985296301910115002451253,DE430,0.4781032845705413
2457724.5,2016.9180327868853,-0.00695,5220161202153239631747526400067522105101910027001149132,DE430,0.4781032845705413
2457724.5,2016.9180327868853,0.10007,5220161202154752359770426399660070512401910043001575238,DE430,0.4781032845705413
2457724.5,2016.9180327868853,0.04882,5220161202160701452872026390883606506301910073002238394,DE430,0.4781032845705413
2457728.5,2016.9289617486338,0.04858,5220161206173444187959725159232727448301910073003087599,DE430,1.2785721284881735
2457728.5,2016.9289617486338,-0.00255,5220161206174744994973025179930655900101910086000976999,DE430,1.2785721284881735
2457728.5,2016.9289617486338,0.08327,5220161206175937852119725179433781216401910279001143453,DE430,1.2785721284881735
2457728.5,2016.9289617486338,0.04397,5220161206181624131911025160581361200301910082003441530,DE430,1.2785721284881735
2457728.5,2016.9289617486338,-0.02861,5220161206182831667348225151307985509201910076001432999,DE430,1.2785721284881735
2457728.5,2016.9289617486338,0.06952,5220161206184008786726525168781934122001910058001587139,DE430,1.2785721284881735
2457728.5,2016.9289617486338,-0.0064,5220161206185518842753625191071292821101910092001160999,DE430,1.2785721284881735
2457728.5,2016.9289617486338,0.07144,5220161206191743748937725199409626817401910041001203101,DE430,1.2785721284881735
2457729.5,2016.931693989071,0.03541,5220161207161337248721124828290072404301910282003091409,DE430,1.489499053422496
2457729.5,2016.931693989071,-0.0039,5220161207162924573697724837658423705101910121000963999,DE430,1.489499053422496
2457729.5,2016.931693989071,0.06823,5220161207164746479952124808655442251001910097001358207,DE430,1.489499053422496
2457729.5,2016.931693989071,0.07625,5220161207170006411668124817330254411401910304000925613,DE430,1.489499053422496
2457729.5,2016.931693989071,-0.03167,5220161207171342645277224780772421335201910102001556999,DE430,1.489499053422496
2457729.5,2016.931693989071,0.07402,5220161207175206980056824780526685881001910032001607056,DE430,1.489499053422496
2457729.5,2016.931693989071,-0.01174,5220161207180408129702524763784967486201910048001582999,DE430,1.489499053422496
2457729.5,2016.931693989071,0.02538,5220161207181721728201724771216607208301910180003005298,DE430,1.489499053422496
2457729.5,2016.931693989071,-0.0149,5220161207183054264926824790941112970101910392001037999,DE430,1.489499053422496
2457729.5,2016.931693989071,0.07921,5220161207184350512502024790241441038401910349001041423,DE430,1.489499053422496
2457729.5,2016.931693989071,0.06444,5220161207185626249482424775098689960001910098001673148,DE430,1.489499053422496
2457729.5,2016.931693989071,0.03939,5220161207191225515191024772646116179301910245003133422,DE430,1.489499053422496
2457730.5,2016.9344262295083,-0.02028,5220161208145734730159124572055969913301910087002988056,DE430,1.7067306870429197
2457730.5,2016.9344262295083,-0.03701,5220161208151905975941524565926069361101910057001188620,DE430,1.7067306870429197
2457730.5,2016.9344262295083,0.07775,5220161208153942086332524539087378161401910033001832022,DE430,1.7067306870429197
2457730.5,2016.9344262295083,0.07281,5220161208160623139903824494996991663001910107001730139,DE430,1.7067306870429197
2457730.5,2016.9344262295083,-0.02008,5220161208161443382325324473893880009201910089001446641,DE430,1.7067306870429197
2457730.5,2016.9344262295083,0.02037,5220161208162840316191024467418834218301910217002898284,DE430,1.7067306870429197
2457730.5,2016.9344262295083,-0.02742,5220161208164305883767924475444893776101910162001076999,DE430,1.7067306870429197
2457730.5,2016.9344262295083,0.08132,5220161208165446219680424463699628925401910164001341210,DE430,1.7067306870429197
2457730.5,2016.9344262295083,0.00351,5220161208172008350433224424648744348301910037003195028,DE430,1.7067306870429197
2457730.5,2016.9344262295083,0.07656,5220161208173109110203224422479652269001910167001566234,DE430,1.7067306870429197
2457730.5,2016.9344262295083,-0.018,5220161208174354845603124402022420283201910190001479999,DE430,1.7067306870429197
2457730.5,2016.9344262295083,0.03184,5220161208175921232950424401235981116301910206003055228,DE430,1.7067306870429197
2457730.5,2016.9344262295083,-0.03633,5220161208182349290722224411968347815101910640001142999,DE430,1.7067306870429197
2457730.5,2016.9344262295083,0.07583,5220161208185842890633524401598736200401910624001074237,DE430,1.7067306870429197
2457730.5,2016.9344262295083,0.06076,5220161208192050116111724384885324203001910194001511133,DE430,1.7067306870429197
2457730.5,2016.9344262295083,-0.03976,5220161208194313321367924372280431353201910054001500115,DE430,1.7067306870429197
2457730.5,2016.9344262295083,-0.01988,5220161208200858137949024376047775685201910458001507463,DE430,1.7067306870429197
2457730.5,2016.9344262295083,0.0284,5220161208202737454082924388666666160301910051003126038,DE430,1.7067306870429197
2457730.5,2016.9344262295083,0.00081,5220161208204040895584624393138977413301910013001663091,DE430,1.7067306870429197
2457730.5,2016.9344262295083,0.01723,5220161208212747455837824415939350719301910111003128090,DE430,1.7067306870429197
2457730.5,2016.9344262295083,0.00294,5220161208214534291523924427053694676301910446003102133,DE430,1.7067306870429197
2457730.5,2016.9344262295083,0.07864,5220161208220818443346324463147402423401910200000965215,DE430,1.7067306870429197
2457730.5,2016.9344262295083,-0.03606,5220161208221929842033024472280801494101910125000895999,DE430,1.7067306870429197
2457730.5,2016.9344262295083,0.07097,5220161208223238084245624482304335332401910097001347092,DE430,1.7067306870429197
2457730.5,2016.9344262295083,-0.03836,5220161208224123882043424490186494740101910016000976574,DE430,1.7067306870429197
2457731.5,2016.9371584699454,0.09837,5220161209151020060582424254043150742301910033003074021,DE430,1.9310519930359566
2457731.5,2016.9371584699454,0.00658,5220161209152015672379424240271115550301910042003316024,DE430,1.9310519930359566
2457731.5,2016.9371584699454,-0.01326,5220161209154240281736424210162432827301910070003123032,DE430,1.9310519930359566
2457731.5,2016.9371584699454,0.05088,5220161209160409212188224182746458322301910051003037042,DE430,1.9310519930359566
2457731.5,2016.9371584699454,0.04466,5220161209161628040807324186404454389401910025001450024,DE430,1.9310519930359566
2457731.5,2016.9371584699454,-0.01265,5220161209163019528756024151531771138301910039003304030,DE430,1.9310519930359566
2457731.5,2016.9371584699454,-0.01027,5220161209225705983328824082554309910301910155003087096,DE430,1.9310519930359566
2457731.5,2016.9371584699454,-0.07907,5220161209230703999928824111686265936101910025000938289,DE430,1.9310519930359566
2457734.5,2016.9453551912568,-0.00249,5220161212182809849603623567226451899301910055003046020,DE430,2.6456002378836123
2457734.5,2016.9453551912568,0.03577,5220161212195439690182223487200953829301910065002800031,DE430,2.6456002378836123
2457734.5,2016.9453551912568,0.02302,5220161212200505035060323479542506011301910148002533065,DE430,2.6456002378836123
2457734.5,2016.9453551912568,0.01251,5220161212203122150059723462398025379301910189002561083,DE430,2.6456002378836123
2457734.5,2016.9453551912568,0.00511,5220161212204439698017123455876192071201910089001644063,DE430,2.6456002378836123
2457734.5,2016.9453551912568,-0.01526,5220161212205517466421123450526838756201910070001927032,DE430,2.6456002378836123
2457734.5,2016.9453551912568,-0.01165,5220161212220912232365823428475583658301910165002566067,DE430,2.6456002378836123
2457734.5,2016.9453551912568,0.08118,5220161212222122148310223431256366549001910062001613044,DE430,2.6456002378836123
2457735.5,2016.948087431694,-0.04354,5220161213003704074093223471645743189301910087002816029,DE430,2.8929557018160255
2457735.5,2016.948087431694,-0.00664,5220161213004720419716823478622071806301910203002508094,DE430,2.8929557018160255
2457735.5,2016.948087431694,-0.1381,5220161213010020793293723514765278062101910035001733015,DE430,2.8929557018160255
2457735.5,2016.948087431694,0.00087,5220161213020848557623123548980414415301910106003041041,DE430,2.8929557018160255
2457735.5,2016.948087431694,0.03395,5220161213213121969105723507836925037301910044002782015,DE430,2.8929557018160255
2457735.5,2016.948087431694,-0.0058,5220161213214246227049523502467754178301910087002821038,DE430,2.8929557018160255
2457735.5,2016.948087431694,0.01442,5220161213215805617571823496231779222301910044002829015,DE430,2.8929557018160255
2457735.5,2016.948087431694,0.01799,5220161213221143776078423491648582685301910060002600026,DE430,2.8929557018160255
2457735.5,2016.948087431694,0.00176,5220161213223507338733523485960146804301910071002715017,DE430,2.8929557018160255
2457735.5,2016.948087431694,0.09761,5220161213225009210026423485532838048001910041001944035,DE430,2.8929557018160255
2457735.5,2016.948087431694,-0.04984,5220161213231407092574623482743981086301910075002920018,DE430,2.8929557018160255
2457736.5,2016.950819672131,-0.00333,5220161214001034131487823492193087338301910078003045016,DE430,3.140447418607134
2457736.5,2016.950819672131,0.10009,5220161214002611415973523499557883794001910080001893033,DE430,3.140447418607134
2457736.5,2016.950819672131,-0.0102,5220161214003828548165323504911614238201910083001714026,DE430,3.140447418607134
2457736.5,2016.950819672131,0.00295,5220161214010052043270823514429181329301910075002804020,DE430,3.140447418607134
2457736.5,2016.950819672131,0.07966,5220161214012721980999523533000356414001910051001887018,DE430,3.140447418607134
2457736.5,2016.950819672131,0.02624,5220161214014103151610823542888042303201910048002003011,DE430,3.140447418607134
2457736.5,2016.950819672131,-0.02953,5220161214021639819944623570534715821301910071003523011,DE430,3.140447418607134
2457736.5,2016.950819672131,0.10818,5220161214022841651621823583606897963001910050001885018,DE430,3.140447418607134
2457736.5,2016.950819672131,-0.00154,5220161214030420918462423617765578365301910104002805024,DE430,3.140447418607134
2457736.5,2016.950819672131,-0.00645,5220161214032351377914823641118445388201910072002026023,DE430,3.140447418607134
2457736.5,2016.950819672131,-0.0033,5220161214035004627755623669843850489301910069003173007,DE430,3.140447418607134
2457736.5,2016.950819672131,0.006,5220161214195620787607123803064556901301910051003078020,DE430,3.140447418607134
2457736.5,2016.950819672131,-0.03068,5220161214200846982899823791303582653301910050002838021,DE430,3.140447418607134
2457736.5,2016.950819672131,-0.00097,5220161214202141764616623779485747179301910082002552029,DE430,3.140447418607134
2457736.5,2016.950819672131,-0.0438,5220161214203227254143223769975572525301910047002887015,DE430,3.140447418607134
2457736.5,2016.950819672131,-0.0221,5220161214205750258177323748883735025301910063002862023,DE430,3.140447418607134
2457736.5,2016.950819672131,0.01409,5220161214213317460108323723037813969301910092002681035,DE430,3.140447418607134
2457736.5,2016.950819672131,0.00765,5220161214215206685431023711246298954301910092002887033,DE430,3.140447418607134
2457738.5,2016.9562841530055,0.01813,5220161216221816632702424460967126551301910317002395206,DE430,3.6234998802469947
2457738.5,2016.9562841530055,0.02439,5220161216225641061437424432384227100301910085002870068,DE430,3.6234998802469947
2457740.5,2016.9617486338798,0.00893,5220161218025148446081324818731135093301910040003067020,DE430,4.076724524824757
2457740.5,2016.9617486338798,-0.00139,5220161218031804036565224824625118341301910063002399098,DE430,4.076724524824757
2457740.5,2016.9617486338798,0.1005,5220161218032851700886124822209161216001910034001504114,DE430,4.076724524824757
2457740.5,2016.9617486338798,-0.04892,5220161218061042708058524952740585251301910072002907054,DE430,4.076724524824757
2457740.5,2016.9617486338798,0.01125,5220161218062018987315624964808483933201910073001631044,DE430,4.076724524824757
2457740.5,2016.9617486338798,-0.03379,5220161218063555361691824982955231553301910096002379103,DE430,4.076724524824757
2457740.5,2016.9617486338798,-0.00589,5220161218070021139040325014435035651301910043003272026,DE430,4.076724524824757
2457744.5,2016.9726775956285,-0.02666,5220161222034342905579626397735337340301910125001774999,DE430,4.891195964993151
2457744.5,2016.9726775956285,-0.09973,5220161222035636968327526426183837720101910044001607108,DE430,4.891195964993151
2457744.5,2016.9726775956285,0.04444,5220161222041914260413926387114786027401910067001873999,DE430,4.891195964993151
2457744.5,2016.9726775956285,0.05849,5220161222042917366730526363387646485001910057001262999,DE430,4.891195964993151
2457744.5,2016.9726775956285,-0.01454,5220161222044352317943326366968849334301910151001790999,DE430,4.891195964993151
2457744.5,2016.9726775956285,-0.03975,5220161222050121945745826355239659376201910054001219207,DE430,4.891195964993151
2457744.5,2016.9726775956285,-0.02034,5220161222053943838996926354593473819301910141001880999,DE430,4.891195964993151
2457744.5,2016.9726775956285,0.0567,5220161222060545002698326345349160477001910062001130999,DE430,4.891195964993151
2457744.5,2016.9726775956285,-0.04902,5220161222061510424096226349230632077201910126001411469,DE430,4.891195964993151
2457744.5,2016.9726775956285,-0.11874,5220161222062834757908326393574239766101910113001346318,DE430,4.891195964993151
2457744.5,2016.9726775956285,0.03441,5220161222063927430331526370078723727401910188001541999,DE430,4.891195964993151
2457744.5,2016.9726775956285,-0.01396,5220161222065101138116726363426492158301910063001965999,DE430,4.891195964993151
2457744.5,2016.9726775956285,0.00498,5220161222070433036837926368273816221301910029001591461,DE430,4.891195964993151
2457744.5,2016.9726775956285,-0.02647,5220161222074014928242826385824549617301910121001774573,DE430,4.891195964993151
2457744.5,2016.9726775956285,0.05383,5220161222075439131504126385887477832001910058001158765,DE430,4.891195964993151
2457744.5,2016.9726775956285,-0.04175,5220161222080840576133126398113461232201910105001305335,DE430,4.891195964993151
2457744.5,2016.9726775956285,-0.11839,5220161222082136888475926450063335565101910250001379494,DE430,4.891195964993151
2457744.5,2016.9726775956285,0.04295,5220161222083437773939326435555009883401910160001645861,DE430,4.891195964993151
2457744.5,2016.9726775956285,-0.0304,5220161222085026373380626439381463222301910399001664740,DE430,4.891195964993151
2457744.5,2016.9726775956285,0.05056,5220161222090842366758926448340986661001910019000953190,DE430,4.891195964993151
2457744.5,2016.9726775956285,-0.02264,5220161222092256741737226471894931336301910012002040047,DE430,4.891195964993151
2457744.5,2016.9726775956285,-0.00836,5220161222093846543322626489279580881301910019002168053,DE430,4.891195964993151
2457744.5,2016.9726775956285,-0.00128,5220161222095536871816626508786076536301910024002027094,DE430,4.891195964993151
2457744.5,2016.9726775956285,0.0632,5220161222100821937515626534728244626401910019001927083,DE430,4.891195964993151
2457744.5,2016.9726775956285,0.04488,5220161222102410800178726554581117335401910048001723165,DE430,4.891195964993151
2457744.5,2016.9726775956285,-0.06169,5220161222104010886606126564798550374301910018002997042,DE430,4.891195964993151
2457759.5,2017.013698630137,0.07825,5220170106174222773276624276580348810401910101001306120,DE430,1.6101059275087888
2457759.5,2017.013698630137,-0.02176,5220170106175451716155824276740932916101910049001216999,DE430,1.6101059275087888
2457759.5,2017.013698630137,0.064,5220170106180841353951724250606423697301910046002713068,DE430,1.6101059275087888
2457759.5,2017.013698630137,0.1063,5220170106181934879543924254292640328001910017002015021,DE430,1.6101059275087888
2457759.5,2017.013698630137,-0.00878,5220170106183741308391624242508161541201910015001496352,DE430,1.6101059275087888
2457759.5,2017.013698630137,0.0751,5220170106184612361618124264046983563401910070001545080,DE430,1.6101059275087888
2457759.5,2017.013698630137,-0.00885,5220170106190047672255024268444091019101910014001290937,DE430,1.6101059275087888
2457759.5,2017.013698630137,0.05766,5220170106191252557950224247216276540301910022002039034,DE430,1.6101059275087888
2457759.5,2017.013698630137,0.09667,5220170106215704874886224350997472415401910030001753026,DE430,1.6101059275087888
2457770.5,2017.0438356164384,-0.04519,5220170117011610515420125643717083902301910019002224022,DE430,4.136410732654942
2457770.5,2017.0438356164384,-0.01582,5220170117012856323152425638271521616301910022003241014,DE430,4.136410732654942
2457770.5,2017.0438356164384,-0.07173,5220170117050017321407225672156816481301910031002563026,DE430,4.136410732654942
2457770.5,2017.0438356164384,-0.03832,5220170117061439813022825740184906624301910032002463021,DE430,4.136410732654942
2457771.5,2017.0465753424658,-0.03215,5220170118033319324102825990962291149301910041002185050,DE430,4.337767087551999
2457771.5,2017.0465753424658,0.04407,5220170118035415558129426001443407418401910011001473387,DE430,4.337767087551999
2457773.5,2017.0520547945205,0.01805,5220170120085946122643126642293850915301910029002450146,DE430,4.726376270112876
2457773.5,2017.0520547945205,0.07699,5220170120091202906586126667758891783401910042001906281,DE430,4.726376270112876
2457773.5,2017.0520547945205,-0.00636,5220170120092130733152026656284173408201910027001713064,DE430,4.726376270112876
2457774.5,2017.054794520548,0.03274,5220170121040546056717526698936583842301910030001331999,DE430,4.916454272154462
2457774.5,2017.054794520548,0.06084,5220170121042127280289826701282926284401910020001547999,DE430,4.916454272154462
2457774.5,2017.054794520548,-0.05087,5220170121042843095361326718486259312101910051001691161,DE430,4.916454272154462
2457774.5,2017.054794520548,0.03351,5220170121045313809750826672240441049301910016001780768,DE430,4.916454272154462
2457774.5,2017.054794520548,0.06733,5220170121051732506788626675312766371401910044001777999,DE430,4.916454272154462
2457774.5,2017.054794520548,0.05648,5220170121052723367696326650919321427001910027001569999,DE430,4.916454272154462
2457774.5,2017.054794520548,-0.04086,5220170121054003389310626645944791695201910035001261269,DE430,4.916454272154462
2457774.5,2017.054794520548,-0.05332,5220170121055126564519426688284079154101910039001558109,DE430,4.916454272154462
2457774.5,2017.054794520548,0.02684,5220170121060551555853526653234522385301910021001439999,DE430,4.916454272154462
2457774.5,2017.054794520548,-0.02648,5220170121064639037869026643879587340201910032001330233,DE430,4.916454272154462
2457774.5,2017.054794520548,0.05867,5220170121065713686975326648095552501001910014001123781,DE430,4.916454272154462
2457774.5,2017.054794520548,0.02301,5220170121075243436005026676441410436301910019002243060,DE430,4.916454272154462
2457774.5,2017.054794520548,-0.05127,5220170121080632626146026716785550721101910019001591041,DE430,4.916454272154462
2457774.5,2017.054794520548,0.04483,5220170121081818902697826703837753760401910027002289122,DE430,4.916454272154462
2457774.5,2017.054794520548,0.07635,5220170121083123672301626690953034725001910014001776084,DE430,4.916454272154462
2457774.5,2017.054794520548,-0.07517,5220170121084409454845426697250299300201910020002111038,DE430,4.916454272154462
2457790.5,2017.0986301369862,0.0031,5220170206151326977335624297187872770301910056002585042,DE430,1.9910203410317777
2457790.5,2017.0986301369862,-0.02652,5220170206154916557239024257466089500301910056002796039,DE430,1.9910203410317777
2457790.5,2017.0986301369862,-0.07385,5220170206160039543434224273561736204101910063001127999,DE430,1.9910203410317777
2457790.5,2017.0986301369862,0.01802,5220170206164159796622024218770501350401910029001798020,DE430,1.9910203410317777
2457790.5,2017.0986301369862,-0.03579,5220170206173222920728324164921542074301910030003100014,DE430,1.9910203410317777
2457790.5,2017.0986301369862,-0.08883,5220170206180537033947624172013212872101910051000943999,DE430,1.9910203410317777
2457790.5,2017.0986301369862,0.02337,5220170206181924260428124138244071160201910024001272078,DE430,1.9910203410317777
2457790.5,2017.0986301369862,-0.04077,5220170206203052524139224116917560573301910033002949017,DE430,1.9910203410317777
2457790.5,2017.0986301369862,-0.02232,5220170206204410277943124119893365864301910097002745049,DE430,1.9910203410317777
2457790.5,2017.0986301369862,-0.01857,5220170206205934139153824125444870946201910018001431041,DE430,1.9910203410317777
2457790.5,2017.0986301369862,-0.00844,5220170206220331233489724155988662547301910032002754016,DE430,1.9910203410317777
2457791.5,2017.1013698630136,-0.04042,5220170207175632610118424224925066734301910067002583046,DE430,2.2233657953541446
2457791.5,2017.1013698630136,-0.03584,5220170207183510542568424197211382710301910044002514031,DE430,2.2233657953541446
2457791.5,2017.1013698630136,-0.09936,5220170207184243658672024222109963760101910010000987065,DE430,2.2233657953541446
2457791.5,2017.1013698630136,0.00835,5220170207185826038093824183600078021301910084002792037,DE430,2.2233657953541446
2457791.5,2017.1013698630136,-0.08549,5220170207194538342814724163756340288301910036003565012,DE430,2.2233657953541446
2457791.5,2017.1013698630136,-0.01751,5220170207195652092191824173165333228401910032001915016,DE430,2.2233657953541446
2457791.5,2017.1013698630136,-0.02474,5220170207200931169924724170454447382401910050001886022,DE430,2.2233657953541446
2457791.5,2017.1013698630136,-0.10192,5220170207202304108184924185308493311101910026001409077,DE430,2.2233657953541446
2457791.5,2017.1013698630136,-0.10718,5220170207203652763365024184204545754101910026001239084,DE430,2.2233657953541446
2457791.5,2017.1013698630136,0.07152,5220170207205102088094624155988148757001910023002227014,DE430,2.2233657953541446
2457801.5,2017.1287671232876,0.05256,5220170217013202575490426573936850518401910009001953278,DE430,4.366674791724006
2457801.5,2017.1287671232876,-0.01403,5220170217014722287220826551109518181301910042002671025,DE430,4.366674791724006
2457801.5,2017.1287671232876,0.04755,5220170217021044288234426527372403816001910016001677315,DE430,4.366674791724006
2457801.5,2017.1287671232876,0.00945,5220170217022421393030126529304538881301910044001930049,DE430,4.366674791724006
2457801.5,2017.1287671232876,0.04835,5220170217024530855577626531933215215401910117001760999,DE430,4.366674791724006
2457801.5,2017.1287671232876,0.05285,5220170217030237190433126504489033363001910027001064927,DE430,4.366674791724006
2457801.5,2017.1287671232876,0.01025,5220170217031352672776226510366025761301910064002181071,DE430,4.366674791724006
2457801.5,2017.1287671232876,0.03974,5220170217032937926330626519312556091401910054001745999,DE430,4.366674791724006
2457801.5,2017.1287671232876,0.04746,5220170217033918729242326496547146349001910019001225735,DE430,4.366674791724006
2457801.5,2017.1287671232876,-0.00313,5220170217035220947132626504399383740301910046002071042,DE430,4.366674791724006
2457801.5,2017.1287671232876,-0.00936,5220170217042252752752126505330222758301910067001771099,DE430,4.366674791724006
2457801.5,2017.1287671232876,0.03801,5220170217043424017468526519526323836401910053001931999,DE430,4.366674791724006
2457801.5,2017.1287671232876,0.0294,5220170217044819219854926501182800246001910016000950842,DE430,4.366674791724006
2457801.5,2017.1287671232876,-0.01117,5220170217045925120491726513099730772301910070001542095,DE430,4.366674791724006
2457801.5,2017.1287671232876,-0.01152,5220170217052533632280326523061437589301910057001922055,DE430,4.366674791724006
2457801.5,2017.1287671232876,0.0189,5220170217053807177739726541838754023401910017001363999,DE430,4.366674791724006
2457801.5,2017.1287671232876,-0.01973,5220170217055014634199926535750743795301910043001819053,DE430,4.366674791724006
2457801.5,2017.1287671232876,0.01753,5220170217060141642352926534093281092001910020001216917,DE430,4.366674791724006
2457801.5,2017.1287671232876,-0.01111,5220170217061827437247726554010989632301910095001814065,DE430,4.366674791724006
2457801.5,2017.1287671232876,-0.0191,5220170217064823027046826577515531029301910054002277038,DE430,4.366674791724006
2457801.5,2017.1287671232876,0.02853,5220170217065830508487026599305550540401910008001792099,DE430,4.366674791724006
2457801.5,2017.1287671232876,-0.02465,5220170217071409437625726600919119233301910073002375054,DE430,4.366674791724006
2457802.5,2017.131506849315,0.01724,5220170218030104163038526666071964276301910039001521263,DE430,4.557612703650492
2457802.5,2017.131506849315,0.03316,5220170218031318254995926672383698198401910038001736999,DE430,4.557612703650492
2457802.5,2017.131506849315,0.00471,5220170218033315680320326649414915128301910030001165255,DE430,4.557612703650492
2457802.5,2017.131506849315,0.03023,5220170218034127920480526637426731243001910012001153322,DE430,4.557612703650492
2457802.5,2017.131506849315,0.00023,5220170218035829104295926639921147397301910051001280264,DE430,4.557612703650492
2457802.5,2017.131506849315,-0.00716,5220170218043027290626826632594117911301910043002344157,DE430,4.557612703650492
2457802.5,2017.131506849315,0.0271,5220170218044517125752526644513094072401910053001702999,DE430,4.557612703650492
2457803.5,2017.1342465753426,-0.00332,5220170219073933168644626689224162106301910011002803035,DE430,4.747381018885528
2457803.5,2017.1342465753426,0.00325,5220170219074946865535826694908387550301910041001403224,DE430,4.747381018885528
2457803.5,2017.1342465753426,-0.04434,5220170219080054859811926716685823063401910011002971032,DE430,4.747381018885528
2457803.5,2017.1342465753426,-0.02043,5220170219081458246215826710942288472301910017003712029,DE430,4.747381018885528
2457803.5,2017.1342465753426,7e-05,5220170219082405686504426732538959713401910009001349064,DE430,4.747381018885528
2457803.5,2017.1342465753426,0.02675,5220170219084708043819226735361315591301910023002531058,DE430,4.747381018885528
2457805.5,2017.1397260273973,0.04235,5220170221062916857513426450648295294301910054001495494,DE430,5.128880014347433
2457805.5,2017.1397260273973,0.03261,5220170221064037286454026446054540536301910024003052049,DE430,5.128880014347433
2457805.5,2017.1397260273973,0.01846,5220170221065314569617326441713300570301910043002015138,DE430,5.128880014347433
2457805.5,2017.1397260273973,0.05749,5220170221070520602279926455048650767401910014002152055,DE430,5.128880014347433
2457805.5,2017.1397260273973,0.03205,5220170221073238970404526433456688315301910022002513073,DE430,5.128880014347433
2457805.5,2017.1397260273973,0.02175,5220170221074559850219226432489603128301910038001956151,DE430,5.128880014347433
2457805.5,2017.1397260273973,0.0413,5220170221075552949662326432368957500301910059001751258,DE430,5.128880014347433
2457813.5,2017.1616438356164,0.03382,5220170301140545063188024263400390095301910041003167090,DE430,0.5344048535803436
2457813.5,2017.1616438356164,0.05279,5220170301141943732578424262354370670301910030002787129,DE430,0.5344048535803436
2457814.5,2017.164383561644,-0.00231,5220170302105506318480424341583263300301910027002577087,DE430,0.7647081482889257
2457814.5,2017.164383561644,0.05043,5220170302124356542617924234743475926301910027003836019,DE430,0.7647081482889257
2457814.5,2017.164383561644,0.05117,5220170302130433811882924235768476013401910024001417089,DE430,0.7647081482889257
2457814.5,2017.164383561644,0.03858,5220170302132011337811124235264238245101910018001077055,DE430,0.7647081482889257
2457814.5,2017.164383561644,0.04958,5220170302135314732600624209230931337401910064000852175,DE430,0.7647081482889257
2457814.5,2017.164383561644,0.05647,5220170302152556023419724177424951414301910077002656329,DE430,0.7647081482889257
2457814.5,2017.164383561644,0.05833,5220170302153951272424624195124551009401910084000845587,DE430,0.7647081482889257
2457814.5,2017.164383561644,0.03874,5220170302155111295677724206066213572101910076000971819,DE430,0.7647081482889257
2457814.5,2017.164383561644,0.03723,5220170302162340770901024191118747202301910027002934151,DE430,0.7647081482889257
2457814.5,2017.164383561644,0.06887,5220170302163319184835424211243747645401910022000640664,DE430,0.7647081482889257
2457819.5,2017.1780821917807,0.01361,5220170307154529401308024598426765323301910045002976031,DE430,1.91753391580548
2457819.5,2017.1780821917807,-0.04162,5220170307160033713951824615931962454101910020000977386,DE430,1.91753391580548
2457819.5,2017.1780821917807,0.00604,5220170307165145106667324542618828198301910025002991013,DE430,1.91753391580548
2457819.5,2017.1780821917807,-0.03033,5220170307170335718629224565673510050101910040000972999,DE430,1.91753391580548
2457819.5,2017.1780821917807,0.07848,5220170307171410773567424529109379722201910011001027092,DE430,1.91753391580548
2457819.5,2017.1780821917807,-0.01801,5220170307181151759288024498036957686301910059003152054,DE430,1.91753391580548
2457819.5,2017.1780821917807,-0.03801,5220170307184432744218424519618144920101910042001246999,DE430,1.91753391580548
2457819.5,2017.1780821917807,0.0135,5220170307185605190100724497672702761401910047001769036,DE430,1.91753391580548
2457819.5,2017.1780821917807,-0.05782,5220170307200131642555424518379590757101910036001443569,DE430,1.91753391580548
2457819.5,2017.1780821917807,-0.01603,5220170307203321810747324495951120323301910037002909024,DE430,1.91753391580548
2457819.5,2017.1780821917807,-0.05786,5220170307214916558863224567793839411101910010000883816,DE430,1.91753391580548
2457820.5,2017.1808219178083,0.03604,5220170308154557501284124817114934416301910038003093021,DE430,2.1427967373577026
2457820.5,2017.1808219178083,-0.00678,5220170308161742494503624784527397096301910048003555012,DE430,2.1427967373577026
2457821.5,2017.1835616438357,0.01157,5220170309181550133923824922426258672301910034002327018,DE430,2.365165537004563
2457821.5,2017.1835616438357,-0.03907,5220170309190106177901424890190249789301910036002673023,DE430,2.365165537004563
2457821.5,2017.1835616438357,-0.05033,5220170309191945678540524879351269714301910036003169014,DE430,2.365165537004563
2457821.5,2017.1835616438357,-0.00966,5220170309193853930537124869856712334301910048003007020,DE430,2.365165537004563
2457821.5,2017.1835616438357,-0.01119,5220170309195042348545424864854771435301910058002692022,DE430,2.365165537004563
2457821.5,2017.1835616438357,-0.03278,5220170309200107996145724860997368403301910038003321015,DE430,2.365165537004563
2457821.5,2017.1835616438357,-0.0617,5220170309205053727500524850136529539301910051003395017,DE430,2.365165537004563
2457821.5,2017.1835616438357,-0.01805,5220170309210504709303124849401596700301910092002728039,DE430,2.365165537004563
2457821.5,2017.1835616438357,-0.03524,5220170309212402372414324850093665269301910079002688035,DE430,2.365165537004563
2457821.5,2017.1835616438357,-0.04114,5220170309213713841743324851712317749301910077002876034,DE430,2.365165537004563
2457821.5,2017.1835616438357,-0.03481,5220170309220005664057024856731547449301910088002519038,DE430,2.365165537004563
2457821.5,2017.1835616438357,-0.06214,5220170309221613307150524861953492094301910049003148022,DE430,2.365165537004563
2457821.5,2017.1835616438357,-0.05977,5220170309222905512456324867109386651301910048002970018,DE430,2.365165537004563
2457823.5,2017.1890410958904,-0.05887,5220170311012115074679825190365295446301910042003450008,DE430,2.799982613312273
2457823.5,2017.1890410958904,-0.06034,5220170311013253226569425202684096508301910047003599010,DE430,2.799982613312273
2457826.5,2017.1972602739727,-0.08119,5220170314215752315735026237885485608301910050003576012,DE430,3.423775172810671
2457826.5,2017.1972602739727,0.02878,5220170314221651111808026222221798271301910076002560026,DE430,3.423775172810671
2457826.5,2017.1972602739727,0.03389,5220170314223047929911426211555872271301910106002555040,DE430,3.423775172810671
2457826.5,2017.1972602739727,0.02624,5220170314225312521696526196043879089301910115002062048,DE430,3.423775172810671
2457826.5,2017.1972602739727,0.02042,5220170314231510044543926182936754903301910074002476027,DE430,3.423775172810671
2457826.5,2017.1972602739727,0.01009,5220170314234056361371526170397022527301910096002534036,DE430,3.423775172810671
2457827.5,2017.2,0.01163,5220170315000643481013926161118881578301910156002192058,DE430,3.623815189952025
2457827.5,2017.2,0.01886,5220170315002739444316126156107108106301910111002240046,DE430,3.623815189952025
2457827.5,2017.2,0.02463,5220170315005214340783626153205171726301910084002564032,DE430,3.623815189952025
2457827.5,2017.2,0.00223,5220170315011435104766426153425367933301910078002874026,DE430,3.623815189952025
2457827.5,2017.2,-0.00946,5220170315013403864520526155865064059301910148002422061,DE430,3.623815189952025
2457827.5,2017.2,-0.0166,5220170315015307489595126160284991445301910105002518038,DE430,3.623815189952025
2457827.5,2017.2,-0.01644,5220170315021504513188926167854105132301910070002468025,DE430,3.623815189952025
2457827.5,2017.2,-0.00306,5220170315022956535510026174471488041301910071002282029,DE430,3.623815189952025
2457827.5,2017.2,-0.03403,5220170315024546349641826182819525036301910100002912034,DE430,3.623815189952025
2457827.5,2017.2,-0.03021,5220170315030001752390126191465356955301910067003441018,DE430,3.623815189952025
2457827.5,2017.2,-0.00972,5220170315031557527321326202359471076301910073002195027,DE430,3.623815189952025
2457828.5,2017.2027397260274,-3.26701,5220170316012630125441926385769501478301910041003353002,DE430,3.820280585376677
2457828.5,2017.2027397260274,-6.32865,5220170316013904528036526384520970021301910049003885003,DE430,3.820280585376677
2457828.5,2017.2027397260274,0.0134,5220170316024759985631426392976996319301910027003774011,DE430,3.820280585376677
2457828.5,2017.2027397260274,4.93257,5220170316030150691002026397799635527301910021002441009,DE430,3.820280585376677
2457828.5,2017.2027397260274,-0.00487,5220170316031752743979526404669342127301910028004111008,DE430,3.820280585376677
2457828.5,2017.2027397260274,-0.27648,5220170316032937771714026410567069648301910025003109005,DE430,3.820280585376677
2457828.5,2017.2027397260274,0.34952,5220170316041404674471726472471524668101910016002367007,DE430,3.820280585376677
2457829.5,2017.2054794520548,0.02682,5220170317012302689354726578279747820301910129002313064,DE430,4.01373564819913
2457829.5,2017.2054794520548,0.01771,5220170317022810846379826561869473742301910062002436038,DE430,4.01373564819913
2457829.5,2017.2054794520548,0.01496,5220170317031410799581626563844805622301910059002615039,DE430,4.01373564819913
2457829.5,2017.2054794520548,0.00621,5220170317035509135050926575190009941301910053002420036,DE430,4.01373564819913
2457829.5,2017.2054794520548,0.00894,5220170317042111055960826586991614648301910037002551025,DE430,4.01373564819913
2457834.5,2017.2191780821918,0.00277,5220170322054142191936226201080663585301910026002048326,DE430,4.97065342866933
2457834.5,2017.2191780821918,0.04625,5220170322055232750493126213474615198401910043001694414,DE430,4.97065342866933
2457834.5,2017.2191780821918,0.03533,5220170322060629408950426213610429442101910031001633095,DE430,4.97065342866933
2457834.5,2017.2191780821918,0.04064,5220170322062409240621126180836257071301910039002852141,DE430,4.97065342866933
2457834.5,2017.2191780821918,0.0233,5220170322063517027808926195600867281401910056001288282,DE430,4.97065342866933
2457834.5,2017.2191780821918,0.03133,5220170322064703311698526199057140109101910076001435174,DE430,4.97065342866933
2457834.5,2017.2191780821918,-0.0021,5220170322065940541099626156773444997201910040001501156,DE430,4.97065342866933
2457834.5,2017.2191780821918,0.01462,5220170322071154234447526167032622739001910034001222153,DE430,4.97065342866933
2457834.5,2017.2191780821918,0.02431,5220170322072649025495526167929031980301910085002521167,DE430,4.97065342866933
2457834.5,2017.2191780821918,0.02085,5220170322073926839565926186517453461401910073001456264,DE430,4.97065342866933
2457834.5,2017.2191780821918,0.04435,5220170322075102949123826193457458604101910104001340284,DE430,4.97065342866933
2457834.5,2017.2191780821918,0.01039,5220170322080408909349426155496838814201910032002018081,DE430,4.97065342866933
2457834.5,2017.2191780821918,-0.03996,5220170322081648279145226170176480122001910021002511052,DE430,4.97065342866933
2457834.5,2017.2191780821918,0.02752,5220170322083034117268126175480688773301910045002595089,DE430,4.97065342866933
2457842.5,2017.2410958904109,0.05063,5220170330110707337806123877679799973301910033003192025,DE430,0.4458327232782043
2457842.5,2017.2410958904109,0.0386,5220170330113015178762123859695495284301910038002982036,DE430,0.4458327232782043
2457842.5,2017.2410958904109,0.01492,5220170330114215882322823866338623300401910029002015061,DE430,0.4458327232782043
2457842.5,2017.2410958904109,0.09575,5220170330130002507011723814097988710301910041003409049,DE430,0.4458327232782043
2457842.5,2017.2410958904109,0.04594,5220170330131126535485123837117365038101910040001547101,DE430,0.4458327232782043
2457842.5,2017.2410958904109,0.04638,5220170330132704983355723823731142044401910053001436119,DE430,0.4458327232782043
2457842.5,2017.2410958904109,0.06277,5220170330133813484221123811582620879001910015001962040,DE430,0.4458327232782043
2457842.5,2017.2410958904109,0.01112,5220170330145328008491123843100247035101910011002466027,DE430,0.4458327232782043
2457842.5,2017.2410958904109,0.04898,5220170330160318817128123853122748426301910026002626052,DE430,0.4458327232782043
2457842.5,2017.2410958904109,0.04071,5220170330161945255844823890443640867101910116001147332,DE430,0.4458327232782043
2457842.5,2017.2410958904109,0.03879,5220170330163331033655523891105426576401910132000999361,DE430,0.4458327232782043
2457842.5,2017.2410958904109,0.06882,5220170330164541866385323885383282299201910039001782081,DE430,0.4458327232782043
2457842.5,2017.2410958904109,0.09203,5220170330165457488055523898341487528001910015001765038,DE430,0.4458327232782043
2457842.5,2017.2410958904109,0.03744,5220170330170826306814223906459457822301910135002634120,DE430,0.4458327232782043
2457842.5,2017.2410958904109,0.03218,5220170330172139073363223944749594019101910038001242054,DE430,0.4458327232782043
2457842.5,2017.2410958904109,0.0303,5220170330174107671116223954730675471401910027002043040,DE430,0.4458327232782043
2457843.5,2017.2438356164384,0.05612,5220170331184512367078023996363874857301910046002123999,DE430,0.6860127404655335
2457843.5,2017.2438356164384,0.03294,5220170331185333384397624032857766885101910030001009999,DE430,0.6860127404655335
2457846.5,2017.2520547945205,0.02222,5220170403155126780936724396533005994301910063002149287,DE430,1.39351556438698
2457846.5,2017.2520547945205,0.00213,5220170403162800439851324417729366223101910041001056374,DE430,1.39351556438698
2457846.5,2017.2520547945205,0.08508,5220170403163918904594624386018990889201910027001655180,DE430,1.39351556438698
2457846.5,2017.2520547945205,0.02149,5220170403165124453780624392494494622401910060001313101,DE430,1.39351556438698
2457846.5,2017.2520547945205,-0.01263,5220170403170644530221624413268353052101910138000957999,DE430,1.39351556438698
2457846.5,2017.2520547945205,0.02317,5220170403172125679413624392085263596401910234001326430,DE430,1.39351556438698
2457846.5,2017.2520547945205,-0.00222,5220170403180220239218224420397504831101910117000964999,DE430,1.39351556438698
2457846.5,2017.2520547945205,0.02683,5220170403181452853205624402958066889401910164001286258,DE430,1.39351556438698
2457846.5,2017.2520547945205,0.0697,5220170403182727911942124396127075573001910031001734110,DE430,1.39351556438698
2457846.5,2017.2520547945205,0.03424,5220170403183710677443524401169025766301910053001818999,DE430,1.39351556438698
2457846.5,2017.2520547945205,0.00527,5220170403192804217537824441533377735401910013002027018,DE430,1.39351556438698
2457846.5,2017.2520547945205,0.03637,5220170403200436685202424470367507222401910022001761065,DE430,1.39351556438698
2457846.5,2017.2520547945205,-0.00342,5220170403201339978572724499229701139101910045001242999,DE430,1.39351556438698
2457846.5,2017.2520547945205,-0.00112,5220170403202648049165824490696048809401910025001869052,DE430,1.39351556438698
2457846.5,2017.2520547945205,-0.00557,5220170403205731487393124522034591633401910068001501124,DE430,1.39351556438698
2457846.5,2017.2520547945205,-0.01442,5220170403211005717198824556486794615101910091000934999,DE430,1.39351556438698
2457846.5,2017.2520547945205,0.0192,5220170403212329429996924551110091953401910037001709069,DE430,1.39351556438698
2457846.5,2017.2520547945205,-0.02387,5220170403214928434611024582263478675401910033001799080,DE430,1.39351556438698
2457846.5,2017.2520547945205,-0.02777,5220170403220655069042724624721204106101910064001139999,DE430,1.39351556438698
2457846.5,2017.2520547945205,0.00296,5220170403222143947867724623315596514401910034001922058,DE430,1.39351556438698
2457846.5,2017.2520547945205,0.00768,5220170403223213582816624637136494825401910060001914122,DE430,1.39351556438698
2457846.5,2017.2520547945205,-0.01008,5220170403224843389468124679752850260101910035001712999,DE430,1.39351556438698
2457846.5,2017.2520547945205,0.0036,5220170403230208847931524677501197909401910057001409165,DE430,1.39351556438698
2457846.5,2017.2520547945205,-0.07643,5220170403231522718738524684698065912301910007000798623,DE430,1.39351556438698
2457847.5,2017.2547945205479,0.00917,5220170404170431884272024644013451653301910114002501237,DE430,1.6207768241013703
2457847.5,2017.2547945205479,-0.01262,5220170404171702427880724674015301926101910053001095590,DE430,1.6207768241013703
2457847.5,2017.2547945205479,0.07397,5220170404173341684357724639110862432201910042001687382,DE430,1.6207768241013703
2457847.5,2017.2547945205479,0.06873,5220170404174602649043624633295997849001910021001914030,DE430,1.6207768241013703
2457847.5,2017.2547945205479,0.00309,5220170404180319324707424635044688788301910028002633095,DE430,1.6207768241013703
2457847.5,2017.2547945205479,-0.0011,5220170404181715447096224668746092138101910021001175999,DE430,1.6207768241013703
2457847.5,2017.2547945205479,0.06989,5220170404183741090647024639643003584201910009001135701,DE430,1.6207768241013703
2457847.5,2017.2547945205479,-0.02739,5220170404185153242423124641114290042301910020002381047,DE430,1.6207768241013703
2457847.5,2017.2547945205479,0.0147,5220170404190347079174424654574838741401910080001220165,DE430,1.6207768241013703
2457847.5,2017.2547945205479,0.0065,5220170404192040402803424650555532060301910036002474123,DE430,1.6207768241013703
2457847.5,2017.2547945205479,-0.01965,5220170404193348432286724689334836358101910028001192999,DE430,1.6207768241013703
2457847.5,2017.2547945205479,0.06806,5220170404194503720239924663364849107201910043001689999,DE430,1.6207768241013703
2457847.5,2017.2547945205479,-0.01956,5220170404202410271703724686343128988301910101002549180,DE430,1.6207768241013703
2457847.5,2017.2547945205479,-0.01128,5220170404203640777233724728610438944101910081001229999,DE430,1.6207768241013703
2457847.5,2017.2547945205479,0.07982,5220170404204712704565424705512063828201910010001195999,DE430,1.6207768241013703
2457847.5,2017.2547945205479,0.00299,5220170404212804952741324741512587480301910074001859242,DE430,1.6207768241013703
2457847.5,2017.2547945205479,-0.01886,5220170404213922953826724763409914363401910132001479173,DE430,1.6207768241013703
2457847.5,2017.2547945205479,0.0535,5220170404215130553388024763758579578001910085001771147,DE430,1.6207768241013703
2457847.5,2017.2547945205479,-0.02769,5220170404220334746361024812064577370101910058000939999,DE430,1.6207768241013703
2457847.5,2017.2547945205479,0.08789,5220170404221633599058224795507743903201910038001219999,DE430,1.6207768241013703
2457847.5,2017.2547945205479,-0.00781,5220170404230006789370324847965654743301910036002195085,DE430,1.6207768241013703
2457847.5,2017.2547945205479,-0.02133,5220170404231321612819024897921071841101910060001164999,DE430,1.6207768241013703
2457847.5,2017.2547945205479,0.07146,5220170404232246615943124878988511178201910025001812999,DE430,1.6207768241013703
2457847.5,2017.2547945205479,-0.01364,5220170404233505574244024904830865364401910094001290139,DE430,1.6207768241013703
2457847.5,2017.2547945205479,-0.00799,5220170404235220228885524918016285758301910111002085440,DE430,1.6207768241013703
2457849.5,2017.2602739726028,-0.05842,5220170406165928939436125271279596193101910007001639059,DE430,2.060523421956687
2457849.5,2017.2602739726028,-0.10276,5220170406172129734112625254829002244101910007002021042,DE430,2.060523421956687
2457849.5,2017.2602739726028,-0.04488,5220170406175313868309025199313688705301910035002571025,DE430,2.060523421956687
2457849.5,2017.2602739726028,-0.0432,5220170406180241739713625229176137876101910065000926999,DE430,2.060523421956687
2457849.5,2017.2602739726028,0.0489,5220170406181732876838325185790342097201910048001451114,DE430,2.060523421956687
2457849.5,2017.2602739726028,0.00623,5220170406183051634879525175320578478001910029002105023,DE430,2.060523421956687
2457849.5,2017.2602739726028,-0.04512,5220170406184726237996925174892701317301910036003525021,DE430,2.060523421956687
2457849.5,2017.2602739726028,-0.06007,5220170406185727518438625206899968223101910022000774999,DE430,2.060523421956687
2457849.5,2017.2602739726028,0.04602,5220170406191012485510625167896566085201910048001588118,DE430,2.060523421956687
2457849.5,2017.2602739726028,-0.05065,5220170406191924249042825202132527212101910014000611999,DE430,2.060523421956687
2457849.5,2017.2602739726028,0.02253,5220170406193014113631525160338398767001910026001869042,DE430,2.060523421956687
2457850.5,2017.2630136986302,-0.0271,5220170407234514954251125519827031596301910054003172021,DE430,2.273634736558747
2457850.5,2017.2630136986302,-0.04669,5220170407235652182071125531314752519301910043002404038,DE430,2.273634736558747
2457851.5,2017.2657534246575,-0.03139,5220170408001228425827525547623415518301910148002508078,DE430,2.4828407362555476
2457851.5,2017.2657534246575,-0.10243,5220170408002443129281425571305648914401910028002523011,DE430,2.4828407362555476
2457851.5,2017.2657534246575,0.02193,5220170408003816181603325570443057773001910064001426053,DE430,2.4828407362555476
2457851.5,2017.2657534246575,-0.02322,5220170408010214219839025605703835904301910104002502060,DE430,2.4828407362555476
2457851.5,2017.2657534246575,0.04124,5220170408011152065920825614649611157201910030001557033,DE430,2.4828407362555476
2457851.5,2017.2657534246575,-0.03725,5220170408012752823710325638707782230301910088002432044,DE430,2.4828407362555476
2457851.5,2017.2657534246575,0.02625,5220170408014053258511925649951383064001910049002032039,DE430,2.4828407362555476
2457851.5,2017.2657534246575,-0.03805,5220170408015026868687825703655742577101910013000921061,DE430,2.4828407362555476
2457851.5,2017.2657534246575,-0.0151,5220170408021332818323425701342501939301910076002875028,DE430,2.4828407362555476
2457853.5,2017.2712328767122,0.58371,5220170410231401956555526159270610801301910014003348005,DE430,2.8911398830407333
2457854.5,2017.2739726027398,-7.42743,5220170411004359373361326188293371367301910013002010023,DE430,3.090826089317931
2457854.5,2017.2739726027398,-0.01678,5220170411221308938736026390962977504301910025002719021,DE430,3.090826089317931
2457854.5,2017.2739726027398,0.02327,5220170411222516779926126385313624287301910031003431028,DE430,3.090826089317931
2457854.5,2017.2739726027398,-0.07892,5220170411230708878457326371518919139301910026003520021,DE430,3.090826089317931
2457854.5,2017.2739726027398,-0.03156,5220170411231825695171126369369913039301910025003359016,DE430,3.090826089317931
2457854.5,2017.2739726027398,0.00176,5220170411233325178191826367572806782301910034003176032,DE430,3.090826089317931
2457854.5,2017.2739726027398,-0.01569,5220170411234638215503226367001811646301910026003143023,DE430,3.090826089317931
2457856.5,2017.2794520547945,0.04093,5220170413001007475490926544021981150301910037003441008,DE430,3.4824336486524374
2457856.5,2017.2794520547945,0.04278,5220170413003404495290026542109435818301910045003384009,DE430,3.4824336486524374
2457856.5,2017.2794520547945,-0.00291,5220170413010252433852526543924579878301910050003408009,DE430,3.4824336486524374
2457856.5,2017.2794520547945,0.01362,5220170413011354363111026545814572422301910053003639012,DE430,3.4824336486524374
2457857.5,2017.282191780822,0.02141,5220170414010507127801526672611734529301910139002304062,DE430,3.6749444671663354
2457857.5,2017.282191780822,0.01793,5220170414011405046044626659627052190201910078002000042,DE430,3.6749444671663354
2457857.5,2017.282191780822,0.02417,5220170414012654930757426663226103873001910081001688087,DE430,3.6749444671663354
2457857.5,2017.282191780822,0.02626,5220170414013909552286626671516249987301910237001544139,DE430,3.6749444671663354
2457857.5,2017.282191780822,0.02426,5220170414020708515899626675261408548301910193001726102,DE430,3.6749444671663354
2457857.5,2017.282191780822,0.02019,5220170414022801009900126672978107759001910066001825067,DE430,3.6749444671663354
2457857.5,2017.282191780822,0.00809,5220170414024003713723426672718276218201910072001764052,DE430,3.6749444671663354
2457857.5,2017.282191780822,0.03441,5220170414041043764529426739888890593301910070002541029,DE430,3.6749444671663354
2457857.5,2017.282191780822,0.02819,5220170414042158663313926749326506242301910130002000080,DE430,3.6749444671663354
2457858.5,2017.2849315068493,0.05668,5220170415014312601152426744435108423301910068002609028,DE430,3.865873600578542
2457858.5,2017.2849315068493,0.04411,5220170415015557136705226742250329490301910058002414025,DE430,3.865873600578542
2457858.5,2017.2849315068493,0.04078,5220170415023641179128626727901519709201910052001970023,DE430,3.865873600578542
2457858.5,2017.2849315068493,0.02918,5220170415024906954644426735441052177001910087001485121,DE430,3.865873600578542
2457858.5,2017.2849315068493,0.03185,5220170415030425156733626745146467163301910072002294037,DE430,3.865873600578542
2457862.5,2017.295890410959,0.03902,5220170419065143685592326210261052960301910053002274204,DE430,4.630912025308896
2457862.5,2017.295890410959,0.02459,5220170419072515508301226218985551358301910047002701196,DE430,4.630912025308896
2457862.5,2017.295890410959,0.00337,5220170419073602157485726242532484592401910009000862160,DE430,4.630912025308896
2457862.5,2017.295890410959,0.02737,5220170419080133829824526234344570345301910031002562125,DE430,4.630912025308896
2457863.5,2017.2986301369863,0.03071,5220170420042400799163125937396952417301910018002590402,DE430,4.828485256491922
2457863.5,2017.2986301369863,0.03825,5220170420043657056777825926541715379301910016002485184,DE430,4.828485256491922
2457863.5,2017.2986301369863,0.03413,5220170420045117680727425915428135649301910019003187116,DE430,4.828485256491922
2457863.5,2017.2986301369863,0.00515,5220170420052546390605425892838342151301910017002822070,DE430,4.828485256491922
2457863.5,2017.2986301369863,-0.00231,5220170420054256249619425903780949595401910016000902215,DE430,4.828485256491922
2457863.5,2017.2986301369863,0.01982,5220170420055645113329425897682103356401910014001126138,DE430,4.828485256491922
2457863.5,2017.2986301369863,0.01697,5220170420072806486256425862419779125301910044002838215,DE430,4.828485256491922
2457863.5,2017.2986301369863,-0.00172,5220170420073825634233025883660518809401910085000885935,DE430,4.828485256491922
2457863.5,2017.2986301369863,0.0514,5220170420075118743021425887779553114101910098000728701,DE430,4.828485256491922
2457863.5,2017.2986301369863,0.00493,5220170420080406217816325869410435231001910039001504375,DE430,4.828485256491922
2457863.5,2017.2986301369863,0.00411,5220170420081531437808225857907125441201910055001377428,DE430,4.828485256491922
2457863.5,2017.2986301369863,0.02717,5220170420082845141286025875872291236301910039002885174,DE430,4.828485256491922
2457863.5,2017.2986301369863,0.00294,5220170420084327059565525902135238804401910049001097542,DE430,4.828485256491922
2457863.5,2017.2986301369863,0.04883,5220170420085322951458625908433757077101910034000729220,DE430,4.828485256491922
2457863.5,2017.2986301369863,-0.02223,5220170420090928660896425894486785421301910048002849199,DE430,4.828485256491922
2457863.5,2017.2986301369863,0.0294,5220170420091747219007825921238094618101910038001168198,DE430,4.828485256491922
2457863.5,2017.2986301369863,-0.01348,5220170420093131395607725927898740323401910016000757201,DE430,4.828485256491922
2457863.5,2017.2986301369863,0.11854,5220170420094358409253225915547342346301910014003517030,DE430,4.828485256491922
2457864.5,2017.3013698630136,0.01574,5220170421053344560036225518706809694301910046003026174,DE430,5.031396265289583
2457864.5,2017.3013698630136,0.05413,5220170421054505661828325531573451195101910142000696921,DE430,5.031396265289583
2457864.5,2017.3013698630136,-0.00366,5220170421055638501414025521686353598401910178000744999,DE430,5.031396265289583
2457864.5,2017.3013698630136,-0.00764,5220170421060825031355625495911460526001910038001429271,DE430,5.031396265289583
2457864.5,2017.3013698630136,0.01725,5220170421062034529991625473952542970201910066001335595,DE430,5.031396265289583
2457864.5,2017.3013698630136,0.03098,5220170421063447167247825478354165671301910101002984500,DE430,5.031396265289583
2457864.5,2017.3013698630136,0.06615,5220170421064611011017125494561737866101910106000878820,DE430,5.031396265289583
2457864.5,2017.3013698630136,-0.01841,5220170421065844801352725488306270052401910057000663943,DE430,5.031396265289583
2457864.5,2017.3013698630136,-0.02754,5220170421070744859617825467252699080001910020001216201,DE430,5.031396265289583
2457864.5,2017.3013698630136,0.01835,5220170421072039755150625448675011024201910033001341350,DE430,5.031396265289583
2457864.5,2017.3013698630136,0.05918,5220170421073316503831225479500881457101910056000941393,DE430,5.031396265289583
2457864.5,2017.3013698630136,-0.01225,5220170421075353202817225475878378151401910065000761727,DE430,5.031396265289583
2457875.5,2017.331506849315,0.00739,5220170502213439138524024818595625406301910016001789793,DE430,1.3224466667144892
2457875.5,2017.331506849315,-0.00532,5220170502215415413160824879599950592101910017000751999,DE430,1.3224466667144892
2457875.5,2017.331506849315,-0.01088,5220170502220757509271924873466588582401910018001043090,DE430,1.3224466667144892
2457875.5,2017.331506849315,0.00184,5220170502221852288437324879600245086301910015001908560,DE430,1.3224466667144892
2457875.5,2017.331506849315,-0.01502,5220170502223246415873324934044006742101910030000807999,DE430,1.3224466667144892
2457875.5,2017.331506849315,-0.00784,5220170502224404660546424925332566263401910036001297245,DE430,1.3224466667144892
2457875.5,2017.331506849315,-0.00549,5220170502230341712798224944902461939301910014002286410,DE430,1.3224466667144892
2457875.5,2017.331506849315,-0.04032,5220170502231409867825524994928233614101910017001153999,DE430,1.3224466667144892
2457875.5,2017.331506849315,0.0083,5220170502232502961114424985995082161401910013001173059,DE430,1.3224466667144892
2457876.5,2017.3342465753424,-0.00459,5220170503194912311690225015010539990301910032001980221,DE430,1.5452475735782878
2457876.5,2017.3342465753424,-0.00533,5220170503195923225460925058101185067101910022000826999,DE430,1.5452475735782878
2457876.5,2017.3342465753424,-0.00859,5220170503201427708239625034536195070301910052002137340,DE430,1.5452475735782878
2457876.5,2017.3342465753424,0.07694,5220170503202721334855825045446446790201910023001139710,DE430,1.5452475735782878
2457876.5,2017.3342465753424,0.01476,5220170503203758168886025049673255178001910022002090030,DE430,1.5452475735782878
2457876.5,2017.3342465753424,-0.03048,5220170503205443743946125080816367792401910094001124204,DE430,1.5452475735782878
2457876.5,2017.3342465753424,-0.01244,5220170503210804249029225121252054874101910059000718999,DE430,1.5452475735782878
2457876.5,2017.3342465753424,0.0842,5220170503214933575587625133255654971201910068001213999,DE430,1.5452475735782878
2457876.5,2017.3342465753424,0.06838,5220170503220151990208625143291432802001910076001621132,DE430,1.5452475735782878
2457876.5,2017.3342465753424,-0.01167,5220170503221523922828825175439223179401910040000969084,DE430,1.5452475735782878
2457876.5,2017.3342465753424,0.01955,5220170503222526783665025179667868567301910034002524190,DE430,1.5452475735782878
2457877.5,2017.33698630137,0.00922,5220170504220322758935325439736108336301910022002097034,DE430,1.7614222735360276
2457880.5,2017.345205479452,0.03821,5220170507174026478289826277875151214301910063002754030,DE430,2.3787846172270624
2457880.5,2017.345205479452,0.01333,5220170507180127575301126259472310126301910100001993064,DE430,2.3787846172270624
2457880.5,2017.345205479452,0.00277,5220170507183537443584726232980753734301910136002372073,DE430,2.3787846172270624
2457880.5,2017.345205479452,0.05149,5220170507184704342199726218441451991201910049001359044,DE430,2.3787846172270624
2457880.5,2017.345205479452,0.00384,5220170507190028757106126216704066974301910071002574034,DE430,2.3787846172270624
2457880.5,2017.345205479452,0.05176,5220170507191849058909526199705854275201910063001381068,DE430,2.3787846172270624
2457880.5,2017.345205479452,-0.01539,5220170507193206948502826236209849386101910017001009075,DE430,2.3787846172270624
2457880.5,2017.345205479452,0.04833,5220170507194620056651526187321283135201910085001338092,DE430,2.3787846172270624
2457880.5,2017.345205479452,-0.00931,5220170507201055942515926186337932805301910091002213049,DE430,2.3787846172270624
2457880.5,2017.345205479452,-0.00962,5220170507202207869216126219854485786101910013001341052,DE430,2.3787846172270624
2457880.5,2017.345205479452,-0.01172,5220170507204031148527226181199202523301910241001962136,DE430,2.3787846172270624
2457880.5,2017.345205479452,0.04044,5220170507205341618894326173508185089201910057001152072,DE430,2.3787846172270624
2457880.5,2017.345205479452,0.00331,5220170507211531776155926171913829940001910069001590065,DE430,2.3787846172270624
2457880.5,2017.345205479452,-0.00873,5220170507213536038191526184405429916301910121002208071,DE430,2.3787846172270624
2457880.5,2017.345205479452,0.03855,5220170507214749184096126180365638600201910096001189129,DE430,2.3787846172270624
2457880.5,2017.345205479452,0.01466,5220170507215612006005226180659840029001910046001216122,DE430,2.3787846172270624
2457880.5,2017.345205479452,-0.02239,5220170507221322931053826196325923895301910178001924112,DE430,2.3787846172270624
2457880.5,2017.345205479452,0.0287,5220170507222354434470526193937655696201910060001355065,DE430,2.3787846172270624
2457880.5,2017.345205479452,0.01308,5220170507223604837338126198065466143001910110001396119,DE430,2.3787846172270624
2457889.5,2017.3698630136987,0.06203,5220170516014719330800326533683906740301910057002504066,DE430,4.113963744531368
2457889.5,2017.3698630136987,0.075,5220170516020751988136326520890441090301910052003471036,DE430,4.113963744531368
2457889.5,2017.3698630136987,0.03239,5220170516021931254436326532910648173401910071001337999,DE430,4.113963744531368
2457889.5,2017.3698630136987,0.0648,5220170516024739033929326488653142476201910083001782072,DE430,4.113963744531368
2457889.5,2017.3698630136987,0.02786,5220170516030043619566726495894385608001910050001484333,DE430,4.113963744531368
2457889.5,2017.3698630136987,0.03858,5220170516031600538110426511986565348401910040001779696,DE430,4.113963744531368
2457889.5,2017.3698630136987,0.07305,5220170516033446412903626490090017556301910056002472095,DE430,4.113963744531368
2457889.5,2017.3698630136987,0.08338,5220170516034538117487126514016306451101910039002088036,DE430,4.113963744531368
2457889.5,2017.3698630136987,0.03605,5220170516035611371523026474984498899201910065002038042,DE430,4.113963744531368
2457889.5,2017.3698630136987,0.02716,5220170516045945718442626497596946582301910044003664016,DE430,4.113963744531368
2457889.5,2017.3698630136987,0.01121,5220170516054959823882526517456645406001910038001633035,DE430,4.113963744531368
2457889.5,2017.3698630136987,0.04337,5220170516060518800006826527368766165301910081003064041,DE430,4.113963744531368
2457890.5,2017.372602739726,0.04049,5220170517041632302715926240149857633301910063003092081,DE430,4.307877906523827
2457890.5,2017.372602739726,0.03091,5220170517042700906807426257762466183401910141001484923,DE430,4.307877906523827
2457890.5,2017.372602739726,0.02211,5220170517043850301077026237047685639001910102001254889,DE430,4.307877906523827
2457890.5,2017.372602739726,0.05519,5220170517044849089632326222846454168201910088001807090,DE430,4.307877906523827
2457890.5,2017.372602739726,0.09444,5220170517050122466531226259046378753101910066001695064,DE430,4.307877906523827
2457890.5,2017.372602739726,0.01573,5220170517051330104422126256132878638401910149001387868,DE430,4.307877906523827
2457890.5,2017.372602739726,-0.03349,5220170517052410433030126238092373836001910014002351062,DE430,4.307877906523827
2457890.5,2017.372602739726,0.04553,5220170517054321629730926227926707628201910084001660082,DE430,4.307877906523827
2457890.5,2017.372602739726,0.11099,5220170517055858045719026268450631564101910056001617054,DE430,4.307877906523827
2457890.5,2017.372602739726,0.03521,5220170517061221398047426249986939095301910147003071198,DE430,4.307877906523827
2457890.5,2017.372602739726,0.01139,5220170517062448619830026274865056748401910117001570430,DE430,4.307877906523827
2457890.5,2017.372602739726,-0.00661,5220170517063620238839826260877252988001910054001347357,DE430,4.307877906523827
2457893.5,2017.3808219178081,-0.02866,5220170520052046402575825138349811886301910040003118182,DE430,4.91608834146407
2457893.5,2017.3808219178081,-0.0203,5220170520053153258690725151172419622401910171001239999,DE430,4.91608834146407
2457893.5,2017.3808219178081,-0.0103,5220170520054500468254925126902672642001910032001541336,DE430,4.91608834146407
2457893.5,2017.3808219178081,-0.05216,5220170520055751715669925119332621397001910019001776134,DE430,4.91608834146407
2457893.5,2017.3808219178081,0.02959,5220170520061030128139725097652408613201910036001965176,DE430,4.91608834146407
2457893.5,2017.3808219178081,0.08546,5220170520062325226945025121539669804101910017001784058,DE430,4.91608834146407
2457893.5,2017.3808219178081,-0.03397,5220170520063623592534625117652063178401910021001057179,DE430,4.91608834146407
2457902.5,2017.4054794520548,0.03463,5220170529144631981372624072505804026301910111002717196,DE430,0.7822028933182947
2457902.5,2017.4054794520548,0.00315,5220170529145857952367724083206230786401910259001535815,DE430,0.7822028933182947
2457902.5,2017.4054794520548,0.02332,5220170529151009361605324110720590326101910298001259746,DE430,0.7822028933182947
2457902.5,2017.4054794520548,0.05106,5220170529152248390300924075381588925001910140001731361,DE430,0.7822028933182947
2457902.5,2017.4054794520548,0.04722,5220170529153905318167424080726288054001910088001630175,DE430,0.7822028933182947
2457902.5,2017.4054794520548,0.10848,5220170529154908755903724090009812351201910043001547170,DE430,0.7822028933182947
2457902.5,2017.4054794520548,0.02518,5220170529161309949890624100302782808301910075002628131,DE430,0.7822028933182947
2457902.5,2017.4054794520548,0.12183,5220170529162341455373924107640185202201910043001706133,DE430,0.7822028933182947
2457902.5,2017.4054794520548,0.01034,5220170529163712688565024124233464637401910039001907091,DE430,0.7822028933182947
2457902.5,2017.4054794520548,0.01613,5220170529165144925568924159509877782101910034001739084,DE430,0.7822028933182947
2457902.5,2017.4054794520548,0.00929,5220170529170717756907324146610805163401910133001431407,DE430,0.7822028933182947
2457902.5,2017.4054794520548,0.00285,5220170529171853466506624181310767163101910071001246204,DE430,0.7822028933182947
2457902.5,2017.4054794520548,0.00999,5220170529173532588483924162106046026301910094002498178,DE430,0.7822028933182947
2457902.5,2017.4054794520548,0.06376,5220170529174737811771124170048919440001910014002465039,DE430,0.7822028933182947
2457902.5,2017.4054794520548,0.09796,5220170529181742231185724206803437392201910229001732999,DE430,0.7822028933182947
2457902.5,2017.4054794520548,0.00074,5220170529182828638439424227349628943401910426001601999,DE430,0.7822028933182947
2457902.5,2017.4054794520548,0.02146,5220170529185004861153724277896651450101910246001466999,DE430,0.7822028933182947
2457902.5,2017.4054794520548,0.0356,5220170529190533827925524259475687043001910077001723999,DE430,0.7822028933182947
2457903.5,2017.4082191780822,0.01957,5220170530144322149417024479262364797301910091002186490,DE430,1.0156486966979912
2457903.5,2017.4082191780822,-0.00686,5220170530145341571224324485840488946401910072001647207,DE430,1.0156486966979912
2457903.5,2017.4082191780822,0.02856,5220170530150641113755124512429666120101910064000955203,DE430,1.0156486966979912
2457903.5,2017.4082191780822,0.10154,5220170530151726512957024476416039121201910038002011099,DE430,1.0156486966979912
2457903.5,2017.4082191780822,-0.01576,5220170530154429127002724485726693548401910035001469119,DE430,1.0156486966979912
2457903.5,2017.4082191780822,0.03634,5220170530155455454833124473032354349001910046002082133,DE430,1.0156486966979912
2457903.5,2017.4082191780822,0.01812,5220170530160609621645124517442333452101910090001448275,DE430,1.0156486966979912
2457903.5,2017.4082191780822,0.09348,5220170530162304518590124486768873852201910049001861234,DE430,1.0156486966979912
2457903.5,2017.4082191780822,0.04325,5220170530163230679196324483784384614001910077001889298,DE430,1.0156486966979912
2457903.5,2017.4082191780822,-0.00567,5220170530164525342022624503589349720401910149001652624,DE430,1.0156486966979912
2457903.5,2017.4082191780822,0.01649,5220170530165644824981524536504114731101910246001355999,DE430,1.0156486966979912
2457903.5,2017.4082191780822,0.10125,5220170530171112660428424508943862871201910068001768274,DE430,1.0156486966979912
2457903.5,2017.4082191780822,0.04789,5220170530172211738494924509511059303001910055001749144,DE430,1.0156486966979912
2457903.5,2017.4082191780822,-0.00688,5220170530173516574180424532802256282401910143001531456,DE430,1.0156486966979912
2457903.5,2017.4082191780822,0.00755,5220170530174408466920524566552879952101910123001256501,DE430,1.0156486966979912
2457903.5,2017.4082191780822,0.01664,5220170530175730610908824541308097716301910245002409658,DE430,1.0156486966979912
2457904.5,2017.4109589041095,0.00768,5220170531173213380292824919404450859301910110002466166,DE430,1.2409829315671093
2457904.5,2017.4109589041095,-0.00609,5220170531174436657020624933293610314401910102001645153,DE430,1.2409829315671093
2457904.5,2017.4109589041095,0.01856,5220170531175823198163624969349352442101910166001229999,DE430,1.2409829315671093
2457904.5,2017.4109589041095,0.05202,5220170531180916694652724931565026658001910083001982324,DE430,1.2409829315671093
2457904.5,2017.4109589041095,0.09209,5220170531182213474575324946632340043201910105001441999,DE430,1.2409829315671093
2457904.5,2017.4109589041095,-0.00629,5220170531183340411333824964167068839401910127001585343,DE430,1.2409829315671093
2457904.5,2017.4109589041095,0.01075,5220170531184901723652425004809469890101910036000952851,DE430,1.2409829315671093
2457904.5,2017.4109589041095,0.02412,5220170531190738703952324977025842062001910027001901128,DE430,1.2409829315671093
2457904.5,2017.4109589041095,0.11786,5220170531191944261503424994806657620201910037001293999,DE430,1.2409829315671093
2457904.5,2017.4109589041095,-0.00616,5220170531193617121807125012665224869301910131002185999,DE430,1.2409829315671093
2457904.5,2017.4109589041095,-0.01245,5220170531194607366878025031584838503401910081001720395,DE430,1.2409829315671093
2457904.5,2017.4109589041095,-0.00331,5220170531195956166780325075270589251101910081001292999,DE430,1.2409829315671093
2457904.5,2017.4109589041095,0.03621,5220170531201337014132525047516139328001910074001602593,DE430,1.2409829315671093
2457904.5,2017.4109589041095,0.11095,5220170531202427600886225066911028351201910067001578999,DE430,1.2409829315671093
2457904.5,2017.4109589041095,-0.01777,5220170531203635492162025091853136621401910029001679155,DE430,1.2409829315671093
2457904.5,2017.4109589041095,0.02838,5220170531204926146791425136681619754101910039001593999,DE430,1.2409829315671093
2457904.5,2017.4109589041095,0.10987,5220170531210031470953925113909626068201910014001536999,DE430,1.2409829315671093
2457904.5,2017.4109589041095,0.03264,5220170531211836107759525132944291884001910041001732206,DE430,1.2409829315671093
2457904.5,2017.4109589041095,-0.02374,5220170531213920768983525178471241500401910040001615196,DE430,1.2409829315671093
2457904.5,2017.4109589041095,0.02004,5220170531220220869096425204073305381301910038002532999,DE430,1.2409829315671093
2457905.5,2017.4136986301369,0.01323,5220170601191549726221025366220842676301910272002405999,DE430,1.4584520597404163
2457905.5,2017.4136986301369,0.02489,5220170601192637259223125411379137253101910095001364999,DE430,1.4584520597404163
2457905.5,2017.4136986301369,0.09842,5220170601193932716471625381886543382201910021001792999,DE430,1.4584520597404163
2457905.5,2017.4136986301369,-0.02985,5220170601195119268676525402986991490401910048002002132,DE430,1.4584520597404163
2457905.5,2017.4136986301369,0.05224,5220170601200618515753625399886821566001910067001703191,DE430,1.4584520597404163
2457905.5,2017.4136986301369,-0.00475,5220170601203039439812625433201661601301910239002195999,DE430,1.4584520597404163
2457905.5,2017.4136986301369,0.03295,5220170601204124696999325481958538558101910038001520999,DE430,1.4584520597404163
2457905.5,2017.4136986301369,0.10191,5220170601212623344522525496256737037201910073001522999,DE430,1.4584520597404163
2457905.5,2017.4136986301369,-0.02799,5220170601213659741704725521386698747401910214001740407,DE430,1.4584520597404163
2457905.5,2017.4136986301369,0.04267,5220170601214754132420825518972525494001910067001572282,DE430,1.4584520597404163
2457906.5,2017.4164383561645,0.00336,5220170602213029324655525826029504472301910057002443196,DE430,1.6688769752503523
2457906.5,2017.4164383561645,0.01521,5220170602214213586154825876241462023101910060001242999,DE430,1.6688769752503523
2457906.5,2017.4164383561645,-0.00833,5220170602215649574199325847138927234001910028001913039,DE430,1.6688769752503523
2457906.5,2017.4164383561645,-0.01472,5220170602220955904446725881502716434401910022001880025,DE430,1.6688769752503523
2457906.5,2017.4164383561645,0.06901,5220170602223128086518625895816392836201910021001627695,DE430,1.6688769752503523
2457910.5,2017.427397260274,0.03368,5220170606194350918245726703607561040301910058002483022,DE430,2.463217478156435
2457910.5,2017.427397260274,0.04078,5220170606210737130491426679265387327301910037003837011,DE430,2.463217478156435
2457910.5,2017.427397260274,0.01733,5220170606223809349442526694947743706301910076002564026,DE430,2.463217478156435
2457911.5,2017.4301369863015,-0.69116,5220170607213550552934026776150104809301910037004033005,DE430,2.655298774748837
2457911.5,2017.4301369863015,-0.0461,5220170607220330146038026772783647584301910033003949005,DE430,2.655298774748837
2457911.5,2017.4301369863015,-7.47895,5220170607221743100516826772635213560301910032003874004,DE430,2.655298774748837
2457917.5,2017.4465753424658,0.05128,5220170613015828389210026423664560395301910031002405050,DE430,3.803674363234924
2457917.5,2017.4465753424658,0.0176,5220170613023506657746426436870775956401910030001459066,DE430,3.803674363234924
2457917.5,2017.4465753424658,0.05587,5220170613025756029946126418580792576301910183002784101,DE430,3.803674363234924
2457917.5,2017.4465753424658,0.96943,5220170613031209609942726444791427915101910026002635015,DE430,3.803674363234924
2457917.5,2017.4465753424658,0.05177,5220170613033712922273026425256938710301910122002807083,DE430,3.803674363234924
2457917.5,2017.4465753424658,0.04096,5220170613040105132619926433066649798301910117003045070,DE430,3.803674363234924
2457917.5,2017.4465753424658,0.0394,5220170613042821048624826445284969636301910105003178058,DE430,3.803674363234924
2457917.5,2017.4465753424658,0.05339,5220170613044013016131126451649710798301910149002973084,DE430,3.803674363234924
2457917.5,2017.4465753424658,0.03222,5220170613045351807693526459717620281301910100002683063,DE430,3.803674363234924
2457918.5,2017.4493150684932,0.04312,5220170614021602820453926198353432406301910082002751084,DE430,3.999262108882724
2457918.5,2017.4493150684932,0.13345,5220170614022650707160726217290778144101910032001530058,DE430,3.999262108882724
2457918.5,2017.4493150684932,0.01127,5220170614023941549703726208735099864401910032001799186,DE430,3.999262108882724
2457918.5,2017.4493150684932,-0.00336,5220170614025032657234626187446752857001910046001341291,DE430,3.999262108882724
2457918.5,2017.4493150684932,0.07114,5220170614030204987845326171995842682201910037001882039,DE430,3.999262108882724
2457919.5,2017.4520547945206,0.04819,5220170615031739316115825900978508042301910135002973186,DE430,4.198044602095237
2457919.5,2017.4520547945206,0.00792,5220170615032715393259225917378015529401910128001356999,DE430,4.198044602095237
2457919.5,2017.4520547945206,0.05734,5220170615040442799291525887856407456301910027003627035,DE430,4.198044602095237
2457919.5,2017.4520547945206,-0.01645,5220170615041950707011725906341137936401910010000809204,DE430,4.198044602095237
2457920.5,2017.454794520548,0.03248,5220170616023151623401325621249898416301910080003356245,DE430,4.401111209088326
2457920.5,2017.454794520548,-0.01215,5220170616024319680914425631416257855401910193001021999,DE430,4.401111209088326
2457920.5,2017.454794520548,-0.00614,5220170616025545139467825605347628488001910020001797710,DE430,4.401111209088326
2457920.5,2017.454794520548,-0.01734,5220170616042408845087825570930339548401910018001668197,DE430,4.401111209088326
2457920.5,2017.454794520548,-0.03123,5220170616050206999254225562241433808401910066001248553,DE430,4.401111209088326
2457924.5,2017.4657534246576,-0.00723,5220170620033705167806124199263965486301910108003083952,DE430,5.277641693922321
2457924.5,2017.4657534246576,-0.03717,5220170620034913929932924189802473912001910059002029581,DE430,5.277641693922321
2457924.5,2017.4657534246576,0.0355,5220170620040332030715824160077983375201910053001617386,DE430,5.277641693922321
2457924.5,2017.4657534246576,0.03206,5220170620041546511995124168592118675101910064001885212,DE430,5.277641693922321
2457924.5,2017.4657534246576,-0.00296,5220170620043134435423124127632351850301910037003536080,DE430,5.277641693922321
2457924.5,2017.4657534246576,-0.02736,5220170620054746855057224045451102664301910135003302277,DE430,5.277641693922321
2457924.5,2017.4657534246576,-0.07076,5220170620055621493382624056611249358401910187001133996,DE430,5.277641693922321
2457924.5,2017.4657534246576,0.03845,5220170620060953208031924022927637996201910052002117212,DE430,5.277641693922321
2457924.5,2017.4657534246576,-0.02568,5220170620062510859288524021923537019001910041001544199,DE430,5.277641693922321
2457924.5,2017.4657534246576,0.03257,5220170620063435634115824028969026659101910161001571727,DE430,5.277641693922321
2457924.5,2017.4657534246576,-0.06081,5220170620064718750417724018603165899401910149001364785,DE430,5.277641693922321
2457924.5,2017.4657534246576,-0.03462,5220170620070202085560623998501607822001910067001805311,DE430,5.277641693922321
2457924.5,2017.4657534246576,0.038,5220170620071218340676223982333291780201910054001638299,DE430,5.277641693922321
2457924.5,2017.4657534246576,0.03682,5220170620072609283292124000657601125101910080001476561,DE430,5.277641693922321
2457924.5,2017.4657534246576,-0.05916,5220170620074056142076423993272731626401910141001282882,DE430,5.277641693922321
2457924.5,2017.4657534246576,-0.05109,5220170620082605258194023984095863189401910018001488102,DE430,5.277641693922321
2457924.5,2017.4657534246576,-0.02845,5220170620090617328606623985247551713401910015002399045,DE430,5.277641693922321
2457924.5,2017.4657534246576,-0.09021,5220170620093123531105323990287605696401910014002275048,DE430,5.277641693922321
2457924.5,2017.4657534246576,-0.04595,5220170620094324351944823993832599947401910056001121420,DE430,5.277641693922321
2457924.5,2017.4657534246576,0.02033,5220170620095533384956923999611453500101910041001202204,DE430,5.277641693922321
2457924.5,2017.4657534246576,-0.08022,5220170620114352202538724065010580406401910026002156040,DE430,5.277641693922321
2457924.5,2017.4657534246576,0.03521,5220170620115705880155924056843870390301910022002718021,DE430,5.277641693922321
2457924.5,2017.4657534246576,0.05233,5220170620121003514164024088693863293101910030002106040,DE430,5.277641693922321
2457924.5,2017.4657534246576,-0.04127,5220170620122004245573324096599658138401910018002142021,DE430,5.277641693922321
2457925.5,2017.468493150685,-0.06537,5220170621081133276466523693018525948401910032001686054,DE430,5.515524613315629
2457925.5,2017.468493150685,0.00927,5220170621082249047865223693790878692101910067001611092,DE430,5.515524613315629
2457925.5,2017.468493150685,-0.0787,5220170621085530222218523680531607835401910108001816136,DE430,5.515524613315629
2457925.5,2017.468493150685,0.04256,5220170621090538791290823659301002966201910026002035027,DE430,5.515524613315629
2457925.5,2017.468493150685,-0.06127,5220170621093101418253023660356178407301910055002996035,DE430,5.515524613315629
2457926.5,2017.4712328767123,-0.06215,5220170622080246569455623517824373449401910078001924105,DE430,5.759631148504238
2457926.5,2017.4712328767123,0.02427,5220170622081442965701823519238769076101910030002243042,DE430,5.759631148504238
2457926.5,2017.4712328767123,-0.05648,5220170622083904696416423497047977906401910092001784094,DE430,5.759631148504238
2457926.5,2017.4712328767123,-0.01467,5220170622085104782198023475713504780301910112003347049,DE430,5.759631148504238
2457926.5,2017.4712328767123,0.00759,5220170622090221383389123496066459770101910100001363112,DE430,5.759631148504238
2457929.5,2017.4794520547946,-0.03065,5220170625104117236005523691939939665401910020002473020,DE430,0.22098928101029514
2457929.5,2017.4794520547946,-0.00985,5220170625110129238945523704527011881101910048001870046,DE430,0.22098928101029514
2457929.5,2017.4794520547946,-0.0051,5220170625111237214181323667575581574301910057003170040,DE430,0.22098928101029514
2457929.5,2017.4794520547946,-0.05554,5220170625113124567362023672193655111401910027001856038,DE430,0.22098928101029514
2457929.5,2017.4794520547946,0.01443,5220170625114421753920823690857409506101910041001742065,DE430,0.22098928101029514
2457929.5,2017.4794520547946,-0.02808,5220170625120543583489723654921079304301910035002876029,DE430,0.22098928101029514
2457929.5,2017.4794520547946,-0.04075,5220170625121925697447223664699950549401910045001756049,DE430,0.22098928101029514
2457929.5,2017.4794520547946,0.02038,5220170625123219692566223686367687871101910035001663069,DE430,0.22098928101029514
2457933.5,2017.490410958904,0.03221,5220170629200543556649325434548037536301910026002338999,DE430,1.1461596266876608
2457933.5,2017.490410958904,0.04684,5220170629201731273497025487466536642101910031001584999,DE430,1.1461596266876608
2457933.5,2017.490410958904,-0.01749,5220170629203051353444725476877324019401910018001735145,DE430,1.1461596266876608
2457933.5,2017.490410958904,0.13294,5220170629203817693721425474782932055201910006001790617,DE430,1.1461596266876608
2457934.5,2017.4931506849316,0.02406,5220170630183654489151325711840232014301910071002308642,DE430,1.3581140986108147
2457934.5,2017.4931506849316,0.04916,5220170630184825488714625757582021380101910042001354999,DE430,1.3581140986108147
2457934.5,2017.4931506849316,0.0347,5220170630190033015368225737825908341401910016002026036,DE430,1.3581140986108147
2457937.5,2017.5013698630137,0.14142,5220170703172047025198126627356886209101910015002073118,DE430,1.959240610426161
2457937.5,2017.5013698630137,0.05274,5220170703173101404090726585595940274301910034003327029,DE430,1.959240610426161
2457937.5,2017.5013698630137,0.00644,5220170703174558293333826588806261710401910018002200020,DE430,1.959240610426161
2457937.5,2017.5013698630137,0.07292,5220170703175816771873626609415608421101910014002184145,DE430,1.959240610426161
2457937.5,2017.5013698630137,0.06835,5220170703180955991306626569173600169301910074002565075,DE430,1.959240610426161
2457937.5,2017.5013698630137,0.06438,5220170703183001797024126554422216923201910016002676039,DE430,1.959240610426161
2457937.5,2017.5013698630137,0.03779,5220170703184409611520826561069304302301910038002758025,DE430,1.959240610426161
2457938.5,2017.504109589041,0.08349,5220170704195325596736926703455889817301910053002378036,DE430,2.152229926362187
2457938.5,2017.504109589041,0.10627,5220170704200120343484726737696968941101910019001692132,DE430,2.152229926362187
2457938.5,2017.504109589041,0.05965,5220170704201526661440226703347010227301910056002200034,DE430,2.152229926362187
2457938.5,2017.504109589041,0.04892,5220170704213114825479426722713469474301910037003629022,DE430,2.152229926362187
2457938.5,2017.504109589041,0.03991,5220170704231028254802626791209432605301910130001605116,DE430,2.152229926362187
2457938.5,2017.504109589041,0.1051,5220170704232055579240826834786871432101910033001505277,DE430,2.152229926362187
2457951.5,2017.5397260273974,-0.08153,5220170717070414177251324483314104211401910017001261127,DE430,4.754946766023175
2457951.5,2017.5397260273974,-0.06992,5220170717073450631056924491259067191401910038001285208,DE430,4.754946766023175
2457951.5,2017.5397260273974,-0.06325,5220170717074823243971524496273001069401910038000934281,DE430,4.754946766023175
2457951.5,2017.5397260273974,-0.06339,5220170717080526144376524503835125491401910013001440072,DE430,4.754946766023175
2457951.5,2017.5397260273974,-0.05176,5220170717081813220780224510387034613401910016001094122,DE430,4.754946766023175
2457951.5,2017.5397260273974,-0.07056,5220170717083442550391124519902289422401910027001329123,DE430,4.754946766023175
2457951.5,2017.5397260273974,-0.07735,5220170717085323526261224532056326448401910018002182049,DE430,4.754946766023175
2457952.5,2017.5424657534247,-0.08207,5220170718023711267122224372749058968401910122000954999,DE430,4.982910614055571
2457952.5,2017.5424657534247,-0.01397,5220170718024906626657724339358037291301910061002610999,DE430,4.982910614055571
2457952.5,2017.5424657534247,-0.08623,5220170718030435079931124338103744877401910135001029999,DE430,4.982910614055571
2457952.5,2017.5424657534247,-0.08417,5220170718031851431758024321003309796401910066000933999,DE430,4.982910614055571
2457952.5,2017.5424657534247,0.03472,5220170718032932529717324312445285113101910119001462510,DE430,4.982910614055571
2457952.5,2017.5424657534247,-0.03515,5220170718034047773786624285094224087001910007001286999,DE430,4.982910614055571
2457952.5,2017.5424657534247,0.00631,5220170718035127797645824264290759039201910018001834828,DE430,4.982910614055571
2457952.5,2017.5424657534247,-0.08373,5220170718040824528764424267522873657401910092001178999,DE430,4.982910614055571
2457952.5,2017.5424657534247,0.03533,5220170718041928254391224260640595722101910113001460387,DE430,4.982910614055571
2457952.5,2017.5424657534247,-0.00142,5220170718043145763026224227744317364301910041003219254,DE430,4.982910614055571
2457952.5,2017.5424657534247,-0.09052,5220170718044614207216824233715810546401910046001475412,DE430,4.982910614055571
2457952.5,2017.5424657534247,0.03979,5220170718050014746030124226466511693101910034001798110,DE430,4.982910614055571
2457952.5,2017.5424657534247,-0.02687,5220170718051238991772824195943628347301910033003120209,DE430,4.982910614055571
2457952.5,2017.5424657534247,-0.09443,5220170718052414053588324206644745382401910082001516694,DE430,4.982910614055571
2457952.5,2017.5424657534247,0.02513,5220170718053939038183024201194535405101910028001830103,DE430,4.982910614055571
2457952.5,2017.5424657534247,-0.08711,5220170718055404988065824172303657547301910037003341108,DE430,4.982910614055571
2457952.5,2017.5424657534247,-0.07287,5220170718060715270036124184958141294401910036001541259,DE430,4.982910614055571
2457952.5,2017.5424657534247,0.01678,5220170718061546852005824185149021526101910011001062065,DE430,4.982910614055571
2457952.5,2017.5424657534247,-0.09835,5220170718070146833797624171758296798401910021001352077,DE430,4.982910614055571
2457952.5,2017.5424657534247,0.03286,5220170718071018078201624174273924727101910066001488115,DE430,4.982910614055571
2457952.5,2017.5424657534247,-0.07468,5220170718073205947066424171383456621401910055001523126,DE430,4.982910614055571
2457952.5,2017.5424657534247,0.02731,5220170718074525502916224175762613624101910042001432067,DE430,4.982910614055571
2457952.5,2017.5424657534247,-0.09113,5220170718080052543223124175539678006401910035002012070,DE430,4.982910614055571
2457952.5,2017.5424657534247,0.03769,5220170718082617421897624185593428082101910017001343052,DE430,4.982910614055571
2457952.5,2017.5424657534247,-0.11369,5220170718084422314774824189804472932401910018002624047,DE430,4.982910614055571
2457952.5,2017.5424657534247,0.05714,5220170718085728945526624198638806033101910026002075052,DE430,4.982910614055571
2457960.5,2017.5643835616438,-0.08806,5220170726124448648309724800095173909401910009002330035,DE430,0.6034974457899374
2457960.5,2017.5643835616438,0.00431,5220170726131446516710824823212998321101910009001442087,DE430,0.6034974457899374
2457960.5,2017.5643835616438,-0.20909,5220170726132901279648424793804008838401910007002418038,DE430,0.6034974457899374
2457960.5,2017.5643835616438,-0.02369,5220170726140700708028324824966429308101910013001604072,DE430,0.6034974457899374
2457960.5,2017.5643835616438,-0.06901,5220170726142134862775924799911142818401910009002760058,DE430,0.6034974457899374
2457962.5,2017.5698630136985,-0.07376,5220170728143254822913625641350692848401910008001736106,DE430,1.037062406364882
2457962.5,2017.5698630136985,-0.00029,5220170728145155713767325638351705614401910011002655053,DE430,1.037062406364882
2457962.5,2017.5698630136985,-0.03115,5220170728150706721062125637333233561401910026002012207,DE430,1.037062406364882
2457962.5,2017.5698630136985,-0.01477,5220170728151959003878825637444934828401910012001948158,DE430,1.037062406364882
2457962.5,2017.5698630136985,0.03177,5220170728153702983552525667970641280101910016002293167,DE430,1.037062406364882
2457962.5,2017.5698630136985,-0.03405,5220170728154809206243125640859663075401910027002007265,DE430,1.037062406364882
2457962.5,2017.5698630136985,-0.07287,5220170728160944030702625646447402225401910023001942157,DE430,1.037062406364882
2457962.5,2017.5698630136985,-0.03532,5220170728161848711363225640746958373301910020002496159,DE430,1.037062406364882
2457962.5,2017.5698630136985,0.0656,5220170728162938952008325682584930437101910010000986188,DE430,1.037062406364882
2457965.5,2017.5780821917808,0.09292,5220170731150440582622826642207637423101910028001585166,DE430,1.6406638883790188
2457965.5,2017.5780821917808,0.08896,5220170731154019802410926616305121307101910032002179109,DE430,1.6406638883790188
2457965.5,2017.5780821917808,0.09058,5220170731163719729097826586327396764101910017002028088,DE430,1.6406638883790188
2457965.5,2017.5780821917808,0.02614,5220170731182624445022626538978673082301910074001747317,DE430,1.6406638883790188
2457965.5,2017.5780821917808,0.07261,5220170731184552419304326578922084327101910046001794999,DE430,1.6406638883790188
2457965.5,2017.5780821917808,-0.0203,5220170731191117008395526542343979498001910011001442066,DE430,1.6406638883790188
2457965.5,2017.5780821917808,0.04584,5220170731192255707604526557907622798301910031002319394,DE430,1.6406638883790188
2457965.5,2017.5780821917808,0.08881,5220170731193610310465226599908081941101910019001516999,DE430,1.6406638883790188
2457965.5,2017.5780821917808,0.0187,5220170731195429953403426575682811765301910023002580238,DE430,1.6406638883790188
2457965.5,2017.5780821917808,0.05016,5220170731200446721321526572435609487201910010001213999,DE430,1.6406638883790188
2457965.5,2017.5780821917808,-0.00513,5220170731201824528578426603774236187401910029001673076,DE430,1.6406638883790188
2457968.5,2017.5863013698631,0.03994,5220170803190110968508426711663056490301910095001526107,DE430,2.2153623131225486
2457968.5,2017.5863013698631,0.05486,5220170803191701867999526704089191687301910217001656189,DE430,2.2153623131225486
2457968.5,2017.5863013698631,0.05434,5220170803193322578639526686067324245201910055001821088,DE430,2.2153623131225486
2457968.5,2017.5863013698631,0.13551,5220170803194417561267826725151325530101910031001720209,DE430,2.2153623131225486
2457968.5,2017.5863013698631,-0.04496,5220170803195538958400226705179003231401910031002688022,DE430,2.2153623131225486
2457968.5,2017.5863013698631,-0.02459,5220170803200835281289126681431410610001910098001680125,DE430,2.2153623131225486
2457968.5,2017.5863013698631,0.04934,5220170803202107043738026686311648847301910145001971134,DE430,2.2153623131225486
2457968.5,2017.5863013698631,0.03756,5220170803203147337293226673782180105201910032001424072,DE430,2.2153623131225486
2457968.5,2017.5863013698631,0.10665,5220170803205635370565126716475041028101910037001496319,DE430,2.2153623131225486
2457968.5,2017.5863013698631,-0.02643,5220170803211837352403526681914729075001910076001232148,DE430,2.2153623131225486
2457973.5,2017.6,0.1159,5220170808213052567439525828811084260301910046003428017,DE430,3.1903653094741093
2457973.5,2017.6,-0.28002,5220170808233226551886525730548050692301910017002960017,DE430,3.1903653094741093
2457973.5,2017.6,0.00983,5220170808234539498376325724215152480301910038003712013,DE430,3.1903653094741093
2457974.5,2017.6027397260275,-0.10725,5220170809000615729755325718599523199001910019002066012,DE430,3.3942995569438064
2457974.5,2017.6027397260275,-0.02761,5220170809002031752637325703296816745201910030002373013,DE430,3.3942995569438064
2457974.5,2017.6027397260275,0.04487,5220170809010034730868225706012068363301910048003865010,DE430,3.3942995569438064
2457974.5,2017.6027397260275,-0.03871,5220170809011400369293325708502868123001910026001696019,DE430,3.3942995569438064
2457974.5,2017.6027397260275,0.017,5220170809012549792895325697893531054201910043002456009,DE430,3.3942995569438064
2457975.5,2017.6054794520549,0.04568,5220170810021842372230925447046732884301910069003710022,DE430,3.602013232901889
2457975.5,2017.6054794520549,0.05792,5220170810022721922664325448328922967301910124003414041,DE430,3.602013232901889
2457981.5,2017.6219178082192,-0.01491,5220170816072938677101624105164551485301910182002788285,DE430,4.93122477019257
2457981.5,2017.6219178082192,0.04089,5220170816074002381338824132245234834101910334001300548,DE430,4.93122477019257
2457981.5,2017.6219178082192,-0.0652,5220170816075244825580324127888349068401910192001038773,DE430,4.93122477019257
2457981.5,2017.6219178082192,0.02731,5220170816080417046183924121058149858001910037001704089,DE430,4.93122477019257
2457981.5,2017.6219178082192,0.09335,5220170816081631393570924120106476094201910027001812053,DE430,4.93122477019257
2457981.5,2017.6219178082192,0.08263,5220170816082924019548624151785598455101910044002101057,DE430,4.93122477019257
2457981.5,2017.6219178082192,-0.08106,5220170816084259896512124151102739559401910023001848028,DE430,4.93122477019257
2457981.5,2017.6219178082192,0.01255,5220170816085547067964024142553159948301910039003229018,DE430,4.93122477019257
2457981.5,2017.6219178082192,0.03302,5220170816091026172004824176575272997101910086001534073,DE430,4.93122477019257
2457981.5,2017.6219178082192,-0.06504,5220170816092121082269024176391612245401910118001230172,DE430,4.93122477019257
2457981.5,2017.6219178082192,0.02789,5220170816094221993067624200642524394101910072001607062,DE430,4.93122477019257
2457981.5,2017.6219178082192,-0.06541,5220170816095548674773424204011746017401910068001622102,DE430,4.93122477019257
2457982.5,2017.6246575342466,-0.01628,5220170817033926978542724121548319619301910214002149999,DE430,5.1650211873739
2457982.5,2017.6246575342466,-0.02343,5220170817034642293138724117275164444001910127001553999,DE430,5.1650211873739
2457982.5,2017.6246575342466,0.09789,5220170817040024728396624099655768962201910287001492999,DE430,5.1650211873739
2457982.5,2017.6246575342466,0.01231,5220170817041615262679324110854683029101910283001041999,DE430,5.1650211873739
2457982.5,2017.6246575342466,-0.07325,5220170817042808004757524087951905124401910332001088999,DE430,5.1650211873739
2457982.5,2017.6246575342466,-0.02091,5220170817043927557305024063245113847301910283002342999,DE430,5.1650211873739
2457982.5,2017.6246575342466,-0.10326,5220170817072001901920123998977527994401910159001127307,DE430,5.1650211873739
2457982.5,2017.6246575342466,-0.00452,5220170817073053113898524009631295538101910192001008499,DE430,5.1650211873739
2457982.5,2017.6246575342466,0.08059,5220170817074518156064923982720593154201910106001632205,DE430,5.1650211873739
2457982.5,2017.6246575342466,-0.04353,5220170817075558815431023987584284000001910063001731087,DE430,5.1650211873739
2457982.5,2017.6246575342466,-0.03306,5220170817080858074959623985764882747301910185002606221,DE430,5.1650211873739
2457982.5,2017.6246575342466,-0.09459,5220170817082038294789624003079878192401910198001163516,DE430,5.1650211873739
2457982.5,2017.6246575342466,-0.00111,5220170817083329119078924017470612170101910146001265321,DE430,5.1650211873739
2457982.5,2017.6246575342466,-0.09932,5220170817084409315207024009742967201401910095001560176,DE430,5.1650211873739
2457982.5,2017.6246575342466,-0.04002,5220170817085626041550123999186014814301910031003235021,DE430,5.1650211873739
2457982.5,2017.6246575342466,-0.09611,5220170817093014844274324030614819466401910097001159351,DE430,5.1650211873739
2457982.5,2017.6246575342466,-0.06771,5220170817114650367552924143379352931401910052002422029,DE430,5.1650211873739
2457983.5,2017.627397260274,-0.08253,5220170818031532715706224165056268745401910154001236999,DE430,5.40069852551205
2457983.5,2017.627397260274,0.01056,5220170818032709610399024166231123543101910125001172999,DE430,5.40069852551205
2457983.5,2017.627397260274,-0.00067,5220170818033917811531924125014927726001910197001634999,DE430,5.40069852551205
2457983.5,2017.627397260274,0.11507,5220170818035017281336824110728854181201910198001413999,DE430,5.40069852551205
2457983.5,2017.627397260274,-0.00918,5220170818040258380847024096507216593301910851002100999,DE430,5.40069852551205
2457983.5,2017.627397260274,-0.00027,5220170818041342403588124086176894115001910114001578999,DE430,5.40069852551205
2457983.5,2017.627397260274,-0.0919,5220170818045858187669724051822109180401910455001256999,DE430,5.40069852551205
2457983.5,2017.627397260274,0.00527,5220170818051220834712124054331320451101910818001201999,DE430,5.40069852551205
2457983.5,2017.627397260274,0.09501,5220170818052534630668024013817223544201910375001552919,DE430,5.40069852551205
2457983.5,2017.627397260274,-0.02679,5220170818054101323064924001273250702301910442002012872,DE430,5.40069852551205
2457983.5,2017.627397260274,-0.09565,5220170818060703193273123995406303225401910072001290103,DE430,5.40069852551205
2457983.5,2017.627397260274,-0.08627,5220170818061938884874223987045223989401910943001330999,DE430,5.40069852551205
2457983.5,2017.627397260274,-0.00577,5220170818063932427077623990064824908101910149001340247,DE430,5.40069852551205
2457983.5,2017.627397260274,-0.00307,5220170818070222042505823951877906862001910058001543185,DE430,5.40069852551205
2457983.5,2017.627397260274,0.10266,5220170818071132217311323946071749181201910182001545789,DE430,5.40069852551205
2457983.5,2017.627397260274,-0.02698,5220170818072403426454923942109299280301910421002070999,DE430,5.40069852551205
2457983.5,2017.627397260274,-0.00991,5220170818073711187161923966542042852101910423001224999,DE430,5.40069852551205
2457983.5,2017.627397260274,-0.09976,5220170818075423301771223948228973712401910253001342880,DE430,5.40069852551205
2457983.5,2017.627397260274,-0.02178,5220170818080815458017023934039975840001910140001707487,DE430,5.40069852551205
2457983.5,2017.627397260274,0.09499,5220170818081912730259423931019887176201910138001638449,DE430,5.40069852551205
2457983.5,2017.627397260274,-0.04044,5220170818083326275580223931605851845301910415002111885,DE430,5.40069852551205
2457983.5,2017.627397260274,-0.01568,5220170818084434074385823960439533687101910268001286919,DE430,5.40069852551205
2457983.5,2017.627397260274,-0.10658,5220170818085907314075223947934774384401910136001363461,DE430,5.40069852551205
2457983.5,2017.627397260274,-0.0331,5220170818093609150870223943551285021301910105002409133,DE430,5.40069852551205
2457983.5,2017.627397260274,-0.0213,5220170818094700919506423975720936872101910085001360153,DE430,5.40069852551205
2457983.5,2017.627397260274,-0.10374,5220170818095531922616723965235810339401910140001493409,DE430,5.40069852551205
2457983.5,2017.627397260274,-0.06356,5220170818105053983852923983074336115301910055002481064,DE430,5.40069852551205
2457983.5,2017.627397260274,-0.02335,5220170818110608192173924022148056267101910055001664062,DE430,5.40069852551205
2457983.5,2017.627397260274,-0.10071,5220170818111351420446324014281811002401910030001583024,DE430,5.40069852551205
2457988.5,2017.641095890411,0.00741,5220170823100338100721524955604990752301910072002948015,DE430,0.2763804934642691
2457988.5,2017.641095890411,-0.01481,5220170823101633443453124947445180656301910090003308032,DE430,0.2763804934642691
2457988.5,2017.641095890411,-0.03881,5220170823102826615469824940553650813301910075003229015,DE430,0.2763804934642691
2457988.5,2017.641095890411,0.00159,5220170823114949821490124911018676928301910059002844017,DE430,0.2763804934642691
2457988.5,2017.641095890411,-0.07604,5220170823120103868509024918915506102401910044002607017,DE430,0.2763804934642691
2457988.5,2017.641095890411,-0.01103,5220170823121342635690424945178144162101910034002239016,DE430,0.2763804934642691
2457988.5,2017.641095890411,-0.02153,5220170823123421241213924909246894078301910042003003016,DE430,0.2763804934642691
2457988.5,2017.641095890411,-0.11322,5220170823124856730940824920469580927401910039002618007,DE430,0.2763804934642691
2457989.5,2017.6438356164383,-0.02171,5220170824144007029748925308394135340301910052002387023,DE430,0.49502524245755186
2457989.5,2017.6438356164383,-0.04025,5220170824150952588565225326327740692301910066002823049,DE430,0.49502524245755186
2457990.5,2017.6465753424657,-0.01033,5220170825112914454260425713079596071301910045003593007,DE430,0.7075585312584165
2457990.5,2017.6465753424657,-0.01214,5220170825121352289578325686318938772301910048003357013,DE430,0.7075585312584165
2457990.5,2017.6465753424657,0.02831,5220170825123512201036825676622270812301910052003335014,DE430,0.7075585312584165
2457990.5,2017.6465753424657,-0.03552,5220170825130031482462325667948409406301910053002939031,DE430,0.7075585312584165
2457990.5,2017.6465753424657,0.02457,5220170825132514947503325699749798725101910028002186021,DE430,0.7075585312584165
2457990.5,2017.6465753424657,0.02394,5220170825133704821224825661186018164301910036003632014,DE430,0.7075585312584165
2457990.5,2017.6465753424657,-0.04931,5220170825135211886827325660460611156301910050003456022,DE430,0.7075585312584165
2457990.5,2017.6465753424657,-0.01357,5220170825141644597805625661934515494301910040002919019,DE430,0.7075585312584165
2457990.5,2017.6465753424657,0.04744,5220170825142625487470525700388233542101910057001905061,DE430,0.7075585312584165
2457993.5,2017.654794520548,0.14349,5220170828143648446570626587995499012101910033001741036,DE430,1.3118475990204073
2457993.5,2017.654794520548,0.01511,5220170828145411106095026543523193156301910064002867056,DE430,1.3118475990204073
2457993.5,2017.654794520548,0.00736,5220170828150549225423126549436584505401910048002192046,DE430,1.3118475990204073
2457993.5,2017.654794520548,0.099,5220170828151830286640926567854798379101910031002236029,DE430,1.3118475990204073
2457993.5,2017.654794520548,0.04024,5220170828153012824122626528732089686301910048003003026,DE430,1.3118475990204073
2457993.5,2017.654794520548,-0.02829,5220170828154309212735926536460138208401910045002179035,DE430,1.3118475990204073
2457993.5,2017.654794520548,0.00484,5220170828155722715106426533363881731401910078002147063,DE430,1.3118475990204073
2457993.5,2017.654794520548,0.09867,5220170828161417363139026554285776800101910027001623058,DE430,1.3118475990204073
2457993.5,2017.654794520548,0.02532,5220170828162706349758426518690191784301910040002643038,DE430,1.3118475990204073
2457993.5,2017.654794520548,-0.01931,5220170828164348173370526530622800409401910059001849059,DE430,1.3118475990204073
2457993.5,2017.654794520548,0.09347,5220170828165619277458126554795611329101910120001525286,DE430,1.3118475990204073
2457993.5,2017.654794520548,0.02,5220170828170834766116626522115140937301910241001901308,DE430,1.3118475990204073
2457993.5,2017.654794520548,-0.03176,5220170828172316992824426537302993598401910115001875159,DE430,1.3118475990204073
2457993.5,2017.654794520548,0.02488,5220170828173741065665626529979613193301910136001966224,DE430,1.3118475990204073
2457993.5,2017.654794520548,0.05087,5220170828174956607904626524082441818201910036001192108,DE430,1.3118475990204073
2457993.5,2017.654794520548,0.04644,5220170828182439841552826551955649491301910008000792999,DE430,1.3118475990204073
2457993.5,2017.654794520548,0.02226,5220170828190321770810626578229699018301910048001896999,DE430,1.3118475990204073
2457993.5,2017.654794520548,0.06438,5220170828191631623562926622885167564101910020001383999,DE430,1.3118475990204073
2457993.5,2017.654794520548,-0.07767,5220170828192750462735526610502069865401910014002146027,DE430,1.3118475990204073
2457993.5,2017.654794520548,-0.03551,5220170828195052466626426631806843430401910035002561083,DE430,1.3118475990204073
2458000.5,2017.6739726027397,0.02231,5220170904214340570333525687013813933301910078003531026,DE430,2.6656252076440863
2458000.5,2017.6739726027397,0.05789,5220170904215637741776125681638744580301910104003160032,DE430,2.6656252076440863
2458000.5,2017.6739726027397,0.05425,5220170904230527705279025668178289913301910057003460012,DE430,2.6656252076440863
2458000.5,2017.6739726027397,0.05235,5220170904231933651418325668557494024301910055003790008,DE430,2.6656252076440863
2458000.5,2017.6739726027397,0.01878,5220170904233324144637625669949968600301910101003533027,DE430,2.6656252076440863
2458000.5,2017.6739726027397,0.0351,5220170904234609117262925672114416414301910112003142033,DE430,2.6656252076440863
2458001.5,2017.676712328767,0.03082,5220170905000659477378925677434715958301910110003122029,DE430,2.86987331732815
2458001.5,2017.676712328767,0.03474,5220170905001924665332325681631090267301910100003253030,DE430,2.86987331732815
2458001.5,2017.676712328767,0.05638,5220170905003254562796225677686568273201910117001905055,DE430,2.86987331732815
2458001.5,2017.676712328767,0.06524,5220170905004407454494725682802278602201910074002163038,DE430,2.86987331732815
2458002.5,2017.6794520547944,2.10431,5220170906220512790059825141637801370301910036003835003,DE430,3.0790542014436584
2458002.5,2017.6794520547944,0.17278,5220170906230116720927025103148425794301910044003727007,DE430,3.0790542014436584
2458002.5,2017.6794520547944,-6.11685,5220170906233543594382525087686883386301910037003726005,DE430,3.0790542014436584
2458003.5,2017.682191780822,-2.73171,5220170907002920918704025076585354145301910044003476006,DE430,3.2931941203680504
2458003.5,2017.682191780822,0.00687,5220170907011104762319025078896677239301910073003907011,DE430,3.2931941203680504
2458003.5,2017.682191780822,0.02215,5220170907012449285506325081709443813301910129003305030,DE430,3.2931941203680504
2458003.5,2017.682191780822,0.01617,5220170907013834141507025085512543920301910145003087049,DE430,3.2931941203680504
2458003.5,2017.682191780822,0.01061,5220170907015226888596125090333423300301910142003333036,DE430,3.2931941203680504
2458003.5,2017.682191780822,-0.08043,5220170907020540639244225100557446078001910091001971047,DE430,3.2931941203680504
2458003.5,2017.682191780822,0.05496,5220170907021953387723925096205212724201910053001935022,DE430,3.2931941203680504
2458003.5,2017.682191780822,0.01042,5220170907023233956054825109560763775301910190003099053,DE430,3.2931941203680504
2458003.5,2017.682191780822,-0.07436,5220170907024447967276925121684530065001910134002002082,DE430,3.2931941203680504
2458003.5,2017.682191780822,0.01037,5220170907031948818004825141398783262301910094003115027,DE430,3.2931941203680504
2458003.5,2017.682191780822,-0.06537,5220170907033220506060825156152252512001910081002215057,DE430,3.2931941203680504
2458003.5,2017.682191780822,-0.00438,5220170907034602339875225156228200495201910034002320011,DE430,3.2931941203680504
2458003.5,2017.682191780822,0.05034,5220170907035952968515225175034337875301910064003214027,DE430,3.2931941203680504
2458003.5,2017.682191780822,0.04863,5220170907214752515717624943883328290301910063003313022,DE430,3.2931941203680504
2458003.5,2017.682191780822,-0.03878,5220170907215916895195024936866618169001910067002070041,DE430,3.2931941203680504
2458003.5,2017.682191780822,0.05932,5220170907221140599350724914652601544201910067002136027,DE430,3.2931941203680504
2458003.5,2017.682191780822,0.04284,5220170907222404068356424906909253608301910236002929090,DE430,3.2931941203680504
2458003.5,2017.682191780822,-0.02965,5220170907223540278468524901512763759001910080001839051,DE430,3.2931941203680504
2458003.5,2017.682191780822,0.04641,5220170907230931153452024864379417655201910053002021022,DE430,3.2931941203680504
2458009.5,2017.6986301369864,0.01827,5220170913015549484383724291221160092301910009002223077,DE430,4.650466412034049
2458009.5,2017.6986301369864,0.00498,5220170913022228989229824266931606792301910452002256999,DE430,4.650466412034049
2458009.5,2017.6986301369864,-0.01568,5220170913023524738780624259187700935001910131001498999,DE430,4.650466412034049
2458009.5,2017.6986301369864,0.10135,5220170913024746489071724246870759942201910054001865080,DE430,4.650466412034049
2458009.5,2017.6986301369864,-0.00813,5220170913030345755388224234773379492301910122002342999,DE430,4.650466412034049
2458009.5,2017.6986301369864,0.03872,5220170913031517886774024254247831360101910152001442187,DE430,4.650466412034049
2458009.5,2017.6986301369864,-0.05596,5220170913032803773921124233481391315401910092001136999,DE430,4.650466412034049
2458009.5,2017.6986301369864,-0.01085,5220170913034205088584624214666725316001910016001414999,DE430,4.650466412034049
2458009.5,2017.6986301369864,0.08254,5220170913035702507702524204708000620201910023001954028,DE430,4.650466412034049
2458009.5,2017.6986301369864,-0.00688,5220170913040927664765924199282847171301910082002155999,DE430,4.650466412034049
2458009.5,2017.6986301369864,0.0423,5220170913042253193040924221669736082101910062001284136,DE430,4.650466412034049
2458009.5,2017.6986301369864,-0.05638,5220170913043715560381824204958373966401910042001087999,DE430,4.650466412034049
2458009.5,2017.6986301369864,-0.01638,5220170913044944778362124191171879909001910014001546840,DE430,4.650466412034049
2458009.5,2017.6986301369864,0.06476,5220170913050242910902924186341017513201910017002487018,DE430,4.650466412034049
2458009.5,2017.6986301369864,-0.02503,5220170913051815005503924185160762296301910062002423370,DE430,4.650466412034049
2458009.5,2017.6986301369864,0.02862,5220170913053139467861824212195975521101910090001301161,DE430,4.650466412034049
2458009.5,2017.6986301369864,-0.0835,5220170913054323879420824200598888249401910059001639304,DE430,4.650466412034049
2458009.5,2017.6986301369864,0.10053,5220170913061255107396224191488039354201910024002572029,DE430,4.650466412034049
2458010.5,2017.7013698630137,0.04687,5220170914004253072562324427784687119301910017001578999,DE430,4.881288057217364
2458010.5,2017.7013698630137,0.02427,5220170914013740683283224363688791771301910110002038999,DE430,4.881288057217364
2458010.5,2017.7013698630137,0.06172,5220170914015138035297424376985667759101910141001178308,DE430,4.881288057217364
2458010.5,2017.7013698630137,-0.04511,5220170914020317695617524348633188321401910287001168999,DE430,4.881288057217364
2458010.5,2017.7013698630137,0.00527,5220170914021527828531624324131591378001910034001724999,DE430,4.881288057217364
2458010.5,2017.7013698630137,0.11356,5220170914022939812639224308646304845201910148001628541,DE430,4.881288057217364
2458010.5,2017.7013698630137,0.00565,5220170914024147728353724296277531019301910134002387999,DE430,4.881288057217364
2458010.5,2017.7013698630137,0.05001,5220170914025436454469524313015084071101910342001238600,DE430,4.881288057217364
2458010.5,2017.7013698630137,-0.05952,5220170914032806022713924268558003369401910226001249999,DE430,4.881288057217364
2458010.5,2017.7013698630137,0.00638,5220170914034025301787924247240627627001910027001750999,DE430,4.881288057217364
2458010.5,2017.7013698630137,0.10984,5220170914035430210384424235911199912201910050001408211,DE430,4.881288057217364
2458010.5,2017.7013698630137,-0.00674,5220170914041130527566224224527422438301910107001794999,DE430,4.881288057217364
2458010.5,2017.7013698630137,0.02996,5220170914042234037236424246687513524101910141001339250,DE430,4.881288057217364
2458010.5,2017.7013698630137,-0.00185,5220170914043447489891324211391312590301910114002070999,DE430,4.881288057217364
2458010.5,2017.7013698630137,-0.07795,5220170914044720755313824218686008484401910356001268999,DE430,4.881288057217364
2458010.5,2017.7013698630137,-0.0109,5220170914045413177490724203832536267001910108001415999,DE430,4.881288057217364
2458010.5,2017.7013698630137,0.09874,5220170914052355706459124192185080653201910289001523611,DE430,4.881288057217364
2458010.5,2017.7013698630137,-0.02644,5220170914053401284558824189699427189301910261002460999,DE430,4.881288057217364
2458010.5,2017.7013698630137,0.01483,5220170914054829747919524215633450846101910294001419443,DE430,4.881288057217364
2458010.5,2017.7013698630137,-0.08487,5220170914055803219082024199400656300401910107001291999,DE430,4.881288057217364
2458010.5,2017.7013698630137,-0.01855,5220170914061213330801724186649890859001910041001707391,DE430,4.881288057217364
2458010.5,2017.7013698630137,0.1002,5220170914062350628417824185117767504201910059001543276,DE430,4.881288057217364
2458010.5,2017.7013698630137,-0.02478,5220170914063436326680424185966406918301910182002229999,DE430,4.881288057217364
2458010.5,2017.7013698630137,0.00459,5220170914064805006088124216156375317101910109001444238,DE430,4.881288057217364
2458010.5,2017.7013698630137,-0.09034,5220170914070003513589324203655819894401910151001187999,DE430,4.881288057217364
2458010.5,2017.7013698630137,-0.03316,5220170914071949735442324197165121392001910046001566129,DE430,4.881288057217364
2458010.5,2017.7013698630137,-0.04094,5220170914085943417944324252058003484301910029002261046,DE430,4.881288057217364
2458010.5,2017.7013698630137,-0.03847,5220170914092709751596724275117492917301910065002314307,DE430,4.881288057217364
2458010.5,2017.7013698630137,0.00564,5220170914093816409455124313364069185101910113001394213,DE430,4.881288057217364
2458010.5,2017.7013698630137,-0.09787,5220170914094921442035624309607895724401910158001194999,DE430,4.881288057217364
2458010.5,2017.7013698630137,-0.03392,5220170914100209589130024310219889951001910032001750127,DE430,4.881288057217364
2458010.5,2017.7013698630137,-0.03709,5220170914105119295526524361335792061301910044002614112,DE430,4.881288057217364
2458011.5,2017.704109589041,-0.01925,5220170915030215528305424370112161458301910076001849999,DE430,5.1115306790945425
2458011.5,2017.704109589041,-0.01917,5220170915030936355421924362109590038001910073001511999,DE430,5.1115306790945425
2458011.5,2017.704109589041,-0.07762,5220170915032343262136924360648622839401910069001090999,DE430,5.1115306790945425
2458011.5,2017.704109589041,-0.01552,5220170915033708167295324365895141305101910106001557148,DE430,5.1115306790945425
2458011.5,2017.704109589041,0.10955,5220170915034929979316124323865451548201910036001227999,DE430,5.1115306790945425
2458011.5,2017.704109589041,-0.0298,5220170915040823706448024307574368228301910175001593999,DE430,5.1115306790945425
2458017.5,2017.7205479452055,0.00164,5220170921095745890788525524109927577301910031003396017,DE430,0.164518115119328
2458017.5,2017.7205479452055,-0.03007,5220170921113349705334025491363261254301910067002174050,DE430,0.164518115119328
2458017.5,2017.7205479452055,-0.07725,5220170921115609976381525490635044586301910034003467021,DE430,0.164518115119328
2458024.5,2017.7397260273972,0.04612,5220170928170825342516026602420763707301910031002819042,DE430,1.547771993818707
2458024.5,2017.7397260273972,0.0305,5220170928172456045857926597703451090301910066001375437,DE430,1.547771993818707
2458024.5,2017.7397260273972,-0.018,5220170928173503101070126611436219001401910061001599123,DE430,1.547771993818707
2458024.5,2017.7397260273972,0.12475,5220170928174530645009726622446788404101910077001270999,DE430,1.547771993818707
2458024.5,2017.7397260273972,0.05689,5220170928175858371485726580755563967201910026000857999,DE430,1.547771993818707
2458024.5,2017.7397260273972,0.00451,5220170928180805550167726587846066002001910008001161076,DE430,1.547771993818707
2458025.5,2017.7424657534248,0.03907,5220170929171206752847526448781757864301910194001912218,DE430,1.7380887145284025
2458025.5,2017.7424657534248,0.11635,5220170929173706538040826462130410937101910068001177999,DE430,1.7380887145284025
2458025.5,2017.7424657534248,-0.04177,5220170929174925919140226446354153549401910079001927062,DE430,1.7380887145284025
2458025.5,2017.7424657534248,-0.00481,5220170929190918328385526411794821945301910065002583065,DE430,1.7380887145284025
2458025.5,2017.7424657534248,0.04173,5220170929193817038747226402044796439201910019001345166,DE430,1.7380887145284025
2458028.5,2017.7506849315068,0.00327,5220171002215306908818925456652969842301910165003189047,DE430,2.3270549540617456
2458028.5,2017.7506849315068,0.00456,5220171002221000391661325457261334476301910155002845066,DE430,2.3270549540617456
2458028.5,2017.7506849315068,0.02522,5220171002222357907504125449985013373201910081001982066,DE430,2.3270549540617456
2458028.5,2017.7506849315068,-0.05931,5220171002223435515438125464197166102001910104001853079,DE430,2.3270549540617456
2458028.5,2017.7506849315068,0.00148,5220171002225835349589725467243143829301910147003307068,DE430,2.3270549540617456
2458028.5,2017.7506849315068,0.03472,5220171002231253348784525463399864065201910083001808077,DE430,2.3270549540617456
2458028.5,2017.7506849315068,-0.05954,5220171002232516465121525481118874297001910128001587141,DE430,2.3270549540617456
2458028.5,2017.7506849315068,-0.00863,5220171002233711408912825483372614917301910105003227079,DE430,2.3270549540617456
2458035.5,2017.7698630136986,0.34065,5220171009230228659018824151934570559301910022003602007,DE430,3.892908568923496
2458035.5,2017.7698630136986,-0.00214,5220171009231913960061524148056359738401910045001212173,DE430,3.892908568923496
2458035.5,2017.7698630136986,-0.00261,5220171009233137883013324135726134298401910026001796115,DE430,3.892908568923496
2458035.5,2017.7698630136986,0.04941,5220171009234242321760024111613301022301910046002855033,DE430,3.892908568923496
2458036.5,2017.772602739726,0.00578,5220171010001226189241324098688393356401910034001373154,DE430,4.128561817189178
2458036.5,2017.772602739726,0.02059,5220171010020224339139324019041591768301910050002359044,DE430,4.128561817189178
2458036.5,2017.772602739726,0.01139,5220171010021004479182524019210716551001910022001730116,DE430,4.128561817189178
2458036.5,2017.772602739726,0.09976,5220171010022453714986424013396276649201910056002205029,DE430,4.128561817189178
2458036.5,2017.772602739726,0.06229,5220171010023811655989024037738129776101910059002026047,DE430,4.128561817189178
2458036.5,2017.772602739726,-0.03963,5220171010025244611382824021980012766401910040001377180,DE430,4.128561817189178
2458036.5,2017.772602739726,0.02167,5220171010030149576199024007667817622301910086002660065,DE430,4.128561817189178
2458037.5,2017.7753424657535,0.03266,5220171011041038345237124088259097243301910056001737127,DE430,4.362531403643852
2458037.5,2017.7753424657535,0.00926,5220171011041848656149824088882320077301910098002057146,DE430,4.362531403643852
2458037.5,2017.7753424657535,-0.01374,5220171011042941912902024119593347794101910024002315023,DE430,4.362531403643852
2458037.5,2017.7753424657535,-0.00134,5220171011044120949511524092400001217301910140002186194,DE430,4.362531403643852
2458037.5,2017.7753424657535,-0.04852,5220171011045554701414024108878332867401910137001274999,DE430,4.362531403643852
2458037.5,2017.7753424657535,-0.01246,5220171011050709996122124100715596607001910030001461740,DE430,4.362531403643852
2458037.5,2017.7753424657535,0.1002,5220171011052007535246724105130500887201910044001925036,DE430,4.362531403643852
2458037.5,2017.7753424657535,-0.02165,5220171011062558340067824142165233363301910311002135350,DE430,4.362531403643852
2458037.5,2017.7753424657535,0.01548,5220171011063426881221324177554222500101910166001201178,DE430,4.362531403643852
2458037.5,2017.7753424657535,-0.01557,5220171011074743803252224214805642945301910127002255152,DE430,4.362531403643852
2458037.5,2017.7753424657535,0.02559,5220171011080451500857024262004102007101910066001335047,DE430,4.362531403643852
2458037.5,2017.7753424657535,-0.0591,5220171011081528289769524257823486466401910185000985999,DE430,4.362531403643852
2458037.5,2017.7753424657535,0.01666,5220171011082709496778624259271213920001910033001527300,DE430,4.362531403643852
2458037.5,2017.7753424657535,0.10264,5220171011084154360199224275565442278201910062001651062,DE430,4.362531403643852
2458037.5,2017.7753424657535,-0.01339,5220171011085259353235324288467275004301910052002270053,DE430,4.362531403643852
2458037.5,2017.7753424657535,0.00381,5220171011090444187324024331717407896101910037001867037,DE430,4.362531403643852
2458037.5,2017.7753424657535,-0.04644,5220171011091901630162324333599051502401910068001323428,DE430,4.362531403643852
2458037.5,2017.7753424657535,-0.04303,5220171011093507465411824342109650851001910017002711074,DE430,4.362531403643852
2458037.5,2017.7753424657535,-0.02748,5220171011094728719540024356609467574301910041002992035,DE430,4.362531403643852
2458038.5,2017.7780821917809,0.00509,5220171012000826766715624397679254846301910020003655043,DE430,4.593776328988179
2458038.5,2017.7780821917809,0.02946,5220171012002125203436824382984842962001910028001378999,DE430,4.593776328988179
2458038.5,2017.7780821917809,0.12034,5220171012003346311965924371897193954201910025003092021,DE430,4.593776328988179
2458038.5,2017.7780821917809,0.02674,5220171012005255152466224351589515883301910055001701194,DE430,4.593776328988179
2458038.5,2017.7780821917809,0.02327,5220171012013758875268424309622949827301910055002613124,DE430,4.593776328988179
2458038.5,2017.7780821917809,-0.02155,5220171012014909113200124311624518224401910105001058999,DE430,4.593776328988179
2458038.5,2017.7780821917809,0.03962,5220171012020941085916824282919945235001910012001793454,DE430,4.593776328988179
2458038.5,2017.7780821917809,0.13585,5220171012021933147827324277262579509201910027001924029,DE430,4.593776328988179
2458038.5,2017.7780821917809,0.01997,5220171012023138672466924268170483850301910038002284097,DE430,4.593776328988179
2458038.5,2017.7780821917809,-0.03412,5220171012024442040816224271294273604401910083001171999,DE430,4.593776328988179
2458038.5,2017.7780821917809,0.05026,5220171012025640816775624251711917827001910009001272999,DE430,4.593776328988179
2458038.5,2017.7780821917809,0.00742,5220171012031711838322424241955183143301910090002355198,DE430,4.593776328988179
2458038.5,2017.7780821917809,0.03762,5220171012033026207601524267259319123101910050001341067,DE430,4.593776328988179
2458038.5,2017.7780821917809,-0.03397,5220171012034128907095024243432701915401910174001119999,DE430,4.593776328988179
2458038.5,2017.7780821917809,0.01279,5220171012035132086830824227497563396001910023001354999,DE430,4.593776328988179
2458038.5,2017.7780821917809,0.12329,5220171012040635099971724224673516934201910059001388096,DE430,4.593776328988179
2458038.5,2017.7780821917809,0.00393,5220171012041716281980624222010104064301910132001973390,DE430,4.593776328988179
2458038.5,2017.7780821917809,0.00275,5220171012074427039864424292887412901301910147001770588,DE430,4.593776328988179
2458038.5,2017.7780821917809,0.01237,5220171012075531048147024301777702140001910127001621959,DE430,4.593776328988179
2458038.5,2017.7780821917809,0.07864,5220171012080505203163424310989905788201910073001951063,DE430,4.593776328988179
2458038.5,2017.7780821917809,0.02209,5220171012082453966989324360614335241101910151001416132,DE430,4.593776328988179
2458038.5,2017.7780821917809,-0.05065,5220171012083809988982524355630193348401910185001119999,DE430,4.593776328988179
2458038.5,2017.7780821917809,-0.03495,5220171012084914925457324355207006736301910022002084051,DE430,4.593776328988179
2458039.5,2017.7808219178082,0.01551,5220171013015835679642324507172180889301910222002003999,DE430,4.821730232043806
2458039.5,2017.7808219178082,0.0342,5220171013021126525192924527941362993101910388001027653,DE430,4.821730232043806
2458039.5,2017.7808219178082,-0.02645,5220171013022316534197024495068137589401910592001210999,DE430,4.821730232043806
2458039.5,2017.7808219178082,0.02696,5220171013023653707182524469697003990001910112001421999,DE430,4.821730232043806
2458039.5,2017.7808219178082,0.0035,5220171013030045496329424453320485433301910275001832999,DE430,4.821730232043806
2458039.5,2017.7808219178082,0.12601,5220171013031427105771924443012566161201910131001429347,DE430,4.821730232043806
2458039.5,2017.7808219178082,0.02704,5220171013032513683019824468489236528101910077001111186,DE430,4.821730232043806
2458039.5,2017.7808219178082,-0.05693,5220171013033831453467224437937449328401910025001283999,DE430,4.821730232043806
2458039.5,2017.7808219178082,0.01597,5220171013040124566593924411285251357001910074001263999,DE430,4.821730232043806
2458039.5,2017.7808219178082,-0.00762,5220171013041110335641424409283676036301910170001720999,DE430,4.821730232043806
2458039.5,2017.7808219178082,0.01594,5220171013042749862752224434681588695101910273001167530,DE430,4.821730232043806
2458039.5,2017.7808219178082,-0.0576,5220171013044014956860724408357485046401910285001339999,DE430,4.821730232043806
2458039.5,2017.7808219178082,0.00836,5220171013045637468746724389787090434001910075001522999,DE430,4.821730232043806
2458039.5,2017.7808219178082,-0.01261,5220171013051435355422424388783544173301910537001816999,DE430,4.821730232043806
2458039.5,2017.7808219178082,0.00654,5220171013052627992172324419709661359101910603000979999,DE430,4.821730232043806
2458039.5,2017.7808219178082,-0.06486,5220171013053942776810324397241201503401910212001154999,DE430,4.821730232043806
2458039.5,2017.7808219178082,-0.00055,5220171013055105240360324383401783541001910073001171999,DE430,4.821730232043806
2458039.5,2017.7808219178082,-0.01499,5220171013060243234071524386751021102301910129002111999,DE430,4.821730232043806
2458039.5,2017.7808219178082,0.00594,5220171013061552595178724420729471222101910119001368228,DE430,4.821730232043806
2458039.5,2017.7808219178082,0.00393,5220171013063214032706724423881209150101910089001502186,DE430,4.821730232043806
2458039.5,2017.7808219178082,-0.06994,5220171013064753285762824407004185761401910207001130999,DE430,4.821730232043806
2458039.5,2017.7808219178082,-4e-05,5220171013070913565864524401206853091001910113001499999,DE430,4.821730232043806
2458039.5,2017.7808219178082,-0.01685,5220171013071749853027224407709656925301910329001735999,DE430,4.821730232043806
2458039.5,2017.7808219178082,-0.03174,5220171013082938972154324454133299260301910163001719999,DE430,4.821730232043806
2458039.5,2017.7808219178082,-0.02851,5220171013084102126351824463661940848301910102001824614,DE430,4.821730232043806
2458039.5,2017.7808219178082,-0.02944,5220171013085539551165724476698560471301910048002054222,DE430,4.821730232043806
2458039.5,2017.7808219178082,-0.01136,5220171013090802230217224488405057974301910037001666453,DE430,4.821730232043806
2458042.5,2017.7890410958903,-0.04472,5220171016072435018547525033714793974301910152001936343,DE430,5.485038900203477
2458042.5,2017.7890410958903,-0.0267,5220171016073529301657725066532374056101910103001469286,DE430,5.485038900203477
2458042.5,2017.7890410958903,-0.0826,5220171016074824531004125038061412210401910415001662999,DE430,5.485038900203477
2458042.5,2017.7890410958903,-0.01642,5220171016080208270414125018689116434001910035001421258,DE430,5.485038900203477
2458042.5,2017.7890410958903,0.05713,5220171016081224667525525021471052158201910032001043223,DE430,5.485038900203477
2458042.5,2017.7890410958903,-0.04169,5220171016082732548634625025916542420301910077002003314,DE430,5.485038900203477
2458042.5,2017.7890410958903,-0.01937,5220171016083814661736025062235834822101910057001181466,DE430,5.485038900203477
2458042.5,2017.7890410958903,-0.07529,5220171016090602987432825041711538941401910044001683259,DE430,5.485038900203477
2458042.5,2017.7890410958903,-0.02087,5220171016092004555728625028242018980001910023001111253,DE430,5.485038900203477
2458042.5,2017.7890410958903,0.07038,5220171016093527126556125037176021061201910020001383162,DE430,5.485038900203477
2458042.5,2017.7890410958903,-0.04151,5220171016095201601019225049349425201301910051001906209,DE430,5.485038900203477
2458042.5,2017.7890410958903,-0.06358,5220171016110442181539025099647527434301910054002372060,DE430,5.485038900203477
2458042.5,2017.7890410958903,-0.0338,5220171016111315017551825142379811895101910041001408131,DE430,5.485038900203477
2458042.5,2017.7890410958903,-0.09272,5220171016112539237805525129078079557401910048001811120,DE430,5.485038900203477
2458042.5,2017.7890410958903,-0.08444,5220171016114354932329725137136446029301910022003069020,DE430,5.485038900203477
2458042.5,2017.7890410958903,-0.01854,5220171016115953612465225154243131380301910028002609037,DE430,5.485038900203477
2458042.5,2017.7890410958903,-0.03251,5220171016120957486954425200549886399101910048001923065,DE430,5.485038900203477
2458042.5,2017.7890410958903,-0.07194,5220171016122216556282925190118244524401910028002377040,DE430,5.485038900203477
2458042.5,2017.7890410958903,-0.05113,5220171016123308867348925192850567918301910032002733021,DE430,5.485038900203477
2458044.5,2017.7945205479452,-0.10158,5220171018093021498754525530495720354301910081003703014,DE430,5.910982001291863
2458044.5,2017.7945205479452,-0.0828,5220171018120201812090425576091286409301910084002926016,DE430,5.910982001291863
2458049.5,2017.8082191780823,0.06151,5220171023125639408581826655912766012301910041001722117,DE430,0.6333193536959527
2458049.5,2017.8082191780823,0.07866,5220171023130925179017726685183482948101910020002003069,DE430,0.6333193536959527
2458049.5,2017.8082191780823,0.0274,5220171023132031313666426662909220070401910016001949050,DE430,0.6333193536959527
2458049.5,2017.8082191780823,0.0107,5220171023134218527282226646873351586301910018003149021,DE430,0.6333193536959527
2458049.5,2017.8082191780823,0.07908,5220171023135439116793226678968283383101910022001595068,DE430,0.6333193536959527
2458049.5,2017.8082191780823,-0.02815,5220171023140950348132826659836969997401910041001591180,DE430,0.6333193536959527
2458049.5,2017.8082191780823,0.03777,5220171023142216574280426647833370482301910071001845148,DE430,0.6333193536959527
2458049.5,2017.8082191780823,0.11259,5220171023143311203961926682091713052101910041001571182,DE430,0.6333193536959527
2458049.5,2017.8082191780823,-0.00365,5220171023144420395324226665253805384401910044002013166,DE430,0.6333193536959527
2458049.5,2017.8082191780823,0.02983,5220171023145625720664126655278558782301910057001991095,DE430,0.6333193536959527
2458049.5,2017.8082191780823,0.06942,5220171023150819280160426691694507830101910022001245090,DE430,0.6333193536959527
2458049.5,2017.8082191780823,-0.01787,5220171023152108604678826677833686711401910014002532041,DE430,0.6333193536959527
2458050.5,2017.8109589041096,0.03758,5220171024143225129922426730512124893301910033003232011,DE430,0.8248574997512494
2458050.5,2017.8109589041096,0.00475,5220171024153651855385526733828275658301910063003045021,DE430,0.8248574997512494
2458050.5,2017.8109589041096,0.01635,5220171024160241715281726741158405875301910045002400041,DE430,0.8248574997512494
2458050.5,2017.8109589041096,-0.00896,5220171024161526794320626760605192981401910073001827062,DE430,0.8248574997512494
2458050.5,2017.8109589041096,0.08719,5220171024162518736965226780988695318101910090001453370,DE430,0.8248574997512494
2458050.5,2017.8109589041096,0.02878,5220171024163814026008926756668095045301910213001276999,DE430,0.8248574997512494
2458050.5,2017.8109589041096,0.09171,5220171024164748463334726792471625334101910071001410999,DE430,0.8248574997512494
2458050.5,2017.8109589041096,0.01322,5220171024170040061465026784279304229401910011001326993,DE430,0.8248574997512494
2458050.5,2017.8109589041096,0.02819,5220171024171147947442426776800540611301910013001143999,DE430,0.8248574997512494
2458051.5,2017.813698630137,0.06896,5220171025135527713701226764114879894301910054002748030,DE430,1.0144756619987794
2458051.5,2017.813698630137,0.13116,5220171025140800355564526786683596581101910046001858039,DE430,1.0144756619987794
2458051.5,2017.813698630137,0.00826,5220171025143957963248626757941801734401910050002149049,DE430,1.0144756619987794
2458051.5,2017.813698630137,0.03744,5220171025145247661917126738136279584301910042003448016,DE430,1.0144756619987794
2458051.5,2017.813698630137,0.04104,5220171025163239181465526732436193196301910063001078510,DE430,1.0144756619987794
2458051.5,2017.813698630137,0.0936,5220171025164529943852926764373799369101910021001447521,DE430,1.0144756619987794
2458051.5,2017.813698630137,0.0057,5220171025165955927559326755553662348401910037001920290,DE430,1.0144756619987794
2458051.5,2017.813698630137,0.04861,5220171025171345553699226744853697497301910024001526999,DE430,1.0144756619987794
2458051.5,2017.813698630137,0.02668,5220171025173920006056126756714520453301910029001376999,DE430,1.0144756619987794
2458052.5,2017.8164383561643,0.05762,5220171026143005694779226687398638505301910024002326106,DE430,1.2032570015012438
2458052.5,2017.8164383561643,0.13545,5220171026144308273229226706207966282101910033001404223,DE430,1.2032570015012438
2458052.5,2017.8164383561643,-0.02972,5220171026145452888916226687638805924401910022002984020,DE430,1.2032570015012438
2458052.5,2017.8164383561643,0.06614,5220171026150645181125026664333753200301910025002724082,DE430,1.2032570015012438
2458052.5,2017.8164383561643,0.12126,5220171026151835687303026685823404909101910028001942213,DE430,1.2032570015012438
2458052.5,2017.8164383561643,-0.01605,5220171026153249934785226668452291106401910038001937059,DE430,1.2032570015012438
2458052.5,2017.8164383561643,-0.02205,5220171026154404662767526644625035116001910025001213083,DE430,1.2032570015012438
2458052.5,2017.8164383561643,0.05884,5220171026155705274977226631913345863201910021000943562,DE430,1.2032570015012438
2458052.5,2017.8164383561643,0.04218,5220171026161021360734526639785436551301910043001516420,DE430,1.2032570015012438
2458052.5,2017.8164383561643,0.11726,5220171026162159876234226664841874453101910096001272953,DE430,1.2032570015012438
2458052.5,2017.8164383561643,-0.00806,5220171026163357088089426652729759410401910099001492178,DE430,1.2032570015012438
2458052.5,2017.8164383561643,-0.03552,5220171026164432183432226632452651388001910049001462162,DE430,1.2032570015012438
2458052.5,2017.8164383561643,0.03602,5220171026165713027190326623471420352201910020000508999,DE430,1.2032570015012438
2458052.5,2017.8164383561643,0.0335,5220171026170946375608126635540624688301910085002000999,DE430,1.2032570015012438
2458052.5,2017.8164383561643,0.11101,5220171026172236779137726664097512735101910042001160999,DE430,1.2032570015012438
2458052.5,2017.8164383561643,-0.02379,5220171026173528352257826656324482256401910061001789119,DE430,1.2032570015012438
2458052.5,2017.8164383561643,-0.03196,5220171026174509116262726639116750681001910048001325150,DE430,1.2032570015012438
2458052.5,2017.8164383561643,0.05163,5220171026175441768950126632738227282201910016000805999,DE430,1.2032570015012438
2458052.5,2017.8164383561643,0.0339,5220171026180836828413026649073369779301910059001913999,DE430,1.2032570015012438
2458053.5,2017.8191780821917,0.03749,5220171027153225332075526496859016348301910070002465305,DE430,1.3925163853591465
2458053.5,2017.8191780821917,0.11367,5220171027154257327759226515346961080101910047001234500,DE430,1.3925163853591465
2458053.5,2017.8191780821917,-0.02269,5220171027155732574830626498121394656401910099001561093,DE430,1.3925163853591465
2458053.5,2017.8191780821917,-0.05405,5220171027160934452580626472772607441001910022001899030,DE430,1.3925163853591465
2458053.5,2017.8191780821917,0.05273,5220171027163054028441926463303697746301910018002204097,DE430,1.3925163853591465
2458053.5,2017.8191780821917,0.10502,5220171027164353316702226483677961329101910037001313999,DE430,1.3925163853591465
2458053.5,2017.8191780821917,-0.05009,5220171027165521094893526472236209786401910027002261028,DE430,1.3925163853591465
2458053.5,2017.8191780821917,0.03767,5220171027174433541273826445737590466301910014002859123,DE430,1.3925163853591465
2458053.5,2017.8191780821917,0.10682,5220171027175756794176026470802955170101910039001200999,DE430,1.3925163853591465
2458053.5,2017.8191780821917,-0.04234,5220171027180817119518126464185283774401910035001751038,DE430,1.3925163853591465
2458053.5,2017.8191780821917,0.05791,5220171027181937691100426447281051983301910015003112113,DE430,1.3925163853591465
2458056.5,2017.827397260274,-0.03778,5220171030192512466115625413717786595301910177003212088,DE430,1.978405256854848
2458056.5,2017.827397260274,0.07105,5220171030193717391586425430323871610101910069001050236,DE430,1.978405256854848
2458056.5,2017.827397260274,-0.00188,5220171030200521386013625402059679772301910084003482028,DE430,1.978405256854848
2458056.5,2017.827397260274,-0.08733,5220171030202111683469925420003246508401910047002218017,DE430,1.978405256854848
2458056.5,2017.827397260274,-0.03257,5220171030203201221629125399169324325301910065003230027,DE430,1.978405256854848
2458056.5,2017.827397260274,-0.01604,5220171030212553295878225404840163186301910092003265042,DE430,1.978405256854848
2458056.5,2017.827397260274,0.06502,5220171030213917094638225429242861610101910068001067223,DE430,1.978405256854848
2458056.5,2017.827397260274,-0.04886,5220171030215344732181725413519770201301910099003037048,DE430,1.978405256854848
2458056.5,2017.827397260274,-0.11456,5220171030220347721909125437885228680401910029002386026,DE430,1.978405256854848
2458056.5,2017.827397260274,-0.02825,5220171030222622606638925428277703160301910050003390011,DE430,1.978405256854848
2458056.5,2017.827397260274,0.0632,5220171030225533843568725465837636086101910023000892221,DE430,1.978405256854848
2458057.5,2017.8301369863013,-0.07553,5220171031223303507473024996279593929401910033002054015,DE430,2.184823900600966
2458057.5,2017.8301369863013,0.0198,5220171031231230443570324993003680151301910060003541018,DE430,2.184823900600966
2458057.5,2017.8301369863013,-0.00535,5220171031232600230974924992913352320201910077002320039,DE430,2.184823900600966
2458058.5,2017.8328767123287,-0.02641,5220171101000709039750425027389990423301910121003499040,DE430,2.3988407081128456
2458058.5,2017.8328767123287,-0.08433,5220171101002411552975625046666076053001910055002130038,DE430,2.3988407081128456
2458067.5,2017.8575342465754,0.01933,5220171110014035549488024413786444731301910129002429178,DE430,4.519765560699481
2458067.5,2017.8575342465754,0.0288,5220171110015618019943824437662909842101910078001569069,DE430,4.519765560699481
2458067.5,2017.8575342465754,-0.0218,5220171110020805534799824404356134470401910109001418999,DE430,4.519765560699481
2458067.5,2017.8575342465754,0.02994,5220171110021816915116324383537993559001910023001318999,DE430,4.519765560699481
2458067.5,2017.8575342465754,0.01771,5220171110031843016312924360874288159301910081002272127,DE430,4.519765560699481
2458067.5,2017.8575342465754,0.01213,5220171110033218356986124391708357597101910089001351080,DE430,4.519765560699481
2458067.5,2017.8575342465754,-0.0224,5220171110034246393203824364002744484401910162001419999,DE430,4.519765560699481
2458067.5,2017.8575342465754,0.02267,5220171110035614902177324347003344488001910041001254999,DE430,4.519765560699481
2458067.5,2017.8575342465754,-0.00227,5220171110040802684435724350863356920301910064001987431,DE430,4.519765560699481
2458067.5,2017.8575342465754,0.00259,5220171110041246656025924385258527887101910036000894251,DE430,4.519765560699481
2458067.5,2017.8575342465754,-0.03277,5220171110041753960927824359929842328401910111001074999,DE430,4.519765560699481
2458067.5,2017.8575342465754,0.01673,5220171110043035241957224345301062260001910035001568806,DE430,4.519765560699481
2458067.5,2017.8575342465754,0.10014,5220171110044854794499424351210652641201910035001774028,DE430,4.519765560699481
2458067.5,2017.8575342465754,0.00178,5220171110050056671773224353988108046301910119002205172,DE430,4.519765560699481
2458067.5,2017.8575342465754,0.00027,5220171110051446704043824391809422301101910097001360088,DE430,4.519765560699481
2458067.5,2017.8575342465754,-0.03205,5220171110053041675852024371960095112401910054001397999,DE430,4.519765560699481
2458067.5,2017.8575342465754,0.02296,5220171110054446579032624362749311590001910021001483999,DE430,4.519765560699481
2458067.5,2017.8575342465754,0.10203,5220171110055734922990524372757886650201910039001891023,DE430,4.519765560699481
2458067.5,2017.8575342465754,-0.01086,5220171110061007448323724380271833189301910119002423145,DE430,4.519765560699481
2458067.5,2017.8575342465754,0.01131,5220171110062345898437724422792228466101910053001580050,DE430,4.519765560699481
2458067.5,2017.8575342465754,-0.02865,5220171110063410091134224405024147506401910174001385999,DE430,4.519765560699481
2458067.5,2017.8575342465754,0.01322,5220171110065450381026624444600432660101910032001837027,DE430,4.519765560699481
2458067.5,2017.8575342465754,-0.03577,5220171110070906547137224431733550388401910182001226999,DE430,4.519765560699481
2458067.5,2017.8575342465754,0.0114,5220171110071938594794924465279319416101910072001553061,DE430,4.519765560699481
2458067.5,2017.8575342465754,-0.00401,5220171110073527048118224445601175520301910237002104323,DE430,4.519765560699481
2458067.5,2017.8575342465754,-0.03686,5220171110074743999067624467671787167401910094001341999,DE430,4.519765560699481
2458067.5,2017.8575342465754,0.00066,5220171110081039705007024481904374989301910148001926196,DE430,4.519765560699481
2458067.5,2017.8575342465754,0.00413,5220171110083323600681524507811317724301910158001946161,DE430,4.519765560699481
2458067.5,2017.8575342465754,-0.01435,5220171110084627236056524533512274093401910070001621169,DE430,4.519765560699481
2458067.5,2017.8575342465754,-0.01116,5220171110090002901219524540349923154301910186002121185,DE430,4.519765560699481
2458067.5,2017.8575342465754,0.11528,5220171110091200615315624554518527049201910070001602065,DE430,4.519765560699481
2458067.5,2017.8575342465754,0.01496,5220171110092215941222224569017526846301910063002521062,DE430,4.519765560699481
2458067.5,2017.8575342465754,-0.00041,5220171110101016006764124634687793069301910032002760036,DE430,4.519765560699481
2458071.5,2017.868493150685,-0.00892,5220171114050712382831525644104642994301910060001911999,DE430,5.384194943472372
2458071.5,2017.868493150685,-0.01238,5220171114051852668910925635392046375301910064002323999,DE430,5.384194943472372
2458071.5,2017.868493150685,-0.00194,5220171114053406490661625662425480757101910041001387999,DE430,5.384194943472372
2458071.5,2017.868493150685,-0.02883,5220171114054724337315125625148279243401910031002073999,DE430,5.384194943472372
2458071.5,2017.868493150685,-0.01494,5220171114060816059023625604759341672301910015002893504,DE430,5.384194943472372
2458071.5,2017.868493150685,-0.0401,5220171114084609242630725588536378934301910104001893552,DE430,5.384194943472372
2458071.5,2017.868493150685,-0.072,5220171114090138387173725603467477938401910058001696327,DE430,5.384194943472372
2458071.5,2017.868493150685,-0.02981,5220171114091502096983825637279335124101910050001469320,DE430,5.384194943472372
2458071.5,2017.868493150685,-0.00094,5220171114092807173331025596905586880001910014001435111,DE430,5.384194943472372
2458071.5,2017.868493150685,0.05282,5220171114093954625345525607776596927201910019001499129,DE430,5.384194943472372
2458071.5,2017.868493150685,-0.03019,5220171114095048914670025657984295091101910030001348271,DE430,5.384194943472372
2458071.5,2017.868493150685,-0.03581,5220171114100752174707225633361795060301910042002234183,DE430,5.384194943472372
2458071.5,2017.868493150685,0.03635,5220171114101946037637125636450424378201910023002066121,DE430,5.384194943472372
2458071.5,2017.868493150685,-0.08204,5220171114103218684817125662851427830401910031001899219,DE430,5.384194943472372
2458071.5,2017.868493150685,-0.01461,5220171114104427628955025654443485800001910013001141114,DE430,5.384194943472372
2458071.5,2017.868493150685,-0.05092,5220171114105813234723825677801732383301910030002175136,DE430,5.384194943472372
2458071.5,2017.868493150685,-0.0988,5220171114122726336548825782153120310301910018003858030,DE430,5.384194943472372
2458072.5,2017.8712328767124,-0.01253,5220171115053048390598625934440330989301910023001912999,DE430,5.5896491936986274
2458072.5,2017.8712328767124,-0.01442,5220171115053933501150325927037296650301910034001911999,DE430,5.5896491936986274
2458072.5,2017.8712328767124,0.01258,5220171115055139196689225954754917138101910053001562999,DE430,5.5896491936986274
2458072.5,2017.8712328767124,-0.02063,5220171115060450916122925916245762232401910094001913999,DE430,5.5896491936986274
2458072.5,2017.8712328767124,0.0101,5220171115061801351975925886641801516001910028001216629,DE430,5.5896491936986274
2458072.5,2017.8712328767124,0.05867,5220171115062902190724125883434418257201910056001327411,DE430,5.5896491936986274
2458072.5,2017.8712328767124,-0.00742,5220171115064014756331025883730782457301910116002267291,DE430,5.5896491936986274
2458072.5,2017.8712328767124,-0.00815,5220171115065557341441125912431756641101910068001609305,DE430,5.5896491936986274
2458072.5,2017.8712328767124,-0.04382,5220171115071013463773825877416473658401910075001959377,DE430,5.5896491936986274
2458072.5,2017.8712328767124,-0.0171,5220171115072058769893025852655451909001910053001637209,DE430,5.5896491936986274
2458072.5,2017.8712328767124,0.04272,5220171115073316785386625852041616576201910063001356292,DE430,5.5896491936986274
2458072.5,2017.8712328767124,-0.02462,5220171115074634859386025855341174318301910115002141211,DE430,5.5896491936986274
2458072.5,2017.8712328767124,0.00215,5220171115075811193578225889835481164101910019002156044,DE430,5.5896491936986274
2458072.5,2017.8712328767124,-0.04636,5220171115082906457640225858422941187401910076002281099,DE430,5.5896491936986274
2458072.5,2017.8712328767124,-0.03355,5220171115084746561241625849396304639301910168002479046,DE430,5.5896491936986274
2458072.5,2017.8712328767124,-0.01048,5220171115091432511436625890201411004101910180001558251,DE430,5.5896491936986274
2458072.5,2017.8712328767124,-0.04975,5220171115092550134694625865608133114401910116001704231,DE430,5.5896491936986274
2458072.5,2017.8712328767124,-0.03991,5220171115094803844706225863707334337301910080002721026,DE430,5.5896491936986274
2458072.5,2017.8712328767124,0.045,5220171115102035092736925872204592498201910043001297145,DE430,5.5896491936986274
2458072.5,2017.8712328767124,-0.03014,5220171115103027826054825875084007423001910019002229041,DE430,5.5896491936986274
2458072.5,2017.8712328767124,-0.02495,5220171115105746173472625894264054772001910024001588095,DE430,5.5896491936986274
2458072.5,2017.8712328767124,-0.02153,5220171115115056046918925952301750131301910096002237119,DE430,5.5896491936986274
2458072.5,2017.8712328767124,-0.04142,5220171115123733067126226003803896353301910066002060088,DE430,5.5896491936986274
2458072.5,2017.8712328767124,-0.04328,5220171115124845990575026027345384744401910036002050051,DE430,5.5896491936986274
2458072.5,2017.8712328767124,0.02919,5220171115130056171767026068876508650101910027002756028,DE430,5.5896491936986274
2458073.5,2017.8739726027397,-0.00026,5220171116072951373498426128401450189301910035002240037,DE430,5.791915605069526
2458073.5,2017.8739726027397,-0.02173,5220171116085403743684826097086815677301910168002003256,DE430,5.791915605069526
2458073.5,2017.8739726027397,-0.00839,5220171116090447032512226095727377621301910090002295153,DE430,5.791915605069526
2458073.5,2017.8739726027397,-0.00058,5220171116091838553676726131500115094101910172001392586,DE430,5.791915605069526
2458073.5,2017.8739726027397,-0.03785,5220171116092848295155126104892018647401910113001817281,DE430,5.791915605069526
2458073.5,2017.8739726027397,-0.01787,5220171116100148015234526099036161652301910204002102260,DE430,5.791915605069526
2458073.5,2017.8739726027397,-0.01115,5220171116101620276775526091966002328001910030001403081,DE430,5.791915605069526
2458073.5,2017.8739726027397,0.03024,5220171116102818556471826098162366948201910027002141056,DE430,5.791915605069526
2458073.5,2017.8739726027397,-0.0206,5220171116104224613218226112279040269301910130001925169,DE430,5.791915605069526
2458073.5,2017.8739726027397,0.0021,5220171116105411836865626154088706333101910104001684173,DE430,5.791915605069526
2458073.5,2017.8739726027397,-0.01766,5220171116110157502244926132024956627401910025002063123,DE430,5.791915605069526
2458073.5,2017.8739726027397,-0.04111,5220171116123224364068526201448636989401910028002101047,DE430,5.791915605069526
2458073.5,2017.8739726027397,-0.02414,5220171116124302934103526237608618683101910038001754053,DE430,5.791915605069526
2458078.5,2017.8876712328768,0.03549,5220171121145456301918826819467330791301910090002188040,DE430,0.48104941521789346
2458078.5,2017.8876712328768,-0.02558,5220171121151200589893026841740904118401910027002208025,DE430,0.48104941521789346
2458078.5,2017.8876712328768,0.06571,5220171121152812787974426864492094409101910064001504052,DE430,0.48104941521789346
2458078.5,2017.8876712328768,0.03528,5220171121155432756407226850454335642301910123001699223,DE430,0.48104941521789346
2458078.5,2017.8876712328768,-0.00252,5220171121160341893748926871896387360401910019001420234,DE430,0.48104941521789346
2458085.5,2017.9068493150685,0.06701,5220171128190026048381125057631870357101910035000691999,DE430,1.833303127773597
2458085.5,2017.9068493150685,0.03592,5220171128191631565457925026305222132201910032001807036,DE430,1.833303127773597
2458085.5,2017.9068493150685,0.01858,5220171128192646318341025030620885909301910076003631039,DE430,1.833303127773597
2458085.5,2017.9068493150685,-0.05507,5220171128193854183107925049110918974401910082001299057,DE430,1.833303127773597
2458085.5,2017.9068493150685,-0.05945,5220171128195202322240525034206245525001910047001946044,DE430,1.833303127773597
2458085.5,2017.9068493150685,0.0494,5220171128200002448354725045046000648101910021000993999,DE430,1.833303127773597
2458086.5,2017.9095890410958,-0.05429,5220171129195840863389924570869133758301910084003852031,DE430,2.045621284691415
2458086.5,2017.9095890410958,-0.27241,5220171129202822224933524563937996221301910031003945009,DE430,2.045621284691415
2458086.5,2017.9095890410958,-0.15379,5220171129205449431963224561854347825301910030003414008,DE430,2.045621284691415
2458087.5,2017.9123287671232,-0.06525,5220171130164216716210924356913658877301910042003798010,DE430,2.2665493047478753
2458087.5,2017.9123287671232,-0.09255,5220171130165833342287024334355169285301910054003651015,DE430,2.2665493047478753
2458087.5,2017.9123287671232,-0.0073,5220171130172012255774224305614321619301910064003692020,DE430,2.2665493047478753
2458087.5,2017.9123287671232,-0.01055,5220171130230604091345824143993575233301910073003921017,DE430,2.2665493047478753
2458091.5,2017.9232876712329,-0.00776,5220171204214814951181723450887294068301910059003709015,DE430,3.226524681011639
2458091.5,2017.9232876712329,0.00859,5220171204220120248834023440906187548301910084003408023,DE430,3.226524681011639
2458091.5,2017.9232876712329,0.05318,5220171204224610282419423412068330902301910106002819038,DE430,3.226524681011639
2458091.5,2017.9232876712329,0.03305,5220171204225827015192423405717708830301910117002457039,DE430,3.226524681011639
2458091.5,2017.9232876712329,0.03436,5220171204232313339808323395063385943301910376002331138,DE430,3.226524681011639
2458091.5,2017.9232876712329,0.04931,5220171204233818312194323390874368534001910264001635146,DE430,3.226524681011639
2458091.5,2017.9232876712329,0.10384,5220171204235346137021223385897260315201910140001730055,DE430,3.226524681011639
2458092.5,2017.9260273972602,0.02753,5220171205000810647139123383438450121301910843002014225,DE430,3.4750363691696817
2458092.5,2017.9260273972602,0.04624,5220171205003306900585023382287876383001910106001822077,DE430,3.4750363691696817
2458092.5,2017.9260273972602,0.12808,5220171205004653434143723381433164230201910070002066029,DE430,3.4750363691696817
2458092.5,2017.9260273972602,0.03728,5220171205010123818855423383058894063301910318002288129,DE430,3.4750363691696817
2458092.5,2017.9260273972602,0.04816,5220171205011252489355523385782980800001910061001668048,DE430,3.4750363691696817
2458092.5,2017.9260273972602,0.11383,5220171205012339798313823386918966982201910083001910039,DE430,3.4750363691696817
2458092.5,2017.9260273972602,0.09109,5220171205013554173937823390293895952201910052002436020,DE430,3.4750363691696817
2458092.5,2017.9260273972602,0.01934,5220171205014813402752623394846263605301910604001968208,DE430,3.4750363691696817
2458092.5,2017.9260273972602,0.02267,5220171205020016386319423399681262167301910236002224079,DE430,3.4750363691696817
2458092.5,2017.9260273972602,0.02724,5220171205021716325132823407721978494301910364002091144,DE430,3.4750363691696817
2458092.5,2017.9260273972602,0.03609,5220171205022811146035923414550823467001910148001765095,DE430,3.4750363691696817
2458092.5,2017.9260273972602,0.10328,5220171205024307745793923422148692390201910122001783055,DE430,3.4750363691696817
2458092.5,2017.9260273972602,0.04348,5220171205033113317227023459276950787001910085001935051,DE430,3.4750363691696817
2458092.5,2017.9260273972602,0.05582,5220171205212658390305923661199894780301910242002101117,DE430,3.4750363691696817
2458092.5,2017.9260273972602,0.07213,5220171205213917471244823647794758096001910074001694056,DE430,3.4750363691696817
2458092.5,2017.9260273972602,0.02301,5220171205214750480811323652948963488401910054001441043,DE430,3.4750363691696817
2458092.5,2017.9260273972602,0.16125,5220171205220032594195823630675195463201910106001642052,DE430,3.4750363691696817
2458092.5,2017.9260273972602,0.03963,5220171205222053553446523613392567168301910166002812070,DE430,3.4750363691696817
2458092.5,2017.9260273972602,0.0694,5220171205223718678585223598762203130001910116001725104,DE430,3.4750363691696817
2458092.5,2017.9260273972602,-0.00391,5220171205225130623925923601566788907401910043001876030,DE430,3.4750363691696817
2458092.5,2017.9260273972602,0.12383,5220171205230518376646723581120001436201910104001826052,DE430,3.4750363691696817
2458092.5,2017.9260273972602,0.03269,5220171205232353455559223569768399079301910123002483053,DE430,3.4750363691696817
2458092.5,2017.9260273972602,-0.00935,5220171205233807445930823573409061877401910070001676050,DE430,3.4750363691696817
2458092.5,2017.9260273972602,0.05576,5220171205234805268362623555411629369001910101001948090,DE430,3.4750363691696817
2458093.5,2017.9287671232876,0.01563,5220171206001259028299023558526763372401910055001640040,DE430,3.72094941014128
2458093.5,2017.9287671232876,0.03078,5220171206002407209168523543613872312301910264002122122,DE430,3.72094941014128
2458093.5,2017.9287671232876,0.0484,5220171206003623242054323538521865367001910069002064069,DE430,3.72094941014128
2458093.5,2017.9287671232876,0.01336,5220171206004948619477523549087039791401910048001656042,DE430,3.72094941014128
2458093.5,2017.9287671232876,0.12564,5220171206011752330665923534785967598201910040002231013,DE430,3.72094941014128
2458093.5,2017.9287671232876,-0.01046,5220171206013625407708423535460447638301910059002831020,DE430,3.72094941014128
2458093.5,2017.9287671232876,0.11467,5220171206014920644040023536538880483201910089001702043,DE430,3.72094941014128
2458100.5,2017.9479452054795,0.03118,5220171213050803983339926080889538645301910062001977999,DE430,5.263857686001467
2458100.5,2017.9479452054795,0.05783,5220171213051727445691226067871162618201910023001404999,DE430,5.263857686001467
2458100.5,2017.9479452054795,0.01988,5220171213053022589587026106138350679101910048001538373,DE430,5.263857686001467
2458100.5,2017.9479452054795,0.01281,5220171213054402673557626069558666081401910023001770999,DE430,5.263857686001467
2458100.5,2017.9479452054795,0.04988,5220171213055627613737426043437224068001910008002073999,DE430,5.263857686001467
2458100.5,2017.9479452054795,0.0293,5220171213061204689014426049753639155301910047002184999,DE430,5.263857686001467
2458100.5,2017.9479452054795,0.02048,5220171213062402845766426084238783161101910063001625445,DE430,5.263857686001467
2458100.5,2017.9479452054795,0.02331,5220171213063426491431826052253823843401910039001829999,DE430,5.263857686001467
2458100.5,2017.9479452054795,0.05081,5220171213064848930149626033614294910201910016001143435,DE430,5.263857686001467
2458100.5,2017.9479452054795,0.00649,5220171213070025351571526027779293213001910013001526150,DE430,5.263857686001467
2458100.5,2017.9479452054795,-0.00277,5220171213071403763987326039151750863301910054002106295,DE430,5.263857686001467
2458100.5,2017.9479452054795,-0.01697,5220171213075628351728026052752289223401910038002131324,DE430,5.263857686001467
2458100.5,2017.9479452054795,0.01011,5220171213080718029805326084441312268101910139001469478,DE430,5.263857686001467
2458100.5,2017.9479452054795,0.02117,5220171213081649953319226049665362405301910028002230166,DE430,5.263857686001467
2458100.5,2017.9479452054795,0.00983,5220171213084253442557426098043601755101910086001681439,DE430,5.263857686001467
2458100.5,2017.9479452054795,-0.01619,5220171213085318630441426074732769408401910086001966729,DE430,5.263857686001467
2458100.5,2017.9479452054795,-0.0074,5220171213090343844910126059983188031001910013001429143,DE430,5.263857686001467
2458100.5,2017.9479452054795,0.0352,5220171213091912572340326073755545026201910041001298337,DE430,5.263857686001467
2458100.5,2017.9479452054795,-0.0103,5220171213092848952447926088091175956301910043002028242,DE430,5.263857686001467
2458100.5,2017.9479452054795,0.00865,5220171213094230135581426135904195910101910060001730275,DE430,5.263857686001467
2458100.5,2017.9479452054795,-0.02437,5220171213095651803915826119462156920401910037002021231,DE430,5.263857686001467
2458100.5,2017.9479452054795,0.03551,5220171213100623389277826107200661585001910013001882092,DE430,5.263857686001467
2458100.5,2017.9479452054795,0.04082,5220171213102101527877926124611321354201910011001090099,DE430,5.263857686001467
2458100.5,2017.9479452054795,-0.02383,5220171213103241018499326143934329501301910049002194149,DE430,5.263857686001467
2458102.5,2017.9534246575342,0.05926,5220171215071111639488926540354316090301910031002334105,DE430,5.657671492439892
2458102.5,2017.9534246575342,0.04672,5220171215072613893677026569275089955101910021001627030,DE430,5.657671492439892
2458108.5,2017.9698630136986,0.04544,5220171221133023208479026679651241566301910068002337106,DE430,0.5142324049758153
2458108.5,2017.9698630136986,0.11679,5220171221134305206591126702498026584101910128001240362,DE430,0.5142324049758153
2458108.5,2017.9698630136986,0.00647,5220171221135609223582026692174880318401910214001200656,DE430,0.5142324049758153
2458108.5,2017.9698630136986,0.01054,5220171221140659266776726673406668923001910040001331142,DE430,0.5142324049758153
2458108.5,2017.9698630136986,0.04709,5220171221142137992489926663375211196201910049001135173,DE430,0.5142324049758153
2458108.5,2017.9698630136986,0.03829,5220171221143237450902426673583756403301910057002240104,DE430,0.5142324049758153
2458108.5,2017.9698630136986,0.12341,5220171221145618936141526702028237038101910055001255278,DE430,0.5142324049758153
2458108.5,2017.9698630136986,0.01152,5220171221150923268352826697171472296401910063001269267,DE430,0.5142324049758153
2458108.5,2017.9698630136986,0.02913,5220171221153125668753826686268215094301910071002320166,DE430,0.5142324049758153
2458108.5,2017.9698630136986,-0.02018,5220171221154216278345526690500459844001910028002112087,DE430,0.5142324049758153
2458108.5,2017.9698630136986,0.02923,5220171221155043367656226684138493152201910017001869077,DE430,0.5142324049758153
2458108.5,2017.9698630136986,0.1202,5220171221160859233077326728446547600101910016001729099,DE430,0.5142324049758153
2458108.5,2017.9698630136986,0.00721,5220171221161847285372826726641424653401910045001422999,DE430,0.5142324049758153
2458108.5,2017.9698630136986,0.00912,5220171221163343111399326717934758602301910022002168999,DE430,0.5142324049758153
2458131.5,2018.0328767123287,0.03793,5220180113081208523350926737674005211301910160001556255,DE430,5.509657779365724
2458131.5,2018.0328767123287,0.0689,5220180113083528723305126771067921915101910069001644188,DE430,5.509657779365724
2458131.5,2018.0328767123287,0.02354,5220180113084301368471426747959247155401910049002161103,DE430,5.509657779365724
2458131.5,2018.0328767123287,0.01155,5220180113085647571455326737589478970301910026002745041,DE430,5.509657779365724
2458133.5,2018.0383561643835,0.04732,5220180115092433035650026836276961139301910137001838063,DE430,5.887562329812264
2458133.5,2018.0383561643835,0.01359,5220180115100320664992226841806311319401910081002047046,DE430,5.887562329812264
2458133.5,2018.0383561643835,0.10966,5220180115101725216333726857988498077101910072001791045,DE430,5.887562329812264
2458133.5,2018.0383561643835,0.05979,5220180115102924324786726816995487602201910049002341018,DE430,5.887562329812264
2458141.5,2018.0602739726028,-0.00026,5220180123121042149731025468839610992301910031003847062,DE430,1.1593408414474782
2458141.5,2018.0602739726028,0.04029,5220180123122740777049225464718358256101910027002138122,DE430,1.1593408414474782
2458141.5,2018.0602739726028,-0.03352,5220180123123427660780025455996064734401910052002006047,DE430,1.1593408414474782
2458141.5,2018.0602739726028,0.06636,5220180123125510489791425404133943888201910014002097073,DE430,1.1593408414474782
2458141.5,2018.0602739726028,-0.03311,5220180123130654329194425393845919324301910033002711116,DE430,1.1593408414474782
2458141.5,2018.0602739726028,0.09151,5220180123132513961405625390994197029101910145001144800,DE430,1.1593408414474782
2458141.5,2018.0602739726028,-0.04216,5220180123133500022786125380323388920401910114001196183,DE430,1.1593408414474782
2458141.5,2018.0602739726028,0.00417,5220180123134817166571625353766107450001910046002305070,DE430,1.1593408414474782
2458141.5,2018.0602739726028,0.06804,5220180123140107797490925327154643274201910051001783374,DE430,1.1593408414474782
2458141.5,2018.0602739726028,0.08169,5220180123141514758740425317706298469301910056003193227,DE430,1.1593408414474782
2458141.5,2018.0602739726028,0.08582,5220180123142710511147325325738221392101910083001000999,DE430,1.1593408414474782
2458141.5,2018.0602739726028,-0.03429,5220180123143922990566125315849424739401910102001345128,DE430,1.1593408414474782
2458141.5,2018.0602739726028,-0.00535,5220180123145740724961725289258942001001910173002045312,DE430,1.1593408414474782
2458141.5,2018.0602739726028,0.05152,5220180123150857534814125267745395911201910141001735992,DE430,1.1593408414474782
2458141.5,2018.0602739726028,-0.01624,5220180123152102615503025264427893237301910095003521414,DE430,1.1593408414474782
2458141.5,2018.0602739726028,0.08588,5220180123153253979949025276283597256101910136001279999,DE430,1.1593408414474782
2458141.5,2018.0602739726028,-0.04548,5220180123154539732023325270521724756401910377001072474,DE430,1.1593408414474782
2458141.5,2018.0602739726028,-0.03089,5220180123155630503669925253461265345001910047002093087,DE430,1.1593408414474782
2458141.5,2018.0602739726028,0.06311,5220180123161014965565125234320945060201910030001982401,DE430,1.1593408414474782
2458141.5,2018.0602739726028,0.0026,5220180123162401963783725234648485352301910059003940343,DE430,1.1593408414474782
2458141.5,2018.0602739726028,0.08179,5220180123163450454173825250671712304101910219001120999,DE430,1.1593408414474782
2458141.5,2018.0602739726028,-0.04547,5220180123164903127516125249317301036401910157001270252,DE430,1.1593408414474782
2458141.5,2018.0602739726028,-0.02993,5220180123165759852193525236201911525001910021001658049,DE430,1.1593408414474782
2458141.5,2018.0602739726028,0.07531,5220180123190210053362025273168619087101910092001006999,DE430,1.1593408414474782
2458141.5,2018.0602739726028,-0.0399,5220180123191535667359425282753048861401910101001199151,DE430,1.1593408414474782
2458141.5,2018.0602739726028,-0.01732,5220180123192550148329025276940865338001910030001875085,DE430,1.1593408414474782
2458141.5,2018.0602739726028,-0.02564,5220180123203513728750125320560211611301910047003154784,DE430,1.1593408414474782
2458141.5,2018.0602739726028,0.05418,5220180123204304178076425321906070079201910017001949999,DE430,1.1593408414474782
2458142.5,2018.0630136986301,-0.05959,5220180124121933721143625162162330410301910031003480029,DE430,1.3695277103153716
2458142.5,2018.0630136986301,0.04463,5220180124123100656256625164608101626101910040002654092,DE430,1.3695277103153716
2458142.5,2018.0630136986301,-0.10739,5220180124124614748612225142744846714401910172001708128,DE430,1.3695277103153716
2458142.5,2018.0630136986301,0.04202,5220180124130047545709725110773644083001910036002790030,DE430,1.3695277103153716
2458142.5,2018.0630136986301,0.01708,5220180124133830068316825050791262162301910058003596102,DE430,1.3695277103153716
2458142.5,2018.0630136986301,0.04918,5220180124135232191244625052140477194101910131001198596,DE430,1.3695277103153716
2458142.5,2018.0630136986301,-0.05638,5220180124140247482345025039922559334401910263001163323,DE430,1.3695277103153716
2458142.5,2018.0630136986301,-0.09042,5220180124141821800294125010087234600001910031002095040,DE430,1.3695277103153716
2458142.5,2018.0630136986301,0.04831,5220180124142801017267224986409495553201910023001261218,DE430,1.3695277103153716
2458142.5,2018.0630136986301,-0.03043,5220180124144607451188124970622829076301910044003516080,DE430,1.3695277103153716
2458142.5,2018.0630136986301,0.05789,5220180124150054039429924974826708404101910055001027642,DE430,1.3695277103153716
2458142.5,2018.0630136986301,-0.04895,5220180124152512875477424952969573868401910239001233324,DE430,1.3695277103153716
2458142.5,2018.0630136986301,-0.0309,5220180124153859320942224930129025031001910024001824041,DE430,1.3695277103153716
2458142.5,2018.0630136986301,0.03976,5220180124155547388908324904459253390201910079001925407,DE430,1.3695277103153716
2458142.5,2018.0630136986301,-0.01666,5220180124161714251417324894364986440301910037003836074,DE430,1.3695277103153716
2458142.5,2018.0630136986301,0.05051,5220180124163618166640124902812690349101910053001093999,DE430,1.3695277103153716
2458142.5,2018.0630136986301,-0.04138,5220180124165411904275524895747011481401910025001334054,DE430,1.3695277103153716
2458142.5,2018.0630136986301,-0.05,5220180124170419707032224880515297937001910050001907079,DE430,1.3695277103153716
2458142.5,2018.0630136986301,0.04582,5220180124172024452944624862393989726201910020001402999,DE430,1.3695277103153716
2458142.5,2018.0630136986301,-0.02735,5220180124173229771552324863965596131301910062003591231,DE430,1.3695277103153716
2458142.5,2018.0630136986301,0.06052,5220180124174420454099824880909936007101910063001108999,DE430,1.3695277103153716
2458142.5,2018.0630136986301,-0.05524,5220180124175720873003624881048428793401910273001077430,DE430,1.3695277103153716
2458142.5,2018.0630136986301,-0.01344,5220180124181121991033824869287030121001910044002397076,DE430,1.3695277103153716
2458142.5,2018.0630136986301,0.06471,5220180124182214641139924856369821414201910020001513999,DE430,1.3695277103153716
2458142.5,2018.0630136986301,-0.02202,5220180124183851917684524862827809485301910047003925133,DE430,1.3695277103153716
2458142.5,2018.0630136986301,0.05998,5220180124184907128167624883487368700101910092000989999,DE430,1.3695277103153716
2458142.5,2018.0630136986301,-0.05378,5220180124190435277917924889076635961401910169000885303,DE430,1.3695277103153716
2458142.5,2018.0630136986301,-0.02306,5220180124191433118126624880734277749001910020001832051,DE430,1.3695277103153716
2458142.5,2018.0630136986301,0.09614,5220180124193010075006824873022570736201910016001586922,DE430,1.3695277103153716
2458142.5,2018.0630136986301,-0.04087,5220180124194528588608924884593647911301910036003374081,DE430,1.3695277103153716
2458142.5,2018.0630136986301,0.05681,5220180124195750078222824909525663756101910022000804999,DE430,1.3695277103153716
2458147.5,2018.0767123287671,-0.0397,5220180129211859470499923477100228180301910158002409049,DE430,2.5151005746351434
2458147.5,2018.0767123287671,-0.0279,5220180129212952991922223474215174669301910111002796027,DE430,2.5151005746351434
2458147.5,2018.0767123287671,-0.01158,5220180129214227949037423472681910326001910118001922059,DE430,2.5151005746351434
2458149.5,2018.0821917808219,-0.02172,5220180131214848768050423657756339956301910069003665008,DE430,3.004589264509831
2458149.5,2018.0821917808219,-0.03189,5220180131222120646238323641556120478301910078003660012,DE430,3.004589264509831
2458149.5,2018.0821917808219,-0.07016,5220180131225240934571323630699608934301910091003389015,DE430,3.004589264509831
2458157.5,2018.1041095890412,0.06422,5220180208041223617862126329922740743301910198001779999,DE430,4.77857985057837
2458157.5,2018.1041095890412,0.10268,5220180208042522850200826363070051336101910117001676142,DE430,4.77857985057837
2458157.5,2018.1041095890412,0.05467,5220180208043646806117226331967714290401910132001904999,DE430,4.77857985057837
2458157.5,2018.1041095890412,0.03729,5220180208044847772254326308349214096001910042001147999,DE430,4.77857985057837
2458157.5,2018.1041095890412,0.09432,5220180208050318352181026309607327847201910049001287130,DE430,4.77857985057837
2458157.5,2018.1041095890412,0.05977,5220180208051214064470726317318024943301910081001942999,DE430,4.77857985057837
2458157.5,2018.1041095890412,0.09293,5220180208054010645005826354929201308101910067001438139,DE430,4.77857985057837
2458157.5,2018.1041095890412,0.02358,5220180208055351437249826329109524663401910046002044999,DE430,4.77857985057837
2458157.5,2018.1041095890412,0.0251,5220180208060744942252326310824288330001910051001354999,DE430,4.77857985057837
2458157.5,2018.1041095890412,0.06681,5220180208062016889588326317167548264201910048001801068,DE430,4.77857985057837
2458157.5,2018.1041095890412,0.07858,5220180208063232038847526329856614500301910106001938999,DE430,4.77857985057837
2458157.5,2018.1041095890412,0.08058,5220180208065959574816926378856080356101910040001578049,DE430,4.77857985057837
2458157.5,2018.1041095890412,0.0272,5220180208071306617093826358990068887401910096001961804,DE430,4.77857985057837
2458157.5,2018.1041095890412,0.03121,5220180208072327613212826344181612170001910046001723416,DE430,4.77857985057837
2458157.5,2018.1041095890412,0.0464,5220180208073312213082426353162510257201910027001965043,DE430,4.77857985057837
2458157.5,2018.1041095890412,0.05232,5220180208074946319379726373794448097301910054001892229,DE430,4.77857985057837
2458157.5,2018.1041095890412,0.04717,5220180208082904606607026407227451954301910025003035066,DE430,4.77857985057837
2458157.5,2018.1041095890412,0.04889,5220180208084002111627626427804755795401910019002243068,DE430,4.77857985057837
2458161.5,2018.1150684931506,0.05504,5220180212083836845303026760292665662301910038002190066,DE430,5.5401322962200155
2458161.5,2018.1150684931506,0.02779,5220180212084738959845926773073421449401910070001747117,DE430,5.5401322962200155
2458161.5,2018.1150684931506,0.15118,5220180212090031366089826787996922120101910060001285109,DE430,5.5401322962200155
2458161.5,2018.1150684931506,0.08281,5220180212095832079425226752759240496201910019000809093,DE430,5.5401322962200155
2458161.5,2018.1150684931506,0.06872,5220180212101845308488226767617120254301910042002794050,DE430,5.5401322962200155
2458161.5,2018.1150684931506,0.14874,5220180212102934738025126801607449230101910036001685054,DE430,5.5401322962200155
2458161.5,2018.1150684931506,0.00381,5220180212104246487598626791465138865401910032001569055,DE430,5.5401322962200155
2458161.5,2018.1150684931506,0.06485,5220180212105357551728926782135375822301910050002078046,DE430,5.5401322962200155
2458169.5,2018.13698630137,-0.0081,5220180220171541721083725115929573534301910022003080186,DE430,0.8397341152527398
2458170.5,2018.1397260273973,0.05933,5220180221165830481713924849179008658101910142001153892,DE430,1.0535875701923638
2458170.5,2018.1397260273973,-0.06314,5220180221170840708250824829970018704301910050002761448,DE430,1.0535875701923638
2458170.5,2018.1397260273973,0.06757,5220180221172143213682624828779841354201910020001415949,DE430,1.0535875701923638
2458170.5,2018.1397260273973,-0.0352,5220180221173437472586524843310814718001910015002303052,DE430,1.0535875701923638
2458170.5,2018.1397260273973,-0.04672,5220180221174758227856024858678560147401910028001651087,DE430,1.0535875701923638
2458170.5,2018.1397260273973,0.04817,5220180221180203854086924864840234377101910003000299999,DE430,1.0535875701923638
2458171.5,2018.1424657534246,0.00251,5220180222163644261713424591824625597101910019001325054,DE430,1.2716798182174491
2458171.5,2018.1424657534246,0.03202,5220180222165757130106124562331153356201910017001750099,DE430,1.2716798182174491
2458171.5,2018.1424657534246,0.0235,5220180222170703738957824584923269905101910013000986616,DE430,1.2716798182174491
2458171.5,2018.1424657534246,0.03447,5220180222174007034771324583012400735101910038000902999,DE430,1.2716798182174491
2458171.5,2018.1424657534246,0.04917,5220180222175422966034224583979118797101910032001142999,DE430,1.2716798182174491
2458171.5,2018.1424657534246,0.00047,5220180222202658221322824634912335755301910026002784175,DE430,1.2716798182174491
2458171.5,2018.1424657534246,-0.0032,5220180222205319445385424656838695529301910030002751422,DE430,1.2716798182174491
2458171.5,2018.1424657534246,0.07769,5220180222210723764330124690080313356101910059000974999,DE430,1.2716798182174491
2458171.5,2018.1424657534246,-0.04611,5220180222211955338555224700053903166401910058000972108,DE430,1.2716798182174491
2458184.5,2018.1780821917807,0.03004,5220180307052158697681725978425454678301910116002356076,DE430,4.227066622867223
2458184.5,2018.1780821917807,-0.02774,5220180307054201748922626003632718571401910040001738361,DE430,4.227066622867223
2458184.5,2018.1780821917807,0.08989,5220180307055324213330626039936163141101910038002271021,DE430,4.227066622867223
2458184.5,2018.1780821917807,-0.00929,5220180307060509724046226002591296826001910029001520117,DE430,4.227066622867223
2458184.5,2018.1780821917807,0.09684,5220180307061811172768426017317988330201910063001941031,DE430,4.227066622867223
2458184.5,2018.1780821917807,0.04189,5220180307063107933660426039089905922301910081002314049,DE430,4.227066622867223
2458184.5,2018.1780821917807,-0.02274,5220180307064249207199426061472311627401910024002163117,DE430,4.227066622867223
2458184.5,2018.1780821917807,0.06538,5220180307065502828348626064896178709301910058002689027,DE430,4.227066622867223
2458185.5,2018.1808219178083,0.07938,5220180308032244736358426258309972928301910036002711044,DE430,4.426757287752934
2458185.5,2018.1808219178083,0.01422,5220180308033434223610426266429814729401910032002020999,DE430,4.426757287752934
2458185.5,2018.1808219178083,0.02209,5220180308034649553039826244149919606001910027001446999,DE430,4.426757287752934
2458185.5,2018.1808219178083,0.09922,5220180308035852487058626245665861047201910057001496060,DE430,4.426757287752934
2458185.5,2018.1808219178083,0.11493,5220180308040947954469226290776168741101910044002080037,DE430,4.426757287752934
2458185.5,2018.1808219178083,0.06303,5220180308042154214566826255422276143301910069002318092,DE430,4.426757287752934
2458185.5,2018.1808219178083,0.02193,5220180308043749364215326268101541840401910044002051999,DE430,4.426757287752934
2458185.5,2018.1808219178083,0.01414,5220180308045040380524026250060712622001910019001715468,DE430,4.426757287752934
2458185.5,2018.1808219178083,0.02853,5220180308053253901901226286720465346401910019002055571,DE430,4.426757287752934
2458185.5,2018.1808219178083,0.0736,5220180308054416440324226273115320436201910029001932021,DE430,4.426757287752934
2458185.5,2018.1808219178083,0.06031,5220180308060944994335026297317776297301910040002739031,DE430,4.426757287752934
2458185.5,2018.1808219178083,0.06865,5220180308064245716577426321829409729301910050003010019,DE430,4.426757287752934
2458190.5,2018.194520547945,0.05169,5220180313092752058318926547369415365301910041002205102,DE430,5.38019638687887
2458190.5,2018.194520547945,0.15388,5220180313094542880281526578116667093101910024001882037,DE430,5.38019638687887
2458190.5,2018.194520547945,-0.01284,5220180313101515822567626576906369641401910014001536052,DE430,5.38019638687887
2458198.5,2018.2164383561644,-0.02367,5220180321172800676719624634525883786301910092002834176,DE430,0.744937775768073
2458198.5,2018.2164383561644,0.0018,5220180321174432068416324645594223038301910036002614275,DE430,0.744937775768073
2458198.5,2018.2164383561644,0.00447,5220180321175521815783224653454614394301910047003423646,DE430,0.744937775768073
2458198.5,2018.2164383561644,0.001,5220180321181021786329124665092870113301910031002850999,DE430,0.744937775768073
2458198.5,2018.2164383561644,0.12287,5220180321182134296801324696203564039101910037000863999,DE430,0.744937775768073
2458198.5,2018.2164383561644,0.1193,5220180321184333335013824715526361636101910013000925999,DE430,0.744937775768073
2458198.5,2018.2164383561644,0.10926,5220180321185700198964324703500756046201910009001103999,DE430,0.744937775768073
2458198.5,2018.2164383561644,-0.02114,5220180321191206083563224720991147971301910012003131999,DE430,0.744937775768073
2458198.5,2018.2164383561644,0.15279,5220180321192203088392324752809475027101910009001104999,DE430,0.744937775768073
2458198.5,2018.2164383561644,0.02451,5220180321194215149747224752037858296301910003001611415,DE430,0.744937775768073
2458198.5,2018.2164383561644,0.37098,5220180321195207865206024784380970509101910003000553999,DE430,0.744937775768073
2458199.5,2018.2191780821918,-0.0426,5220180322104612123940224676560328710301910027003475033,DE430,0.9685571455584144
2458199.5,2018.2191780821918,0.09485,5220180322105618007826224687156845677101910023002327047,DE430,0.9685571455584144
2458199.5,2018.2191780821918,-0.02616,5220180322124405167451724538505161653301910026003457056,DE430,0.9685571455584144
2458199.5,2018.2191780821918,0.08618,5220180322125808759868124548577981389101910010000788213,DE430,0.9685571455584144
2458199.5,2018.2191780821918,-0.09557,5220180322131223475780124528839410159401910042001381127,DE430,0.9685571455584144
2458199.5,2018.2191780821918,-0.10398,5220180322134554601511724501773616185401910030001359102,DE430,0.9685571455584144
2458199.5,2018.2191780821918,0.00411,5220180322135211161151424480325809691301910020002499273,DE430,0.9685571455584144
2458199.5,2018.2191780821918,0.09392,5220180322140601428358924494575715835101910022001348219,DE430,0.9685571455584144
2458199.5,2018.2191780821918,-0.09455,5220180322142205278596524478342236930401910096001275306,DE430,0.9685571455584144
2458199.5,2018.2191780821918,0.06943,5220180322143203203483824479517363791101910063001176305,DE430,0.9685571455584144
2458199.5,2018.2191780821918,0.11901,5220180322144314364409024448563353453201910026001426235,DE430,0.9685571455584144
2458199.5,2018.2191780821918,-0.00411,5220180322145830286110924444219096883301910085002380512,DE430,0.9685571455584144
2458199.5,2018.2191780821918,-0.10226,5220180322150847116705424457686686537401910210001103591,DE430,0.9685571455584144
2458199.5,2018.2191780821918,0.08882,5220180322152401567432024459700060724101910334001133999,DE430,0.9685571455584144
2458199.5,2018.2191780821918,0.12633,5220180322153635745681124431465454070201910092001422820,DE430,0.9685571455584144
2458199.5,2018.2191780821918,-0.1002,5220180322154909379282224448971388260401910157000885989,DE430,0.9685571455584144
2458199.5,2018.2191780821918,0.08626,5220180322160443411491724454064918968101910179001144999,DE430,0.9685571455584144
2458199.5,2018.2191780821918,0.11474,5220180322161629298748924428491397470201910091001539573,DE430,0.9685571455584144
2458199.5,2018.2191780821918,-0.04084,5220180322162611080276324436989318320001910072001813402,DE430,0.9685571455584144
2458199.5,2018.2191780821918,-0.10416,5220180322164059306315724450415490391401910290000943792,DE430,0.9685571455584144
2458199.5,2018.2191780821918,-0.01506,5220180322165432429731524435828445156301910206002602676,DE430,0.9685571455584144
2458199.5,2018.2191780821918,0.08541,5220180322170549156854124461960346601101910087001187890,DE430,0.9685571455584144
2458199.5,2018.2191780821918,0.12187,5220180322171743294156324440130851453201910120001626821,DE430,0.9685571455584144
2458199.5,2018.2191780821918,0.09172,5220180322173124921201424470918452884101910096001076999,DE430,0.9685571455584144
2458199.5,2018.2191780821918,0.0978,5220180322174420032489724476647167095101910095001049999,DE430,0.9685571455584144
2458199.5,2018.2191780821918,0.07298,5220180322175429253859124481700022484101910018001229999,DE430,0.9685571455584144
2458199.5,2018.2191780821918,-0.09382,5220180322180329753279524480900103844401910069001097431,DE430,0.9685571455584144
2458199.5,2018.2191780821918,-0.10205,5220180322181325074710924486727689375401910086000927559,DE430,0.9685571455584144
2458199.5,2018.2191780821918,-0.02195,5220180322182706098026024478025152823301910044002815999,DE430,0.9685571455584144
2458199.5,2018.2191780821918,0.09284,5220180322184410187865524512984159069101910034000887999,DE430,0.9685571455584144
2458199.5,2018.2191780821918,-0.09133,5220180322185811244306624518134304323401910031001045324,DE430,0.9685571455584144
2458200.5,2018.2219178082191,-0.02159,5220180323124136696750624465108893644301910066002499101,DE430,1.194446964877259
2458200.5,2018.2219178082191,-0.04279,5220180323125207731006624453248860141301910034002521091,DE430,1.194446964877259
2458200.5,2018.2219178082191,0.05417,5220180323130408679084524465108221597101910024001789030,DE430,1.194446964877259
2458200.5,2018.2219178082191,-0.1332,5220180323131719871682924442231988953401910020001915019,DE430,1.194446964877259
2458200.5,2018.2219178082191,0.0519,5220180323133207083163624436204718359101910040000771387,DE430,1.194446964877259
2458200.5,2018.2219178082191,-0.02178,5220180323134248910260624400862641154301910062002727171,DE430,1.194446964877259
2458200.5,2018.2219178082191,-0.11931,5220180323135811746339324402883421969401910065001712078,DE430,1.194446964877259
2458200.5,2018.2219178082191,0.0429,5220180323141318780065924398752054549101910085001288383,DE430,1.194446964877259
2458200.5,2018.2219178082191,0.11224,5220180323142452939330124362452114401201910012000890151,DE430,1.194446964877259
2458200.5,2018.2219178082191,-0.10952,5220180323143437661895424373313212664401910048001402080,DE430,1.194446964877259
2458200.5,2018.2219178082191,0.04646,5220180323144906444850324371865573540101910009001161125,DE430,1.194446964877259
2458200.5,2018.2219178082191,-0.08636,5220180323145958206894724339940234581301910034004111073,DE430,1.194446964877259
2458200.5,2018.2219178082191,-0.1411,5220180323151329319646724348243167001401910034001781048,DE430,1.194446964877259
2458200.5,2018.2219178082191,0.05409,5220180323152917999006624348666275345101910127001109491,DE430,1.194446964877259
2458200.5,2018.2219178082191,-0.13401,5220180323154407992175624333571904211401910252000971505,DE430,1.194446964877259
2458200.5,2018.2219178082191,0.09648,5220180323155445703860324310953591125201910059001668429,DE430,1.194446964877259
2458200.5,2018.2219178082191,0.04314,5220180323160655604246124334145741205101910113001145232,DE430,1.194446964877259
2458200.5,2018.2219178082191,-0.06075,5220180323161821643547224306409294427301910040002807131,DE430,1.194446964877259
2458200.5,2018.2219178082191,-0.06036,5220180323163240110834724307871457019001910036001882080,DE430,1.194446964877259
2458200.5,2018.2219178082191,0.09854,5220180323164538940355524299653684327201910047001317548,DE430,1.194446964877259
2458200.5,2018.2219178082191,0.04471,5220180323165339535294624326241475883101910067000955999,DE430,1.194446964877259
2458200.5,2018.2219178082191,-0.12932,5220180323170911761824624317956510481401910074001302158,DE430,1.194446964877259
2458200.5,2018.2219178082191,-0.01461,5220180323172030173190624302222631816301910049002847306,DE430,1.194446964877259
2458200.5,2018.2219178082191,-0.06933,5220180323173313922652724308107582109001910044001669123,DE430,1.194446964877259
2458200.5,2018.2219178082191,0.10855,5220180323174449003700324303448831723201910026001439999,DE430,1.194446964877259
2458200.5,2018.2219178082191,0.05981,5220180323175436653660924332963630963101910013001048999,DE430,1.194446964877259
2458200.5,2018.2219178082191,-0.13299,5220180323181441693654824331390796473401910042001586077,DE430,1.194446964877259
2458200.5,2018.2219178082191,-0.06242,5220180323182613221577024319350048061301910018002592691,DE430,1.194446964877259
2458200.5,2018.2219178082191,0.03899,5220180323194707343773724392475067152101910045000723999,DE430,1.194446964877259
2458200.5,2018.2219178082191,-0.14231,5220180323195412826016124390446384545401910061001516114,DE430,1.194446964877259
2458200.5,2018.2219178082191,-0.0708,5220180323201018779494624391421255523001910021001938091,DE430,1.194446964877259
2458200.5,2018.2219178082191,0.11709,5220180323202306997670924395340627689201910015001365999,DE430,1.194446964877259
2458200.5,2018.2219178082191,-0.0542,5220180323203718871275624411202410990301910040002772999,DE430,1.194446964877259
2458200.5,2018.2219178082191,0.04761,5220180323212628466656324484691198774101910014000643999,DE430,1.194446964877259
2458200.5,2018.2219178082191,-0.04061,5220180323214848912561124484577091094301910020002638725,DE430,1.194446964877259
2458200.5,2018.2219178082191,-0.14993,5220180323220149884210724515809477079401910051001211110,DE430,1.194446964877259
2458205.5,2018.2356164383561,-0.06266,5220180328181523870696024366433444575301910124002226060,DE430,2.3417127187035653
2458205.5,2018.2356164383561,-0.08043,5220180328182720383135924356405028270301910096002429033,DE430,2.3417127187035653
2458205.5,2018.2356164383561,-0.07156,5220180328183858441452524347152846553301910080002239024,DE430,2.3417127187035653
2458205.5,2018.2356164383561,0.04383,5220180328190322918012424323316209775001910024002633011,DE430,2.3417127187035653
2458205.5,2018.2356164383561,-0.07217,5220180328192823823580224314117130166301910111002471036,DE430,2.3417127187035653
2458205.5,2018.2356164383561,-0.07353,5220180328212117281772524283008617883301910089002123040,DE430,2.3417127187035653
2458205.5,2018.2356164383561,-0.08121,5220180328213548914009824283905243793301910030002619016,DE430,2.3417127187035653
2458205.5,2018.2356164383561,-0.07384,5220180328220516914958424289250113993301910013002766011,DE430,2.3417127187035653
2458206.5,2018.2383561643835,-0.06018,5220180329181629770492924579032444640301910155002304048,DE430,2.571409462693639
2458206.5,2018.2383561643835,-0.06239,5220180329181637980653524578896634565301910137001290045,DE430,2.571409462693639
2458206.5,2018.2383561643835,-0.06821,5220180329183823937876824549779609406001910073001802042,DE430,2.571409462693639
2458206.5,2018.2383561643835,-0.06185,5220180329183823937876824549779609618001910070001508044,DE430,2.571409462693639
2458206.5,2018.2383561643835,0.11757,5220180329185045991383724539692992188201910053002299024,DE430,2.571409462693639
2458206.5,2018.2383561643835,0.09301,5220180329185103296586724539436040122201910054002422024,DE430,2.571409462693639
2458206.5,2018.2383561643835,-0.06334,5220180329192023217506924521880883557301910062002507017,DE430,2.571409462693639
2458206.5,2018.2383561643835,-0.05945,5220180329192024835685024521859751666301910061002363017,DE430,2.571409462693639
2458206.5,2018.2383561643835,0.07505,5220180329193311733731724505095023609201910085001663039,DE430,2.571409462693639
2458206.5,2018.2383561643835,0.08198,5220180329193311733731724505095023840201910081001317037,DE430,2.571409462693639
2458206.5,2018.2383561643835,-0.07157,5220180329194509216502324495557785472001910060002025029,DE430,2.571409462693639
2458206.5,2018.2383561643835,-0.05721,5220180329194509216502324495557785951001910054001496022,DE430,2.571409462693639
2458206.5,2018.2383561643835,-0.06862,5220180329200037277130424493645413244301910072002768016,DE430,2.571409462693639
2458206.5,2018.2383561643835,-0.06247,5220180329200037277130424493645413449301910064001876014,DE430,2.571409462693639
2458206.5,2018.2383561643835,-0.04958,5220180329204512557467024470821770873301910089002902022,DE430,2.571409462693639
2458206.5,2018.2383561643835,-0.04457,5220180329204512557467024470821771040301910089002877023,DE430,2.571409462693639
2458206.5,2018.2383561643835,0.08185,5220180329205445925922524460008926945201910052002029020,DE430,2.571409462693639
2458206.5,2018.2383561643835,0.05389,5220180329205455710513824459950763284201910052002189018,DE430,2.571409462693639
2458206.5,2018.2383561643835,-0.06787,5220180329211649953385524452580882409001910067000922026,DE430,2.571409462693639
2458206.5,2018.2383561643835,-0.06385,5220180329211649953385524452580882543001910079001668033,DE430,2.571409462693639
2458206.5,2018.2383561643835,-0.07852,5220180329212741028689724458291518496301910053003113010,DE430,2.571409462693639
2458206.5,2018.2383561643835,-0.08932,5220180329212754342741324458250907098301910055003412011,DE430,2.571409462693639
2458206.5,2018.2383561643835,-0.05589,5220180329221044954714424447483396609001910080001611037,DE430,2.571409462693639
2458206.5,2018.2383561643835,-0.0608,5220180329221104513016224447500850571001910071001074032,DE430,2.571409462693639
2458206.5,2018.2383561643835,0.06007,5220180329222140280981424448996754619201910036002223009,DE430,2.571409462693639
2458206.5,2018.2383561643835,0.06745,5220180329222140280981424448996754865201910038002402009,DE430,2.571409462693639
2458206.5,2018.2383561643835,-0.05862,5220180329223437734228824458195649122301910076001746014,DE430,2.571409462693639
2458206.5,2018.2383561643835,-0.06338,5220180329223514650452024458309136829301910088002806017,DE430,2.571409462693639
2458206.5,2018.2383561643835,-0.09615,5220180329225251168866124454595179481001910041002560013,DE430,2.571409462693639
2458206.5,2018.2383561643835,-0.06281,5220180329225251168866124454595180593001910040002373013,DE430,2.571409462693639
2458206.5,2018.2383561643835,0.10076,5220180329231045657690024461040132535201910041002362012,DE430,2.571409462693639
2458206.5,2018.2383561643835,0.08984,5220180329231056551875924461109220481201910041002423012,DE430,2.571409462693639
2458206.5,2018.2383561643835,-0.07797,5220180329233036988156324477025214778301910089002901019,DE430,2.571409462693639
2458206.5,2018.2383561643835,-0.06817,5220180329233104140304324477246619598301910069001168014,DE430,2.571409462693639
2458206.5,2018.2383561643835,-0.09724,5220180329234204266930624482963561805301910050003161009,DE430,2.571409462693639
2458206.5,2018.2383561643835,-0.08321,5220180329234204266930624482963562273301910049002930011,DE430,2.571409462693639
2458214.5,2018.2602739726028,0.07214,5220180406015639084385226518348767647301910050000845049,DE430,4.273388509790236
2458214.5,2018.2602739726028,0.20338,5220180406021312796537526544442573894101910054002050036,DE430,4.273388509790236
2458214.5,2018.2602739726028,-0.01379,5220180406022531810384926517397375316401910303001633999,DE430,4.273388509790236
2458214.5,2018.2602739726028,-0.0217,5220180406023502554464426493874701877001910045000975362,DE430,4.273388509790236
2458214.5,2018.2602739726028,0.11777,5220180406025002996194326488757021108201910139000873097,DE430,4.273388509790236
2458214.5,2018.2602739726028,0.06828,5220180406025844677630226495544199515301910099000767067,DE430,4.273388509790236
2458214.5,2018.2602739726028,0.17219,5220180406031306019662626526652921591101910037000911025,DE430,4.273388509790236
2458214.5,2018.2602739726028,-0.0253,5220180406032715576077226503485733093401910325001592999,DE430,4.273388509790236
2458214.5,2018.2602739726028,-0.02263,5220180406034221467510726482865446438001910048000885422,DE430,4.273388509790236
2458214.5,2018.2602739726028,0.06738,5220180406040823358419926492712416226301910091001163071,DE430,4.273388509790236
2458214.5,2018.2602739726028,-0.01973,5220180406043040405377226509384049231401910175001591999,DE430,4.273388509790236
2458214.5,2018.2602739726028,-0.02421,5220180406044410558370226493184640716001910021000688350,DE430,4.273388509790236
2458214.5,2018.2602739726028,0.12448,5220180406045540450539726495937388332201910043001974027,DE430,4.273388509790236
2458214.5,2018.2602739726028,0.06607,5220180406050728627379526509888797598301910063001162035,DE430,4.273388509790236
2458214.5,2018.2602739726028,-0.02164,5220180406052739044920726532254728173401910071001653392,DE430,4.273388509790236
2458214.5,2018.2602739726028,-0.03246,5220180406054059966922126519788645443001910075000988448,DE430,4.273388509790236
2458214.5,2018.2602739726028,0.11657,5220180406055113089325226524630164019201910087000987057,DE430,4.273388509790236
2458214.5,2018.2602739726028,0.05315,5220180406060452590448726543182849684301910113000830069,DE430,4.273388509790236
2458214.5,2018.2602739726028,0.14685,5220180406061505659051826583754685518101910042002422026,DE430,4.273388509790236
2458214.5,2018.2602739726028,-0.03155,5220180406062651814190726572592589421401910104001774356,DE430,4.273388509790236
2458214.5,2018.2602739726028,-0.0382,5220180406063902283215926562643546212001910057000889367,DE430,4.273388509790236
2458226.5,2018.2931506849316,-7.33939,5220180418114615729921924275775262108301910044003718005,DE430,0.43543058755593633
2458226.5,2018.2931506849316,-0.07886,5220180418120837965342824278046020105401910059002232017,DE430,0.43543058755593633
2458226.5,2018.2931506849316,-0.03944,5220180418134605342177124228173037321301910060003707009,DE430,0.43543058755593633
2458226.5,2018.2931506849316,-0.0746,5220180418135731045009824244446690641401910054002092013,DE430,0.43543058755593633
2458226.5,2018.2931506849316,0.15709,5220180418140945334718424251381715977101910068001867017,DE430,0.43543058755593633
2458226.5,2018.2931506849316,0.00703,5220180418142256334176524228714086259301910070003834010,DE430,0.43543058755593633
2458226.5,2018.2931506849316,0.1572,5220180418143514254164924254133523172101910057001393011,DE430,0.43543058755593633
2458226.5,2018.2931506849316,-0.02633,5220180418172217561234424325958182510301910072003969009,DE430,0.43543058755593633
2458226.5,2018.2931506849316,-1.25695,5220180418173542212759724338434697042301910046003925003,DE430,0.43543058755593633
2458226.5,2018.2931506849316,-0.15677,5220180418174743243405924373402364193101910027002574005,DE430,0.43543058755593633
2458227.5,2018.295890410959,0.08683,5220180419100912391021424317522155486301910041003622019,DE430,0.6668106552334925
2458227.5,2018.295890410959,0.14061,5220180419102125868973524328912836089101910072001056048,DE430,0.6668106552334925
2458227.5,2018.295890410959,-0.06814,5220180419103216531042524306501612823401910044001413024,DE430,0.6668106552334925
2458227.5,2018.295890410959,0.02619,5220180419104529173426824276344741314301910108002538047,DE430,0.6668106552334925
2458227.5,2018.295890410959,0.12777,5220180419105833284283124288011254608101910111000677104,DE430,0.6668106552334925
2458227.5,2018.295890410959,-0.08155,5220180419111327593295024262682830230401910112000705096,DE430,0.6668106552334925
2458227.5,2018.295890410959,-0.01099,5220180419112439170118924239937612099001910049002153040,DE430,0.6668106552334925
2458227.5,2018.295890410959,0.16415,5220180419113812867855724222028012736201910048002100040,DE430,0.6668106552334925
2458227.5,2018.295890410959,0.02448,5220180419115231074058324210737476228301910068002720057,DE430,0.6668106552334925
2458227.5,2018.295890410959,0.13814,5220180419120333648143924227101898944101910065000841065,DE430,0.6668106552334925
2458227.5,2018.295890410959,-0.09064,5220180419121634577739324206933456450401910096000680118,DE430,0.6668106552334925
2458227.5,2018.295890410959,-0.04093,5220180419122837290749724186269634082001910042001328041,DE430,0.6668106552334925
2458227.5,2018.295890410959,0.16918,5220180419124020468305824172974615393201910030002141030,DE430,0.6668106552334925
2458227.5,2018.295890410959,0.0249,5220180419140231033573524137174538623301910107002397116,DE430,0.6668106552334925
2458227.5,2018.295890410959,0.12691,5220180419141533563742424159780128111101910102000841114,DE430,0.6668106552334925
2458227.5,2018.295890410959,-0.09324,5220180419143005536657124148185306873401910137000800161,DE430,0.6668106552334925
2458227.5,2018.295890410959,-0.02504,5220180419144150402304924135309291509001910044001832052,DE430,0.6668106552334925
2458227.5,2018.295890410959,0.13648,5220180419145558733250424129485041131201910040002111057,DE430,0.6668106552334925
2458227.5,2018.295890410959,0.0085,5220180419151018432710224132374140531301910100002268097,DE430,0.6668106552334925
2458227.5,2018.295890410959,0.12565,5220180419152521488729724159824530753101910169000825190,DE430,0.6668106552334925
2458227.5,2018.295890410959,-0.08946,5220180419153856757663524153533095962401910103000833165,DE430,0.6668106552334925
2458227.5,2018.295890410959,-0.00455,5220180419194126430105924323555640723301910035002196999,DE430,0.6668106552334925
2458227.5,2018.295890410959,-0.1087,5220180419195112278559024350961071223401910097000813999,DE430,0.6668106552334925
2458227.5,2018.295890410959,0.13077,5220180419200301532705324373284253062101910041000834999,DE430,0.6668106552334925
2458228.5,2018.2986301369863,-0.09198,5220180420115042338940524242305815767401910038000766061,DE430,0.8992336849486352
2458228.5,2018.2986301369863,0.12013,5220180420120142403085024244151502186101910030000967048,DE430,0.8992336849486352
2458228.5,2018.2986301369863,0.00657,5220180420121643770850324202421756141301910085002029130,DE430,0.8992336849486352
2458228.5,2018.2986301369863,0.00606,5220180420123021077524424190064417604301910101002063167,DE430,0.8992336849486352
2458228.5,2018.2986301369863,0.15757,5220180420124253163059024177564692861201910075001359203,DE430,0.8992336849486352
2458228.5,2018.2986301369863,-0.03307,5220180420125712313725124169627805520001910063001420234,DE430,0.8992336849486352
2458228.5,2018.2986301369863,-0.10673,5220180420131158903003724171253879164401910056000830149,DE430,0.8992336849486352
2458228.5,2018.2986301369863,0.09805,5220180420132846134694624172397326911101910141000781476,DE430,0.8992336849486352
2458228.5,2018.2986301369863,-0.00937,5220180420134259126459524136323595019301910179001941497,DE430,0.8992336849486352
2458228.5,2018.2986301369863,-0.10561,5220180420135921460578624142098563659401910356000932718,DE430,0.8992336849486352
2458228.5,2018.2986301369863,0.09755,5220180420141313297461924148002417872101910285000874860,DE430,0.8992336849486352
2458228.5,2018.2986301369863,0.15384,5220180420142510910304124113822662746201910027001478138,DE430,0.8992336849486352
2458228.5,2018.2986301369863,-0.0185,5220180420201327811482124273236350924301910091001933810,DE430,0.8992336849486352
2458228.5,2018.2986301369863,0.00129,5220180420202728539280924289084378121301910164001884999,DE430,0.8992336849486352
2458228.5,2018.2986301369863,0.09599,5220180420203534483865524325051764625101910243000704999,DE430,0.8992336849486352
2458228.5,2018.2986301369863,-0.11604,5220180420204851594057324329214817525401910033001080999,DE430,0.8992336849486352
2458228.5,2018.2986301369863,0.18119,5220180420210304392543824328238633909201910017000954999,DE430,0.8992336849486352
2458228.5,2018.2986301369863,-0.01726,5220180420211601315767424346377325634301910044001680999,DE430,0.8992336849486352
2458230.5,2018.304109589041,-0.03353,5220180422153542577086924233743289657301910336001181616,DE430,1.3625273445044581
2458230.5,2018.304109589041,0.05679,5220180422154903183234424257542370392101910286000710999,DE430,1.3625273445044581
2458230.5,2018.304109589041,-0.13919,5220180422160120762605724234190437915401910354001046430,DE430,1.3625273445044581
2458230.5,2018.304109589041,-0.05885,5220180422161010877612624215400883762001910076000971121,DE430,1.3625273445044581
2458230.5,2018.304109589041,0.13639,5220180422162603776964824208547925847201910130000941665,DE430,1.3625273445044581
2458230.5,2018.304109589041,-0.03331,5220180422163752983049724208835420912301910190001304772,DE430,1.3625273445044581
2458230.5,2018.304109589041,0.06306,5220180422165044778811324236625676152101910125000805525,DE430,1.3625273445044581
2458230.5,2018.304109589041,-0.13465,5220180422170405455018624217137415626401910565001121621,DE430,1.3625273445044581
2458230.5,2018.304109589041,-0.04893,5220180422171559985903624200888679357001910069001069131,DE430,1.3625273445044581
2458232.5,2018.309589041096,0.03212,5220180424185558903152124496914106009101910015000871999,DE430,1.8194501153007123
2458232.5,2018.309589041096,-0.05211,5220180424194929170098124467431445495301910022001379017,DE430,1.8194501153007123
2458232.5,2018.309589041096,0.04144,5220180424200132468600024503698750982101910033001165436,DE430,1.8194501153007123
2458232.5,2018.309589041096,-0.03444,5220180424201904298417024476215616360301910028002799025,DE430,1.8194501153007123
2458232.5,2018.309589041096,0.03241,5220180424203131473218924514487600966101910045001236999,DE430,1.8194501153007123
2458232.5,2018.309589041096,-0.07649,5220180424204810644251024489368993269301910028002433015,DE430,1.8194501153007123
2458232.5,2018.309589041096,0.02763,5220180424215305815350824566979391359101910031000982999,DE430,1.8194501153007123
2458232.5,2018.309589041096,-0.07346,5220180424220445152268624544039171068301910081001153053,DE430,1.8194501153007123
2458232.5,2018.309589041096,0.02206,5220180424221948186398024590885704531101910015000641999,DE430,1.8194501153007123
2458233.5,2018.3123287671233,-0.05818,5220180425204559914722024647214888838301910131001370066,DE430,2.044904955550491
2458233.5,2018.3123287671233,-0.0667,5220180425205808535406024650848736438301910122001418056,DE430,2.044904955550491
2458233.5,2018.3123287671233,0.03251,5220180425212242006459824694946359700101910027001387816,DE430,2.044904955550491
2458233.5,2018.3123287671233,-0.06284,5220180425213505562695324666794816871301910080001168032,DE430,2.044904955550491
2458233.5,2018.3123287671233,-0.07596,5220180425214744511759724666263765384001910068001155056,DE430,2.044904955550491
2458233.5,2018.3123287671233,-0.06704,5220180425220006992618924681663992591301910131001046057,DE430,2.044904955550491
2458233.5,2018.3123287671233,0.09391,5220180425221215900076824683067730267201910031001268029,DE430,2.044904955550491
2458233.5,2018.3123287671233,-0.07394,5220180425222433287522224699216753392301910053001107019,DE430,2.044904955550491
2458233.5,2018.3123287671233,0.01089,5220180425223707290735424743510334892101910009001234375,DE430,2.044904955550491
2458262.5,2018.3917808219178,-0.0034,5220180524160812010851425233455035179301910239001981112,DE430,1.978503311295827
2458262.5,2018.3917808219178,0.10564,5220180524162250076702325258184478060101910400001474867,DE430,1.978503311295827
2458262.5,2018.3917808219178,-0.10119,5220180524163410556336325220679120285401910212002081120,DE430,1.978503311295827
2458262.5,2018.3917808219178,-0.02537,5220180524164823347641225189310966511001910157001622120,DE430,1.978503311295827
2458262.5,2018.3917808219178,0.13711,5220180524170056992102025184059690061201910155001320191,DE430,1.978503311295827
2458262.5,2018.3917808219178,-0.00301,5220180524171545111188425181528849512301910115002162057,DE430,1.978503311295827
2458262.5,2018.3917808219178,0.08562,5220180524172751461319625211396302139101910030001379193,DE430,1.978503311295827
2458262.5,2018.3917808219178,-0.12953,5220180524174051447596525176222982281401910042002600019,DE430,1.978503311295827
2458262.5,2018.3917808219178,0.00827,5220180524181855428926425150448545906301910145002173053,DE430,1.978503311295827
2458262.5,2018.3917808219178,0.00354,5220180524182837868245525147397257873301910227002144109,DE430,1.978503311295827
2458262.5,2018.3917808219178,-0.17147,5220180524184051194902725153653764232401910033001962018,DE430,1.978503311295827
2458274.5,2018.4246575342465,-0.01786,5220180605040615921297526493310412099301910132003076086,DE430,4.367966188412988
2458274.5,2018.4246575342465,0.16199,5220180605041729236901126513532778526101910034000576040,DE430,4.367966188412988
2458274.5,2018.4246575342465,-0.11914,5220180605042921755741426506109416759401910796000717999,DE430,4.367966188412988
2458274.5,2018.4246575342465,-0.11304,5220180605044055607503126489483977448001910176001234784,DE430,4.367966188412988
2458274.5,2018.4246575342465,0.08327,5220180605045441231308126477758106717201910078001496036,DE430,4.367966188412988
2458274.5,2018.4246575342465,-0.00703,5220180605050658388373826484721353828301910213002560147,DE430,4.367966188412988
2458274.5,2018.4246575342465,0.15772,5220180605052156020231026508679814458101910143000750067,DE430,4.367966188412988
2458274.5,2018.4246575342465,-0.10127,5220180605055454049402126495381760910001910220001427228,DE430,4.367966188412988
2458274.5,2018.4246575342465,0.07641,5220180605060921477835826488851096913201910096001865037,DE430,4.367966188412988
2458284.5,2018.4520547945206,0.06359,5220180615091750731161323659901512138101910128000689073,DE430,0.28916724957262674
2458284.5,2018.4520547945206,-0.13685,5220180615093112515512723630634416370401910086000995058,DE430,0.28916724957262674
2458284.5,2018.4520547945206,-0.03261,5220180615094413115797523605072721268301910168001494082,DE430,0.28916724957262674
2458284.5,2018.4520547945206,0.14662,5220180615095618261538223591395453266201910073001264031,DE430,0.28916724957262674
2458284.5,2018.4520547945206,-0.05594,5220180615100839298752323582810601087001910094000964058,DE430,0.28916724957262674
2458284.5,2018.4520547945206,0.062,5220180615102016857967623604071310818101910115000755072,DE430,0.28916724957262674
2458290.5,2018.468493150685,0.03292,5220180621172907054319825277162317137301910098002692038,DE430,1.6901656551465112
2458290.5,2018.468493150685,0.10952,5220180621174307262916125313885372119101910085001605538,DE430,1.6901656551465112
2458290.5,2018.468493150685,0.02001,5220180621175647603784925262418418259001910041002067014,DE430,1.6901656551465112
2458290.5,2018.468493150685,0.13956,5220180621180904374448325267768519610201910024001646127,DE430,1.6901656551465112
2458290.5,2018.468493150685,0.01901,5220180621183031695685325277442781076301910051003200021,DE430,1.6901656551465112
2458290.5,2018.468493150685,0.13243,5220180621200236944802225354801873486101910034001440999,DE430,1.6901656551465112
2458290.5,2018.468493150685,0.04933,5220180621203432590163425340902115103301910127002309102,DE430,1.6901656551465112
2458290.5,2018.468493150685,0.14184,5220180621205032824341025392865513887101910067001601999,DE430,1.6901656551465112
2458290.5,2018.468493150685,0.14094,5220180621210441904900925360883689586201910027001508999,DE430,1.6901656551465112
2458290.5,2018.468493150685,0.01116,5220180621213859128012725392674954568001910059001980036,DE430,1.6901656551465112
2458290.5,2018.468493150685,0.04672,5220180621220150372701225431248190777301910069002388057,DE430,1.6901656551465112
2458290.5,2018.468493150685,0.12145,5220180621221541803564625486173569959101910021001663999,DE430,1.6901656551465112
2458302.5,2018.5013698630137,0.08969,5220180703032449992972426489812402037301910083003528023,DE430,4.052209551157211
2458303.5,2018.504109589041,-0.09439,5220180704010733008083226381051507775401910054000604999,DE430,4.2455948529475425
2458303.5,2018.504109589041,0.02713,5220180704012510590635426344032093096301910059003528022,DE430,4.2455948529475425
2458303.5,2018.504109589041,-0.0932,5220180704014642733493726343042457983401910028001034999,DE430,4.2455948529475425
2458303.5,2018.504109589041,-0.10336,5220180704021851206736026317031723525401910118000885999,DE430,4.2455948529475425
2458303.5,2018.504109589041,-0.05822,5220180704023200429164526294750520225001910050001854999,DE430,4.2455948529475425
2458303.5,2018.504109589041,0.14173,5220180704025022996960926298263094243101910051002167018,DE430,4.2455948529475425
2458303.5,2018.504109589041,-0.07737,5220180704030237919096726270522127603301910057003594025,DE430,4.2455948529475425
2458303.5,2018.504109589041,-0.09217,5220180704032317148368526280529092588401910135000801999,DE430,4.2455948529475425
2458303.5,2018.504109589041,-0.09261,5220180704034037132901626261349417954001910029001493999,DE430,4.2455948529475425
2458303.5,2018.504109589041,-0.07703,5220180704053400763454626275191929239401910088000652268,DE430,4.2455948529475425
2458303.5,2018.504109589041,-0.06727,5220180704060317443775526286319978405401910133000727422,DE430,4.2455948529475425
2458303.5,2018.504109589041,0.12225,5220180704061922236266326268200125047201910057002132014,DE430,4.2455948529475425
2458303.5,2018.504109589041,0.16362,5220180704063431606186626303213114465101910053001808016,DE430,4.2455948529475425
2458303.5,2018.504109589041,0.13075,5220180704064629412630426283991395545201910073002526020,DE430,4.2455948529475425
2458303.5,2018.504109589041,0.0441,5220180704065942062814326299069492821301910079003332028,DE430,4.2455948529475425
2458303.5,2018.504109589041,-0.07215,5220180704072728542498626339865913840401910042001487039,DE430,4.2455948529475425
2458304.5,2018.5068493150684,-0.05484,5220180705032407568396425977125077036301910020003363026,DE430,4.442717859996881
2458304.5,2018.5068493150684,-0.11369,5220180705035956825878225976379966746401910031001138690,DE430,4.442717859996881
2458304.5,2018.5068493150684,-0.10734,5220180705040807019451025972620912644401910153001003669,DE430,4.442717859996881
2458304.5,2018.5068493150684,-0.06587,5220180705042348059964725954091613580001910049001937189,DE430,4.442717859996881
2458304.5,2018.5068493150684,0.01577,5220180705043723084664925936636061238201910042002612015,DE430,4.442717859996881
2458304.5,2018.5068493150684,-0.01359,5220180705045042299654025938784299730301910036003834031,DE430,4.442717859996881
2458317.5,2018.5424657534247,0.08535,5220180718155052854196724880585497902101910112001924078,DE430,1.1716018878491727
2458317.5,2018.5424657534247,0.06656,5220180718160130357702424881185601393101910073001566106,DE430,1.1716018878491727
2458317.5,2018.5424657534247,0.08705,5220180718163253645936324886586620809101910105002002046,DE430,1.1716018878491727
2458317.5,2018.5424657534247,0.06981,5220180718164810320324724891191411424101910292001518397,DE430,1.1716018878491727
2458317.5,2018.5424657534247,0.07441,5220180718170020121675224895783549273101910314001602276,DE430,1.1716018878491727
2458317.5,2018.5424657534247,0.06301,5220180718171242791662624901296429238101910640001595999,DE430,1.1716018878491727
2458317.5,2018.5424657534247,0.09897,5220180718172633978803124862947389581201910185001320288,DE430,1.1716018878491727
2458317.5,2018.5424657534247,0.00055,5220180718173730136864324876180168651301910702002344799,DE430,1.1716018878491727
2458317.5,2018.5424657534247,0.0752,5220180718175622049981324927400348971101910364001695445,DE430,1.1716018878491727
2458317.5,2018.5424657534247,-0.01452,5220180718180841014397724885655557500001910100001938097,DE430,1.1716018878491727
2458317.5,2018.5424657534247,0.09924,5220180718181852085887124899350954123201910042001428050,DE430,1.1716018878491727
2458317.5,2018.5424657534247,0.01258,5220180718192048949610324967036385472301910106002283999,DE430,1.1716018878491727
2458317.5,2018.5424657534247,0.06047,5220180718193355912275125020543998597101910708001569999,DE430,1.1716018878491727
2458317.5,2018.5424657534247,0.02115,5220180718194619281013924984849962027001910017001760356,DE430,1.1716018878491727
2458317.5,2018.5424657534247,0.01736,5220180718201900176036725039027420294301910271002197999,DE430,1.1716018878491727
2458322.5,2018.5561643835617,0.07455,5220180723185614558464926541444266589301910252001886092,DE430,2.2150128966869924
2458322.5,2018.5561643835617,0.16831,5220180723191100077556826572761685905101910124001444333,DE430,2.2150128966869924
2458322.5,2018.5561643835617,0.02521,5220180723192341663254026543323968854401910144002253066,DE430,2.2150128966869924
2458322.5,2018.5561643835617,-0.00311,5220180723193707389596326520848083833001910465001305304,DE430,2.2150128966869924
2458322.5,2018.5561643835617,0.10861,5220180723194844938923826521782012231201910285001094202,DE430,2.2150128966869924
2458322.5,2018.5561643835617,0.161,5220180723202152374189426564390631335101910270001449728,DE430,2.2150128966869924
2458322.5,2018.5561643835617,0.00953,5220180723203443081606826540058526145401910167001967079,DE430,2.2150128966869924
2458322.5,2018.5561643835617,-0.0071,5220180723204912271470226522740736772001910307001308159,DE430,2.2150128966869924
2458322.5,2018.5561643835617,0.10969,5220180723210256589427026528232279187201910266001231171,DE430,2.2150128966869924
2458322.5,2018.5561643835617,0.06633,5220180723211830617117726540666944877301910954001573304,DE430,2.2150128966869924
2458322.5,2018.5561643835617,0.17106,5220180723213339127738826582346366138101910091001267199,DE430,2.2150128966869924
2458329.5,2018.5753424657535,0.0246,5220180730233658190519426487380194525301910366002827131,DE430,3.5509286684845165
2458329.5,2018.5753424657535,0.09084,5220180730234929146500626471991539494201910238001381110,DE430,3.5509286684845165
2458329.5,2018.5753424657535,-0.05852,5220180730235816052704226474737969072001910064001607276,DE430,3.5509286684845165
2458330.5,2018.5780821917808,-0.05548,5220180731000924048650926466429153696001910295001569236,DE430,3.7436746396102483
2458330.5,2018.5780821917808,0.02269,5220180731002555607983826450234285396301910444002835202,DE430,3.7436746396102483
2458330.5,2018.5780821917808,0.08927,5220180731003848316815426437472109704201910229001735099,DE430,3.7436746396102483
2458330.5,2018.5780821917808,-0.06241,5220180731005113862333026440683697679001910260001429235,DE430,3.7436746396102483
2458331.5,2018.5808219178082,0.00953,5220180801000724776239626277631777205301910289003317113,DE430,3.939039584246326
2458331.5,2018.5808219178082,-0.07688,5220180801002011953458026284415058327401910218000771412,DE430,3.939039584246326
2458331.5,2018.5808219178082,-0.06483,5220180801003108660526626262304561911001910419001643594,DE430,3.939039584246326
2458331.5,2018.5808219178082,0.07553,5220180801004020591196426243502078123201910100001738093,DE430,3.939039584246326
2458331.5,2018.5808219178082,0.12877,5220180801005716654569726255933928547101910198000897120,DE430,3.939039584246326
2458331.5,2018.5808219178082,0.00247,5220180801011011429023826225524185704301910416003126225,DE430,3.939039584246326
2458331.5,2018.5808219178082,-0.06461,5220180801012454576645726235132889721401910230000788321,DE430,3.939039584246326
2458331.5,2018.5808219178082,-0.07374,5220180801013653877358626215919396114001910387001659599,DE430,3.939039584246326
2458331.5,2018.5808219178082,0.07212,5220180801014934717368926198196411126201910423001713186,DE430,3.939039584246326
2458331.5,2018.5808219178082,0.12728,5220180801020047727083126218925330121101910282000783179,DE430,3.939039584246326
2458331.5,2018.5808219178082,-0.01856,5220180801021438917015326192719617889301910813002962351,DE430,3.939039584246326
2458331.5,2018.5808219178082,-0.06999,5220180801022552130509526208488661600401910213000678325,DE430,3.939039584246326
2458331.5,2018.5808219178082,-0.0563,5220180801023921036855526192889288477001910409001686610,DE430,3.939039584246326
2458331.5,2018.5808219178082,0.07953,5220180801025135356299226179268944763201910209001523080,DE430,3.939039584246326
2458331.5,2018.5808219178082,0.1387,5220180801030418670868926203691760919101910143001122072,DE430,3.939039584246326
2458331.5,2018.5808219178082,0.03341,5220180801031718089049026182531722501301910414003454190,DE430,3.939039584246326
2458331.5,2018.5808219178082,-0.06379,5220180801033511109847526202949050467401910176000789357,DE430,3.939039584246326
2458331.5,2018.5808219178082,-0.05176,5220180801034503327849526191799140163001910633001832977,DE430,3.939039584246326
2458331.5,2018.5808219178082,0.08364,5220180801035832959190326182555908376201910467001628268,DE430,3.939039584246326
2458331.5,2018.5808219178082,0.13229,5220180801040939305089026211092864384101910343000735238,DE430,3.939039584246326
2458331.5,2018.5808219178082,0.01559,5220180801042453293008926195482392052301910822003429291,DE430,3.939039584246326
2458331.5,2018.5808219178082,-0.06405,5220180801043856447922526220658181007401910430000795557,DE430,3.939039584246326
2458331.5,2018.5808219178082,-0.05174,5220180801045033601031326213545397854001910984001700999,DE430,3.939039584246326
2458331.5,2018.5808219178082,0.09551,5220180801050310162008126207976299289201910604001680248,DE430,3.939039584246326
2458331.5,2018.5808219178082,0.13363,5220180801051644594865526241504771265101910528000836270,DE430,3.939039584246326
2458331.5,2018.5808219178082,-0.01478,5220180801052625975115426227213940901301910911003084547,DE430,3.939039584246326
2458331.5,2018.5808219178082,-0.05537,5220180801055659790951626268821986626401910364000836652,DE430,3.939039584246326
2458332.5,2018.5835616438355,-0.00282,5220180802004004182830726015624326302301910292003290212,DE430,4.137848496220276
2458332.5,2018.5835616438355,-0.06935,5220180802005339624633726009402773923001910393001845999,DE430,4.137848496220276
2458332.5,2018.5835616438355,0.0345,5220180802023502998325825924703176695301910066003491066,DE430,4.137848496220276
2458332.5,2018.5835616438355,-0.0854,5220180802024742596928725938569833524401910418000799999,DE430,4.137848496220276
2458332.5,2018.5835616438355,0.13111,5220180802025901095405925934153174055101910069001606041,DE430,4.137848496220276
2458332.5,2018.5835616438355,0.07202,5220180802031034812142225906003848795201910124001859154,DE430,4.137848496220276
2458332.5,2018.5835616438355,-0.07321,5220180802032356250074025914936346607001910994001761999,DE430,4.137848496220276
2458332.5,2018.5835616438355,-0.09449,5220180802033414928097925924708026333401910690000872999,DE430,4.137848496220276
2458332.5,2018.5835616438355,0.10008,5220180802034738953663925922735499510101910042002077022,DE430,4.137848496220276
2458332.5,2018.5835616438355,0.06819,5220180802041240709809725897730605530201910648001738338,DE430,4.137848496220276
2458332.5,2018.5835616438355,-0.06813,5220180802043226763147025912363663253001910467001826999,DE430,4.137848496220276
2458332.5,2018.5835616438355,0.07878,5220180802045551194691925904397034971201910540001899278,DE430,4.137848496220276
2458332.5,2018.5835616438355,-0.04313,5220180802051746754513225916335976191301910978003307486,DE430,4.137848496220276
2458332.5,2018.5835616438355,-0.05998,5220180802053047567341625929921819094001910506001880999,DE430,4.137848496220276
2458332.5,2018.5835616438355,0.11502,5220180802055457729455525953179895157101910167000945109,DE430,4.137848496220276
2458332.5,2018.5835616438355,0.09416,5220180802060753162916725936508997415201910223002020104,DE430,4.137848496220276
2458332.5,2018.5835616438355,-0.02586,5220180802062212484666925950693873094301910406003586360,DE430,4.137848496220276
2458332.5,2018.5835616438355,-0.04524,5220180802063513638623325968097038058001910217002185483,DE430,4.137848496220276
2458332.5,2018.5835616438355,-0.07505,5220180802064734946639425989343556437401910395000935923,DE430,4.137848496220276
2458332.5,2018.5835616438355,0.11515,5220180802065927754728425997672133680101910122001026064,DE430,4.137848496220276
2458332.5,2018.5835616438355,0.08192,5220180802071853703367225989885519024201910147002128063,DE430,4.137848496220276
2458332.5,2018.5835616438355,0.01716,5220180802073145112949426006491286215301910217003528151,DE430,4.137848496220276
2458332.5,2018.5835616438355,-0.04631,5220180802074903147293026031077403927001910295002037406,DE430,4.137848496220276
2458333.5,2018.5863013698631,-0.01901,5220180803005702360140925724920939213301910255003430846,DE430,4.340981145080663
2458333.5,2018.5863013698631,-0.10667,5220180803011240185270125726476403204401910588000887999,DE430,4.340981145080663
2458333.5,2018.5863013698631,0.09925,5220180803012653377486125710302817857101910116001047912,DE430,4.340981145080663
2458333.5,2018.5863013698631,-0.08015,5220180803014028718052325685219475148001910294001852999,DE430,4.340981145080663
2458333.5,2018.5863013698631,0.06445,5220180803015129152269325661695741372201910474001734999,DE430,4.340981145080663
2458333.5,2018.5863013698631,-0.05739,5220180803025545006001025613116464758301910195003508133,DE430,4.340981145080663
2458333.5,2018.5863013698631,-0.0535,5220180803030647640608625606206414068301910294003184187,DE430,4.340981145080663
2458333.5,2018.5863013698631,-0.11706,5220180803031835017360625619618994182401910820000873999,DE430,4.340981145080663
2458333.5,2018.5863013698631,-0.11558,5220180803035629483996225603418375310401910429000892999,DE430,4.340981145080663
2458333.5,2018.5863013698631,0.08333,5220180803040748722323025598939588473101910305001129556,DE430,4.340981145080663
2458333.5,2018.5863013698631,0.05913,5220180803042002870169225572785411845201910401001950601,DE430,4.340981145080663
2458333.5,2018.5863013698631,-0.09968,5220180803085022836218925723547426096401910056001373024,DE430,4.340981145080663
2458336.5,2018.5945205479452,-0.07338,5220180806071938957238224412233374061301910061003819250,DE430,4.984780711934396
2458336.5,2018.5945205479452,-0.17744,5220180806073213425975324431676532205401910406000740999,DE430,4.984780711934396
2458336.5,2018.5945205479452,-0.02575,5220180806074251891400824432288798836101910433000878999,DE430,4.984780711934396
2458336.5,2018.5945205479452,-0.09323,5220180806075502847314824421282972782001910223001761999,DE430,4.984780711934396
2458336.5,2018.5945205479452,0.05266,5220180806080913483498324411092396849201910127002014775,DE430,4.984780711934396
2458336.5,2018.5945205479452,-0.10365,5220180806082206225745024418758840079301910391003221999,DE430,4.984780711934396
2458336.5,2018.5945205479452,-0.01862,5220180806083311937367924441772981938101910313000905999,DE430,4.984780711934396
2458336.5,2018.5945205479452,-0.17358,5220180806084902345963924447336731800401910415000839999,DE430,4.984780711934396
2458336.5,2018.5945205479452,-0.07759,5220180806090046139933424440133774345001910073001858461,DE430,4.984780711934396
2458336.5,2018.5945205479452,0.06433,5220180806091450817040024434038975144201910038002431183,DE430,4.984780711934396
2458336.5,2018.5945205479452,-0.08264,5220180806092710415900324445346915165301910120003285323,DE430,4.984780711934396
2458336.5,2018.5945205479452,-0.01656,5220180806093744867450924471082641274101910453000971999,DE430,4.984780711934396
2458336.5,2018.5945205479452,-0.17405,5220180806095454418834124482000818775401910222000730999,DE430,4.984780711934396
2458336.5,2018.5945205479452,0.00178,5220180806105237154389924524753735163101910082001297352,DE430,4.984780711934396
2458336.5,2018.5945205479452,-0.15668,5220180806110601782508724536507371226401910043000958134,DE430,4.984780711934396
2458337.5,2018.5972602739726,-0.03116,5220180807024856586122624324908430294101910077000761999,DE430,5.21281554438594
2458337.5,2018.5972602739726,-0.15476,5220180807030120301486424304288605615401910141000720999,DE430,5.21281554438594
2458337.5,2018.5972602739726,-0.07497,5220180807031640499664924265015066646301910348002930999,DE430,5.21281554438594
2458337.5,2018.5972602739726,-0.08012,5220180807033022366649124253023274732001910514001762999,DE430,5.21281554438594
2458337.5,2018.5972602739726,0.05157,5220180807034517772333324223577884182201910429001690999,DE430,5.21281554438594
2458337.5,2018.5972602739726,-0.09373,5220180807035820699134324211523097198301910519002892999,DE430,5.21281554438594
2458337.5,2018.5972602739726,-0.02241,5220180807040919745659424220202551075101910558000918999,DE430,5.21281554438594
2458337.5,2018.5972602739726,-0.16698,5220180807042319619680124200521965693401910477000757999,DE430,5.21281554438594
2458337.5,2018.5972602739726,-0.09608,5220180807044056604829224168570917102001910170001772999,DE430,5.21281554438594
2458337.5,2018.5972602739726,0.05226,5220180807045340702490024144817141028201910362001538999,DE430,5.21281554438594
2458337.5,2018.5972602739726,-0.09542,5220180807050510500383824137669188270301910354002989999,DE430,5.21281554438594
2458337.5,2018.5972602739726,-0.03124,5220180807051937848137124145873920010101910180000753999,DE430,5.21281554438594
2458337.5,2018.5972602739726,0.05471,5220180807055913461907324086866156776201910233001731601,DE430,5.21281554438594
2458338.5,2018.6,-0.11904,5220180808030824871552724025057309575301910505003197999,DE430,5.447606517973972
2458338.5,2018.6,-0.05874,5220180808031844512300824034692074105101910599001067999,DE430,5.447606517973972
2458338.5,2018.6,-0.1334,5220180808032920046948124013582932780401910315001202999,DE430,5.447606517973972
2458338.5,2018.6,-0.0938,5220180808035353066577223967158833001001910556001474999,DE430,5.447606517973972
2458338.5,2018.6,0.05709,5220180808040514585944923943750207127201910677001341999,DE430,5.447606517973972
2458338.5,2018.6,-0.05051,5220180808041801191955823955800832307101910357000811999,DE430,5.447606517973972
2458338.5,2018.6,-0.17727,5220180808042939711208723934547975906401910538000942999,DE430,5.447606517973972
2458338.5,2018.6,-0.08902,5220180808043950281245123908578869167001910188001484999,DE430,5.447606517973972
2458338.5,2018.6,0.03508,5220180808045216522329723885144503035201910312001264999,DE430,5.447606517973972
2458338.5,2018.6,-0.11651,5220180808050318558777223876938237909301910595002549999,DE430,5.447606517973972
2458338.5,2018.6,-0.06125,5220180808051554174760723886764775854101910358000677999,DE430,5.447606517973972
2458338.5,2018.6,-0.1877,5220180808052927220091323865569341494401910484000718999,DE430,5.447606517973972
2458338.5,2018.6,-0.10159,5220180808054040599279323840405132578001910184001353999,DE430,5.447606517973972
2458338.5,2018.6,0.05455,5220180808055313673747823819350389450201910162001415894,DE430,5.447606517973972
2458338.5,2018.6,-0.06805,5220180808060434085123323837401706562101910309000721999,DE430,5.447606517973972
2458338.5,2018.6,-0.19383,5220180808061610031305723820542858450401910328000808999,DE430,5.447606517973972
2458338.5,2018.6,-0.09898,5220180808062627262354623798203581565001910164001548981,DE430,5.447606517973972
2458338.5,2018.6,0.0371,5220180808063741689053523780474223065201910196001230999,DE430,5.447606517973972
2458338.5,2018.6,-0.12032,5220180808065046847455423775623126143301910273002601999,DE430,5.447606517973972
2458338.5,2018.6,-0.06753,5220180808070436704171123790079282489101910188000672999,DE430,5.447606517973972
2458338.5,2018.6,-0.19018,5220180808071553423239123776728699719401910194000762999,DE430,5.447606517973972
2458338.5,2018.6,-0.10554,5220180808072755771008123756222627503001910140001577753,DE430,5.447606517973972
2458338.5,2018.6,0.04528,5220180808074045378976123740857055541201910134001256681,DE430,5.447606517973972
2458338.5,2018.6,-0.07714,5220180808075259312555523764343274599101910305000810999,DE430,5.447606517973972
2458338.5,2018.6,-0.19908,5220180808080550176475823753319157921401910165000720855,DE430,5.447606517973972
2458338.5,2018.6,-0.10017,5220180808081727862474223735906431139001910040001339364,DE430,5.447606517973972
2458339.5,2018.6027397260275,-0.10087,5220180809042405184694123760272220723301910390001898804,DE430,5.688287643884057
2458343.5,2018.613698630137,-0.04592,5220180813130026845912723917214353521301910204001749215,DE430,0.38741060431908503
2458343.5,2018.613698630137,-0.00182,5220180813131650990862723954901869711101910200001494336,DE430,0.38741060431908503
2458343.5,2018.613698630137,-0.01732,5220180813132941753327123910671237896001910036001293067,DE430,0.38741060431908503
2458343.5,2018.613698630137,0.0723,5220180813134214570531923916491077894201910105001295170,DE430,0.38741060431908503
2458343.5,2018.613698630137,-0.00853,5220180813135332510852723963141314723101910273001276405,DE430,0.38741060431908503
2458343.5,2018.613698630137,-0.10357,5220180813140721357388623941796069724401910209001768576,DE430,0.38741060431908503
2458343.5,2018.613698630137,-0.02285,5220180813142115732768523928197218956001910168001303381,DE430,0.38741060431908503
2458343.5,2018.613698630137,0.06547,5220180813143433617980523937852141146201910134001166206,DE430,0.38741060431908503
2458343.5,2018.613698630137,-0.04033,5220180813144621994404023951773473666301910100002007042,DE430,0.38741060431908503
2458343.5,2018.613698630137,-0.00641,5220180813145915683013223996312951467101910050001440084,DE430,0.38741060431908503
2458343.5,2018.613698630137,-0.06168,5220180813182213486586824198420587298401910068001990335,DE430,0.38741060431908503
2458343.5,2018.613698630137,0.0297,5220180813183322002242524240619232147101910207001703999,DE430,0.38741060431908503
2458344.5,2018.6164383561643,-0.01059,5220180814112407722098924349333228627301910129002250222,DE430,0.6256267495621399
2458344.5,2018.6164383561643,0.02726,5220180814113559368487824380241775203101910157001618447,DE430,0.6256267495621399
2458344.5,2018.6164383561643,-0.06577,5220180814115009508377824342554893205401910213001909272,DE430,0.6256267495621399
2458344.5,2018.6164383561643,-0.00502,5220180814120225492369824315937317427001910433001561282,DE430,0.6256267495621399
2458344.5,2018.6164383561643,0.09299,5220180814122421151877424311493656152201910059001781080,DE430,0.6256267495621399
2458344.5,2018.6164383561643,0.02207,5220180814123644977405424352305807188101910524001499999,DE430,0.6256267495621399
2458344.5,2018.6164383561643,-0.06983,5220180814125949454986624316829655210401910093002082182,DE430,0.6256267495621399
2458344.5,2018.6164383561643,-0.0078,5220180814131546169929624293912477586001910244001549764,DE430,0.6256267495621399
2458344.5,2018.6164383561643,0.07397,5220180814132323730975224297949250012201910076001509281,DE430,0.6256267495621399
2458345.5,2018.6191780821919,0.05076,5220180815112606663844424819491938505301910196002681189,DE430,0.8568904242209516
2458345.5,2018.6191780821919,0.0852,5220180815113356489857624852755787674101910209001670302,DE430,0.8568904242209516
2458345.5,2018.6191780821919,-0.01187,5220180815114452316902624813038941882401910105001936184,DE430,0.8568904242209516
2458345.5,2018.6191780821919,0.04204,5220180815120232875912724779995544734001910089001897083,DE430,0.8568904242209516
2458345.5,2018.6191780821919,0.08175,5220180815130213906408624800105301607101910101001776168,DE430,0.8568904242209516
2458345.5,2018.6191780821919,-0.0281,5220180815131044992048224765428803887401910156002028353,DE430,0.8568904242209516
2458345.5,2018.6191780821919,0.06853,5220180815134931936847524739942130329201910017001846764,DE430,0.8568904242209516
2458345.5,2018.6191780821919,0.04246,5220180815141538221848124783123292026101910041001709085,DE430,0.8568904242209516
2458345.5,2018.6191780821919,-0.02873,5220180815143448895105624752305141688401910033001876162,DE430,0.8568904242209516
2458345.5,2018.6191780821919,0.02242,5220180815144959070980624745943612852301910032002386069,DE430,0.8568904242209516
2458346.5,2018.6219178082192,0.05468,5220180816132618470328425224763403084301910158002850069,DE430,1.0803708357262876
2458346.5,2018.6219178082192,0.09703,5220180816133605749972625259535128432101910385001686279,DE430,1.0803708357262876
2458346.5,2018.6219178082192,0.01226,5220180816134730447409425222319575725401910187002163179,DE430,1.0803708357262876
2458346.5,2018.6219178082192,0.04455,5220180816135849475663325196945500199001910034002073039,DE430,1.0803708357262876
2458346.5,2018.6219178082192,0.10854,5220180816142143124566925196240490964201910033001941076,DE430,1.0803708357262876
2458346.5,2018.6219178082192,0.0628,5220180816150141478938525236357691278101910030001512030,DE430,1.0803708357262876
2458346.5,2018.6219178082192,0.01135,5220180816151845531851025204514652806401910137002316092,DE430,1.0803708357262876
2458346.5,2018.6219178082192,0.03589,5220180816160808764996425192281218883001910066002212036,DE430,1.0803708357262876
2458346.5,2018.6219178082192,0.09969,5220180816163044060419825206647556684201910061001778044,DE430,1.0803708357262876
2458346.5,2018.6219178082192,0.09642,5220180816170251735711125223272408007201910073001671054,DE430,1.0803708357262876
2458346.5,2018.6219178082192,0.02947,5220180816171848229489525240712952106301910067003292024,DE430,1.0803708357262876
2458346.5,2018.6219178082192,0.05384,5220180816174137557930925257777553443301910560002394663,DE430,1.0803708357262876
2458346.5,2018.6219178082192,0.09643,5220180816175330606292225306604417070101910596001605999,DE430,1.0803708357262876
2458346.5,2018.6219178082192,0.01584,5220180816180545011593025286695283269401910573002133999,DE430,1.0803708357262876
2458346.5,2018.6219178082192,0.01835,5220180816181909975863025278696410958001910400001700983,DE430,1.0803708357262876
2458346.5,2018.6219178082192,0.10215,5220180816183040323333925295907615447201910456001570999,DE430,1.0803708357262876
2458346.5,2018.6219178082192,0.08916,5220180816184213691760825354214398647101910616001613999,DE430,1.0803708357262876
2458346.5,2018.6219178082192,-0.01545,5220180816185523897732125338290344704401910433001951999,DE430,1.0803708357262876
2458346.5,2018.6219178082192,0.02657,5220180816190559918377525329824251112001910186001689999,DE430,1.0803708357262876
2458347.5,2018.6246575342466,0.09333,5220180817134418974499925674881566996301910123003357045,DE430,1.2959902873508762
2458347.5,2018.6246575342466,0.12808,5220180817135837189570725705554872208101910105001999067,DE430,1.2959902873508762
2458347.5,2018.6246575342466,0.0095,5220180817140716112598825668629100985401910159002075075,DE430,1.2959902873508762
2458347.5,2018.6246575342466,0.11811,5220180817145953861873925677289169698101910132001585238,DE430,1.2959902873508762
2458347.5,2018.6246575342466,0.00705,5220180817150830076522625643024724993401910341002084208,DE430,1.2959902873508762
2458347.5,2018.6246575342466,0.01113,5220180817152433380686625618439622010001910189001795194,DE430,1.2959902873508762
2458347.5,2018.6246575342466,0.10181,5220180817153721608972025622497488176201910207001598343,DE430,1.2959902873508762
2458347.5,2018.6246575342466,0.06259,5220180817154729128223125628318326694301910550002463792,DE430,1.2959902873508762
2458347.5,2018.6246575342466,0.12117,5220180817160025571073125666852942399101910247001718844,DE430,1.2959902873508762
2458347.5,2018.6246575342466,0.01706,5220180817161256585397625635737255697401910612002082999,DE430,1.2959902873508762
2458347.5,2018.6246575342466,0.02062,5220180817162230862119125615744405304001910223001678507,DE430,1.2959902873508762
2458347.5,2018.6246575342466,0.0891,5220180817172640393790225639357833994201910108001617759,DE430,1.2959902873508762
2458347.5,2018.6246575342466,0.1051,5220180817174039695214425692029712247101910382001555999,DE430,1.2959902873508762
2458347.5,2018.6246575342466,-0.00472,5220180817175033448457025666683092674401910604001978999,DE430,1.2959902873508762
2458347.5,2018.6246575342466,0.01568,5220180817180154658104225652846403660001910331001697484,DE430,1.2959902873508762
2458347.5,2018.6246575342466,0.10113,5220180817181311083488925665871885250201910371001480999,DE430,1.2959902873508762
2458347.5,2018.6246575342466,0.05586,5220180817182437938243525681222075477301910423002374999,DE430,1.2959902873508762
2458347.5,2018.6246575342466,0.11404,5220180817183452332731525727830140148101910301001626999,DE430,1.2959902873508762
2458347.5,2018.6246575342466,0.01246,5220180817184556837345625706512679879401910414002140999,DE430,1.2959902873508762
2458347.5,2018.6246575342466,0.00777,5220180817185820615465025696760387778001910507001675999,DE430,1.2959902873508762
2458347.5,2018.6246575342466,0.08912,5220180817190659478437125710145404514201910282001533999,DE430,1.2959902873508762
2458347.5,2018.6246575342466,0.04825,5220180817191926320449025729510376710301910450002366999,DE430,1.2959902873508762
2458347.5,2018.6246575342466,0.1259,5220180817193215969636425781292407398101910348001606999,DE430,1.2959902873508762
2458347.5,2018.6246575342466,0.02651,5220180817194317210831425763056387340401910378002074999,DE430,1.2959902873508762
2458350.5,2018.6328767123289,0.09095,5220180820173303652571526569528369020301910115001699090,DE430,1.9030265113449225
2458351.5,2018.6356164383562,0.08922,5220180821205209227021826711998484905301910181001524068,DE430,2.096006861643313
2458351.5,2018.6356164383562,0.14849,5220180821211223474562326752783867118101910031001537187,DE430,2.096006861643313
2458351.5,2018.6356164383562,0.07399,5220180821212229477866126717051446126201910028002278016,DE430,2.096006861643313
2458351.5,2018.6356164383562,0.0757,5220180821213815980085526731465739778301910740001005354,DE430,2.096006861643313
2458351.5,2018.6356164383562,-0.009,5220180821214805413932626730335252439001910243001029163,DE430,2.096006861643313
2458351.5,2018.6356164383562,0.15755,5220180821220440443293126780529983764101910071001035310,DE430,2.096006861643313
2458353.5,2018.641095890411,0.00044,5220180823222024269103526768788789682001910079001306074,DE430,2.475652360187102
2458353.5,2018.641095890411,0.0682,5220180823223546608721226774401535805301910291001221244,DE430,2.475652360187102
2458353.5,2018.641095890411,0.08856,5220180823225125027156326772987038915201910046000952116,DE430,2.475652360187102
2458353.5,2018.641095890411,-0.01694,5220180823231418593887126785705998610001910131001012270,DE430,2.475652360187102
2458353.5,2018.641095890411,0.06406,5220180823232525239675126793117351344301910226001179235,DE430,2.475652360187102
2458353.5,2018.641095890411,0.09277,5220180823233734765810126793390498770201910109000806145,DE430,2.475652360187102
2458356.5,2018.6493150684933,0.01895,5220180826203935865464826548486798172301910025003193027,DE430,3.0455701810054654
2458356.5,2018.6493150684933,0.08265,5220180826204927340631826538034685680301910034003801033,DE430,3.0455701810054654
2458356.5,2018.6493150684933,-0.03452,5220180826210440786887126526135062271001910048001281111,DE430,3.0455701810054654
2458356.5,2018.6493150684933,0.0823,5220180826211453298203326508587076720201910061001460094,DE430,3.0455701810054654
2458356.5,2018.6493150684933,0.05778,5220180826212649537233526501822074780301910091002611112,DE430,3.0455701810054654
2458356.5,2018.6493150684933,-0.03684,5220180826214736875703226487851006853001910026001585073,DE430,3.0455701810054654
2458356.5,2018.6493150684933,0.0911,5220180826220039066653726469918879916201910035001244043,DE430,3.0455701810054654
2458356.5,2018.6493150684933,0.056,5220180826221126427781126466501100072301910072002353088,DE430,3.0455701810054654
2458356.5,2018.6493150684933,-0.01311,5220180826223049564734426457829795610001910031001504091,DE430,3.0455701810054654
2458356.5,2018.6493150684933,0.07893,5220180826225002948961226439301886729201910028001230057,DE430,3.0455701810054654
2458356.5,2018.6493150684933,-0.03639,5220180826231410885342926437159053215001910046001391116,DE430,3.0455701810054654
2458356.5,2018.6493150684933,0.09306,5220180826232351874131626425584613798201910100001644149,DE430,3.0455701810054654
2458356.5,2018.6493150684933,-0.01918,5220180826233749529524526430085482321001910083001664162,DE430,3.0455701810054654
2458356.5,2018.6493150684933,0.03605,5220180826235345098788726423128331043301910098002661094,DE430,3.0455701810054654
2458357.5,2018.6520547945206,-0.02732,5220180827000555338954426425622423472001910063001202149,DE430,3.238931122057246
2458357.5,2018.6520547945206,0.07361,5220180827001919495503026416432536402201910072001323124,DE430,3.238931122057246
2458357.5,2018.6520547945206,-0.01892,5220180827003112210502726425280902872001910044001453105,DE430,3.238931122057246
2458357.5,2018.6520547945206,0.09172,5220180827004544615456826417951785311201910063001947090,DE430,3.238931122057246
2458357.5,2018.6520547945206,0.07833,5220180827005654904501726424450343201301910040003095042,DE430,3.238931122057246
2458357.5,2018.6520547945206,-0.02129,5220180827011016019972126431515783896001910070001244191,DE430,3.238931122057246
2458357.5,2018.6520547945206,0.09526,5220180827012231633391726426261885813201910089001539089,DE430,3.238931122057246
2458357.5,2018.6520547945206,0.04233,5220180827224641583727026279013755028301910314002988132,DE430,3.238931122057246
2458357.5,2018.6520547945206,-0.01498,5220180827225758920170326276110053670001910219001694183,DE430,3.238931122057246
2458357.5,2018.6520547945206,0.09079,5220180827231333027200726256465143327201910112001806052,DE430,3.238931122057246
2458357.5,2018.6520547945206,0.0465,5220180827232946082647226250904697507301910218002775103,DE430,3.238931122057246
2458357.5,2018.6520547945206,-0.01974,5220180827234806937145426247303076256001910069001776055,DE430,3.238931122057246
2458357.5,2018.6520547945206,0.10927,5220180827235759185403326233682257832201910035002224056,DE430,3.238931122057246
2458358.5,2018.654794520548,0.04787,5220180828000702388594426234391449117301910357003019135,DE430,3.434929351480162
2458358.5,2018.654794520548,-0.02156,5220180828001905251448526236177295265001910161001722151,DE430,3.434929351480162
2458358.5,2018.654794520548,0.09416,5220180828003309749670726223185685134201910075002214032,DE430,3.434929351480162
2458358.5,2018.654794520548,0.03662,5220180828004607362490226225199816737301910236002836111,DE430,3.434929351480162
2458358.5,2018.654794520548,-0.0228,5220180828005937964655026229570181430001910289001612288,DE430,3.434929351480162
2458358.5,2018.654794520548,0.08634,5220180828011100740257526219502949634201910241001551155,DE430,3.434929351480162
2458358.5,2018.654794520548,0.04254,5220180828012216404100326224196108000301910498002934409,DE430,3.434929351480162
2458358.5,2018.654794520548,-0.027,5220180828013624654940426231399079332001910220001669265,DE430,3.434929351480162
2458358.5,2018.654794520548,0.08703,5220180828014643638756426223227484517201910250001558153,DE430,3.434929351480162
2458358.5,2018.654794520548,0.04071,5220180828015835570780126230348154461301910536002950322,DE430,3.434929351480162
2458359.5,2018.6575342465753,0.02087,5220180829004727312815126009241144776301910213003561066,DE430,3.6339783166556936
2458359.5,2018.6575342465753,-0.03113,5220180829010930706865426008977027570001910251001809135,DE430,3.6339783166556936
2458359.5,2018.6575342465753,0.09469,5220180829013134876358725993921704639201910056002110020,DE430,3.6339783166556936
2458359.5,2018.6575342465753,-0.03807,5220180829015412998784126002954929867001910161001681101,DE430,3.6339783166556936
2458359.5,2018.6575342465753,0.10698,5220180829020419518812826017402978343101910053002289013,DE430,3.6339783166556936
2458359.5,2018.6575342465753,0.077,5220180829021806792363925993374786252201910160001730067,DE430,3.6339783166556936
2458359.5,2018.6575342465753,0.12284,5220180829022914689421226020111686242101910055002236017,DE430,3.6339783166556936
2458359.5,2018.6575342465753,-0.01709,5220180829024051703223126008406720492001910142001980081,DE430,3.6339783166556936
2458359.5,2018.6575342465753,-0.03862,5220180829025217484780126023504289509401910027002218011,DE430,3.6339783166556936
2458359.5,2018.6575342465753,0.02485,5220180829223143002805525908411664030301910047002793034,DE430,3.6339783166556936
2458359.5,2018.6575342465753,0.18052,5220180829224400071077225893564248685301910023003670010,DE430,3.6339783166556936
2458359.5,2018.6575342465753,-0.03034,5220180829225850069818125883848240020001910029001807083,DE430,3.6339783166556936
2458359.5,2018.6575342465753,0.09572,5220180829231146883113425858863301438201910073002122063,DE430,3.6339783166556936
2458359.5,2018.6575342465753,0.02146,5220180829232416120903125848773987935301910117003741087,DE430,3.6339783166556936
2458359.5,2018.6575342465753,-0.65475,5220180829234524723526025848761244417101910012002748007,DE430,3.6339783166556936
2458360.5,2018.6602739726027,0.06595,5220180830002317531276025795635886855301910024003483014,DE430,3.8364450318689602
2458360.5,2018.6602739726027,0.02346,5220180830012412345069225758895312406301910062003223107,DE430,3.8364450318689602
2458360.5,2018.6602739726027,0.09814,5220180830013545927000125774729566511101910040000918098,DE430,3.8364450318689602
2458360.5,2018.6602739726027,-0.0523,5220180830014815636533825769000205958401910077000837203,DE430,3.8364450318689602
2458360.5,2018.6602739726027,-0.03461,5220180830015941119974025754433550509001910124001837341,DE430,3.8364450318689602
2458360.5,2018.6602739726027,0.09436,5220180830021551998557625739851784863201910114001773124,DE430,3.8364450318689602
2458360.5,2018.6602739726027,-0.00964,5220180830022537590488325742217945416301910224003192220,DE430,3.8364450318689602
2458360.5,2018.6602739726027,0.09144,5220180830024012986980325761719834892101910092000790238,DE430,3.8364450318689602
2458360.5,2018.6602739726027,-0.05517,5220180830024946282850725760665161771401910095000807390,DE430,3.8364450318689602
2458360.5,2018.6602739726027,-0.03584,5220180830030901570569525750848332919001910112001770554,DE430,3.8364450318689602
2458360.5,2018.6602739726027,0.07228,5220180830032224296074825741539726113201910120001823134,DE430,3.8364450318689602
2458360.5,2018.6602739726027,-0.01286,5220180830033444136691325748325340228301910243003130277,DE430,3.8364450318689602
2458360.5,2018.6602739726027,0.09508,5220180830034758784755625772601822342101910067001039155,DE430,3.8364450318689602
2458360.5,2018.6602739726027,-0.06246,5220180830035934061692625776133373342401910066000626232,DE430,3.8364450318689602
2458360.5,2018.6602739726027,-0.04363,5220180830041220581943025770118799076001910139001925530,DE430,3.8364450318689602
2458360.5,2018.6602739726027,0.08346,5220180830042547009932725764895480126201910086001772088,DE430,3.8364450318689602
2458360.5,2018.6602739726027,-0.00136,5220180830043926699795825776492241033301910286003393302,DE430,3.8364450318689602
2458360.5,2018.6602739726027,0.08312,5220180830045219301295125804476023494101910043000717095,DE430,3.8364450318689602
2458360.5,2018.6602739726027,-0.05318,5220180830050500395962025812521140721401910074001047270,DE430,3.8364450318689602
2458360.5,2018.6602739726027,-0.03008,5220180830051743125720125810141198201001910178001981483,DE430,3.8364450318689602
2458360.5,2018.6602739726027,0.08907,5220180830052959822541625807529684432201910171001886174,DE430,3.8364450318689602
2458360.5,2018.6602739726027,0.01758,5220180830054208367952925821558706851301910157003498142,DE430,3.8364450318689602
2458360.5,2018.6602739726027,0.08435,5220180830060103877188325857900474880101910050000819076,DE430,3.8364450318689602
2458360.5,2018.6602739726027,-0.06465,5220180830061148978506725867515632855401910049000884105,DE430,3.8364450318689602
2458360.5,2018.6602739726027,0.09481,5220180830062531037614825880718176403101910052001659066,DE430,3.8364450318689602
2458360.5,2018.6602739726027,-0.04643,5220180830063943862625325894579304253401910058001444170,DE430,3.8364450318689602
2458361.5,2018.66301369863,-0.0006,5220180831012105295349225509276242904301910182002978143,DE430,4.04268840324769
2458361.5,2018.66301369863,-0.0384,5220180831013023852043125510959598532001910287001788999,DE430,4.04268840324769
2458361.5,2018.66301369863,0.05357,5220180831014118675453525492637045632201910023002212026,DE430,4.04268840324769
2458362.5,2018.6657534246576,-0.00507,5220180901002059111598125313998792187301910430003343362,DE430,4.253083620798827
2458362.5,2018.6657534246576,0.07008,5220180901003401700463925319321336547101910317001065236,DE430,4.253083620798827
2458362.5,2018.6657534246576,-0.07097,5220180901005832571625225291318421444401910760000808999,DE430,4.253083620798827
2458362.5,2018.6657534246576,-0.03046,5220180901011017946800525268271703899001910398001838999,DE430,4.253083620798827
2458362.5,2018.6657534246576,0.07336,5220180901012240086841025245128462008201910513001747388,DE430,4.253083620798827
2458362.5,2018.6657534246576,0.06673,5220180901013552250884525256796259415101910306000971550,DE430,4.253083620798827
2458362.5,2018.6657534246576,-0.07488,5220180901014511649465925247705093749401910882000889999,DE430,4.253083620798827
2458362.5,2018.6657534246576,-0.0294,5220180901015937968730125225043094776001910574001881999,DE430,4.253083620798827
2458362.5,2018.6657534246576,0.06056,5220180901021034021590125205617737253201910448001752345,DE430,4.253083620798827
2458362.5,2018.6657534246576,-0.02643,5220180901022323676556225200385801723301910331003431707,DE430,4.253083620798827
2458362.5,2018.6657534246576,0.04751,5220180901023438910192125213723447022101910189000894597,DE430,4.253083620798827
2458362.5,2018.6657534246576,-0.09723,5220180901024428710404725207351046355401910055000844999,DE430,4.253083620798827
2458362.5,2018.6657534246576,-0.05763,5220180901051020207901625167950059667301910409003500999,DE430,4.253083620798827
2458362.5,2018.6657534246576,0.02712,5220180901052053405820125190667502874101910290000923966,DE430,4.253083620798827
2458362.5,2018.6657534246576,-0.10983,5220180901053200481824425194213275405401910496000916999,DE430,4.253083620798827
2458363.5,2018.668493150685,-0.06896,5220180902004416689751225050781542062401910359000668999,DE430,4.468020823430714
2458363.5,2018.668493150685,-0.00815,5220180902005723883198925023071638196001910133001752999,DE430,4.468020823430714
2458363.5,2018.668493150685,0.08634,5220180902010913480620624998033540793201910109001917194,DE430,4.468020823430714
2458363.5,2018.668493150685,-0.00882,5220180902012108469590224987647202820301910178003189701,DE430,4.468020823430714
2458363.5,2018.668493150685,0.043,5220180902013235463785624995730812700101910351000915677,DE430,4.468020823430714
2458363.5,2018.668493150685,-0.09178,5220180902014947318404224975577035139401910230000756999,DE430,4.468020823430714
2458363.5,2018.668493150685,-0.03196,5220180902015929214089924954291817482001910156002046999,DE430,4.468020823430714
2458363.5,2018.668493150685,0.0672,5220180902021301421548224930321774074201910301001580511,DE430,4.468020823430714
2458363.5,2018.668493150685,-0.02081,5220180902022549405384724922415740067301910377003310999,DE430,4.468020823430714
2458363.5,2018.668493150685,0.0143,5220180902023726099992824933393218682101910469000937771,DE430,4.468020823430714
2458363.5,2018.668493150685,-0.04366,5220180902030128045470124901861065572001910360001711999,DE430,4.468020823430714
2458363.5,2018.668493150685,0.05516,5220180902031211009805524883434657393201910199001566342,DE430,4.468020823430714
2458363.5,2018.668493150685,-0.07236,5220180902032532258727124879032112646301910743002820999,DE430,4.468020823430714
2458363.5,2018.668493150685,-0.04619,5220180902040352723973124868182087116001910375001884999,DE430,4.468020823430714
2458363.5,2018.668493150685,0.05478,5220180902041524040519524852734289634201910445001768740,DE430,4.468020823430714
2458363.5,2018.668493150685,-0.06772,5220180902042706322507724853366015184301910185002844999,DE430,4.468020823430714
2458363.5,2018.668493150685,0.00458,5220180902044106074040124870833392844101910686000966999,DE430,4.468020823430714
2458363.5,2018.668493150685,-0.0518,5220180902050438689606224855159229249001910292001763999,DE430,4.468020823430714
2458363.5,2018.668493150685,0.05839,5220180902051745667813224843225015656201910426001689782,DE430,4.468020823430714
2458363.5,2018.668493150685,-0.07381,5220180902052729684685524847778334670301910329003192999,DE430,4.468020823430714
2458363.5,2018.668493150685,0.00106,5220180902054032223278524869437681099101910330000898999,DE430,4.468020823430714
2458363.5,2018.668493150685,-0.121,5220180902055448397112624870964168309401910338000891999,DE430,4.468020823430714
2458363.5,2018.668493150685,-0.05361,5220180902060706620394524862059015544001910359001888999,DE430,4.468020823430714
2458363.5,2018.668493150685,0.05152,5220180902061646224567324852961828866201910451001740747,DE430,4.468020823430714
2458363.5,2018.668493150685,-0.05186,5220180902062908988532224861533562172301910254003516999,DE430,4.468020823430714
2458363.5,2018.668493150685,-0.00789,5220180902064021726684824886223970417101910264000992398,DE430,4.468020823430714
2458363.5,2018.668493150685,-0.11818,5220180902070019451045524894979302076401910141001025999,DE430,4.468020823430714
2458363.5,2018.668493150685,-0.05038,5220180902071552711814524891624355401001910313001953999,DE430,4.468020823430714
2458363.5,2018.668493150685,0.0555,5220180902072526181673424885219400590201910048001919075,DE430,4.468020823430714
2458363.5,2018.668493150685,-0.06635,5220180902074238681559524900892982518301910178003212737,DE430,4.468020823430714
2458363.5,2018.668493150685,-0.0063,5220180902075053961844224926726366275101910200000993424,DE430,4.468020823430714
2458364.5,2018.6712328767123,-0.066,5220180903070402109944324537465710660301910419002988999,DE430,4.6878674598699375
2458364.5,2018.6712328767123,-0.0368,5220180903071714883829424562751770860101910511000832999,DE430,4.6878674598699375
2458364.5,2018.6712328767123,-0.14026,5220180903072807131744924564665962716401910594000667999,DE430,4.6878674598699375
2458364.5,2018.6712328767123,-0.03843,5220180903074040909255924557378835110001910126001513999,DE430,4.6878674598699375
2458364.5,2018.6712328767123,0.07221,5220180903075125527226424551021755709201910207001862847,DE430,4.6878674598699375
2458364.5,2018.6712328767123,-0.02712,5220180903080348194234224583452823841101910347000916999,DE430,4.6878674598699375
2458364.5,2018.6712328767123,-0.13527,5220180903081817733750824589906762230401910459000773999,DE430,4.6878674598699375
2458364.5,2018.6712328767123,-0.06299,5220180903083014235568624584808533107001910065001630888,DE430,4.6878674598699375
2458364.5,2018.6712328767123,0.05656,5220180903084143846390824580969278901201910049001726202,DE430,4.6878674598699375
2458365.5,2018.6739726027397,-0.04365,5220180904010712666667024538382948633101910458000895999,DE430,4.91288800431021
2458365.5,2018.6739726027397,-0.06542,5220180904015145546350124459681729705001910405001563999,DE430,4.91288800431021
2458365.5,2018.6739726027397,0.03723,5220180904020509461925924432991058117201910506001379999,DE430,4.91288800431021
2458365.5,2018.6739726027397,-0.04323,5220180904021610996680724446619552606101910530000905865,DE430,4.91288800431021
2458365.5,2018.6739726027397,-0.14841,5220180904023015171809324423903828536401910416000783999,DE430,4.91288800431021
2458365.5,2018.6739726027397,-0.05823,5220180904024404897998824394190827799001910365001536999,DE430,4.91288800431021
2458365.5,2018.6739726027397,0.03562,5220180904025026878848424377414962111201910155001290999,DE430,4.91288800431021
2458365.5,2018.6739726027397,-0.0729,5220180904034549620447724327948819010001910786001463999,DE430,4.91288800431021
2458365.5,2018.6739726027397,-0.0625,5220180904041112656241324323365642025101910680000847999,DE430,4.91288800431021
2458365.5,2018.6739726027397,-0.15692,5220180904042634200063824305796977819401910377000653999,DE430,4.91288800431021
2458365.5,2018.6739726027397,-0.05635,5220180904044101505864424281686467538001910239001663999,DE430,4.91288800431021
2458365.5,2018.6739726027397,0.03644,5220180904045134752015724264757767776201910235001320999,DE430,4.91288800431021
2458365.5,2018.6739726027397,-0.10385,5220180904050341077965924262022199517301910484002782999,DE430,4.91288800431021
2458365.5,2018.6739726027397,-0.06724,5220180904051425798489924278754789712101910463000735999,DE430,4.91288800431021
2458365.5,2018.6739726027397,0.04197,5220180904055841932408324231135883718201910410001410999,DE430,4.91288800431021
2458365.5,2018.6739726027397,-0.07331,5220180904061054356356924255493899793101910830000850999,DE430,4.91288800431021
2458365.5,2018.6739726027397,-0.1656,5220180904062211936863824248214845802401910752000793999,DE430,4.91288800431021
2458365.5,2018.6739726027397,-0.07487,5220180904063441612566624232589974380001910218001491999,DE430,4.91288800431021
2458365.5,2018.6739726027397,0.03724,5220180904065321464083524220777111465201910289001369999,DE430,4.91288800431021
2458365.5,2018.6739726027397,-0.10629,5220180904071111253789024226060473179301910282002711999,DE430,4.91288800431021
2458365.5,2018.6739726027397,-0.06714,5220180904072030016523024249389487632101910279000841999,DE430,4.91288800431021
2458365.5,2018.6739726027397,-0.16865,5220180904073413151777924246800327014401910258000778999,DE430,4.91288800431021
2458365.5,2018.6739726027397,-0.05912,5220180904074508568247924235338166639001910049001598613,DE430,4.91288800431021
2458365.5,2018.6739726027397,0.03487,5220180904075756919569624228202651575201910167001418999,DE430,4.91288800431021
2458365.5,2018.6739726027397,-0.10009,5220180904081048145703024237575839599301910208002818786,DE430,4.91288800431021
2458365.5,2018.6739726027397,-0.07323,5220180904082346324709824264885664109101910157000775581,DE430,4.91288800431021
2458365.5,2018.6739726027397,-0.15983,5220180904083549909479124265896823485401910224000882999,DE430,4.91288800431021
2458365.5,2018.6739726027397,-0.0384,5220180904090939697339924270014128101001910023002339114,DE430,4.91288800431021
2458365.5,2018.6739726027397,0.05697,5220180904092315828990624267904517667201910053001587309,DE430,4.91288800431021
2458365.5,2018.6739726027397,-0.12264,5220180904095027226254824292300301379301910061003389037,DE430,4.91288800431021
2458365.5,2018.6739726027397,-0.07158,5220180904113750746489024409372449687101910014002077027,DE430,4.91288800431021
2458366.5,2018.676712328767,-0.04196,5220180905023537438149124199715798246001910228001491999,DE430,5.143123107383076
2458366.5,2018.676712328767,0.06649,5220180905024520818377224179171850395201910588001260999,DE430,5.143123107383076
2458366.5,2018.676712328767,-0.05856,5220180905025657574641324194534865551101910543000762999,DE430,5.143123107383076
2458366.5,2018.676712328767,-0.14608,5220180905031022771672724169868825021401910477000829999,DE430,5.143123107383076
2458366.5,2018.676712328767,-0.05525,5220180905032558655178124136663063415001910189001249999,DE430,5.143123107383076
2458366.5,2018.676712328767,0.06549,5220180905033821551605624114133476225201910420001116999,DE430,5.143123107383076
2458366.5,2018.676712328767,-0.08713,5220180905035309827087724102744617538301910366002206999,DE430,5.143123107383076
2458366.5,2018.676712328767,-0.07931,5220180905041231114420124106826078369101910231000708999,DE430,5.143123107383076
2458366.5,2018.676712328767,-0.15062,5220180905042615713472524084989901520401910298000732999,DE430,5.143123107383076
2458366.5,2018.676712328767,-0.11785,5220180905074618473384623959464556266301910666002398999,DE430,5.143123107383076
2458366.5,2018.676712328767,-0.09415,5220180905075719221111523983807434135101910340000700809,DE430,5.143123107383076
2458366.5,2018.676712328767,-0.17734,5220180905080939438038823977201748320401910270000790837,DE430,5.143123107383076
2458366.5,2018.676712328767,-0.06812,5220180905082242865117623963903380596001910193001301627,DE430,5.143123107383076
2458366.5,2018.676712328767,0.02843,5220180905083312991589023956803207156201910182001188648,DE430,5.143123107383076
2458366.5,2018.676712328767,-0.1127,5220180905084702472749723966013694576301910357002663720,DE430,5.143123107383076
2458366.5,2018.676712328767,-0.09879,5220180905085742770787923993464326869101910358000710999,DE430,5.143123107383076
2458366.5,2018.676712328767,-0.17775,5220180905091204382542323991494104312401910367000722999,DE430,5.143123107383076
2458366.5,2018.676712328767,-0.06478,5220180905092057776036823980304236687001910111001527541,DE430,5.143123107383076
2458367.5,2018.6794520547944,-0.08975,5220180906033957441056623974511799264301910014001734999,DE430,5.378244138788937
2458367.5,2018.6794520547944,-0.09418,5220180906035415004945723956833523312301910782001724999,DE430,5.378244138788937
2458367.5,2018.6794520547944,-0.06693,5220180906040804398659423967195842538101910615000907999,DE430,5.378244138788937
2458367.5,2018.6794520547944,-0.13651,5220180906042102330715523940798133771401910336001032999,DE430,5.378244138788937
2458367.5,2018.6794520547944,-0.04712,5220180906043807813971923905700327681001910576001070999,DE430,5.378244138788937
2458367.5,2018.6794520547944,0.04761,5220180906045302548071423883122039315201910560000957999,DE430,5.378244138788937
2458367.5,2018.6794520547944,-0.10386,5220180906050741934207723874088571458301910571001755999,DE430,5.378244138788937
2458367.5,2018.6794520547944,-0.08897,5220180906052133316382423887387123347101910687000835999,DE430,5.378244138788937
2458367.5,2018.6794520547944,-0.15938,5220180906053531686179923863195011147401910358000898999,DE430,5.378244138788937
2458367.5,2018.6794520547944,-0.05668,5220180906054945506085723834809659058001910278001069999,DE430,5.378244138788937
2458367.5,2018.6794520547944,0.04502,5220180906060146400905023818333379518201910342000925999,DE430,5.378244138788937
2458367.5,2018.6794520547944,-0.1086,5220180906061550572756923813802590103301910180001635493,DE430,5.378244138788937
2458367.5,2018.6794520547944,-0.10442,5220180906063335019831723828244766229101910379000759542,DE430,5.378244138788937
2458367.5,2018.6794520547944,-0.17441,5220180906064743092407523808430865505401910289000952760,DE430,5.378244138788937
2458367.5,2018.6794520547944,-0.07178,5220180906065902632723223786077617869001910213000887715,DE430,5.378244138788937
2458367.5,2018.6794520547944,0.03123,5220180906071248155252923772378123921201910317000915999,DE430,5.378244138788937
2458367.5,2018.6794520547944,-0.12545,5220180906072558979541623773071680518301910600001779718,DE430,5.378244138788937
2458367.5,2018.6794520547944,-0.10628,5220180906083643851456123783553821407101910188000786166,DE430,5.378244138788937
2458367.5,2018.6794520547944,-0.18259,5220180906085213851699823772970028951401910195000841191,DE430,5.378244138788937
2458367.5,2018.6794520547944,-0.0768,5220180906090503151983023757837050463001910167000985151,DE430,5.378244138788937
2458367.5,2018.6794520547944,0.0236,5220180906092718047059023754254045712201910083000882087,DE430,5.378244138788937
2458367.5,2018.6794520547944,-0.12653,5220180906094205864059623764739839504301910280001863101,DE430,5.378244138788937
2458367.5,2018.6794520547944,-0.18658,5220180906103540126048923803277743726401910133001045180,DE430,5.378244138788937
2458367.5,2018.6794520547944,-0.08766,5220180906104808067580823794287409852001910083001093101,DE430,5.378244138788937
2458367.5,2018.6794520547944,0.03378,5220180906110531269417123797929964614201910209000957280,DE430,5.378244138788937
2458367.5,2018.6794520547944,-0.12425,5220180906111938893981623814621940433301910228001839168,DE430,5.378244138788937
2458368.5,2018.682191780822,-0.12208,5220180907035830633441923910835684791401910131001678999,DE430,5.617417942663354
2458368.5,2018.682191780822,-0.01891,5220180907040820675170923881524235898001910178001547999,DE430,5.617417942663354
2458368.5,2018.682191780822,0.04802,5220180907042229490495923859689570310201910167000822999,DE430,5.617417942663354
2458368.5,2018.682191780822,-0.08478,5220180907043426135702723851864957113301910390001311999,DE430,5.617417942663354
2458368.5,2018.682191780822,-0.07066,5220180907044615800296023867066137268101910142001007999,DE430,5.617417942663354
2458368.5,2018.682191780822,-0.12116,5220180907050005722339923835999940036401910216001394999,DE430,5.617417942663354
2458368.5,2018.682191780822,-0.0337,5220180907051249880119323804368918802001910135001118404,DE430,5.617417942663354
2458368.5,2018.682191780822,0.05377,5220180907052543031313323785715584814201910118000727360,DE430,5.617417942663354
2458368.5,2018.682191780822,-0.09191,5220180907053615747664823781208831469301910161001272173,DE430,5.617417942663354
2458368.5,2018.682191780822,-0.08479,5220180907055719412207523788872708933101910218000785353,DE430,5.617417942663354
2458368.5,2018.682191780822,-0.15038,5220180907060951454256823761851834740401910422001164671,DE430,5.617417942663354
2458368.5,2018.682191780822,-0.06482,5220180907073920795790123675301149125001910186000782833,DE430,5.617417942663354
2458368.5,2018.682191780822,0.03575,5220180907075059529068323664272801446201910045000859223,DE430,5.617417942663354
2458368.5,2018.682191780822,-0.11299,5220180907080635361591123663863733727301910399001313526,DE430,5.617417942663354
2458368.5,2018.682191780822,-0.10131,5220180907081849282287823687980530206101910325000908999,DE430,5.617417942663354
2458368.5,2018.682191780822,-0.16279,5220180907083035055051223669343189868401910222001115681,DE430,5.617417942663354
2458368.5,2018.682191780822,-0.06688,5220180907084342266655223648238248788001910083000744213,DE430,5.617417942663354
2458368.5,2018.682191780822,0.02905,5220180907085518027331123640825567212201910131000722366,DE430,5.617417942663354
2458368.5,2018.682191780822,-0.11765,5220180907090548140042623646317238015301910447001221851,DE430,5.617417942663354
2458368.5,2018.682191780822,-0.10573,5220180907091737533570123674105967093101910143000801528,DE430,5.617417942663354
2458368.5,2018.682191780822,-0.16414,5220180907093152730966023659235807365401910287001389644,DE430,5.617417942663354
2458368.5,2018.682191780822,-0.07187,5220180907094306542224423642204342831001910160000716392,DE430,5.617417942663354
2458368.5,2018.682191780822,0.02391,5220180907095332315015723638132726003201910082000626064,DE430,5.617417942663354
2458368.5,2018.682191780822,-0.1284,5220180907122200886927523716204882711301910122001426142,DE430,5.617417942663354
2458368.5,2018.682191780822,-0.1179,5220180907123913658937523759532838684101910122001019129,DE430,5.617417942663354
2458372.5,2018.6931506849314,0.01922,5220180911105158119322624348454206271301910158001885303,DE430,0.29663042477849233
2458372.5,2018.6931506849314,0.02473,5220180911110500563852424380386684453101910273001539738,DE430,0.29663042477849233
2458372.5,2018.6931506849314,-0.0308,5220180911111853862965024347121161733401910252001922747,DE430,0.29663042477849233
2458372.5,2018.6931506849314,0.02883,5220180911113036170581824322873704769001910087001418245,DE430,0.29663042477849233
2458372.5,2018.6931506849314,0.09134,5220180911114200060878724323853461460201910150001480464,DE430,0.29663042477849233
2458372.5,2018.6931506849314,0.00739,5220180911115449098009024329502718988301910526001871999,DE430,0.29663042477849233
2458372.5,2018.6931506849314,0.02234,5220180911122833142164424365144221219101910238001662764,DE430,0.29663042477849233
2458372.5,2018.6931506849314,-0.02574,5220180911123956533150524338022033807401910267002193733,DE430,0.29663042477849233
2458372.5,2018.6931506849314,0.02061,5220180911125451764105824319466894205001910090001609340,DE430,0.29663042477849233
2458372.5,2018.6931506849314,0.08183,5220180911130607912799924325399462731201910160001338647,DE430,0.29663042477849233
2458372.5,2018.6931506849314,-0.00726,5220180911131709837328924336439386061301910514001848999,DE430,0.29663042477849233
2458372.5,2018.6931506849314,0.01372,5220180911132909973399824377760674827101910377001572999,DE430,0.29663042477849233
2458372.5,2018.6931506849314,-0.03753,5220180911134249226328324355730334995401910189001819626,DE430,0.29663042477849233
2458372.5,2018.6931506849314,-0.0412,5220180911162519588626524496846359383401910198002002490,DE430,0.29663042477849233
2458372.5,2018.6931506849314,-0.0275,5220180911163751906114424502853428530301910445001860452,DE430,0.29663042477849233
2458372.5,2018.6931506849314,-0.00661,5220180911164940923033124507146860363001910262001597251,DE430,0.29663042477849233
2458372.5,2018.6931506849314,0.04904,5220180911170324536232924528387114616201910252001517307,DE430,0.29663042477849233
2458372.5,2018.6931506849314,-0.01907,5220180911171526683231024589787924853101910186001495235,DE430,0.29663042477849233
2456722.5,2014.1753424657534,0.0577,5120140306174923343988425580926077806301910060002071241,DE430,1.056246266889577
2456722.5,2014.1753424657534,0.0662,5120140306180157878282625591175490215301910052002235242,DE430,1.056246266889577
2456722.5,2014.1753424657534,0.04133,5120140306182119696459025642460124429101910035001075304,DE430,1.056246266889577
2456722.5,2014.1753424657534,0.08925,5120140306183456161839525622599136178201910052001521394,DE430,1.056246266889577
2456722.5,2014.1753424657534,0.08081,5120140306184837888426025631877624031001910035001823199,DE430,1.056246266889577
2456722.5,2014.1753424657534,0.0547,5120140306190235191242225650437585975301910117002171547,DE430,1.056246266889577
2456722.5,2014.1753424657534,0.05222,5120140306191411415310325697407868025101910081001014999,DE430,1.056246266889577
2456722.5,2014.1753424657534,0.08803,5120140306194150525795225693080796687001910036001824130,DE430,1.056246266889577
2456722.5,2014.1753424657534,0.08085,5120140306200152649278225721955438347301910046002321174,DE430,1.056246266889577
2456722.5,2014.1753424657534,0.03491,5120140306201055016176725767593261164101910027001063479,DE430,1.056246266889577
2456722.5,2014.1753424657534,0.06612,5120140306202437001958725753258543083201910025002061125,DE430,1.056246266889577
2456722.5,2014.1753424657534,0.10317,5120140306203536661785125763975058546001910024001648159,DE430,1.056246266889577
2456722.5,2014.1753424657534,0.06504,5120140306211028757137825816623095702301910059002132405,DE430,1.056246266889577
2456722.5,2014.1753424657534,0.06231,5120140306213025777319425845681780454301910030002342123,DE430,1.056246266889577
2456723.5,2014.1780821917807,-0.02769,5120140307195158904504325996910161058301910010002768051,DE430,1.2615970578185243
2456723.5,2014.1780821917807,0.02653,5120140307211746624479526099766824507301910023002549077,DE430,1.2615970578185243
2456723.5,2014.1780821917807,0.06742,5120140307212700705126826112044046071301910015002086088,DE430,1.2615970578185243
2456723.5,2014.1780821917807,0.01267,5120140307215359840362126148875089727301910013001665119,DE430,1.2615970578185243
2456724.5,2014.1808219178083,0.18206,5120140308181616561229626179286832692301910009002216031,DE430,1.4610125595006682
2456724.5,2014.1808219178083,0.0716,5120140308194639534111626229910650429301910015002289061,DE430,1.4610125595006682
2456724.5,2014.1808219178083,0.05331,5120140308195420520260526236013094038301910065002252330,DE430,1.4610125595006682
2456724.5,2014.1808219178083,0.06781,5120140308202026323940126258660986624301910100002164522,DE430,1.4610125595006682
2456724.5,2014.1808219178083,0.09591,5120140308203255760493626270162168165001910012002106026,DE430,1.4610125595006682
2456724.5,2014.1808219178083,0.06185,5120140308205646761183526294785827803301910038002413120,DE430,1.4610125595006682
2456724.5,2014.1808219178083,0.08724,5120140308211126074427526313007762504201910017001707114,DE430,1.4610125595006682
2456724.5,2014.1808219178083,0.05016,5120140308212313483968526355298563939101910013001452105,DE430,1.4610125595006682
2456724.5,2014.1808219178083,0.06312,5120140308213640884861626339804091848301910016002158081,DE430,1.4610125595006682
2456724.5,2014.1808219178083,0.04092,5120140308220344692631026372983994418301910020002457086,DE430,1.4610125595006682
2456724.5,2014.1808219178083,0.12033,5120140308221503497953426389645718869201910010001111126,DE430,1.4610125595006682
2456724.5,2014.1808219178083,0.07269,5120140308222854825539226436441317858101910009001204131,DE430,1.4610125595006682
2456724.5,2014.1808219178083,0.05866,5120140308224420024484126425808868995301910019001514136,DE430,1.4610125595006682
2456724.5,2014.1808219178083,0.07133,5120140308225414343072326439126108775301910018002371070,DE430,1.4610125595006682
2456726.5,2014.186301369863,0.04114,5120140310185941411345026512499368379301910059002489072,DE430,1.8475725059972943
2456726.5,2014.186301369863,0.0592,5120140310191140633778126512252720891301910046002417075,DE430,1.8475725059972943
2456726.5,2014.186301369863,0.0469,5120140310195817671686926518490007811301910021002907023,DE430,1.8475725059972943
2456728.5,2014.1917808219177,0.04683,5120140312224321280724026558684037880301910034002704018,DE430,2.227045486474405
2456740.5,2014.2246575342465,0.03627,5120140324045721728713624490542713037301910047002236157,DE430,4.695425252135141
2456740.5,2014.2246575342465,0.02727,5120140324051607239938624483946832727301910028002004088,DE430,4.695425252135141
2456740.5,2014.2246575342465,0.03752,5120140324054048378268724478024714280301910016002220022,DE430,4.695425252135141
2456757.5,2014.2712328767122,0.04219,5120140410173211657409826424740117721301910043003131016,DE430,2.0746014022696113
2456757.5,2014.2712328767122,0.03554,5120140410174422785873026413737987533301910067003137031,DE430,2.0746014022696113
2456757.5,2014.2712328767122,0.02531,5120140410180100057286626399784823723301910088002689055,DE430,2.0746014022696113
2456757.5,2014.2712328767122,0.11197,5120140410181625020924726386721787610201910033001866036,DE430,2.0746014022696113
2456757.5,2014.2712328767122,0.03702,5120140410191621695389826353264886392301910206002714114,DE430,2.0746014022696113
2456757.5,2014.2712328767122,0.10225,5120140410193456310764526344907303038201910101001714124,DE430,2.0746014022696113
2456757.5,2014.2712328767122,0.05384,5120140410194823168599726346968228044001910032001876026,DE430,2.0746014022696113
2456757.5,2014.2712328767122,0.03644,5120140410200226571886026339485587579301910229002574144,DE430,2.0746014022696113
2456757.5,2014.2712328767122,0.02114,5120140410211446960918626341345765184301910299002810144,DE430,2.0746014022696113
2456757.5,2014.2712328767122,0.11161,5120140410213122105773726344137844912201910105001661144,DE430,2.0746014022696113
2456757.5,2014.2712328767122,0.03414,5120140410215203852341626353287266940301910092002132234,DE430,2.0746014022696113
2456757.5,2014.2712328767122,0.11015,5120140410220847826540526359265767535201910083001546141,DE430,2.0746014022696113
2456757.5,2014.2712328767122,0.02305,5120140410225442866006026388822439475301910097002857085,DE430,2.0746014022696113
2456757.5,2014.2712328767122,0.1147,5120140410230609284878626395447452072201910052001959066,DE430,2.0746014022696113
2456757.5,2014.2712328767122,0.02583,5120140410231829350850126406871785441301910030003227017,DE430,2.0746014022696113
2456757.5,2014.2712328767122,0.03963,5120140410233050320625726417128672498301910031003180014,DE430,2.0746014022696113
2456758.5,2014.2739726027398,0.02212,5120140411212716181120326152026355879301910048003080036,DE430,2.2672496074112463
2456758.5,2014.2739726027398,0.05371,5120140411213725622300826152499170544301910035002797019,DE430,2.2672496074112463
2456758.5,2014.2739726027398,0.02061,5120140411220027743126226155658958939301910097002781063,DE430,2.2672496074112463
2456758.5,2014.2739726027398,0.09781,5120140411223903831063326164026350334201910053001897058,DE430,2.2672496074112463
2456758.5,2014.2739726027398,0.0333,5120140411225206628056126172938537811301910150002646132,DE430,2.2672496074112463
2456758.5,2014.2739726027398,0.01949,5120140411230326968201426183380066379001910032002230027,DE430,2.2672496074112463
2456758.5,2014.2739726027398,0.03539,5120140411231538917759526185236135980301910103002622083,DE430,2.2672496074112463
2456758.5,2014.2739726027398,0.1338,5120140411235223981587526206106251855201910065001642106,DE430,2.2672496074112463
2456759.5,2014.2767123287672,0.00329,5120140412001153714405126224626290633301910039003195027,DE430,2.4627792867470997
2456781.5,2014.33698630137,-0.02422,5120140504182605934642426428587306416301910017003408033,DE430,0.9697787978276832
2456782.5,2014.3397260273973,0.05664,5120140505201644334961726595404430529301910097002305315,DE430,1.1630926306111147
2456782.5,2014.3397260273973,0.05446,5120140505202555406544726605186134567301910076002134399,DE430,1.1630926306111147
2456782.5,2014.3397260273973,0.16792,5120140505203854051562226620434424922201910039001648270,DE430,1.1630926306111147
2456782.5,2014.3397260273973,0.0491,5120140505210411519507026648532018983301910088002305311,DE430,1.1630926306111147
2456782.5,2014.3397260273973,0.10517,5120140505211850454564626692341026207101910017001184201,DE430,1.1630926306111147
2456782.5,2014.3397260273973,0.12482,5120140505213051929425526707032755175101910011001545083,DE430,1.1630926306111147
2456815.5,2014.4301369863015,-0.01865,5120140607194658113415725789928758355301910061002445101,DE430,1.793560634160101
2456815.5,2014.4301369863015,0.01162,5120140607200556832054825791837600033301910076002993090,DE430,1.793560634160101
2456815.5,2014.4301369863015,0.0619,5120140607201541102097925815584517335101910014001655095,DE430,1.793560634160101
2456815.5,2014.4301369863015,0.00642,5120140607202744532378825796372342867301910058002637098,DE430,1.793560634160101
2456815.5,2014.4301369863015,0.05704,5120140607211742660967325815746068174301910084003153117,DE430,1.793560634160101
2456815.5,2014.4301369863015,0.05058,5120140607213801605251725831262472739001910029002151049,DE430,1.793560634160101
2456815.5,2014.4301369863015,0.11385,5120140607214912352125225855621496303101910016001444146,DE430,1.793560634160101
2456815.5,2014.4301369863015,-0.0133,5120140607220312360609525843250989362301910030002970043,DE430,1.793560634160101
2456816.5,2014.4328767123288,-0.00171,5120140608185515576889925463223207693301910098003342055,DE430,1.9941020651347428
2456816.5,2014.4328767123288,0.00601,5120140608190512376414225461382213934001910025002336021,DE430,1.9941020651347428
2456816.5,2014.4328767123288,-0.02172,5120140608191633977569225453538130764301910077003112063,DE430,1.9941020651347428
2456816.5,2014.4328767123288,0.04642,5120140608192936510295525439101067211201910016001828027,DE430,1.9941020651347428
2456816.5,2014.4328767123288,0.02128,5120140608194303708788025444935743345301910091002863085,DE430,1.9941020651347428
2456816.5,2014.4328767123288,-0.05636,5120140608200428749267225440785792894301910038003335025,DE430,1.9941020651347428
2456816.5,2014.4328767123288,-0.05548,5120140608201400885088125442874392421001910022002391019,DE430,1.9941020651347428
2456816.5,2014.4328767123288,0.05038,5120140608202939273994325439097129500301910026003163019,DE430,1.9941020651347428
2456816.5,2014.4328767123288,0.06469,5120140608203853643091825429475523856201910016002781019,DE430,1.9941020651347428
2456816.5,2014.4328767123288,0.07383,5120140608211443097824725444485758332301910019003060011,DE430,1.9941020651347428
2456816.5,2014.4328767123288,0.05108,5120140608220155274647725461072332115301910031003068025,DE430,1.9941020651347428
2456816.5,2014.4328767123288,0.00848,5120140608223412489019325478288127194301910019003329013,DE430,1.9941020651347428
2456816.5,2014.4328767123288,0.05416,5120140608224632407830925489391822882001910015001744027,DE430,1.9941020651347428
2456816.5,2014.4328767123288,0.09771,5120140608225728521081625483195547629201910018002055030,DE430,1.9941020651347428
2456818.5,2014.4383561643835,0.07038,5120140610201949056206824728779746879301910025003136013,DE430,2.414269165020543
2456818.5,2014.4383561643835,-0.00677,5120140610203252037524224721564572047301910019003058008,DE430,2.414269165020543
2456818.5,2014.4383561643835,0.0786,5120140610213454083396424699447278106301910024003505015,DE430,2.414269165020543
2456829.5,2014.468493150685,0.07443,5120140621024957783099325029002141790301910013002820058,DE430,4.98241427523546
2456829.5,2014.468493150685,0.09893,5120140621033633120831524990668463292301910018002231087,DE430,4.98241427523546
2456859.5,2014.5506849315068,0.03074,5120140721082928545940625635941362974301910039002518023,DE430,5.114900376760215
2456859.5,2014.5506849315068,0.03071,5120140721084321551948325644986322438301910087002837056,DE430,5.114900376760215
2456861.5,2014.5561643835617,0.03761,5120140723081310643381126120975909826301910029002468017,DE430,5.518002633354405
2456861.5,2014.5561643835617,0.04799,5120140723090917966956826126761495895301910027003625007,DE430,5.518002633354405
2456861.5,2014.5561643835617,0.06086,5120140723093742175442126135952561291301910022002721034,DE430,5.518002633354405
2456869.5,2014.5780821917808,0.09601,5120140731170746512851426434714555312301910035003103011,DE430,0.7714510778156844
2456869.5,2014.5780821917808,0.03099,5120140731172018419554426442611066364301910030003589010,DE430,0.7714510778156844
2456869.5,2014.5780821917808,-0.01223,5120140731173317648550126451527818149301910042003774015,DE430,0.7714510778156844
2456869.5,2014.5780821917808,0.02922,5120140731174659496536526461705177067301910052003284027,DE430,0.7714510778156844
2456869.5,2014.5780821917808,0.1252,5120140731181012611790126473711674154201910025002279016,DE430,0.7714510778156844
2456872.5,2014.5863013698631,0.09278,5120140803183933105635425588216827641301910032003232044,DE430,1.3585867150788427
2456872.5,2014.5863013698631,0.17616,5120140803185731197018625593489891436301910013002603032,DE430,1.3585867150788427
2456873.5,2014.5890410958905,0.06917,5120140804193947789113725208157628060301910018002605043,DE430,1.5634518658882692
2456873.5,2014.5890410958905,0.12651,5120140804194726663036325210322066086301910020002774102,DE430,1.5634518658882692
2456884.5,2014.6191780821919,0.02818,5120140815024621243451024422407880774301910020003077019,DE430,4.166230662793833
2456885.5,2014.6219178082192,-0.01223,5120140816004954388166724885442233292301910020003059033,DE430,4.3888073242558505
2456885.5,2014.6219178082192,0.07241,5120140816011700933832524867866343627301910015003779014,DE430,4.3888073242558505
2456885.5,2014.6219178082192,0.0825,5120140816012922179196824860798865830301910020002906026,DE430,4.3888073242558505
2456885.5,2014.6219178082192,0.01363,5120140816015243795727624849181770558301910035003288042,DE430,4.3888073242558505
2456885.5,2014.6219178082192,0.07068,5120140816022218598120724832174757522001910010002030061,DE430,4.3888073242558505
2456885.5,2014.6219178082192,0.0624,5120140816024710329275824831812181608301910121002463205,DE430,4.3888073242558505
2456885.5,2014.6219178082192,0.08265,5120140816025807853585924831495949988201910024001786037,DE430,4.3888073242558505
2456885.5,2014.6219178082192,0.06392,5120140816032022706062524828453327315301910099002663164,DE430,4.3888073242558505
2456885.5,2014.6219178082192,0.05541,5120140816034347320943224829564135504301910111002643150,DE430,4.3888073242558505
2456887.5,2014.627397260274,0.04156,5120140818023049826448025670094764620301910032002501195,DE430,4.811763640567924
2456887.5,2014.627397260274,0.06759,5120140818024337593680325661248308116301910068002625284,DE430,4.811763640567924
2456887.5,2014.627397260274,0.05181,5120140818025718985858325660442274849401910013001241229,DE430,4.811763640567924
2456887.5,2014.627397260274,0.06118,5120140818030756586979325642670725198001910053001912422,DE430,4.811763640567924
2456887.5,2014.627397260274,0.09863,5120140818032019793603625643338058826201910032002170104,DE430,4.811763640567924
2456887.5,2014.627397260274,0.04713,5120140818033254072338725632963504583301910068002396404,DE430,4.811763640567924
2456887.5,2014.627397260274,0.06282,5120140818034722525297925634683080366401910006000981145,DE430,4.811763640567924
2456887.5,2014.627397260274,0.09006,5120140818043436213244525612440363511301910043002645219,DE430,4.811763640567924
2456887.5,2014.627397260274,0.0165,5120140818050833080220825609049004092301910031002760041,DE430,4.811763640567924
2456887.5,2014.627397260274,0.06885,5120140818052319120273725609419035308301910050002674072,DE430,4.811763640567924
2456887.5,2014.627397260274,0.0507,5120140818053213524595425607038155756001910029001934072,DE430,4.811763640567924
2456887.5,2014.627397260274,0.06065,5120140818054458682417625612023445134301910072002203108,DE430,4.811763640567924
2456887.5,2014.627397260274,0.0637,5120140818080854530032425690846335909301910019002620016,DE430,4.811763640567924
2456890.5,2014.6356164383562,0.07069,5120140821041527006983226525305646395301910013002626092,DE430,5.406901671709225
2456890.5,2014.6356164383562,-0.00088,5120140821045034320965326493327957762301910020002895040,DE430,5.406901671709225
2456904.5,2014.6739726027397,0.07814,5120140904180937891656024241928929591301910019002548029,DE430,1.9131354807063228
2456904.5,2014.6739726027397,0.07678,5120140904184141005297024224143324049301910015002564030,DE430,1.9131354807063228
2456904.5,2014.6739726027397,0.09014,5120140904185322575398824218953096094301910037002901047,DE430,1.9131354807063228
2456904.5,2014.6739726027397,0.08422,5120140904190534270695824240092261010101910009002129066,DE430,1.9131354807063228
2456904.5,2014.6739726027397,0.09247,5120140904191739831125024210431984328301910039002595069,DE430,1.9131354807063228
2456904.5,2014.6739726027397,0.09542,5120140904192934679598424191104779404201910028001859086,DE430,1.9131354807063228
2456904.5,2014.6739726027397,0.07411,5120140904194248174323124204851058849301910067002662125,DE430,1.9131354807063228
2456904.5,2014.6739726027397,0.07177,5120140904200645676782024202599029266301910061002522095,DE430,1.9131354807063228
2456904.5,2014.6739726027397,0.11426,5120140904202342652725924186414597352201910056001621197,DE430,1.9131354807063228
2456904.5,2014.6739726027397,0.08254,5120140904203632098476424203920887396301910120002607274,DE430,1.9131354807063228
2456904.5,2014.6739726027397,0.09541,5120140904204944113665224202290670386001910031001460105,DE430,1.9131354807063228
2456904.5,2014.6739726027397,0.08258,5120140904210051683159824208308379312301910041002709067,DE430,1.9131354807063228
2456905.5,2014.676712328767,0.07819,5120140905183633174147023950697971603301910029002756039,DE430,2.145791510915323
2456905.5,2014.676712328767,0.08112,5120140905185015709152923940842944688301910031002124048,DE430,2.145791510915323
2456905.5,2014.676712328767,0.06711,5120140905190203874153523933085092572301910041002721044,DE430,2.145791510915323
2456905.5,2014.676712328767,0.0864,5120140905191324285439323921451842949001910023001339054,DE430,2.145791510915323
2456905.5,2014.676712328767,0.11191,5120140905192750039348823903398599657201910027001421072,DE430,2.145791510915323
2456905.5,2014.676712328767,0.06651,5120140905194543118764823910460076369301910019002572032,DE430,2.145791510915323
2456905.5,2014.676712328767,0.01581,5120140905200249077199323899505267082001910013002403023,DE430,2.145791510915323
2456905.5,2014.676712328767,0.08068,5120140905201530721699523885448182418201910036001361107,DE430,2.145791510915323
2456905.5,2014.676712328767,0.06353,5120140905202907467897323897777225068301910036002806036,DE430,2.145791510915323
2456905.5,2014.676712328767,0.12658,5120140905204136606798323891238484968001910012001823019,DE430,2.145791510915323
2456911.5,2014.6931506849314,0.0321,5120140911234715389745724331478053563301910040002330053,DE430,3.6086122200645154
2456911.5,2014.6931506849314,0.04392,5120140911235636769634024327533654383301910036002744056,DE430,3.6086122200645154
2456912.5,2014.695890410959,0.03268,5120140912000855280686224322972559910301910043002373053,DE430,3.8410203434518624
2456912.5,2014.695890410959,0.05568,5120140912002231410257724313276437611001910089001969201,DE430,3.8410203434518624
2456912.5,2014.695890410959,0.02417,5120140912003043723134024316841539116201910013001762045,DE430,3.8410203434518624
2456912.5,2014.695890410959,0.04726,5120140912015921297518624316656329544301910013002789025,DE430,3.8410203434518624
2456912.5,2014.695890410959,0.04473,5120140912225021107158124801843028277301910039003306014,DE430,3.8410203434518624
2456912.5,2014.695890410959,-0.00434,5120140912230116926194024793114560200301910045003647017,DE430,3.8410203434518624
2456912.5,2014.695890410959,0.08027,5120140912231535215821224777483533116001910050001960038,DE430,3.8410203434518624
2456912.5,2014.695890410959,0.07822,5120140912233921273593824765597566383301910051003095021,DE430,3.8410203434518624
2456912.5,2014.695890410959,-0.2194,5120140912235206040280024759889834572201910019002088012,DE430,3.8410203434518624
2456913.5,2014.6986301369864,0.05352,5120140913000739994133624748472585706301910063002934028,DE430,4.065618365489911
2456913.5,2014.6986301369864,0.04287,5120140913003428210281624735253184610301910098002718074,DE430,4.065618365489911
2456913.5,2014.6986301369864,0.06641,5120140913004614988938024725783687011001910050002131100,DE430,4.065618365489911
2456913.5,2014.6986301369864,0.0851,5120140913010052548535324727622621870201910030002038027,DE430,4.065618365489911
2456913.5,2014.6986301369864,0.06093,5120140913013002949751724718250677910301910068002806061,DE430,4.065618365489911
2456913.5,2014.6986301369864,0.06217,5120140913014747771366424716013611540301910102002640140,DE430,4.065618365489911
2456913.5,2014.6986301369864,0.07174,5120140913021139479330024711038020395001910027001824088,DE430,4.065618365489911
2456913.5,2014.6986301369864,0.03499,5120140913032451839369024733106220379301910062002770063,DE430,4.065618365489911
2456913.5,2014.6986301369864,0.09895,5120140913033635516166124740577546116201910021002186016,DE430,4.065618365489911
2456913.5,2014.6986301369864,0.03157,5120140913035316074536924747615300221301910095002817100,DE430,4.065618365489911
2456913.5,2014.6986301369864,0.08028,5120140913040328642794324749532688478001910044001804144,DE430,4.065618365489911
2456913.5,2014.6986301369864,0.07084,5120140913041835007405924764085717481301910085002583064,DE430,4.065618365489911
2456913.5,2014.6986301369864,0.06391,5120140913044530504790624785133626874301910147002468189,DE430,4.065618365489911
2456913.5,2014.6986301369864,0.06363,5120140913045511315894424789332137771001910028002192087,DE430,4.065618365489911
2456913.5,2014.6986301369864,0.0648,5120140913231748275245025241673886571301910022003107026,DE430,4.065618365489911
2456913.5,2014.6986301369864,0.05535,5120140913233406510936425227965506131301910037003338055,DE430,4.065618365489911
2456913.5,2014.6986301369864,0.02557,5120140913235421750209525211868607275301910073002874104,DE430,4.065618365489911
2456914.5,2014.7013698630137,0.04409,5120140914004005809241525180107051943301910125002736212,DE430,4.2823508312640985
2456914.5,2014.7013698630137,0.06755,5120140914005006207037525170441508611001910036001830199,DE430,4.2823508312640985
2456914.5,2014.7013698630137,0.051,5120140914010628150460625165193068615301910051002462140,DE430,4.2823508312640985
2456914.5,2014.7013698630137,0.12642,5120140914011719795018525156206385024001910012002333069,DE430,4.2823508312640985
2456914.5,2014.7013698630137,0.02818,5120140914014507861386525148539710033301910026003153070,DE430,4.2823508312640985
2456914.5,2014.7013698630137,0.0764,5120140914050457785588125180325834987301910057002735148,DE430,4.2823508312640985
2456914.5,2014.7013698630137,0.12641,5120140914051047027228525181134600283001910017002157146,DE430,4.2823508312640985
2456914.5,2014.7013698630137,0.07285,5120140914052508970000325195006377851301910133002466281,DE430,4.2823508312640985
2456914.5,2014.7013698630137,0.09556,5120140914053934070200925210101423635201910039002205049,DE430,4.2823508312640985
2456914.5,2014.7013698630137,0.07797,5120140914055201665655325217599151739301910176002840189,DE430,4.2823508312640985
2456914.5,2014.7013698630137,0.07402,5120140914061533510185425240088011135301910080002918104,DE430,4.2823508312640985
2456914.5,2014.7013698630137,0.10037,5120140914062542967135925253880420143201910059001859111,DE430,4.2823508312640985
2456914.5,2014.7013698630137,0.04791,5120140914064037359249825266634650654301910112002590107,DE430,4.2823508312640985
2456914.5,2014.7013698630137,0.1422,5120140914065222905607225276969041013001910032002319046,DE430,4.2823508312640985
2456914.5,2014.7013698630137,0.07878,5120140914070416131942125293932348310301910092003076081,DE430,4.2823508312640985
2456914.5,2014.7013698630137,0.14371,5120140914071844924355025314944929255201910037001973050,DE430,4.2823508312640985
2456914.5,2014.7013698630137,0.09056,5120140914072907154695525324740871259301910085002795085,DE430,4.2823508312640985
2456914.5,2014.7013698630137,0.04463,5120140914074739469101625348982967230301910041003367029,DE430,4.2823508312640985
2456917.5,2014.7095890410958,0.07646,5120140917050324606866526192424051412301910006001762054,DE430,4.89284468369502
2456917.5,2014.7095890410958,0.08596,5120140917053213830172626188065097866301910008002537042,DE430,4.89284468369502
2456935.5,2014.7589041095891,0.01903,5120141005220339380743323825787005571301910055001740045,DE430,2.3132362561766993
2456935.5,2014.7589041095891,0.01662,5120141005221610542677523829583075674301910168001018479,DE430,2.3132362561766993
2456935.5,2014.7589041095891,0.02737,5120141005222701921152423828003841194001910026001144061,DE430,2.3132362561766993
2456935.5,2014.7589041095891,0.03143,5120141005225032243028023844203610483301910084001757091,DE430,2.3132362561766993
2456935.5,2014.7589041095891,0.04287,5120141005230152590306623839479475298201910049001511081,DE430,2.3132362561766993
2456935.5,2014.7589041095891,0.03575,5120141005231912586297723855407535810001910019001381038,DE430,2.3132362561766993
2456935.5,2014.7589041095891,0.04415,5120141005234148791541223865889611800201910122001086268,DE430,2.3132362561766993
2456935.5,2014.7589041095891,0.05406,5120141005235441488703823881356266486001910049001148116,DE430,2.3132362561766993
2456936.5,2014.7616438356165,0.01666,5120141006000435561523123895039239722301910032002185055,DE430,2.553605664427742
2456936.5,2014.7616438356165,0.02731,5120141006010751768939123955952025555301910040002009045,DE430,2.553605664427742
2456936.5,2014.7616438356165,0.02608,5120141006012223360056023971719953021301910026002010034,DE430,2.553605664427742
2456961.5,2014.8301369863013,0.06508,5120141031170819834565524343748789483301910023002398055,DE430,1.5438369538984844
2456961.5,2014.8301369863013,0.04975,5120141031172320349516624338653881441301910023001582068,DE430,1.5438369538984844
2456961.5,2014.8301369863013,0.03141,5120141031174024827885124334316649072301910029001781069,DE430,1.5438369538984844
2456961.5,2014.8301369863013,0.02489,5120141031175255129960324326341245942001910030001390098,DE430,1.5438369538984844
2456961.5,2014.8301369863013,0.02881,5120141031180341899836124317798175011201910012001451099,DE430,1.5438369538984844
2456961.5,2014.8301369863013,0.04125,5120141031181601138502124359713315292101910010002562048,DE430,1.5438369538984844
2456961.5,2014.8301369863013,0.0498,5120141031184414835797824332022322752301910065001754138,DE430,1.5438369538984844
2456961.5,2014.8301369863013,0.05506,5120141031185548349820624328222235660001910055001297131,DE430,1.5438369538984844
2456961.5,2014.8301369863013,0.05106,5120141031190625799824324323077846283201910016001736086,DE430,1.5438369538984844
2456961.5,2014.8301369863013,0.02165,5120141031193503422658524374921223208101910012001880082,DE430,1.5438369538984844
2456961.5,2014.8301369863013,0.0438,5120141031194758986007424351267844476301910035001855108,DE430,1.5438369538984844
2456961.5,2014.8301369863013,0.05364,5120141031195955107161124351472926044001910032001267113,DE430,1.5438369538984844
2456961.5,2014.8301369863013,0.05007,5120141031202059686655224369164166070301910057001680227,DE430,1.5438369538984844
2456962.5,2014.8328767123287,0.01835,5120141101171043163129124254356510387301910186001202362,DE430,1.7738529691625389
2456962.5,2014.8328767123287,0.02955,5120141101172206957938524241776735543001910189001192383,DE430,1.7738529691625389
2456962.5,2014.8328767123287,0.02454,5120141101173412096813524229922543248201910059001173436,DE430,1.7738529691625389
2456962.5,2014.8328767123287,0.019,5120141101174608803539624265921366399101910036001519349,DE430,1.7738529691625389
2456962.5,2014.8328767123287,0.03134,5120141101175918211233224230197127176301910250001262456,DE430,1.7738529691625389
2456962.5,2014.8328767123287,0.0296,5120141101181228052447824220012018881001910108001242279,DE430,1.7738529691625389
2456962.5,2014.8328767123287,0.04055,5120141101182516962359124211049246127201910039001153398,DE430,1.7738529691625389
2456962.5,2014.8328767123287,0.0257,5120141101183611494828724250469611238101910039001298539,DE430,1.7738529691625389
2456962.5,2014.8328767123287,0.03811,5120141101185002338490924218335607369301910197001625372,DE430,1.7738529691625389
2456962.5,2014.8328767123287,0.05115,5120141101185937758093824211959305181001910044001219146,DE430,1.7738529691625389
2456962.5,2014.8328767123287,0.02383,5120141101191547147553224206275968630201910020001526128,DE430,1.7738529691625389
2456962.5,2014.8328767123287,0.03129,5120141101192621159256024248672043429101910043001405589,DE430,1.7738529691625389
2456962.5,2014.8328767123287,0.05186,5120141101193934738731124220330800115301910112001669241,DE430,1.7738529691625389
2456962.5,2014.8328767123287,0.05361,5120141101195121544170124217110323086001910031001548094,DE430,1.7738529691625389
2456962.5,2014.8328767123287,0.04989,5120141101201627276012424230423767826301910247001375757,DE430,1.7738529691625389
2456962.5,2014.8328767123287,0.04092,5120141101202544386542124264163594864101910020001413282,DE430,1.7738529691625389
2456962.5,2014.8328767123287,0.05074,5120141101204029589650724235199335215001910054001255192,DE430,1.7738529691625389
2456962.5,2014.8328767123287,0.03901,5120141101205455577489024236839297688201910012001383142,DE430,1.7738529691625389
2456962.5,2014.8328767123287,0.06259,5120141101212533004060124267888746448301910077002076176,DE430,1.7738529691625389
2456962.5,2014.8328767123287,0.06078,5120141101213551735740824269818095269001910032001491111,DE430,1.7738529691625389
2456962.5,2014.8328767123287,0.05697,5120141101220035478595824295205397908301910030002265062,DE430,1.7738529691625389
2456962.5,2014.8328767123287,0.07244,5120141101221350796442724301269193821001910033001485111,DE430,1.7738529691625389
2456962.5,2014.8328767123287,0.05641,5120141101222459333124324317086254525301910077001503423,DE430,1.7738529691625389
2456962.5,2014.8328767123287,0.05725,5120141101223717773500524323382161415001910016001548061,DE430,1.7738529691625389
2456962.5,2014.8328767123287,0.07906,5120141101225150867345324343552641024301910104001514320,DE430,1.7738529691625389
2456963.5,2014.835616438356,-0.00397,5120141102184417424572324164205956118301910036001617084,DE430,2.0054859724723824
2456963.5,2014.835616438356,0.03816,5120141102185348995773924155361734711001910023001382101,DE430,2.0054859724723824
2456963.5,2014.835616438356,0.00917,5120141102190448367438324157557847364301910120001515213,DE430,2.0054859724723824
2456963.5,2014.835616438356,0.01083,5120141102191720567123124145436122869201910019001618052,DE430,2.0054859724723824
2456963.5,2014.835616438356,0.00242,5120141102193234979513324152211627760301910126001585169,DE430,2.0054859724723824
2456963.5,2014.835616438356,0.01783,5120141102195908980235824151085261155301910206001150373,DE430,2.0054859724723824
2456963.5,2014.835616438356,0.02594,5120141102200837368173424146240048193001910021001712052,DE430,2.0054859724723824
2456963.5,2014.835616438356,0.00443,5120141102202631286218424154009411677301910293001196862,DE430,2.0054859724723824
2456963.5,2014.835616438356,0.02239,5120141102205130686870524150912724427201910067001260248,DE430,2.0054859724723824
2456963.5,2014.835616438356,-0.00107,5120141102210919855519024166760516760301910073002070238,DE430,2.0054859724723824
2456963.5,2014.835616438356,0.0205,5120141102213125312608024177116508192301910048001278192,DE430,2.0054859724723824
2456963.5,2014.835616438356,0.03497,5120141102214225252754024177902112532001910022000947169,DE430,2.0054859724723824
2456963.5,2014.835616438356,0.02855,5120141102215720814431724192386865762301910151001594278,DE430,2.0054859724723824
2456963.5,2014.835616438356,0.02646,5120141102220852449821324190750908170201910050001664149,DE430,2.0054859724723824
2456963.5,2014.835616438356,0.04376,5120141102222406372792424211480986088301910062001936089,DE430,2.0054859724723824
2456963.5,2014.835616438356,-0.00439,5120141102224724306761424225431629755001910013002004028,DE430,2.0054859724723824
2456963.5,2014.835616438356,0.0326,5120141102225738016150024239788861178301910086001635147,DE430,2.0054859724723824
2456963.5,2014.835616438356,0.0504,5120141102230854599050424240795152530201910028001370147,DE430,2.0054859724723824
2456974.5,2014.8657534246574,0.01876,5120141113020033978113026378303152806301910039002125098,DE430,4.400292292025064
2456974.5,2014.8657534246574,0.07271,5120141113020932086006526374092477422001910008001338210,DE430,4.400292292025064
2456974.5,2014.8657534246574,0.03039,5120141113021949342806526367226770034301910047002289132,DE430,4.400292292025064
2456974.5,2014.8657534246574,0.10917,5120141113023410345492826363085570919201910018002125029,DE430,4.400292292025064
2456974.5,2014.8657534246574,0.02737,5120141113024638594508226354637576496301910079002415148,DE430,4.400292292025064
2456974.5,2014.8657534246574,0.06328,5120141113031244644346826347038164542001910021001731182,DE430,4.400292292025064
2456974.5,2014.8657534246574,0.05023,5120141113032635567895426354145550082401910010001715133,DE430,4.400292292025064
2456974.5,2014.8657534246574,0.04303,5120141113033619456003026340675612772301910066002292169,DE430,4.400292292025064
2456974.5,2014.8657534246574,0.0937,5120141113034839136243626342028721746201910012001601042,DE430,4.400292292025064
2456974.5,2014.8657534246574,0.02071,5120141113040156126025126350305151746401910006001938067,DE430,4.400292292025064
2456974.5,2014.8657534246574,0.02146,5120141113041234972335626338586423182301910028002275066,DE430,4.400292292025064
2456974.5,2014.8657534246574,0.09449,5120141113042708403096626341219674571001910008002134043,DE430,4.400292292025064
2456975.5,2014.868493150685,0.05416,5120141114020848433716526549945923067301910057002735180,DE430,4.591641492723738
2456975.5,2014.868493150685,0.05574,5120141114021530521755226556861554222401910005001038159,DE430,4.591641492723738
2456975.5,2014.868493150685,0.08602,5120141114023040930251026534094028155001910038001885295,DE430,4.591641492723738
2456975.5,2014.868493150685,0.12694,5120141114023841849410326528471938448201910008002189062,DE430,4.591641492723738
2456975.5,2014.868493150685,0.06054,5120141114024537793617726521934982342301910008001819065,DE430,4.591641492723738
2456975.5,2014.868493150685,0.04425,5120141114032119820350826500418679446301910027002369114,DE430,4.591641492723738
2456975.5,2014.868493150685,0.03908,5120141114033935870824426491748375145301910050002279213,DE430,4.591641492723738
2456975.5,2014.868493150685,0.08106,5120141114035913043104526485960606634001910048001675297,DE430,4.591641492723738
2456975.5,2014.868493150685,0.05096,5120141114041919701373926478718425046301910120002270408,DE430,4.591641492723738
2456975.5,2014.868493150685,0.11534,5120141114043045734220026477936043684201910054001558160,DE430,4.591641492723738
2456975.5,2014.868493150685,0.04816,5120141114044413585456326474782721849301910140002204500,DE430,4.591641492723738
2456975.5,2014.868493150685,0.05088,5120141114045553296988126486949599692401910009001454137,DE430,4.591641492723738
2456975.5,2014.868493150685,0.07998,5120141114050614776287326475933430045001910013001443236,DE430,4.591641492723738
2456975.5,2014.868493150685,0.0344,5120141114051711477998826474721839981301910157002232483,DE430,4.591641492723738
2456975.5,2014.868493150685,0.09887,5120141114053132284905026477846937663201910032001741087,DE430,4.591641492723738
2456975.5,2014.868493150685,0.04944,5120141114054226137219126478669028140301910088002252316,DE430,4.591641492723738
2456975.5,2014.868493150685,0.02544,5120141114060031806861326483616956184301910058002776210,DE430,4.591641492723738
2456975.5,2014.868493150685,0.04675,5120141114061255048894926488012107999301910058002400228,DE430,4.591641492723738
2456975.5,2014.868493150685,0.04472,5120141114062722065348626494159027196301910102002262331,DE430,4.591641492723738
2456975.5,2014.868493150685,0.08598,5120141114063556775406926500418121697001910010001864061,DE430,4.591641492723738
2456975.5,2014.868493150685,0.00798,5120141114064351213650726502488069299301910023002233070,DE430,4.591641492723738
2456975.5,2014.868493150685,0.03634,5120141114065649274886326510002711055301910055002264079,DE430,4.591641492723738
2456975.5,2014.868493150685,0.04507,5120141114070806429615426517215454531301910047003084039,DE430,4.591641492723738
2456975.5,2014.868493150685,0.03501,5120141114072125759918426526513338850301910030002513025,DE430,4.591641492723738
2456977.5,2014.8739726027397,0.05394,5120141116030022879954226612710267710301910014001840136,DE430,4.970239791984361
2456977.5,2014.8739726027397,0.021,5120141116031045781127826601515263800301910038002327173,DE430,4.970239791984361
2456977.5,2014.8739726027397,0.07606,5120141116032229376529826590968786853001910010001863081,DE430,4.970239791984361
2456977.5,2014.8739726027397,0.08795,5120141116033316757588326576519969240201910014001496130,DE430,4.970239791984361
2456977.5,2014.8739726027397,-0.0192,5120141116040713616988126547651043796301910020002438084,DE430,4.970239791984361
2456977.5,2014.8739726027397,0.06183,5120141116043751322707926525905992114001910008001703072,DE430,4.970239791984361
2456977.5,2014.8739726027397,0.08981,5120141116045407986393226511202386488201910048001573417,DE430,4.970239791984361
2456977.5,2014.8739726027397,0.01642,5120141116051725409730726515259039058401910014001690124,DE430,4.970239791984361
2456977.5,2014.8739726027397,0.03388,5120141116053049850083026521254029625101910035001123265,DE430,4.970239791984361
2456977.5,2014.8739726027397,0.03253,5120141116054305629787026489307148630301910073001853483,DE430,4.970239791984361
2456977.5,2014.8739726027397,0.05298,5120141116055618484350526486981835843001910029001691267,DE430,4.970239791984361
2456977.5,2014.8739726027397,0.10037,5120141116060816132040026479533085830201910053001791345,DE430,4.970239791984361
2456977.5,2014.8739726027397,0.04725,5120141116061917548651126506644146015101910015000905149,DE430,4.970239791984361
2456977.5,2014.8739726027397,0.03693,5120141116064455537711526492434705677401910013002022031,DE430,4.970239791984361
2456977.5,2014.8739726027397,0.03947,5120141116070458367937926477957216114301910070002287107,DE430,4.970239791984361
2456977.5,2014.8739726027397,0.08573,5120141116071638882422826481571481501001910023001859042,DE430,4.970239791984361
2456977.5,2014.8739726027397,0.07418,5120141116072956490547626479326743773201910023001679050,DE430,4.970239791984361
2456977.5,2014.8739726027397,-0.00753,5120141116083245098389226532746205220101910018001895023,DE430,4.970239791984361
2456977.5,2014.8739726027397,0.01612,5120141116085647034731226520904260676301910028002878020,DE430,4.970239791984361
2456979.5,2014.8794520547945,0.06901,5120141118045419522303626279944528482301910011002712053,DE430,5.35308840859542
2456993.5,2014.9178082191781,0.02707,5120141202173748737471924643249024534301910068001894106,DE430,2.1550590310628586
2456993.5,2014.9178082191781,-0.00863,5120141202183606202202224608632635736301910043002650054,DE430,2.1550590310628586
2456993.5,2014.9178082191781,0.05029,5120141202185143949267824598258714014001910027001238114,DE430,2.1550590310628586
2456993.5,2014.9178082191781,0.03813,5120141202190434034077524595316470135201910067001365241,DE430,2.1550590310628586
2456993.5,2014.9178082191781,0.01458,5120141202191700118127624594283604781301910134001867155,DE430,2.1550590310628586
2456993.5,2014.9178082191781,0.06014,5120141202194443957055824585764714400001910027001853055,DE430,2.1550590310628586
2456993.5,2014.9178082191781,0.01205,5120141202195603585580924588836164169301910038002206066,DE430,2.1550590310628586
2456993.5,2014.9178082191781,0.02287,5120141202203745798446924592202517707301910167001673206,DE430,2.1550590310628586
2456993.5,2014.9178082191781,0.04613,5120141202204723855448824591734854854201910084001333444,DE430,2.1550590310628586
2456993.5,2014.9178082191781,0.03897,5120141202205815328998424629825654131101910007001876057,DE430,2.1550590310628586
2456993.5,2014.9178082191781,0.03266,5120141202214058782790224615304964002301910108002049111,DE430,2.1550590310628586
2456993.5,2014.9178082191781,0.07068,5120141202215426876782424619344237887001910015001669047,DE430,2.1550590310628586
2456993.5,2014.9178082191781,0.04294,5120141202222408650488124642955604970301910066002112090,DE430,2.1550590310628586
2456993.5,2014.9178082191781,0.05405,5120141202224446633728924656550945158201910013002064025,DE430,2.1550590310628586
2456993.5,2014.9178082191781,0.02749,5120141202225710527871924670072447087301910105001924133,DE430,2.1550590310628586
2456993.5,2014.9178082191781,0.06934,5120141202232750649113124695980014406001910014001843027,DE430,2.1550590310628586
2456993.5,2014.9178082191781,0.02476,5120141202233630264951624708367023608301910043001985101,DE430,2.1550590310628586
2456994.5,2014.9205479452055,0.05877,5120141203000935794623124742149108130201910017002049038,DE430,2.378214237844273
2456994.5,2014.9205479452055,0.02596,5120141203002323494176424761243579465301910036002191039,DE430,2.378214237844273
2457002.5,2014.9424657534246,0.03655,5120141211232105023514326666529095053301910021002479032,DE430,4.042602194029255
2457002.5,2014.9424657534246,0.04069,5120141211233242895124426653804484085301910024002592033,DE430,4.042602194029255
2457003.5,2014.945205479452,-0.00678,5120141212003248501866126593988117540301910025002841033,DE430,4.233510646786047
2457003.5,2014.945205479452,0.06331,5120141212004538368381426584305146231001910022002002106,DE430,4.233510646786047
2457003.5,2014.945205479452,0.08165,5120141212005604864741826574394354809201910032001748047,DE430,4.233510646786047
2457003.5,2014.945205479452,0.00406,5120141212011443642782026559681056391301910034002446053,DE430,4.233510646786047
2457003.5,2014.945205479452,0.0327,5120141212014434087701426539762124941301910094002309139,DE430,4.233510646786047
2457003.5,2014.945205479452,0.07499,5120141212020344531642926530848805995001910028002127128,DE430,4.233510646786047
2457003.5,2014.945205479452,0.02339,5120141212022636801487426518826111685301910143002282201,DE430,4.233510646786047
2457003.5,2014.945205479452,0.08687,5120141212024243332197326513230307363201910025002040033,DE430,4.233510646786047
2457003.5,2014.945205479452,0.02082,5120141212025734432201726509143100259301910022003382017,DE430,4.233510646786047
2457003.5,2014.945205479452,0.02486,5120141212032245951889526505023232726301910023003684012,DE430,4.233510646786047
2457003.5,2014.945205479452,0.00133,5120141212034009740799826504188230052301910073002305075,DE430,4.233510646786047
2457003.5,2014.945205479452,0.01851,5120141212041802480231126508098739595301910065002394100,DE430,4.233510646786047
2457003.5,2014.945205479452,-0.04887,5120141212045356628394826521169241980001910006002181041,DE430,4.233510646786047
2457003.5,2014.945205479452,0.01879,5120141212050422476170326523457418175301910065002483087,DE430,4.233510646786047
2457003.5,2014.945205479452,0.02599,5120141212052949447043626536687127548301910051002280078,DE430,4.233510646786047
2457003.5,2014.945205479452,0.01147,5120141212055450673724526552843742942301910030003074035,DE430,4.233510646786047
2457008.5,2014.958904109589,0.04405,5120141217041531267114525992050739520301910026002886134,DE430,5.1887759634784025
2457008.5,2014.958904109589,-0.0285,5120141217042841762029525977281855925301910016002879052,DE430,5.1887759634784025
2457008.5,2014.958904109589,0.02673,5120141217044119236839625988345027725101910009001333117,DE430,5.1887759634784025
2457008.5,2014.958904109589,0.01181,5120141217050628520639225938857137873301910038002554156,DE430,5.1887759634784025
2457008.5,2014.958904109589,0.05684,5120141217053051151214525918026048959001910025001608238,DE430,5.1887759634784025
2457008.5,2014.958904109589,0.0716,5120141217054207560846925897935562673201910036001385439,DE430,5.1887759634784025
2457008.5,2014.958904109589,0.05122,5120141217055311327791525900297519064301910046002379263,DE430,5.1887759634784025
2457008.5,2014.958904109589,0.01586,5120141217060556160989225915962131914101910020001647124,DE430,5.1887759634784025
2457008.5,2014.958904109589,0.02614,5120141217062843127121725878254837977301910067002797276,DE430,5.1887759634784025
2457008.5,2014.958904109589,0.03817,5120141217064324265239225871839091079001910016001696118,DE430,5.1887759634784025
2457008.5,2014.958904109589,0.02068,5120141217071434842296925859702310597301910057003090044,DE430,5.1887759634784025
2457010.5,2014.964383561644,0.06268,5120141219061751387351025275697231835301910045002531194,DE430,5.599035132445879
2457010.5,2014.964383561644,-0.02261,5120141219063135948728525261545029114301910017002033069,DE430,5.599035132445879
2457010.5,2014.964383561644,0.05041,5120141219072056527723725217535056319301910055002619054,DE430,5.599035132445879
2457019.5,2014.9890410958903,0.02385,5120141228191347995574024473996112120301910029001765115,DE430,1.395917856669353
2457019.5,2014.9890410958903,0.03103,5120141228192750453349624478997572583001910017001766034,DE430,1.395917856669353
2457019.5,2014.9890410958903,0.03559,5120141228194630616944224499759914367301910058001405311,DE430,1.395917856669353
2457019.5,2014.9890410958903,-0.05967,5120141228200046880879924545871020893101910006001492062,DE430,1.395917856669353
2457019.5,2014.9890410958903,0.04443,5120141228201111515622324522448318807301910032002185113,DE430,1.395917856669353
2457019.5,2014.9890410958903,0.0555,5120141228202532871530624532454065007201910009002070065,DE430,1.395917856669353
2457020.5,2014.9917808219177,0.00169,5120141229154355239126024672199371590301910019003169021,DE430,1.6217863463257585
2457020.5,2014.9917808219177,0.04352,5120141229155847793662324663188464281301910044001762168,DE430,1.6217863463257585
2457020.5,2014.9917808219177,0.04567,5120141229161918238030024652438269667301910058002038144,DE430,1.6217863463257585
2457020.5,2014.9917808219177,0.0355,5120141229163121718169824680957455438101910021001241251,DE430,1.6217863463257585
2457020.5,2014.9917808219177,0.06249,5120141229164049881501424638554478343001910018001691056,DE430,1.6217863463257585
2457020.5,2014.9917808219177,0.03821,5120141229170300701225224636418059003301910067002157146,DE430,1.6217863463257585
2457020.5,2014.9917808219177,0.03114,5120141229171850690275424666846288689101910035001302261,DE430,1.6217863463257585
2457020.5,2014.9917808219177,0.0396,5120141229173034802934924629467471052201910013001437152,DE430,1.6217863463257585
2457020.5,2014.9917808219177,0.03664,5120141229174221337650024630516934895301910053001618213,DE430,1.6217863463257585
2457020.5,2014.9917808219177,0.04772,5120141229175508142241724625718288799001910021001847045,DE430,1.6217863463257585
2457020.5,2014.9917808219177,0.04296,5120141229182112988061124632944431677301910014002740031,DE430,1.6217863463257585
2457020.5,2014.9917808219177,0.02761,5120141229183603308334524636060528405301910031002513061,DE430,1.6217863463257585
2457020.5,2014.9917808219177,0.07252,5120141229184619877269424634321838177001910022001628042,DE430,1.6217863463257585
2457020.5,2014.9917808219177,0.0701,5120141229190023592677224641664805728201910011001720106,DE430,1.6217863463257585
2457020.5,2014.9917808219177,0.03768,5120141229192603804450824655380186817301910049001944154,DE430,1.6217863463257585
2457020.5,2014.9917808219177,0.02667,5120141229193715244794024695007369397101910008001303117,DE430,1.6217863463257585
2457020.5,2014.9917808219177,0.04399,5120141229195043805098624669785420101301910020002154042,DE430,1.6217863463257585
2457020.5,2014.9917808219177,0.0265,5120141229200617225054724680457490668301910012002258026,DE430,1.6217863463257585
2457020.5,2014.9917808219177,0.07956,5120141229205012637083224716829570973301910012002192037,DE430,1.6217863463257585
2457020.5,2014.9917808219177,0.0879,5120141229210023263345024722106915836001910011001627028,DE430,1.6217863463257585
2457020.5,2014.9917808219177,0.05092,5120141229213909644560924767129282637301910018001903043,DE430,1.6217863463257585
2457021.5,2014.9945205479453,-0.00448,5120141230170532331365624870557742554301910031002692042,DE430,1.8434649518198256
2457021.5,2014.9945205479453,0.0533,5120141230184520357164324847292301252301910026002843013,DE430,1.8434649518198256
2457021.5,2014.9945205479453,0.03899,5120141230190013579106424848334606311301910028002011053,DE430,1.8434649518198256
2457021.5,2014.9945205479453,0.04847,5120141230194608920225324859126757806301910017002556020,DE430,1.8434649518198256
2457021.5,2014.9945205479453,0.02233,5120141230200753966993224868193577139301910028002444038,DE430,1.8434649518198256
2457021.5,2014.9945205479453,-0.07821,5120141230220026457781224952711359669301910015002262023,DE430,1.8434649518198256
2457023.5,2015.0,0.02132,5120150101171812333910925376806994074301910027002715023,DE430,2.2755091559724026
2457023.5,2015.0,-0.01784,5120150101173013548713925367115098878301910031002388028,DE430,2.2755091559724026
2457023.5,2015.0,0.04083,5120150101174446507210825354287393855001910018002296018,DE430,2.2755091559724026
2457023.5,2015.0,-0.01367,5120150101180945716189325338953365101301910023003522013,DE430,2.2755091559724026
2457023.5,2015.0,0.03648,5120150101182300328110325330911981605301910021002318018,DE430,2.2755091559724026
2457023.5,2015.0,0.01851,5120150101183722253223725321330139167001910016002338011,DE430,2.2755091559724026
2457023.5,2015.0,0.02219,5120150101190641622744925309882965367301910027003115020,DE430,2.2755091559724026
2457023.5,2015.0,0.06249,5120150101193202615274225301818568465301910023002005029,DE430,2.2755091559724026
2457023.5,2015.0,0.03045,5120150101195627524806025297092623063301910022002631014,DE430,2.2755091559724026
2457023.5,2015.0,0.01723,5120150101200917870882225295837051064301910036002801027,DE430,2.2755091559724026
2457033.5,2015.027397260274,-0.01028,5120150111005946680851026651376427816301910024002983023,DE430,4.253231154877044
2457033.5,2015.027397260274,-0.00868,5120150111013919721095026617574838583301910015002140026,DE430,4.253231154877044
2457033.5,2015.027397260274,0.05986,5120150111015334913587026607128487916301910024003133016,DE430,4.253231154877044
2457033.5,2015.027397260274,0.09111,5120150111020529451010026600605858244001910009001290119,DE430,4.253231154877044
2457033.5,2015.027397260274,-0.01927,5120150111022239142566626588893835101301910032002692036,DE430,4.253231154877044
2457033.5,2015.027397260274,0.07091,5120150111023131882746526578473026285201910018001757030,DE430,4.253231154877044
2457033.5,2015.027397260274,0.02169,5120150111024656705492226576968901287301910033002425053,DE430,4.253231154877044
2457033.5,2015.027397260274,0.01095,5120150111032145809053026565376091243301910034002502051,DE430,4.253231154877044
2457033.5,2015.027397260274,0.05086,5120150111033554917156426564250005416001910032001936199,DE430,4.253231154877044
2457033.5,2015.027397260274,0.00755,5120150111042343508265126561269439408301910038002855045,DE430,4.253231154877044
2457033.5,2015.027397260274,-0.41692,5120150111050117309628926585986791800401910006001908055,DE430,4.253231154877044
2457033.5,2015.027397260274,-0.01579,5120150111052243944145226576934163335301910039002997052,DE430,4.253231154877044
2457034.5,2015.0301369863014,0.0142,5120150112055845155394026439717004131301910022003395057,DE430,4.442091007256662
2457034.5,2015.0301369863014,-0.0126,5120150112060910726846526443437888679301910010002347036,DE430,4.442091007256662
2457034.5,2015.0301369863014,-0.03914,5120150112062222933033326448942976713301910012003269033,DE430,4.442091007256662
2457034.5,2015.0301369863014,-0.03498,5120150112064538478430126460728185187301910010002439029,DE430,4.442091007256662
2457049.5,2015.0712328767124,0.0632,5120150127164052177428124903255182465301910022003050073,DE430,1.5267680145435145
2457049.5,2015.0712328767124,0.03652,5120150127165415856355024901311070178301910035002008261,DE430,1.5267680145435145
2457049.5,2015.0712328767124,0.0793,5120150127170613895191624896867041572001910022002156051,DE430,1.5267680145435145
2457049.5,2015.0712328767124,0.08029,5120150127171818430369824902387113916201910023001643193,DE430,1.5267680145435145
2457049.5,2015.0712328767124,0.03612,5120150127174352113640124902330340320301910047002579207,DE430,1.5267680145435145
2457049.5,2015.0712328767124,0.01501,5120150127175443174011824938610000513101910021001282198,DE430,1.5267680145435145
2457049.5,2015.0712328767124,0.0256,5120150127185751367532924928317460636301910023002271106,DE430,1.5267680145435145
2457049.5,2015.0712328767124,0.01849,5120150127193721402390624953901119283301910027002212152,DE430,1.5267680145435145
2457049.5,2015.0712328767124,0.07469,5120150127194901357863924959741064336001910016002530034,DE430,1.5267680145435145
2457049.5,2015.0712328767124,0.02001,5120150127201641253732924986905900012301910011002954033,DE430,1.5267680145435145
2457049.5,2015.0712328767124,0.02583,5120150127204459131181125048784756544101910006001054110,DE430,1.5267680145435145
2457049.5,2015.0712328767124,-0.01868,5120150127210703481260125039011252072301910013003459048,DE430,1.5267680145435145
2457050.5,2015.0739726027398,-0.1891,5120150128172105007165325223930636014301910013002744026,DE430,1.7434656446656476
2457050.5,2015.0739726027398,-0.04508,5120150128180504324481025218160685803301910014003180020,DE430,1.7434656446656476
2457050.5,2015.0739726027398,0.11137,5120150128183151644471325219572801580301910009003218020,DE430,1.7434656446656476
2457063.5,2015.109589041096,0.05991,5120150210023535465694026320413838123301910069002483164,DE430,4.284932831577381
2457063.5,2015.109589041096,0.08313,5120150210024941158153526312638399898001910010001596099,DE430,4.284932831577381
2457063.5,2015.109589041096,0.02876,5120150210031117729847926301967628337301910039002841068,DE430,4.284932831577381
2457063.5,2015.109589041096,0.06611,5120150210032251900225026285513369781201910039001853056,DE430,4.284932831577381
2457063.5,2015.109589041096,-0.02011,5120150210033327684274926312965562549401910009002179065,DE430,4.284932831577381
2457063.5,2015.109589041096,0.02989,5120150210034719797750926290243554055301910062002655093,DE430,4.284932831577381
2457064.5,2015.1123287671232,0.00539,5120150211023946353134926088681342277301910062002906160,DE430,4.479856576639826
2457064.5,2015.1123287671232,0.04224,5120150211025147308842226102294064443101910024001781044,DE430,4.479856576639826
2457064.5,2015.1123287671232,0.07451,5120150211030335790786026055842410849201910093001576157,DE430,4.479856576639826
2457064.5,2015.1123287671232,0.07079,5120150211031328853588026062458547622001910041001379490,DE430,4.479856576639826
2457064.5,2015.1123287671232,0.03315,5120150211032812907027626052984132239301910262002725763,DE430,4.479856576639826
2457064.5,2015.1123287671232,0.04497,5120150211035800270275626036895190003301910115002779329,DE430,4.479856576639826
2457064.5,2015.1123287671232,0.03234,5120150211040917928756626055273217238101910023001447040,DE430,4.479856576639826
2457064.5,2015.1123287671232,0.08025,5120150211042103791519426013639420535201910040001814058,DE430,4.479856576639826
2457064.5,2015.1123287671232,0.0413,5120150211053226260153726017077118672301910098003044234,DE430,4.479856576639826
2457064.5,2015.1123287671232,0.02896,5120150211055229708295226019190735790001910003001511037,DE430,4.479856576639826
2457064.5,2015.1123287671232,0.0446,5120150211061037378217526022492825303301910060003045137,DE430,4.479856576639826
2457064.5,2015.1123287671232,0.06728,5120150211062228036865926025947661212001910027001313267,DE430,4.479856576639826
2457064.5,2015.1123287671232,0.08038,5120150211063254309694026014746755892201910042001682053,DE430,4.479856576639826
2457064.5,2015.1123287671232,0.04739,5120150211064743915954926034759058517301910111003273129,DE430,4.479856576639826
2457075.5,2015.1424657534246,0.02972,5120150222151234829209124019712106303301910065002393044,DE430,0.7375019477184779
2457075.5,2015.1424657534246,0.00607,5120150222152544155045124058515900649101910021001579026,DE430,0.7375019477184779
2457075.5,2015.1424657534246,0.03712,5120150222161439526503924050269740634301910024001825029,DE430,0.7375019477184779
2457075.5,2015.1424657534246,0.0642,5120150222163213598249624062602078447301910015001315060,DE430,0.7375019477184779
2457075.5,2015.1424657534246,-0.01816,5120150222173949693954124123974606478301910016002427083,DE430,0.7375019477184779
2457075.5,2015.1424657534246,0.04551,5120150222175244850982524133883696990001910009001248145,DE430,0.7375019477184779
2457075.5,2015.1424657534246,0.02524,5120150222184911316231324206620535406301910012002477057,DE430,0.7375019477184779
2457075.5,2015.1424657534246,1.37301,5120150222190017168822324255036277833101910016001547126,DE430,0.7375019477184779
2457076.5,2015.145205479452,0.0069,5120150223181108617574324475595792643301910017002781055,DE430,0.9716616515603844
2457076.5,2015.145205479452,0.02657,5120150223182755773140024492735205722301910015002139039,DE430,0.9716616515603844
2457076.5,2015.145205479452,-0.04995,5120150223192330615247124557519410398301910008003277029,DE430,0.9716616515603844
2457079.5,2015.1534246575343,0.04548,5120150226163432530341425558920703044301910016003041014,DE430,1.629826321919717
2457079.5,2015.1534246575343,-0.0731,5120150226164524592025625555583921226301910021003601013,DE430,1.629826321919717
2457079.5,2015.1534246575343,0.01672,5120150226181302417342825583811032425101910010001396050,DE430,1.629826321919717
2457079.5,2015.1534246575343,0.0323,5120150226185925698364825596825450877101910009001009123,DE430,1.629826321919717
2457079.5,2015.1534246575343,0.04622,5120150226210858311594525656990871475301910021002959026,DE430,1.629826321919717
2457079.5,2015.1534246575343,0.12192,5120150226211631321529425669949327198201910013002247046,DE430,1.629826321919717
2457079.5,2015.1534246575343,0.05567,5120150226213639287287025686650071765301910017002960041,DE430,1.629826321919717
2457087.5,2015.1753424657534,-0.19826,5120150306231328444819726661895549730301910021003701010,DE430,3.1879123623954797
2457088.5,2015.1780821917807,-0.08807,5120150307001451904349426643260834468301910016003911011,DE430,3.376798532982719
2457088.5,2015.1780821917807,0.48631,5120150307002832318402526641933825139301910011002586054,DE430,3.376798532982719
2457088.5,2015.1780821917807,-0.15081,5120150307002858605858626641908500774301910021003060110,DE430,3.376798532982719
2457088.5,2015.1780821917807,1.07474,5120150307002917484116326641891030276301910015003461006,DE430,3.376798532982719
2457088.5,2015.1780821917807,-0.20585,5120150307022420724953026671804880774301910018003634008,DE430,3.376798532982719
2457090.5,2015.1835616438357,-0.16639,5120150309010907626311326453194961782301910026003496017,DE430,3.757615179315784
2457090.5,2015.1835616438357,-0.20606,5120150309013400126611426445615168764301910029003154021,DE430,3.757615179315784
2457090.5,2015.1835616438357,-0.21445,5120150309023858641354826441782854844301910030003568014,DE430,3.757615179315784
2457090.5,2015.1835616438357,-0.22402,5120150309034142593924126459616228894301910027003441021,DE430,3.757615179315784
2457092.5,2015.1890410958904,0.05412,5120150311010257111764226114201763481301910024002421045,DE430,4.147774899509266
2457092.5,2015.1890410958904,0.04987,5120150311011730665282926100116716288001910010001951129,DE430,4.147774899509266
2457092.5,2015.1890410958904,0.06906,5120150311013201814598126089512361513301910038002773068,DE430,4.147774899509266
2457093.5,2015.1917808219177,0.03616,5120150312013255886786625848077162145301910020002471036,DE430,4.348765828554023
2457093.5,2015.1917808219177,0.06275,5120150312014459406880525836081056202301910016002697034,DE430,4.348765828554023
2457093.5,2015.1917808219177,-0.0508,5120150312020732729883525815287889747301910012003475017,DE430,4.348765828554023
2457108.5,2015.2328767123288,0.08213,5120150327142826753004925897806810469301910016002537110,DE430,1.5051944205565333
2457108.5,2015.2328767123288,0.0342,5120150327173521283807725830372050488301910016002631163,DE430,1.5051944205565333
2457108.5,2015.2328767123288,0.04531,5120150327174956915263825832205558587301910027002894241,DE430,1.5051944205565333
2457108.5,2015.2328767123288,0.06304,5120150327181529980379925838112882583301910033002482468,DE430,1.5051944205565333
2457108.5,2015.2328767123288,0.06783,5120150327185315341065925853109468091301910040002612461,DE430,1.5051944205565333
2457108.5,2015.2328767123288,0.10506,5120150327190423994090325864503648205201910011002144304,DE430,1.5051944205565333
2457108.5,2015.2328767123288,0.04453,5120150327195117406962525890305790166301910030002128528,DE430,1.5051944205565333
2457108.5,2015.2328767123288,0.02445,5120150327202447020861025919080975650301910027002065568,DE430,1.5051944205565333
2457108.5,2015.2328767123288,0.15394,5120150327203709935137325936380753003201910005001730383,DE430,1.5051944205565333
2457108.5,2015.2328767123288,-0.02759,5120150327205847508150225953240602042301910012003181130,DE430,1.5051944205565333
2457108.5,2015.2328767123288,0.06962,5120150327211143779067725999970952611101910010001699253,DE430,1.5051944205565333
2457108.5,2015.2328767123288,0.04355,5120150327213833668703725998753991542301910013002466342,DE430,1.5051944205565333
2457108.5,2015.2328767123288,0.09009,5120150327222057558750826052750661366301910016003585246,DE430,1.5051944205565333
2457109.5,2015.2356164383561,0.0701,5120150328203311399535026185695003909301910027002590023,DE430,1.7069876958247714
2457119.5,2015.2630136986302,0.0243,5120150407234628030545625976611114426301910031003380018,DE430,3.629168357660395
2457120.5,2015.2657534246575,0.01616,5120150408000925980577925954791206314001910017001857029,DE430,3.830055963744332
2457120.5,2015.2657534246575,0.03886,5120150408002235840147825947043481058301910028002945016,DE430,3.830055963744332
2457123.5,2015.2739726027398,0.0529,5120150411050120851351825063290631907301910071003424018,DE430,4.458116485310036
2457124.5,2015.2767123287672,0.05482,5120150412040611573240824790291454954301910052002169413,DE430,4.677518817515662
2457124.5,2015.2767123287672,0.01134,5120150412041728736139124778969844156001910013001991111,DE430,4.677518817515662
2457125.5,2015.2794520547945,0.0458,5120150413043627714605724486309741013301910057001874503,DE430,4.902476612188029
2457125.5,2015.2794520547945,-0.01219,5120150413045432664877424468319014852001910011001485060,DE430,4.902476612188029
2457125.5,2015.2794520547945,0.04417,5120150413054442130464124439414112884301910071002615054,DE430,4.902476612188029
2457125.5,2015.2794520547945,-0.00435,5120150413055407037424924431518282607001910025002162021,DE430,4.902476612188029
2457125.5,2015.2794520547945,0.07288,5120150413064031932176824402992414575201910044002023040,DE430,4.902476612188029
2457125.5,2015.2794520547945,0.04669,5120150413065240915667524416484091560301910056002525034,DE430,4.902476612188029
2457126.5,2015.282191780822,-0.00699,5120150414043747052533324236459549832301910009002795027,DE430,5.132937359342241
2457127.5,2015.2849315068493,0.02262,5120150415044129367091924042372073474301910025001692155,DE430,5.3684277205902395
2457127.5,2015.2849315068493,0.07215,5120150415045237664300024029072389911301910014001979061,DE430,5.3684277205902395
2457127.5,2015.2849315068493,0.0082,5120150415051218834956124006572652100301910043002241057,DE430,5.3684277205902395
2457135.5,2015.3068493150686,0.00605,5120150423181407057399525471221615878301910023002995033,DE430,0.9604431076079571
2457135.5,2015.3068493150686,0.04791,5120150423191043353977425532264762386301910049002549189,DE430,0.9604431076079571
2457135.5,2015.3068493150686,0.06235,5120150423192655653441725584381196614101910022001068185,DE430,0.9604431076079571
2457135.5,2015.3068493150686,0.0674,5120150423194231868279825604075835798101910029000812351,DE430,0.9604431076079571
2457135.5,2015.3068493150686,0.01724,5120150423195741492835025591503193295301910050002563109,DE430,0.9604431076079571
2457135.5,2015.3068493150686,0.07341,5120150423201354903859525613347412696001910027001849103,DE430,0.9604431076079571
2457135.5,2015.3068493150686,0.11393,5120150423203106227220525642549954992201910017002084094,DE430,0.9604431076079571
2457151.5,2015.3506849315067,0.01499,5120150509024040242006024950482730170001910014001450066,DE430,4.1642869790852135
2457151.5,2015.3506849315067,0.04383,5120150509040304485737724932256519249301910039002285059,DE430,4.1642869790852135
2457151.5,2015.3506849315067,-0.00101,5120150509041849397501424928210516524001910033001158148,DE430,4.1642869790852135
2457170.5,2015.4027397260274,0.00661,5120150528195920160067326435922000800301910034001750041,DE430,2.0027575431481117
2457170.5,2015.4027397260274,-0.00681,5120150528202439691369426436973132428301910084001686106,DE430,2.0027575431481117
2457170.5,2015.4027397260274,0.12884,5120150528203751132863026431237050611201910021001152083,DE430,2.0027575431481117
2457170.5,2015.4027397260274,0.00776,5120150528210147400766726444831040936301910054002149064,DE430,2.0027575431481117
2457170.5,2015.4027397260274,0.01766,5120150528213818573502126459625594446301910019002572029,DE430,2.0027575431481117
2457170.5,2015.4027397260274,0.01816,5120150528220836105738926476897143521301910021003230026,DE430,2.0027575431481117
2457171.5,2015.4054794520548,0.00109,5120150529184138621160026324171926384301910029002742018,DE430,2.193925646450178
2457171.5,2015.4054794520548,0.01914,5120150529185424387063226315442383502301910028002318020,DE430,2.193925646450178
2457171.5,2015.4054794520548,0.06695,5120150529195832070101126284295381102301910029002731014,DE430,2.193925646450178
2457171.5,2015.4054794520548,0.02571,5120150529204808529930826275421947994301910040002842016,DE430,2.193925646450178
2457171.5,2015.4054794520548,-0.04244,5120150529223427960336526300993025229301910035002893014,DE430,2.193925646450178
2457171.5,2015.4054794520548,0.06934,5120150529224746406925426298060099306201910023002159015,DE430,2.193925646450178
2457181.5,2015.4328767123288,0.08678,5120150608013539311952024462289536076301910043001334071,DE430,4.332176033427765
2457181.5,2015.4328767123288,0.05468,5120150608014626130606124452865855787301910089002052086,DE430,4.332176033427765
2457181.5,2015.4328767123288,-0.02656,5120150608021418497426224426592123418001910046001043271,DE430,4.332176033427765
2457181.5,2015.4328767123288,0.05158,5120150608023331424799224417747991270301910074001949089,DE430,4.332176033427765
2457181.5,2015.4328767123288,0.10721,5120150608025247893461824395050706535201910030001710028,DE430,4.332176033427765
2457182.5,2015.4356164383562,0.05081,5120150609033026098487324333639155524301910096001856128,DE430,4.561829067757737
2457183.5,2015.4383561643835,0.03546,5120150610022116900777824390702778373301910015002286039,DE430,4.791788742133518
2457183.5,2015.4383561643835,0.03559,5120150610023626825603124374693181811301910015000995149,DE430,4.791788742133518
2457183.5,2015.4383561643835,0.02478,5120150610030658016929724344950058717301910019002163065,DE430,4.791788742133518
2457209.5,2015.509589041096,0.05397,5120150706015845784400924136291129677301910066001561073,DE430,4.051251137042148
2457209.5,2015.509589041096,-0.04196,5120150706021205031889124127236138180001910096001248179,DE430,4.051251137042148
2457209.5,2015.509589041096,0.0563,5120150706023701766981824125119433680301910058002209046,DE430,4.051251137042148
2457209.5,2015.509589041096,0.10349,5120150706025345875121924113633844037201910080001371126,DE430,4.051251137042148
2457209.5,2015.509589041096,-0.04563,5120150706030523655595124117751140890001910088001436262,DE430,4.051251137042148
2457209.5,2015.509589041096,0.04066,5120150706031846007146724122007369739301910158001362228,DE430,4.051251137042148
2457209.5,2015.509589041096,0.09843,5120150706033041170172124113725875700201910071001466111,DE430,4.051251137042148
2457209.5,2015.509589041096,-0.03091,5120150706034531408523124120883361247001910062000944254,DE430,4.051251137042148
2457209.5,2015.509589041096,0.04214,5120150706035701448006424127555675515301910086001701062,DE430,4.051251137042148
2457209.5,2015.509589041096,-0.03643,5120150706041532913949324128963468307001910076001092120,DE430,4.051251137042148
2457209.5,2015.509589041096,0.05585,5120150706043010786868624138757426666301910060002064038,DE430,4.051251137042148
2457209.5,2015.509589041096,0.04857,5120150706044928919333524147926251617301910058002325033,DE430,4.051251137042148
2457211.5,2015.5150684931507,0.02543,5120150708021603196268724282682222257301910036002125050,DE430,4.516984279370206
2457211.5,2015.5150684931507,-0.04783,5120150708024027508438024262507780505001910011001687044,DE430,4.516984279370206
2457211.5,2015.5150684931507,0.02533,5120150708025419982883824257202936159301910078001606121,DE430,4.516984279370206
2457211.5,2015.5150684931507,-0.03342,5120150708031053785717924245206162180001910023001659085,DE430,4.516984279370206
2457211.5,2015.5150684931507,0.02592,5120150708033700067299124237128616181301910065001705091,DE430,4.516984279370206
2457211.5,2015.5150684931507,0.09695,5120150708034932536357124228882121284201910031001486039,DE430,4.516984279370206
2457211.5,2015.5150684931507,0.02681,5120150708040146217711124229799333968301910117001941146,DE430,4.516984279370206
2457211.5,2015.5150684931507,-0.03481,5120150708041415256281724224314580270001910043001057149,DE430,4.516984279370206
2457211.5,2015.5150684931507,0.01866,5120150708050554014887024226342156310301910065001945042,DE430,4.516984279370206
2457211.5,2015.5150684931507,0.04819,5120150708060900777462724245048973627301910040002749019,DE430,4.516984279370206
2457212.5,2015.517808219178,0.00054,5120150709075724845480124402322550255301910032002353020,DE430,4.746475378064827
2457229.5,2015.5643835616438,0.01998,5120150726184849710976125617262551696301910022002928011,DE430,1.932420440728225
2457229.5,2015.5643835616438,0.01779,5120150726200208908114725598899490515301910069002808088,DE430,1.932420440728225
2457229.5,2015.5643835616438,0.00555,5120150726202541696118725598968872644301910063002816083,DE430,1.932420440728225
2457229.5,2015.5643835616438,0.02674,5120150726204642780247725601417159919301910044002590085,DE430,1.932420440728225
2457229.5,2015.5643835616438,0.00646,5120150726205922068641225603950251025301910025002632018,DE430,1.932420440728225
2457229.5,2015.5643835616438,0.00709,5120150726212637365393125612015448769301910054002837064,DE430,1.932420440728225
2457239.5,2015.5917808219178,0.04703,5120150805002250686793424125742238999301910023002592029,DE430,4.233718374331291
2457239.5,2015.5917808219178,0.03702,5120150805004617296514924106968051599301910033003066023,DE430,4.233718374331291
2457239.5,2015.5917808219178,0.00935,5120150805010423292184524090923669133001910013001720034,DE430,4.233718374331291
2457239.5,2015.5917808219178,0.03685,5120150805011837561905124084744301047301910039002878024,DE430,4.233718374331291
2457239.5,2015.5917808219178,0.04282,5120150805015426770511724065643236119301910081001798087,DE430,4.233718374331291
2457239.5,2015.5917808219178,-0.00854,5120150805021025419812224056148670900001910054001377171,DE430,4.233718374331291
2457239.5,2015.5917808219178,0.1079,5120150805022040737319024054056379549201910032001090051,DE430,4.233718374331291
2457239.5,2015.5917808219178,0.03266,5120150805025600521058424047842062222301910078002312060,DE430,4.233718374331291
2457239.5,2015.5917808219178,-0.02422,5120150805031149224024924043604963674001910053001607108,DE430,4.233718374331291
2457239.5,2015.5917808219178,0.09743,5120150805032432040943924044769815530201910030001688026,DE430,4.233718374331291
2457239.5,2015.5917808219178,0.02873,5120150805035813676380524050594008233301910071002280049,DE430,4.233718374331291
2457239.5,2015.5917808219178,-0.02152,5120150805041328217855724051679713758001910023001702039,DE430,4.233718374331291
2457239.5,2015.5917808219178,0.0433,5120150805043554721713024062621356912301910041002692022,DE430,4.233718374331291
2457239.5,2015.5917808219178,0.00142,5120150805045803422003624073269781929301910020002682008,DE430,4.233718374331291
2457254.5,2015.6328767123289,0.02226,5120150820191233380970126591127549347301910007002861024,DE430,1.0237633921465323
2457269.5,2015.6739726027397,0.00055,5120150904035410712282224431917080870301910034002873052,DE430,4.3983868486662505
2457269.5,2015.6739726027397,0.0149,5120150904040546826065524431879313250001910013001930078,DE430,4.3983868486662505
2457269.5,2015.6739726027397,0.05819,5120150904042032333548724436824222503301910059002695086,DE430,4.3983868486662505
2457269.5,2015.6739726027397,0.02778,5120150904043353043085924440723376541301910067002834038,DE430,4.3983868486662505
2457269.5,2015.6739726027397,0.0287,5120150904044602436594024445101189355301910045002983021,DE430,4.3983868486662505
2457269.5,2015.6739726027397,0.01727,5120150904050003890328724451124236525301910052002813057,DE430,4.3983868486662505
2457269.5,2015.6739726027397,0.06648,5120150904050944123704024454241551496001910018001785097,DE430,4.3983868486662505
2457269.5,2015.6739726027397,0.04482,5120150904063059745305624514452192462301910049002845025,DE430,4.3983868486662505
2457272.5,2015.682191780822,0.04313,5120150907032811641475725571318642078301910046002966114,DE430,5.049887402395459
2457272.5,2015.682191780822,0.04498,5120150907041543295503825539953138800301910051002612158,DE430,5.049887402395459
2457272.5,2015.682191780822,-0.02256,5120150907052141943440725511748708640301910040003241048,DE430,5.049887402395459
2457272.5,2015.682191780822,0.01805,5120150907063751178931425505180969517301910066003158048,DE430,5.049887402395459
2457272.5,2015.682191780822,0.01097,5120150907075327068390325528421664533301910074003043051,DE430,5.049887402395459
2457273.5,2015.6849315068494,0.04957,5120150908031731845450725932735291065301910015001562105,DE430,5.255523886832517
2457273.5,2015.6849315068494,0.14278,5120150908034657881004025911978997799201910012001799080,DE430,5.255523886832517
2457273.5,2015.6849315068494,0.03318,5120150908042332923961925876041168666301910033002837117,DE430,5.255523886832517
2457273.5,2015.6849315068494,0.02943,5120150908043409047299625868164825687301910028003116100,DE430,5.255523886832517
2457273.5,2015.6849315068494,0.02935,5120150908045054270966525864847176635401910006001652031,DE430,5.255523886832517
2457274.5,2015.6876712328767,0.01236,5120150909052552623017926131507035936301910029003177005,DE430,5.456615486774057
2457285.5,2015.717808219178,0.03953,5120150920184811668650825761271363531301910018003219038,DE430,1.2886057763027576
2457289.5,2015.7287671232878,0.01799,5120150924181121154610724183049646098301910042003339011,DE430,2.145914502399133
2457290.5,2015.731506849315,0.01473,5120150925224130454174123753595417330301910078002567056,DE430,2.3788610396090295
2457290.5,2015.731506849315,0.02916,5120150925225347811142223744246572009201910027001666028,DE430,2.3788610396090295
2457290.5,2015.731506849315,-0.01423,5120150925231636387424723762740447557001910027001469034,DE430,2.3788610396090295
2457290.5,2015.731506849315,0.02444,5120150925233423553296723772308887635301910060002895016,DE430,2.3788610396090295
2457290.5,2015.731506849315,0.00317,5120150925234534741343723765481048718201910025001916011,DE430,2.3788610396090295
2457291.5,2015.7342465753425,-0.00739,5120150926000829853134123791376836166301910071003131025,DE430,2.6186845444374027
2457291.5,2015.7342465753425,0.02376,5120150926002348872170523789019728253201910045001582025,DE430,2.6186845444374027
2457302.5,2015.7643835616439,0.06061,5120151007034752264055526224158397360301910007002124073,DE430,5.140759899457281
2457302.5,2015.7643835616439,-0.00023,5120151007050907196170426169802012231301910022003066074,DE430,5.140759899457281
2457302.5,2015.7643835616439,0.11782,5120151007052117151132426168239137634201910009001630056,DE430,5.140759899457281
2457303.5,2015.7671232876712,0.03401,5120151008040943745321326486378335224301910057002381178,DE430,5.335425926418081
2457303.5,2015.7671232876712,0.12158,5120151008042213349064926477325968676201910009001359129,DE430,5.335425926418081
2457327.5,2015.8328767123287,0.00546,5120151101012259704775824987988845069301910025003072013,DE430,4.191195163686362
2457360.5,2015.9232876712329,0.03455,5120151204053738634342726503050322484301910044001794210,DE430,4.841489161822088
2457360.5,2015.9232876712329,0.06865,5120151204055034146762726498664533570001910015000952288,DE430,4.841489161822088
2457360.5,2015.9232876712329,0.02878,5120151204061319852517326503291304435301910024001298326,DE430,4.841489161822088
2457360.5,2015.9232876712329,0.03337,5120151204064106120935626508362575952301910015002098045,DE430,4.841489161822088
2457360.5,2015.9232876712329,0.02596,5120151204071301448408126519425670819301910022002411032,DE430,4.841489161822088
2457378.5,2015.972602739726,0.01617,5120151222235915807774324246356263170301910013002017110,DE430,2.3453037868153697
2457379.5,2015.9753424657533,0.04931,5120151223000645303897924253093939144301910046002812024,DE430,2.5774533111165345
2457379.5,2015.9753424657533,0.03729,5120151223001919807025424264890910255301910040003364018,DE430,2.5774533111165345
2457379.5,2015.9753424657533,0.08181,5120151223003436995705824280013927616301910024003011006,DE430,2.5774533111165345
2457379.5,2015.9753424657533,0.05076,5120151223004934622284424295591222576301910022002203015,DE430,2.5774533111165345
2457400.5,2016.032786885246,0.06437,5120160113152419452625024340653926601301910034002705017,DE430,0.660413719407293
2457400.5,2016.032786885246,0.06406,5120160113153840439097524343639763482301910029002405014,DE430,0.660413719407293
2457400.5,2016.032786885246,0.0631,5120160113155136207911324347272258349301910032002557026,DE430,0.660413719407293
2457400.5,2016.032786885246,0.05698,5120160113160534897124624352187989576301910039001804103,DE430,0.660413719407293
2457400.5,2016.032786885246,0.05041,5120160113165602310095024378125670999301910009001985109,DE430,0.660413719407293
2457400.5,2016.032786885246,0.04895,5120160113171331411160424389936510996301910011002384069,DE430,0.660413719407293
2457400.5,2016.032786885246,0.0899,5120160113174255585186124412783858796301910009001859108,DE430,0.660413719407293
2457402.5,2016.0382513661202,0.02036,5120160115172718662567624253973740332301910008001879117,DE430,1.1184418267005736
2457402.5,2016.0382513661202,0.0789,5120160115173602101900624257138872959301910009002546093,DE430,1.1184418267005736
2457433.5,2016.122950819672,0.03735,5120160215175940028339124501355531327301910025002159147,DE430,1.497238092143336
2457433.5,2016.122950819672,0.03954,5120160215183032250921824509403105283301910017002476089,DE430,1.497238092143336
2457433.5,2016.122950819672,0.01023,5120160215201134060300024569789316281301910026002921129,DE430,1.497238092143336
2457433.5,2016.122950819672,0.03797,5120160215202131044589624609206180096101910006000558253,DE430,1.497238092143336
2457433.5,2016.122950819672,0.08026,5120160215205933106382124614900982199301910010001986063,DE430,1.497238092143336
2457433.5,2016.122950819672,0.0387,5120160215212501718945524642453548912301910008002594046,DE430,1.497238092143336
2457433.5,2016.122950819672,0.00547,5120160215220845616363724694581486507301910014002411076,DE430,1.497238092143336
2457461.5,2016.1994535519125,0.05993,5120160314161948519433624390210798319301910037003390017,DE430,1.184986211501153
2457461.5,2016.1994535519125,0.03494,5120160314191553034048924486509963492301910012001512143,DE430,1.184986211501153
2457461.5,2016.1994535519125,0.0573,5120160314201307041617324548382640662301910011002082134,DE430,1.184986211501153
2457461.5,2016.1994535519125,0.01871,5120160314202303951923924592284606208101910015000802339,DE430,1.184986211501153
2457465.5,2016.2103825136612,-0.00513,5120160318180716908228225714719842191301910012002710054,DE430,2.0586031828401357
2457465.5,2016.2103825136612,-0.01097,5120160318182046705895125708763747592301910033002735026,DE430,2.0586031828401357
2457465.5,2016.2103825136612,0.00784,5120160318184547487302225700002124090301910032002533030,DE430,2.0586031828401357
2457465.5,2016.2103825136612,-0.01344,5120160318191516127919025727610837469101910010000789297,DE430,2.0586031828401357
2457465.5,2016.2103825136612,0.09946,5120160318192521630364025696118837349201910014001362023,DE430,2.0586031828401357
2457465.5,2016.2103825136612,0.01955,5120160318203457569403525699193982027301910053002446074,DE430,2.0586031828401357
2457465.5,2016.2103825136612,-0.00275,5120160318204704575072225736689849753101910018001006196,DE430,2.0586031828401357
2457465.5,2016.2103825136612,0.06875,5120160318210142838267025706470349331001910028001741036,DE430,2.0586031828401357
2457465.5,2016.2103825136612,-0.01963,5120160318211432751957325714518370947301910066003211051,DE430,2.0586031828401357
2457465.5,2016.2103825136612,0.0153,5120160318215500638152525738580396922301910018002197053,DE430,2.0586031828401357
2457465.5,2016.2103825136612,0.00564,5120160318220618406384225780207080927101910039001000332,DE430,2.0586031828401357
2457465.5,2016.2103825136612,0.07236,5120160318221909390041425760053094945201910025001445052,DE430,2.0586031828401357
2457466.5,2016.2131147540983,-0.03248,5120160319215931407861925971252336469301910029003502014,DE430,2.2630551056618167
2457466.5,2016.2131147540983,-0.0542,5120160319221152289255625977288248629301910028002973014,DE430,2.2630551056618167
2457491.5,2016.2814207650274,0.06167,5120160413200524983829525128581850858301910006002637059,DE430,1.319273242576664
2457525.5,2016.3743169398906,0.02746,5120160517205648481878726658791247352301910021002546010,DE430,2.210512489006416
2457525.5,2016.3743169398906,0.02095,5120160517210749159575226660753627671301910035001994026,DE430,2.210512489006416
2457525.5,2016.3743169398906,-0.01964,5120160517212115760885426664055078045301910025002913016,DE430,2.210512489006416
2457553.5,2016.450819672131,-0.00691,5120160614204942539259026651520850444301910024002343016,DE430,1.8891362071496547
2457612.5,2016.6120218579235,0.01342,5120160812195623898268926343388544814301910030001879070,DE430,1.80775028015357
2457612.5,2016.6120218579235,0.01968,5120160812202209066560726349547610569301910036002476034,DE430,1.80775028015357
2457624.5,2016.6448087431695,0.05157,5120160824012953388044424213650579163301910033002490102,DE430,4.44512356636713
2457625.5,2016.6475409836066,0.01235,5120160825070402872773724298072643150301910039002539036,DE430,4.676877457699293
2457625.5,2016.6475409836066,-0.00373,5120160825073119998681124345533539445101910024001728020,DE430,4.676877457699293
2457627.5,2016.6530054644809,0.05551,5120160827025511371763424734585550593301910017002550071,DE430,5.13215056096369
2457627.5,2016.6530054644809,0.03339,5120160827030730005658924722721992755301910026002189129,DE430,5.13215056096369
2457627.5,2016.6530054644809,0.01638,5120160827034326705365424690406845246301910038002118194,DE430,5.13215056096369
2457627.5,2016.6530054644809,0.06513,5120160827035616611348524679870711011001910011001522078,DE430,5.13215056096369
2457627.5,2016.6530054644809,-0.00713,5120160827040610809098524703913253403101910030001054182,DE430,5.13215056096369
2457627.5,2016.6530054644809,0.08347,5120160827041901286549024666761749880201910069001686464,DE430,5.13215056096369
2457627.5,2016.6530054644809,-0.01981,5120160827043229419853724663286786935401910012001929059,DE430,5.13215056096369
2457627.5,2016.6530054644809,0.11628,5120160827044717661500624643717491137001910010001897036,DE430,5.13215056096369
2457627.5,2016.6530054644809,-0.00491,5120160827045946357948424636397414102301910091002479146,DE430,5.13215056096369
2457627.5,2016.6530054644809,-0.03704,5120160827050748952517424663857395330101910030001595062,DE430,5.13215056096369
2457627.5,2016.6530054644809,0.01485,5120160827054047703524724617421835430301910051003001025,DE430,5.13215056096369
2457627.5,2016.6530054644809,-0.04149,5120160827055254752926224645027073821101910034001623023,DE430,5.13215056096369
2457628.5,2016.655737704918,0.01564,5120160828040820246367424920684821065301910016002082128,DE430,5.354772266480068
2457628.5,2016.655737704918,-0.03195,5120160828050221520250324907927246905101910025001601044,DE430,5.354772266480068
2457628.5,2016.655737704918,0.00375,5120160828051520670112524865668289505301910049002886036,DE430,5.354772266480068
2457731.5,2016.9371584699454,0.02332,5120161209154736817321224203722450109301910021002775015,DE430,1.9310519930359566
2457744.5,2016.9726775956285,-0.00278,5120161222044511270066326366490603979301910023001720121,DE430,4.891195964993151
2457744.5,2016.9726775956285,0.00061,5120161222054615900998626354236104900301910017001875063,DE430,4.891195964993151
2457744.5,2016.9726775956285,0.0272,5120161222065155777482726363721157420301910012002574075,DE430,4.891195964993151
2457744.5,2016.9726775956285,-0.07272,5120161222070358379521426368046412040301910009002989028,DE430,4.891195964993151
2457759.5,2017.013698630137,0.00014,5120170106175552984699724276430341695101910011001205259,DE430,1.6101059275087888
2457759.5,2017.013698630137,0.03425,5120170106180651136319324251036339210301910022002586072,DE430,1.6101059275087888
2457759.5,2017.013698630137,0.07836,5120170106182142010043324253949186208001910028002013040,DE430,1.6101059275087888
2457759.5,2017.013698630137,-0.03674,5120170106185918601054324268369001534101910009000630454,DE430,1.6101059275087888
2457771.5,2017.0465753424658,-0.02829,5120170118034018273619525990944008503301910009001524106,DE430,4.337767087551999
2457772.5,2017.0493150684931,-0.0167,5120170119023235139201126332379332423301910017001966070,DE430,4.533964275338629
2457772.5,2017.0493150684931,-0.00095,5120170119024634175721526324526907863301910018001893089,DE430,4.533964275338629
2457772.5,2017.0493150684931,0.00737,5120170119030357126745126316027299512301910038002031097,DE430,4.533964275338629
2457772.5,2017.0493150684931,0.00355,5120170119031842112195326309956364386301910026001648099,DE430,4.533964275338629
2457772.5,2017.0493150684931,0.07583,5120170119033249274083426295583343688001910015001410259,DE430,4.533964275338629
2457772.5,2017.0493150684931,0.02557,5120170119034805835242126311534624737401910006001291150,DE430,4.533964275338629
2457772.5,2017.0493150684931,-0.00831,5120170119040217355880826298470702547301910028001533125,DE430,4.533964275338629
2457772.5,2017.0493150684931,0.08345,5120170119041534388052426287496265412001910014001481188,DE430,4.533964275338629
2457772.5,2017.0493150684931,0.03071,5120170119043031743150626296408261520301910025001979075,DE430,4.533964275338629
2457772.5,2017.0493150684931,-0.00418,5120170119045504987278026298159004652301910028001586139,DE430,4.533964275338629
2457772.5,2017.0493150684931,-0.0396,5120170119051013131480726300896047366301910016003384042,DE430,4.533964275338629
2457774.5,2017.054794520548,0.02392,5120170121040840288538126697003681827301910015000846451,DE430,4.916454272154462
2457774.5,2017.054794520548,0.01133,5120170121061019309276326652977242877301910007001917219,DE430,4.916454272154462
2457791.5,2017.1013698630136,-0.03096,5120170207190507852170324180136871842301910011002387041,DE430,2.2233657953541446
2457819.5,2017.1780821917807,-0.05012,5120170307215209913999524569893176168101910009001495094,DE430,1.91753391580548
2457846.5,2017.2520547945205,0.0191,5120170403183942728507424402337500033301910033001979194,DE430,1.39351556438698
2457847.5,2017.2547945205479,-0.00473,5120170404180748340321724635086876684301910022002668098,DE430,1.6207768241013703
2457847.5,2017.2547945205479,-0.00356,5120170404181720736950324668752128654101910006000968115,DE430,1.6207768241013703
2457847.5,2017.2547945205479,0.06525,5120170404183145129802524638692944975201910010001521124,DE430,1.6207768241013703
2457847.5,2017.2547945205479,0.00276,5120170404184703636826924639956150536301910018002212080,DE430,1.6207768241013703
2457847.5,2017.2547945205479,0.01074,5120170404192116897306924650801593980301910036002072106,DE430,1.6207768241013703
2457847.5,2017.2547945205479,-0.0122,5120170404193410424539624689506799205101910025001467164,DE430,1.6207768241013703
2457847.5,2017.2547945205479,0.00451,5120170404202645527391724688220849570301910042002062261,DE430,1.6207768241013703
2457847.5,2017.2547945205479,-0.02155,5120170404203615283237924728281205828101910022000880299,DE430,1.6207768241013703
2457847.5,2017.2547945205479,-0.30679,5120170404205103377987224708714807778201910006001746068,DE430,1.6207768241013703
2457847.5,2017.2547945205479,-0.00404,5120170404212931271947024742953063062301910026002063160,DE430,1.6207768241013703
2457847.5,2017.2547945205479,-0.00796,5120170404220438390784124813261970547101910010000971214,DE430,1.6207768241013703
2457847.5,2017.2547945205479,-0.0341,5120170404225807112597224845397133953301910016002994035,DE430,1.6207768241013703
2457889.5,2017.3698630136987,-0.57933,5120170516022220664528626531481064755401910008001978080,DE430,4.113963744531368
2457904.5,2017.4109589041095,0.03033,5120170531204636364674125132941613434101910012001522064,DE430,1.2409829315671093
2457904.5,2017.4109589041095,0.10888,5120170531210213797242925116233820381201910010001391136,DE430,1.2409829315671093
2457904.5,2017.4109589041095,0.04242,5120170531212155641136825137653146208001910037001448243,DE430,1.2409829315671093
2457904.5,2017.4109589041095,0.00846,5120170531220216191974025203956103363301910021001531214,DE430,1.2409829315671093
2457905.5,2017.4136986301369,0.00444,5120170601204304512028925483814994896101910015001707122,DE430,1.4584520597404163
2457952.5,2017.5424657534247,0.05395,5120170718025237994954824334899059801301910004001297214,DE430,4.982910614055571
2458010.5,2017.7013698630137,0.04179,5120170914004807949845424421487437237301910006001935179,DE430,4.881288057217364
2458010.5,2017.7013698630137,0.04447,5120170914013406950077224367715428834301910069002032207,DE430,4.881288057217364
2458010.5,2017.7013698630137,0.03049,5120170914024243736620524295380180969301910113001944520,DE430,4.881288057217364
2458010.5,2017.7013698630137,-0.0014,5120170914043441762415824211440056789301910144002066586,DE430,4.881288057217364
2458010.5,2017.7013698630137,-0.00468,5120170914053438845887424189563889464301910310001993397,DE430,4.881288057217364
2458010.5,2017.7013698630137,0.02234,5120170914054818290306324215661390287101910140001152136,DE430,4.881288057217364
2458010.5,2017.7013698630137,-0.10513,5120170914055917960002124199289595192401910034002446028,DE430,4.881288057217364
2458010.5,2017.7013698630137,0.01317,5120170914061049585038924186682415533001910078002028068,DE430,4.881288057217364
2458010.5,2017.7013698630137,0.10932,5120170914062335128837724185108265748201910122001448117,DE430,4.881288057217364
2458010.5,2017.7013698630137,-0.01417,5120170914063458797585824186002622341301910283001863290,DE430,4.881288057217364
2458010.5,2017.7013698630137,0.01651,5120170914064727404327724216055004855101910082001522059,DE430,4.881288057217364
2458010.5,2017.7013698630137,-0.03754,5120170914090257551248724254625066129301910043003110016,DE430,4.881288057217364
2458010.5,2017.7013698630137,-0.05971,5120170914092635115602824274603165437301910106002820040,DE430,4.881288057217364
2458010.5,2017.7013698630137,-0.06445,5120170914105444153510824365225096037301910040003886011,DE430,4.881288057217364
2458011.5,2017.704109589041,-0.00521,5120170915031232061965624359127179122001910025001309357,DE430,5.1115306790945425
2458037.5,2017.7753424657535,-0.01026,5120171011041933729107624088957059386301910062002024095,DE430,4.362531403643852
2458037.5,2017.7753424657535,0.01723,5120171011044344578173524092928261364301910095002019161,DE430,4.362531403643852
2458037.5,2017.7753424657535,0.00052,5120171011050710721768924100719812042001910032001401259,DE430,4.362531403643852
2458037.5,2017.7753424657535,0.09385,5120171011052246073774224106231518144201910060001678090,DE430,4.362531403643852
2458037.5,2017.7753424657535,-0.01087,5120171011074837025501824215726923427301910113002490046,DE430,4.362531403643852
2458037.5,2017.7753424657535,-0.01028,5120171011082909150188624261569501198001910060001934032,DE430,4.362531403643852
2458037.5,2017.7753424657535,0.00206,5120171011085257750667124288435052047301910059003355011,DE430,4.362531403643852
2458038.5,2017.7780821917809,0.05547,5120171012021059894419524281929366615001910010001218192,DE430,4.593776328988179
2458038.5,2017.7780821917809,0.01781,5120171012023057739726424268629633856301910026002825055,DE430,4.593776328988179
2458038.5,2017.7780821917809,0.02772,5120171012031815131428724241456561838301910099001906303,DE430,4.593776328988179
2458038.5,2017.7780821917809,0.02901,5120171012035402250558524226733348014001910030001302291,DE430,4.593776328988179
2458038.5,2017.7780821917809,0.01097,5120171012041654820075124222076311373301910086001657293,DE430,4.593776328988179
2458038.5,2017.7780821917809,-0.0232,5120171012085057374258624357048241986301910056003559009,DE430,4.593776328988179
2458039.5,2017.7808219178082,-0.00292,5120171013030109798771924453010971285301910018001600198,DE430,4.821730232043806
2458039.5,2017.7808219178082,0.13738,5120171013031431742578624442957219640201910009001366053,DE430,4.821730232043806
2458039.5,2017.7808219178082,0.02023,5120171013032726069060324467013515968101910018001582040,DE430,4.821730232043806
2458042.5,2017.7890410958903,-0.03793,5120171016072641168054325033116168354301910120002032062,DE430,5.485038900203477
2458042.5,2017.7890410958903,-0.01012,5120171016073534470461325066512062384101910087001980033,DE430,5.485038900203477
2458042.5,2017.7890410958903,-0.01993,5120171016075854196352525019009217238001910027002651013,DE430,5.485038900203477
2458042.5,2017.7890410958903,-0.06918,5120171016082817027836825025952125403301910071002488039,DE430,5.485038900203477
2458042.5,2017.7890410958903,-0.00515,5120171016083936826581925062380735833101910046001817017,DE430,5.485038900203477
2458067.5,2017.8575342465754,0.03051,5120171110014307168191324411946243970301910066002301107,DE430,4.519765560699481
2458067.5,2017.8575342465754,0.04815,5120171110021949724618724382628555044001910008001529320,DE430,4.519765560699481
2458067.5,2017.8575342465754,-0.00317,5120171110031901401236424360775219967301910128002438153,DE430,4.519765560699481
2458067.5,2017.8575342465754,0.00457,5120171110040826985107624350831883033301910044002254276,DE430,4.519765560699481
2458067.5,2017.8575342465754,-0.0165,5120171110041847604432924359908791236401910015001804204,DE430,4.519765560699481
2458067.5,2017.8575342465754,0.04761,5120171110043041767963324345305410551001910054001387442,DE430,4.519765560699481
2458067.5,2017.8575342465754,0.09462,5120171110044843647434124351186108414201910089001787079,DE430,4.519765560699481
2458067.5,2017.8575342465754,0.0033,5120171110050102898566924354008713215301910299001956398,DE430,4.519765560699481
2458067.5,2017.8575342465754,-0.04425,5120171110052858458253624371353504196401910010002413088,DE430,4.519765560699481
2458067.5,2017.8575342465754,0.04365,5120171110054453009227724362795467642001910067001085999,DE430,4.519765560699481
2458067.5,2017.8575342465754,0.09919,5120171110055808896050324373038116008201910118001310129,DE430,4.519765560699481
2458067.5,2017.8575342465754,-0.00568,5120171110061052894202524380696854771301910221001872366,DE430,4.519765560699481
2458067.5,2017.8575342465754,-0.01198,5120171110061829772975024419564886375101910011001267041,DE430,4.519765560699481
2458085.5,2017.9068493150685,0.07486,5120171128190227158169325056884148299101910033001002402,DE430,1.833303127773597
2458085.5,2017.9068493150685,0.03262,5120171128191204236023925027636840374201910048001816069,DE430,1.833303127773597
2458085.5,2017.9068493150685,-0.00978,5120171128192643944183025030629898393301910071003918046,DE430,1.833303127773597
2458092.5,2017.9260273972602,0.0905,5120171205212607705855723662009932692301910019002256038,DE430,3.4750363691696817
2458092.5,2017.9260273972602,0.05768,5120171205222107976107623613198799671301910147002536086,DE430,3.4750363691696817
2458092.5,2017.9260273972602,0.0812,5120171205224137297721923595558465729001910047001374152,DE430,3.4750363691696817
2458092.5,2017.9260273972602,0.03814,5120171205232423159211023569487470670301910117002444053,DE430,3.4750363691696817
2458092.5,2017.9260273972602,0.07988,5120171205234858967969523554999325711001910058001695062,DE430,3.4750363691696817
2458093.5,2017.9287671232876,0.05144,5120171206002455512102523543379026341301910122002119060,DE430,3.72094941014128
2458093.5,2017.9287671232876,0.06293,5120171206003703032522723538368301808001910099001591100,DE430,3.72094941014128
2458093.5,2017.9287671232876,0.11783,5120171206011642581819623534819437121201910023002608021,DE430,3.72094941014128
2458100.5,2017.9479452054795,0.01294,5120171213081800829839626050071329142301910032002869009,DE430,5.263857686001467
2458100.5,2017.9479452054795,-0.00556,5120171213093020807899926089201874556301910043003163013,DE430,5.263857686001467
2458108.5,2017.9698630136986,0.02582,5120171221133220297763326679153581541301910059003936007,DE430,0.5142324049758153
2458108.5,2017.9698630136986,0.03293,5120171221143329884753126673642756798301910067003743006,DE430,0.5142324049758153
2458141.5,2018.0602739726028,-0.02287,5120180123152213659808525263670542321301910107003319046,DE430,1.1593408414474782
2458141.5,2018.0602739726028,0.08073,5120180123153411560990625275535179075101910041001826025,DE430,1.1593408414474782
2458141.5,2018.0602739726028,0.00024,5120180123155756517426825252821060665001910070002104058,DE430,1.1593408414474782
2458141.5,2018.0602739726028,0.04309,5120180123161056487092125234060122467201910043002108047,DE430,1.1593408414474782
2458141.5,2018.0602739726028,-0.00101,5120180123162318881294525234865298065301910082003520103,DE430,1.1593408414474782
2458141.5,2018.0602739726028,0.09421,5120180123163542762540125250462290349101910093000931704,DE430,1.1593408414474782
2458141.5,2018.0602739726028,-0.01423,5120180123170015978365625235965668843001910026002029062,DE430,1.1593408414474782
2458141.5,2018.0602739726028,-0.02001,5120180123192945119632525279425767378001910019001889089,DE430,1.1593408414474782
2458142.5,2018.0630136986301,0.03816,5120180124145011699042824966378524249301910020003499015,DE430,1.3695277103153716
2458142.5,2018.0630136986301,0.00293,5120180124153825597292524930581578523001910027002061034,DE430,1.3695277103153716
2458142.5,2018.0630136986301,0.06507,5120180124160348908954024898830483416201910041001939055,DE430,1.3695277103153716
2458142.5,2018.0630136986301,-0.07133,5120180124162349377886024890478780758301910014003460019,DE430,1.3695277103153716
2458142.5,2018.0630136986301,-0.02212,5120180124173525825862424863409239275301910019003158097,DE430,1.3695277103153716
2458142.5,2018.0630136986301,0.05628,5120180124174546439606724880722043542101910013001038399,DE430,1.3695277103153716
2458142.5,2018.0630136986301,0.05799,5120180124182156600431624856348980035201910025001764290,DE430,1.3695277103153716
2458142.5,2018.0630136986301,0.07301,5120180124184938733905824883599123514101910016000910280,DE430,1.3695277103153716
2458142.5,2018.0630136986301,-0.07527,5120180124191805414086024881973012994001910010002105053,DE430,1.3695277103153716
2458142.5,2018.0630136986301,0.0905,5120180124193052028590924873312564078201910022001719206,DE430,1.3695277103153716
2458142.5,2018.0630136986301,-0.05516,5120180124194446105583524884251076799301910016003233030,DE430,1.3695277103153716
2458147.5,2018.0767123287671,-0.03719,5120180129213028333524623474076461898301910132002505043,DE430,2.5151005746351434
2458147.5,2018.0767123287671,-0.00123,5120180129214311058957123472559920157001910051001799031,DE430,2.5151005746351434
2458157.5,2018.1041095890412,0.05869,5120180208051518849476026317166830404301910051002045360,DE430,4.77857985057837
2458157.5,2018.1041095890412,0.05932,5120180208054430815080726355357520390101910009001857035,DE430,4.77857985057837
2458157.5,2018.1041095890412,0.07157,5120180208063616236168626331276110851301910012001790179,DE430,4.77857985057837
2458169.5,2018.13698630137,-0.05891,5120180220171447965132325115547282720301910023002589089,DE430,0.8397341152527398
2458170.5,2018.1397260273973,0.04838,5120180221171203046835124830463989901301910016003545082,DE430,1.0535875701923638
2458199.5,2018.2191780821918,0.05651,5120180322170654829732524462276898492101910028002086017,DE430,0.9685571455584144
2458199.5,2018.2191780821918,0.04292,5120180322175303437859224480959451357101910007002078110,DE430,0.9685571455584144
2458200.5,2018.2219178082191,-0.07607,5120180323172300700112124302475390377301910018002440048,DE430,1.194446964877259
2458205.5,2018.2356164383561,-0.0443,5120180328182701902179924356657053332301910081002075049,DE430,2.3417127187035653
2458205.5,2018.2356164383561,-0.07659,5120180328183943927602024346568338807301910036003140008,DE430,2.3417127187035653
2458206.5,2018.2383561643835,0.10446,5120180329193740844061124501842735791201910026001677043,DE430,2.571409462693639
2458206.5,2018.2383561643835,0.09568,5120180329193905010390824500842549196201910026001677043,DE430,2.571409462693639
2458206.5,2018.2383561643835,-0.04999,5120180329194804272096724493585438303001910034002337015,DE430,2.571409462693639
2458206.5,2018.2383561643835,-0.04444,5120180329195213852234024490836771970001910032002012016,DE430,2.571409462693639
2458206.5,2018.2383561643835,-0.0489,5120180329200116165212924493247238794301910040002836010,DE430,2.571409462693639
2458206.5,2018.2383561643835,-0.03996,5120180329200631189889024490091299332301910043003419007,DE430,2.571409462693639
2458206.5,2018.2383561643835,-0.07051,5120180329212756057425924458245704729301910049003354010,DE430,2.571409462693639
2458206.5,2018.2383561643835,-0.05684,5120180329213250475411224457415805259301910049003369009,DE430,2.571409462693639
2458206.5,2018.2383561643835,-0.07187,5120180329223647647071124458604304241301910053003147010,DE430,2.571409462693639
2458206.5,2018.2383561643835,-0.07811,5120180329224157604360224459683859391301910053003147010,DE430,2.571409462693639
2458214.5,2018.2602739726028,0.07359,5120180406020231039999126515427079308301910039000701085,DE430,4.273388509790236
2458214.5,2018.2602739726028,-0.02838,5120180406024118717629926491898332576001910059000723309,DE430,4.273388509790236
2458214.5,2018.2602739726028,0.064,5120180406030542047987226494150940050301910096000868071,DE430,4.273388509790236
2458214.5,2018.2602739726028,-0.02551,5120180406034834177333426483009788767001910044000976410,DE430,4.273388509790236
2458214.5,2018.2602739726028,0.05895,5120180406041258992789526493404258102301910081000697093,DE430,4.273388509790236
2458214.5,2018.2602739726028,-0.03093,5120180406044834600681326494668934927001910029000706391,DE430,4.273388509790236
2458214.5,2018.2602739726028,0.05643,5120180406051055872174526511441150712301910090000687068,DE430,4.273388509790236
2458230.5,2018.304109589041,-0.04163,5120180422164242143229424207695136730301910152000993060,DE430,1.3625273445044581
2458230.5,2018.304109589041,0.05969,5120180422165422256824024235986242300101910044000818037,DE430,1.3625273445044581
2458230.5,2018.304109589041,-0.05222,5120180422172023452878424200708960369001910133000886097,DE430,1.3625273445044581
2458232.5,2018.309589041096,-0.03823,5120180424195447118603924468660224134301910012001227036,DE430,1.8194501153007123
2458290.5,2018.468493150685,0.06616,5120180621204113385953625346603174914301910031003128063,DE430,1.6901656551465112
