date_julian,date_julian_year,residual_m,sigma_m,elongation_rad,cos_elong_rad,station,reflector
2447220.32142648,1988.16071428,-0.149461269379,0.09555025387360164,2.414367679960548,-0.7470221115857061,McDonald2,5
2447243.2564395,1988.22337825,-0.168271303177,0.09555025387360164,1.0717761334326192,0.47856544739320855,McDonald2,5
2447244.25016976,1988.22609336,-0.219450354576,0.09555025387360164,1.2796129224591695,0.2870860145668433,McDonald2,5
2447244.3204637202,1988.22628542,-0.824569582939,0.09555025387360164,1.294058745775441,0.2732188179451674,McDonald2,5
2447245.28401728,1988.22891808,-0.199513077736,0.09555025387360164,1.4890034931478702,0.08170166421731317,McDonald2,5
2447245.33500474,1988.22905739,-0.0580489635468,0.09555025387360164,1.4991705222680258,0.07156457711719304,McDonald2,5
2447245.35932178,1988.22912383,-0.614830374718,0.09555025387360164,1.5040145242440952,0.06673217460295315,McDonald2,5
2447246.34670926,1988.23182161,0.0180712938309,0.09555025387360164,1.6982727820100623,-0.12713148165687946,McDonald2,5
2447246.38502946,1988.23192631,-0.419878959656,0.09555025387360164,1.705725352107144,-0.13451998175583846,McDonald2,5
2447247.42041418,1988.23475523,-0.0489196777344,0.09555025387360164,1.9051598831379395,-0.32816803937764577,McDonald2,5
2447247.44139696,1988.23481256,0.0276905298233,0.09555025387360164,1.9091686368521503,-0.3319521387648299,McDonald2,5
2447248.3451205,1988.23728175,0.0254842042923,0.09555025387360164,2.0809522271801995,-0.48831330215481233,McDonald2,5
2447248.42966284,1988.23751274,-0.0578181743622,0.09555025387360164,2.096953686583383,-0.5022141599014858,McDonald2,5
2447275.3444098,1988.3110503,-0.0521750450134,0.09555025387360164,1.5525687893697702,0.01822652811290767,McDonald2,5
2447275.3618497,1988.31109795,-0.0825343132019,0.09555025387360164,1.5559135193808005,0.014882258001609276,McDonald2,5
2447275.38449778,1988.31115983,-0.257548809052,0.09555025387360164,1.5602558122387196,0.010540319377767803,McDonald2,5
2447275.4321034,1988.3112899,-0.0991759300232,0.09555025387360164,1.569378495844691,0.001417830475174474,McDonald2,5
2447277.36266556,1988.31656466,-0.051914691925,0.09555025387360164,1.9358850892532482,-0.3570322081920867,McDonald2,5
2447277.4855098,1988.3169003,-0.0465189218521,0.09555025387360164,1.9591112096830776,-0.3786292959820232,McDonald2,5
2447303.37822006,1988.38764541,-0.193629622459,0.09555025387360164,1.2240755531565757,0.3398155535686012,McDonald2,5
2447303.40374124,1988.38771514,-0.138560175896,0.09555025387360164,1.2289724070249857,0.33520604535724974,McDonald2,5
2447304.4163314803,1988.39048178,-0.112917780876,0.09555025387360164,1.4220707728799167,0.14817787602581478,McDonald2,5
2447305.37758656,1988.39310816,-0.0961883068085,0.09555025387360164,1.604180237652362,-0.0333777102222143,McDonald2,5
2447305.4050182602,1988.39318311,-0.262332201004,0.09555025387360164,1.6093740937329504,-0.038568198794382995,McDonald2,5
2447305.46230824,1988.39333964,-0.0202665328979,0.09555025387360164,1.6202220426434906,-0.04940559461482616,McDonald2,5
2447305.48529304,1988.39340244,-0.139253973961,0.09555025387360164,1.6245746056252244,-0.05375236052248736,McDonald2,5
2447332.3759206,1988.4668741,0.0986895561218,0.09555025387360164,1.0854353913219992,0.46652763964534627,McDonald2,5
2447333.5034568002,1988.4699548,0.157860279083,0.09555025387360164,1.2988184725782936,0.26863711206307866,McDonald2,5
2447334.42029046,1988.47245981,-0.136492729187,0.09555025387360164,1.4727746121783796,0.09786482037946333,McDonald2,5
2447334.44772948,1988.47253478,-0.112675428391,0.09555025387360164,1.4780008959406712,0.09266231139642331,McDonald2,5
2447334.51450984,1988.47271724,-0.288757324219,0.09555025387360164,1.4907270624342646,0.07998373661028405,McDonald2,5
2447335.3884629398,1988.47510509,-0.00629043579102,0.09555025387360164,1.6583454354731713,-0.0874373097874211,McDonald2,5
2447335.40145228,1988.47514058,-0.123669624329,0.09555025387360164,1.6608546312323285,-0.08993661750901821,McDonald2,5
2447335.4214981,1988.47519535,0.289900660515,0.09555025387360164,1.6647281400039893,-0.09379374449756785,McDonald2,5
2447335.44426696,1988.47525756,-0.145568490028,0.09555025387360164,1.669129593128808,-0.09817487180586419,McDonald2,5
2447335.48945332,1988.47538102,-0.272535800934,0.09555025387360164,1.6778702036675457,-0.1068693970904473,McDonald2,5
2447335.5025854,1988.4754169,-0.11123073101,0.09555025387360164,1.680411823024461,-0.10939611286429524,McDonald2,5
2447335.5269427,1988.47548345,0.126134037971,0.09555025387360164,1.6851277145611123,-0.1140824668890692,McDonald2,5
2447336.51127042,1988.47817287,-0.0579668283463,0.09555025387360164,1.877824326387312,-0.3022269575943106,McDonald2,5
2447336.53248744,1988.47823084,0.166414856911,0.09555025387360164,1.8820287806226035,-0.30623211161654557,McDonald2,5
2447336.55571746,1988.47829431,0.170886397362,0.09555025387360164,1.886634855393462,-0.31061363216864996,McDonald2,5
2447337.51746298,1988.48092203,-0.0322294235229,0.09555025387360164,2.080028462845382,-0.48750695398588684,McDonald2,5
2447337.54134814,1988.48098729,-0.0564026832581,0.09555025387360164,2.0849032753395482,-0.4917574365488607,McDonald2,5
2447337.5748517797,1988.48107883,-0.0809116363525,0.09555025387360164,2.0917473923464254,-0.49770526592565245,McDonald2,5
2447337.59236854,1988.48112669,0.768211841583,0.09555025387360164,2.095328621140469,-0.5008082329683292,McDonald2,5
2447338.60500636,1988.48389346,-0.315452098846,0.09555025387360164,2.305917380139314,-0.6706769518180127,McDonald2,5
2447393.53262106,1988.63396891,-0.208690643311,0.09555025387360164,1.4419939529077497,0.12844652951949773,McDonald2,5
2447393.54812116,1988.63401126,-0.2149310112,0.09555025387360164,1.4451399020167748,0.1253260096112535,McDonald2,5
2447393.5773792,1988.6340912,-0.408799052238,0.09555025387360164,1.4510820771513453,0.11942850698375324,McDonald2,5
2447394.49251828,1988.63659158,-0.12082195282,0.09555025387360164,1.6396575212319204,-0.06880678560096877,McDonald2,5
2447394.55032066,1988.63674951,-0.215509176254,0.09555025387360164,1.6517554353856374,-0.0808706981460446,McDonald2,5
2447395.58501364,1988.63957654,0.426279306412,0.09555025387360164,1.872437686581483,-0.29708785877839533,McDonald2,5
2447396.58660192,1988.64231312,-0.300265431404,0.09555025387360164,2.093969783085834,-0.4996316174620824,McDonald2,5
2447396.61123372,1988.64238042,-0.565263986588,0.09555025387360164,2.099519256480616,-0.5044310639683706,McDonald2,5
2447397.6313599,1988.64516765,1.03032982349,0.09555025387360164,2.333585636349768,-0.6909405545113141,McDonald2,5
2447397.73364226,1988.64544711,0.423365831375,0.09555025387360164,2.357499038678225,-0.7080286343120495,McDonald2,5
2447411.05399998,1988.68184153,-0.062758564949,0.09555025387360164,5.39875500635933,0.6337302974286085,McDonald2,5
2447411.10712854,1988.68198669,-0.0842759609222,0.09555025387360164,5.409094442018924,0.6416943937054738,McDonald2,5
2447432.86160124,1988.74142514,-0.00969934463501,0.09555025387360164,3.763538900391964,-0.8127460781182014,McDonald2,5
2447433.00078738,1988.74180543,0.997216820717,0.09555025387360164,3.796223856544929,-0.7932725302936349,McDonald2,5
2447433.84378786,1988.74410871,0.120167255402,0.09555025387360164,3.9910411538535246,-0.6603973764416967,McDonald2,5
2447434.88797122,1988.74696167,-0.0283297300339,0.09555025387360164,4.224431599215783,-0.4688226379182349,McDonald2,5
2447435.95428294,1988.74987509,0.075963139534,0.09555025387360164,4.453661399326973,-0.25585069119705484,McDonald2,5
2447436.23593092,1988.75064462,0.0556204319,0.09555025387360164,4.512746061933067,-0.1983193544454824,McDonald2,5
2447437.97970132,1988.75540902,0.100021004677,0.09555025387360164,4.866732912126693,0.15373186310919912,McDonald2,5
2447438.10706566,1988.75575701,0.95505464077,0.09555025387360164,4.891894696631786,0.1785432536229511,McDonald2,5
2447439.01076724,1988.75822614,0.254201889038,0.09555025387360164,5.068297171919033,0.348441784373755,McDonald2,5
2447454.65361456,1988.80096616,-0.485976696014,0.09555025387360164,1.93554225081638,-0.35671194454943145,McDonald2,5
2447454.71926032,1988.80114552,-0.0876911878586,0.09555025387360164,1.9507006160823623,-0.37083158456022597,McDonald2,5
2447454.78034206,1988.80131241,-0.0438886880875,0.09555025387360164,1.9648252772435906,-0.3839117321244487,McDonald2,5
2447455.75739004,1988.80398194,-0.198397040367,0.09555025387360164,2.193308390077736,-0.5830778392755086,McDonald2,5
2447466.11853528,1988.83229108,-0.00150072574615,0.09555025387360164,4.554760666927171,-0.15697636707286372,McDonald2,5
2447467.21413066,1988.83528451,0.0113868713379,0.09555025387360164,4.768122621791466,0.05570479222134109,McDonald2,5
2447494.15484166,1988.90889301,-0.149715304375,0.09555025387360164,4.207055122270362,-0.4840995974553834,McDonald2,5
2447496.13941444,1988.91431534,-0.0179570913315,0.09555025387360164,4.590334316376028,-0.12175184133413378,McDonald2,5
2447496.2716173,1988.91467655,-0.167560100555,0.09555025387360164,4.615396053899098,-0.09684091911290625,McDonald2,5
2447541.841817705,1989.03929265,-0.683204293251,0.09555025387360164,1.7420893077300805,-0.17045654960606318,McDonald2,5
2447551.032799046,1989.06447342,-0.189994335175,0.09555025387360164,3.658392153840945,-0.8694049971008007,McDonald2,5
2447583.0873774625,1989.15229418,0.15159535408,0.09555025387360164,4.077267122372872,-0.5932756143877157,McDonald2,5
2447659.8005869454,1989.36246735,-0.165585041046,0.09555025387360164,1.7076860770624978,-0.13646262562719516,McDonald2,5
2447659.823793646,1989.36253093,0.293664097786,0.09555025387360164,1.712171399858697,-0.14090460163302615,McDonald2,5
2447660.7554488755,1989.36508341,-0.132477045059,0.09555025387360164,1.8908717133520336,-0.3146381193122699,McDonald2,5
2447660.768267676,1989.36511853,-0.299108862877,0.09555025387360164,1.8933149154403628,-0.3169562939417189,McDonald2,5
2447661.7704190076,1989.36786415,-0.374525666237,0.09555025387360164,2.0835095796216763,-0.49054342356382935,McDonald2,5
2447661.7992759086,1989.36794321,-0.18320286274,0.09555025387360164,2.0889699606665872,-0.49529435446985765,McDonald2,5
2447661.8495072103,1989.36808083,0.0650202035904,0.09555025387360164,2.0984736887216777,-0.5035279908683237,McDonald2,5
2447662.884231143,1989.37091569,-0.110655665398,0.09555025387360164,2.294179610642452,-0.6619244654429756,McDonald2,5
2447790.918756353,1989.7216952,0.00604736804962,0.09555025387360164,4.563288760822715,-0.1485483952271217,McDonald2,5
2447790.9794011046,1989.72186135,-0.0114203691483,0.09555025387360164,4.576873909776255,-0.13510067728309155,McDonald2,5
2447791.993874837,1989.72464073,-0.0977479219437,0.09555025387360164,4.80031255120392,0.08781033160835974,McDonald2,5
2447792.0108181373,1989.72468715,-0.0434504747391,0.09555025387360164,4.803984594284772,0.09146759013366547,McDonald2,5
2447810.7559521818,1989.77604368,0.0679135322571,0.09555025387360164,2.2693181448085094,-0.6430864078909636,McDonald2,5
2447811.702842512,1989.7786379,0.231366634369,0.09555025387360164,2.4905956262323183,-0.7954800155672214,McDonald2,5
2447823.0677237725,1989.80977456,-0.124615907669,0.09555025387360164,5.1210855246506926,0.39741356330971006,McDonald2,5
2447836.6046215515,1989.84686195,0.220276594162,0.09555025387360164,1.4675639925908484,0.1030490755144501,McDonald2,5
2447836.675208904,1989.84705534,0.12322306633,0.09555025387360164,1.4824356002851697,0.08824579025484715,McDonald2,5
2447838.6302000657,1989.85241148,0.145440459251,0.09555025387360164,1.9078451335339128,-0.3307033927050256,McDonald2,5
2447838.7226399686,1989.85266474,0.0248740911484,0.09555025387360164,1.9286607596680292,-0.3502747610046094,McDonald2,5
2447839.609330847,1989.85509403,-0.120678067207,0.09555025387360164,2.131725354077811,-0.5319730916901961,McDonald2,5
2447839.6877255496,1989.85530881,0.121467351913,0.09555025387360164,2.149974131863224,-0.5473360162847506,McDonald2,5
2447839.772223052,1989.85554031,0.101144313812,0.09555025387360164,2.1696964873946043,-0.5637343954413803,McDonald2,5
2447840.619293179,1989.85786105,0.037158370018,0.09555025387360164,2.3703438403373887,-0.7170407671222714,McDonald2,5
2447840.7253001323,1989.85815148,0.072536110878,0.09555025387360164,2.3958113222923267,-0.7345579574632254,McDonald2,5
2447840.820021285,1989.85841099,0.125330328941,0.09555025387360164,2.4186302361451233,-0.7498490604530328,McDonald2,5
2447841.792264516,1989.86107467,-0.0308384895325,0.09555025387360164,2.655891406778375,-0.8843478044916454,McDonald2,5
2447865.5908492706,1989.92627627,0.0585395097733,0.09555025387360164,1.358650412012664,0.2105581892591477,McDonald2,5
2447865.6537716226,1989.92644866,0.127088308334,0.09555025387360164,1.3722613978669997,0.19723325090160618,McDonald2,5
2447866.629763404,1989.92912261,0.151149272919,0.09555025387360164,1.5862270827940694,-0.015430143641461658,McDonald2,5
2447866.6812138055,1989.92926357,0.146821260452,0.09555025387360164,1.5976603155434104,-0.026860757691887612,McDonald2,5
2447869.6126201483,1989.93729482,0.0957525968552,0.09555025387360164,2.2752128042564355,-0.6475893017275348,McDonald2,5
2447869.751024503,1989.93767401,0.0224734544754,0.09555025387360164,2.3083568519893416,-0.6724844316159332,McDonald2,5
2447869.8272693553,1989.9378829,-0.0698808431625,0.09555025387360164,2.326650045216378,-0.6859101576829693,McDonald2,5
2447894.579452516,1990.00569713,0.0720257759094,0.09555025387360164,1.262961539779635,0.3029959179636609,McDonald2,5
2447899.632173226,1990.0195402,-0.0556336641312,0.09555025387360164,2.4286061265581385,-0.7564117776645144,McDonald2,5
2447905.8190438724,1990.03649053,0.0586253404617,0.09555025387360164,3.816083176672075,-0.7810252205547177,McDonald2,5
2447905.936362176,1990.03681195,-0.062504529953,0.09555025387360164,3.8403216287054307,-0.7656603859726256,McDonald2,5
2447906.880201106,1990.03939781,-0.0505768060684,0.09555025387360164,4.032386266668587,-0.6287951341277616,McDonald2,5
2447907.890123288,1990.04216472,0.00870645046234,0.09555025387360164,4.232690746555255,-0.46151148945893045,McDonald2,5
2447908.925358221,1990.04500098,0.00866687297821,0.09555025387360164,4.433563909342264,-0.2752262862109353,McDonald2,5
2447926.55671298,1990.09330606,0.0152000188828,0.09555025387360164,1.865552564429982,-0.2905066091350909,McDonald2,5
2447927.5530827115,1990.09603584,-0.0688222646713,0.09555025387360164,2.0930948920786854,-0.49887356251797926,McDonald2,5
2447927.631229214,1990.09624994,-0.0723438262939,0.09555025387360164,2.1108728286134744,-0.5142016064224857,McDonald2,5
2447927.7358090174,1990.09653646,-0.0683608055115,0.09555025387360164,2.1346461144516233,-0.5344440058177656,McDonald2,5
2447929.72516858,1990.10198676,-0.091072678566,0.09555025387360164,2.5819031419369836,-0.8474199972964362,McDonald2,5
2447934.7761409404,1990.11582504,-0.140554308891,0.09555025387360164,3.651030572703818,-0.8730187648655131,McDonald2,5
2447939.9374528043,1990.12996562,0.0126377344131,0.09555025387360164,4.646531833117202,-0.06580955205038229,McDonald2,5
2447966.890561109,1990.20380975,0.14796769619,0.09555025387360164,4.097977850121953,-0.576477449112866,McDonald2,5
2447967.9468820924,1990.20670378,-0.219041466713,0.09555025387360164,4.2983876866787245,-0.40227579703482635,McDonald2,5
2448041.5153536755,1990.40826123,0.0279767513275,0.09555025387360164,1.2941593361503332,0.2731220534597844,McDonald2,5
2448042.551541258,1990.4111001,0.0728377103806,0.09555025387360164,1.511294853771854,0.05946636915108452,McDonald2,5
2448043.530055189,1990.41378096,-0.0113152265549,0.09555025387360164,1.710229584058426,-0.1389818945404513,McDonald2,5
2448043.5738661406,1990.41390099,0.164667129517,0.09555025387360164,1.719017350013376,-0.14767889614378457,McDonald2,5
2448044.477704719,1990.41637726,0.0942504405975,0.09555025387360164,1.8983979643729076,-0.32177314619340197,McDonald2,5
2448044.5145149706,1990.41647811,0.114402890205,0.09555025387360164,1.9056335223986296,-0.3286154113672362,McDonald2,5
2448044.5593442717,1990.41660093,0.0203671455383,0.09555025387360164,1.9144387063075645,-0.33691874265493316,McDonald2,5
2448071.4939470757,1990.49039436,0.0657712221146,0.09555025387360164,1.3854474911509405,0.18428940552915662,McDonald2,5
2448072.4486009562,1990.49300985,0.0113031864166,0.09555025387360164,1.575944017801638,-0.005147668272232032,McDonald2,5
2448072.481757557,1990.49310069,0.0281082391739,0.09555025387360164,1.582485068934019,-0.01168847597524382,McDonald2,5
2448073.446832188,1990.49574473,0.0840479135513,0.09555025387360164,1.7710748177910074,-0.1989422628049291,McDonald2,5
2448073.52102574,1990.495948,0.0675557851791,0.09555025387360164,1.7854476302765272,-0.2130067470701188,McDonald2,5
2448074.5236333217,1990.49869487,0.0841645002365,0.09555025387360164,1.9783886046533075,-0.39640000261264924,McDonald2,5
2448083.8146100664,1990.5241496,0.264638066292,0.09555025387360164,3.8052027954362115,-0.7877736494734876,McDonald2,5
2448141.600659999,1990.68246754,0.274138331413,0.09555025387360164,3.60229520481321,-0.8957403801295105,McDonald2,5
2448141.724566553,1990.68280701,0.272549390793,0.09555025387360164,3.6309640451191183,-0.8826285236841661,McDonald2,5
2448143.8830671213,1990.68872071,0.230094313622,0.09555025387360164,4.134507958369781,-0.5462502618459236,McDonald2,5
2448144.7337507484,1990.69105135,0.206802129745,0.09555025387360164,4.333189609367603,-0.3701768347885078,McDonald2,5
2448144.7448175484,1990.69108167,0.229513406754,0.09555025387360164,4.335769150096835,-0.3677793123339491,McDonald2,5
2448144.8681109026,1990.69141946,0.201300144196,0.09555025387360164,4.364495642053398,-0.34091810753846635,McDonald2,5
2448145.770726731,1990.69389238,0.144049048424,0.09555025387360164,4.57400751645549,-0.13794023225858873,McDonald2,5
2448146.7318557114,1990.69652561,0.0600984096527,0.09555025387360164,4.79517192881552,0.0826884286712965,McDonald2,5
2448146.741447912,1990.69655189,0.113181233406,0.09555025387360164,4.797367666709229,0.08487644605697904,McDonald2,5
2448146.837811565,1990.6968159,0.0997046232224,0.09555025387360164,4.819412846927585,0.10681967303287458,McDonald2,5
2448146.846111665,1990.69683864,0.107560396194,0.09555025387360164,4.821310530377739,0.10870630524514734,McDonald2,5
2448174.842981303,1990.77354239,0.157002925873,0.09555025387360164,4.53012139871204,-0.1812600571621807,McDonald2,5
2448175.7436151817,1990.77600988,0.0816732645035,0.09555025387360164,4.733953791562374,0.02156313979603066,McDonald2,5
2448175.7536855317,1990.77603747,0.10377407074,0.09555025387360164,4.7362095405697655,0.023818307542232114,McDonald2,5
2448175.762982082,1990.77606294,0.0574685335159,0.09555025387360164,4.73829150520607,0.025899628408461113,McDonald2,5
2448175.8317955346,1990.77625147,0.104191422462,0.09555025387360164,4.753688762450383,0.041288042419967176,McDonald2,5
2448175.8642075355,1990.77634027,0.0730503797531,0.09555025387360164,4.760932821489128,0.04852477772064818,McDonald2,5
2448176.7719516144,1990.77882724,0.0514965057373,0.09555025387360164,4.96171921423832,0.24675495907312225,McDonald2,5
2448177.7916995967,1990.78162107,0.0506901741028,0.09555025387360164,5.182743635572861,0.4532024562093706,McDonald2,5
2448177.808431197,1990.78166691,0.0074667930603,0.09555025387360164,5.186332895473313,0.4563990236901614,McDonald2,5
2448178.8373479797,1990.78448586,0.133468031883,0.09555025387360164,5.404936145855741,0.6384996063747357,McDonald2,5
2448190.353999895,1990.81603833,0.0473475456238,0.09555025387360164,1.3765585037105432,0.19301874686712706,McDonald2,5
2448191.367159627,1990.81881411,0.022544503212,0.09555025387360164,1.5737148940204406,-0.0029185630821363107,McDonald2,5
2448206.8000974166,1990.86109613,0.0574867725372,0.09555025387360164,5.084373423567127,0.36346486937221234,McDonald2,5
2448229.651112941,1990.92370165,0.0988389253616,0.09555025387360164,3.594138546090444,-0.899336809904329,McDonald2,5
2448229.7619415447,1990.92400529,0.181277990341,0.09555025387360164,3.6212013641664242,-0.8871755441792467,McDonald2,5
2448233.6725078686,1990.93471917,0.0746914148331,0.09555025387360164,4.519156933599765,-0.1920317866605108,McDonald2,5
2448233.684866769,1990.93475303,0.0638548135757,0.09555025387360164,4.521807785171379,-0.18942959920814847,McDonald2,5
2448233.783621172,1990.93502359,0.0652143955231,0.09555025387360164,4.542950044584001,-0.16862934613919714,McDonald2,5
2448234.7189665516,1990.93758618,0.12424492836,0.09555025387360164,4.739878257783205,0.02748581543639037,McDonald2,5
2448234.7353149024,1990.93763097,0.079372048378,0.09555025387360164,4.7432696549173885,0.030875766715518903,McDonald2,5
2448234.795674954,1990.93779634,0.12063908577,0.09555025387360164,4.755776881495853,0.043374289366420744,McDonald2,5
2448234.8087602044,1990.93783219,0.0752599239349,0.09555025387360164,4.758485346283802,0.046080042797912064,McDonald2,5
2448234.8159653046,1990.93785193,0.0700461864471,0.09555025387360164,4.759976257646634,0.047569318675619476,McDonald2,5
2448235.766713685,1990.94045672,0.115555405617,0.09555025387360164,4.954109992332989,0.2393739578389764,McDonald2,5
2448235.8156638364,1990.94059083,-0.00407326221466,0.09555025387360164,4.963974923510111,0.24894028746762373,McDonald2,5
2448235.8274314366,1990.94062307,0.1055560112,0.09555025387360164,4.9663446872815005,0.2512347471692906,McDonald2,5
2448236.8052591677,1990.94330205,0.0732024908066,0.09555025387360164,5.1610638783116585,0.43377196826147507,McDonald2,5
2448288.5880501,1991.08517274,-0.107674002647,0.09555025387360164,3.5673327150773564,-0.910733340766949,McDonald2,5
2448293.73741535,1991.09928059,0.204182863235,0.09555025387360164,4.646324941896969,-0.0660159933622632,McDonald2,5
2448293.74868655,1991.09931147,0.112402200699,0.09555025387360164,4.648514727001543,-0.0638308285993215,McDonald2,5
2448294.7368912,1991.10201888,0.127734065056,0.09555025387360164,4.838706107210781,0.12598147502737483,McDonald2,5
2448308.3651882,1991.13935668,0.081526517868,0.09555025387360164,1.3227504987378218,0.24551006659847704,McDonald2,5
2448309.304304,1991.1419296,0.175704956055,0.09555025387360164,1.5357860960593204,0.03500307907239507,McDonald2,5
2448309.31594385,1991.14196149,0.100693106651,0.09555025387360164,1.53843963044139,0.032351050643908225,McDonald2,5
2448309.4210164,1991.14224936,0.108713388443,0.09555025387360164,1.5624067422574814,0.008389486120763618,McDonald2,5
2448310.29364745,1991.14464013,0.131244182587,0.09555025387360164,1.762357687735057,-0.19039192720471632,McDonald2,5
2448324.741322,1991.1842228,-0.00641620159149,0.09555025387360164,4.8637739810575615,0.1508074373159407,McDonald2,5
2448339.3839029,1991.22433946,-8.53538513184e-05,0.09555025387360164,1.7150892440296706,-0.14379273107604368,McDonald2,5
2448367.33267195,1991.30091143,0.14445567131,0.09555025387360164,1.4126085956641101,0.15752882469529517,McDonald2,5
2448382.63105565,1991.34282481,0.149935245514,0.09555025387360164,4.537905930932873,-0.17359905942802803,McDonald2,5
2448396.2962578,1991.38026372,0.134160161018,0.09555025387360164,1.3402336979680087,0.22852530020461062,McDonald2,5
2448398.229108,1991.3855592,0.0998258590698,0.09555025387360164,1.7689952185714768,-0.1969038035359408,McDonald2,5
2448411.55304975,1991.42206315,0.0948543548584,0.09555025387360164,4.394406817789734,-0.3126505187780827,McDonald2,5
2448411.56464215,1991.42209491,0.0705661773682,0.09555025387360164,4.3966749830701275,-0.3104952582601615,McDonald2,5
2448411.60682885,1991.42221049,0.0637310743332,0.09555025387360164,4.404934000888605,-0.30263394264636984,McDonald2,5
2448411.6214835998,1991.42225064,0.019969701767,0.09555025387360164,4.407804774297876,-0.2998965455056713,McDonald2,5
2448425.27351655,1991.45965347,0.152238607407,0.09555025387360164,1.262444363854939,0.3034887418636845,McDonald2,5
2448426.20569005,1991.46220737,0.151106715202,0.09555025387360164,1.4681945177428986,0.10242188666354714,McDonald2,5
2448426.27781405,1991.46240497,0.143974304199,0.09555025387360164,1.4838661074521595,0.08682077407720451,McDonald2,5
2448443.61254005,1991.50989737,0.125426054001,0.09555025387360164,4.928001194249095,0.21394550677522212,McDonald2,5
2448444.6206445,1991.5126593,-0.109204769135,0.09555025387360164,5.154144682351667,0.4275272820478915,McDonald2,5
2448455.22707,1991.541718,-0.132206559181,0.09555025387360164,1.381553616044903,0.1881151796428069,McDonald2,5
2448456.2081097,1991.54440578,-0.0498716831207,0.09555025387360164,1.5862213610522287,-0.015424422580551739,McDonald2,5
2448456.21550825,1991.54442605,0.0766500234604,0.09555025387360164,1.5877411240946402,-0.016943986428967283,McDonald2,5
2448456.22198335,1991.54444379,0.0964225530624,0.09555025387360164,1.5890709215424046,-0.018273577598072105,McDonald2,5
2448456.22845845,1991.54446153,0.157464504242,0.09555025387360164,1.5904004614382194,-0.019602878950436095,McDonald2,5
2448472.57735595,1991.58925303,0.0131531953812,0.09555025387360164,4.846429494503484,0.13363949336346845,McDonald2,5
2448472.586835,1991.589279,0.0975307226181,0.09555025387360164,4.84856185706259,0.13575242322847866,McDonald2,5
2448527.5157434,1991.73976916,0.129683256149,0.09555025387360164,4.030947020498511,-0.6299135985906384,McDonald2,5
2448527.5277081,1991.73980194,0.216252565384,0.09555025387360164,4.033631352465859,-0.6278265043628211,McDonald2,5
2448527.5373733,1991.73982842,0.0923142433167,0.09555025387360164,4.035799989251005,-0.6261370637298098,McDonald2,5
2448529.43301905,1991.74502197,0.0130503177643,0.09555025387360164,4.464212056034979,-0.24563714845332618,McDonald2,5
2448529.4461992,1991.74505808,0.0470869541168,0.09555025387360164,4.467209296241361,-0.24273063916614912,McDonald2,5
2448529.45593375,1991.74508475,0.0850950479507,0.09555025387360164,4.46942313221878,-0.24058241770916208,McDonald2,5
2448529.48016245,1991.74515113,0.0674241781235,0.09555025387360164,4.474933766709981,-0.2352300118261623,McDonald2,5
2448529.4886925,1991.7451745,0.0776541233063,0.09555025387360164,4.4768740423111,-0.23334373928128538,McDonald2,5
2448529.5279811,1991.74528214,0.0751960277557,0.09555025387360164,4.4858119745162455,-0.2246433400950908,McDonald2,5
2448529.66517,1991.745658,0.174960374832,0.09555025387360164,4.517037068065047,-0.19411176571812258,McDonald2,5
2448530.4473431,1991.74780094,-0.0995110273361,0.09555025387360164,4.695500240486611,-0.016887937048289742,McDonald2,5
2448530.48220425,1991.74789645,-0.012109875679,0.09555025387360164,4.703470693708891,-0.008918168455703163,McDonald2,5
2448531.5969617,1991.75095058,-0.124072551727,0.09555025387360164,4.959000350342836,0.24411925935253517,McDonald2,5
2448546.1621407,1991.79085518,0.0901914834976,0.09555025387360164,1.746655691276207,-0.17495431221071325,McDonald2,5
2448558.5103097,1991.82468578,0.0820430517197,0.09555025387360164,4.417009514300619,-0.2911029031446356,McDonald2,5
2448558.52814725,1991.82473465,-0.110945105553,0.09555025387360164,4.421113793267449,-0.2871739325251602,McDonald2,5
2448558.58546685,1991.82489169,0.0993111133575,0.09555025387360164,4.43429946187516,-0.2745190667142858,McDonald2,5
2448559.4407604,1991.82723496,-0.00770032405853,0.09555025387360164,4.630445282603122,-0.08185202305716774,McDonald2,5
2448559.4584227502,1991.82728335,0.0390454530716,0.09555025387360164,4.634483222110157,-0.07782697652295552,McDonald2,5
2448559.52109325,1991.82745505,0.0111784934998,0.09555025387360164,4.648806556034387,-0.06353959196977355,McDonald2,5
2448559.53231335,1991.82748579,0.119939804077,0.09555025387360164,4.651370197668844,-0.06098092464169543,McDonald2,5
2448576.0562393,1991.87275682,0.130484461784,0.09555025387360164,1.758600030843656,-0.18670166928410878,McDonald2,5
2448586.5057367,1991.90138558,0.21733725071,0.09555025387360164,4.106188108670501,-0.5697493854215909,McDonald2,5
2448587.4052938,1991.90385012,0.0432376861572,0.09555025387360164,4.316440802432984,-0.38568318068970053,McDonald2,5
2448587.4131413,1991.90387162,-0.000229001045227,0.09555025387360164,4.3182610752190245,-0.3840031020415789,McDonald2,5
2448587.45977005,1991.90399937,0.135295629501,0.09555025387360164,4.3290716487826995,-0.37399911137557285,McDonald2,5
2448587.4746803,1991.90404022,0.0293942689896,0.09555025387360164,4.33252659737796,-0.37079266586615467,McDonald2,5
2448587.5492936,1991.90424464,0.0581361055374,0.09555025387360164,4.349801832467742,-0.35469435514789377,McDonald2,5
2448587.56136415,1991.90427771,0.0412918329239,0.09555025387360164,4.352594345405021,-0.35208202537767247,McDonald2,5
2448603.0716668502,1991.94677169,0.064661860466,0.09555025387360164,1.215872470083954,0.3475189687405916,McDonald2,5
2448604.06628455,1991.94949667,0.083389878273,0.09555025387360164,1.407426740300461,0.16264384358263448,McDonald2,5
2448604.08560035,1991.94954959,0.0202680826187,0.09555025387360164,1.4111845573024269,0.15893492286814825,McDonald2,5
2448604.0987367,1991.94958558,0.0740040540695,0.09555025387360164,1.41374111053097,0.15641034918463237,McDonald2,5
2448605.0408893,1991.95216682,0.0791767835617,0.09555025387360164,1.5992567701350984,-0.028456601350966393,McDonald2,5
2448605.14539975,1991.95245315,0.109850764275,0.09555025387360164,1.6201241274369096,-0.04930779874581783,McDonald2,5
2448662.213486396,1992.10850679,0.204981684685,0.09555025387360164,1.1576921460766627,0.4014543117009676,McDonald2,5
2448694.310029431,1992.19620226,0.149136066437,0.09555025387360164,1.7284442271487865,-0.15699571110781924,McDonald2,5
2448723.3311878284,1992.27549504,0.0565959215164,0.09555025387360164,1.6645250990438087,-0.09359159668104566,McDonald2,5
2448723.3390824487,1992.27551661,-0.0481929779053,0.09555025387360164,1.6663356397922349,-0.095394035990719,McDonald2,5
2448724.473986265,1992.27861744,0.0927519798279,0.09555025387360164,1.9282549938034017,-0.3498946728019158,McDonald2,5
2448724.482195645,1992.27863987,0.0293654203415,0.09555025387360164,1.930160681050368,-0.3516792633144531,McDonald2,5
2448753.377596439,1992.35758905,0.0834839344025,0.09555025387360164,1.8519322139105563,-0.27744712053670395,McDonald2,5
2448753.3949997392,1992.3576366,0.0253120660782,0.09555025387360164,1.855929007655158,-0.2812847775537774,McDonald2,5
2448753.473686082,1992.35785159,0.140161752701,0.09555025387360164,1.8739961126028457,-0.2985755607250786,McDonald2,5
2448753.487531862,1992.35788942,-0.013254404068,0.09555025387360164,1.8771745751036337,-0.3016075275285565,McDonald2,5
2448754.3833132307,1992.36033691,0.0266853570938,0.09555025387360164,2.0823070835295785,-0.4894951939196046,McDonald2,5
2448754.398187471,1992.36037755,-0.0135186910629,0.09555025387360164,2.0857034361468325,-0.4924540048562842,McDonald2,5
2448754.453907313,1992.36052979,-0.000247240066528,0.09555025387360164,2.0984230781600677,-0.5034842637654517,McDonald2,5
2448754.464294393,1992.36055817,0.0029708147049,0.09555025387360164,2.1007936407055547,-0.505531023626147,McDonald2,5
2448780.4279765342,1992.43149719,0.123359918594,0.09555025387360164,1.354537567807285,0.2145770367711916,McDonald2,5
2448796.802026492,1992.47623503,0.0741804838181,0.09555025387360164,4.704575525977186,-0.00781337490575665,McDonald2,5
2448796.8418216733,1992.47634376,0.130944252014,0.09555025387360164,4.7124098726851384,2.089230044706798e-05,McDonald2,5
2448798.8450239166,1992.48181699,0.123371601105,0.09555025387360164,5.117027875722904,0.39368684252836994,McDonald2,5
2448810.5480896328,1992.51379261,-0.00187528133392,0.09555025387360164,1.556040795201566,0.014754996156054394,McDonald2,5
2448812.5624182764,1992.51929624,0.0828219652176,0.09555025387360164,1.9938306254026033,-0.4105291561911374,McDonald2,5
2448870.620831752,1992.67792578,0.186940550804,0.09555025387360164,1.8067380073344355,-0.2337586799685471,McDonald2,5
2448873.779492372,1992.686556,0.124018311501,0.09555025387360164,2.414786925334827,-0.747300759912535,McDonald2,5
2448882.87563942,1992.71140886,0.0851806402206,0.09555025387360164,4.19055115367614,-0.49847419907983265,McDonald2,5
2448882.8899719804,1992.71144802,0.213176369667,0.09555025387360164,4.193514983280223,-0.49590265614832174,McDonald2,5
2448882.9858200634,1992.7117099,0.175157666206,0.09555025387360164,4.2133575115308,-0.47857534782945,McDonald2,5
2448883.007274984,1992.71176852,0.207021713257,0.09555025387360164,4.21780443518189,-0.474666023063711,McDonald2,5
2448883.0170801245,1992.71179531,0.123113512993,0.09555025387360164,4.219837381760723,-0.4728757129954073,McDonald2,5
2448883.8711191914,1992.71412875,0.124905228615,0.09555025387360164,4.398570102674231,-0.3086932485880729,McDonald2,5
2448883.8819198515,1992.71415826,0.0921207666397,0.09555025387360164,4.4008526352520825,-0.3065213888891015,McDonald2,5
2448883.9952737154,1992.71446797,0.168734073639,0.09555025387360164,4.424843385786082,-0.2835994472194862,McDonald2,5
2448884.0031536953,1992.7144895,0.181104898453,0.09555025387360164,4.4265135613744375,-0.28199744950845024,McDonald2,5
2448884.010136976,1992.71450858,0.163239479065,0.09555025387360164,4.427993944717158,-0.280576838810352,McDonald2,5
2448884.0394242965,1992.7145886,0.126160979271,0.09555025387360164,4.434205270174632,-0.27460963850779113,McDonald2,5
2448884.0493575367,1992.71461574,0.135367512703,0.09555025387360164,4.436312934376733,-0.2725823933394344,McDonald2,5
2448884.056926417,1992.71463642,0.202765345573,0.09555025387360164,4.437919262214713,-0.27103654220563467,McDonald2,5
2448887.00123181,1992.72268097,0.0287375450134,0.09555025387360164,5.088306567538645,0.36712619661222534,McDonald2,5
2448887.0521497317,1992.72282009,0.124040722847,0.09555025387360164,5.100042433833695,0.37801702823893235,McDonald2,5
2448887.060260292,1992.72284225,0.00815010070801,0.09555025387360164,5.101913386078909,0.3797484906601136,McDonald2,5
2448913.086418635,1992.79395197,0.169322133064,0.09555025387360164,4.358902564423568,-0.34617076086440646,McDonald2,5
2448914.0494195656,1992.79658312,0.0976033210754,0.09555025387360164,4.571754712121019,-0.14017114911386827,McDonald2,5
2448914.0549827656,1992.79659832,0.120812416077,0.09555025387360164,4.572996126345452,-0.13894188331916596,McDonald2,5
2448914.062672426,1992.79661933,0.0966515541077,0.09555025387360164,4.574712282245721,-0.13724216943909023,McDonald2,5
2448914.0714893662,1992.79664342,0.108412265778,0.09555025387360164,4.5766803459210585,-0.13529246398880682,McDonald2,5
2448914.118450828,1992.79677173,0.0274735689163,0.09555025387360164,4.5871686484417875,-0.12489334319698261,McDonald2,5
2448928.7144397893,1992.83665148,0.0475252866745,0.09555025387360164,1.5385725966513997,0.03221815374710651,McDonald2,5
2448929.68410924,1992.83930085,0.0995931625366,0.09555025387360164,1.7228546171247872,-0.15147299243313855,McDonald2,5
2448929.6946097803,1992.83932954,-0.018855214119,0.09555025387360164,1.724844744506902,-0.15343985526374562,McDonald2,5
2448929.7008281206,1992.83934653,0.0440104007721,0.09555025387360164,1.7260232525315495,-0.15460430055873772,McDonald2,5
2448929.7073539007,1992.83936436,0.123196840286,0.09555025387360164,1.7272600031954761,-0.15582606256792034,McDonald2,5
2448956.722799295,1992.91317705,0.0709383487701,0.09555025387360164,1.183704153566664,0.37749733625540327,McDonald2,5
2448958.7231796784,1992.91864257,0.145188212395,0.09555025387360164,1.5633456338010845,0.007450624059166068,McDonald2,5
2448958.7308217585,1992.91866345,0.159243106842,0.09555025387360164,1.5647938877888548,0.00600240296218684,McDonald2,5
2448958.7374207387,1992.91868148,0.130665898323,0.09555025387360164,1.5660444947298178,0.004751814182443914,McDonald2,5
2448958.744898119,1992.91870191,0.105710983276,0.09555025387360164,1.567461607408367,0.0033347132059901212,McDonald2,5
2448959.8622156344,1992.92175469,0.217142224312,0.09555025387360164,1.7799693553693343,-0.2076510250375385,McDonald2,5
2448959.869030555,1992.92177331,0.110266089439,0.09555025387360164,1.7812720936599957,-0.2089251909379365,McDonald2,5
2449001.1290551503,1993.03460015,0.111596941948,0.09555025387360164,4.361331056684925,-0.34389140003987745,McDonald2,5
2449001.144089501,1993.03464134,0.0895204544067,0.09555025387360164,4.364823225000418,-0.3406101308173187,McDonald2,5
2449002.1687065833,1993.03744851,0.225116252899,0.09555025387360164,4.599917353089116,-0.11223465204375521,McDonald2,5
2449002.2341072853,1993.03762769,0.16762149334,0.09555025387360164,4.6147236158287015,-0.09751017469383945,McDonald2,5
2449002.282480737,1993.03776022,0.21145093441,0.09555025387360164,4.625659363273272,-0.08662092758493321,McDonald2,5
2449002.2893062374,1993.03777892,0.0539568662643,0.09555025387360164,4.627201325644178,-0.08508465855233002,McDonald2,5
2449075.764794067,1993.23908162,0.014496088028,0.09555025387360164,1.1681596991429384,0.3918454808013639,McDonald2,5
2449075.8131967187,1993.23921423,0.027373790741,0.09555025387360164,1.178109278216348,0.38267231518394207,McDonald2,5
2449077.835789533,1993.24475558,0.058788061142,0.09555025387360164,1.605969836132731,-0.03516625715094101,McDonald2,5
2449121.1205569054,1993.36334398,0.0343850851059,0.09555025387360164,4.7329074267460385,0.020517006657958053,McDonald2,5
2449121.1288387557,1993.36336667,0.0550112724304,0.09555025387360164,4.734506195850269,0.022115412325470044,McDonald2,5
2449121.141989706,1993.3634027,0.0998152494431,0.09555025387360164,4.737044539086372,0.024653060772659694,McDonald2,5
2449121.1542062564,1993.36343617,0.0295714139938,0.09555025387360164,4.739402111738187,0.02700984618465359,McDonald2,5
2449122.139523788,1993.36613567,0.0425382852554,0.09555025387360164,4.92845327344236,0.21438709646693818,McDonald2,5
2449123.1421423196,1993.36888257,-0.00193607807159,0.09555025387360164,5.1194798291574815,0.39593960183432997,McDonald2,5
2449137.7785770837,1993.40898239,0.0233345031738,0.09555025387360164,1.9225356434187273,-0.34453115453615907,McDonald2,5
2449137.793848684,1993.40902423,0.0833979845047,0.09555025387360164,1.9261054284979287,-0.34788017675264216,McDonald2,5
2449137.861709486,1993.40921015,0.103587865829,0.09555025387360164,1.941971479668788,-0.3627108091798002,McDonald2,5
2449137.8757510367,1993.40924862,-0.0313000679016,0.09555025387360164,1.9452551037805483,-0.3657688633259248,McDonald2,5
2449138.7524299645,1993.41165048,0.0405172109604,0.09555025387360164,2.1505907810277405,-0.5478519938592612,McDonald2,5
2449138.831945217,1993.41186833,0.0311660766602,0.09555025387360164,2.169232845024581,-0.5633513866053218,McDonald2,5
2449138.8418622673,1993.4118955,0.000645995140076,0.09555025387360164,2.171557907741377,-0.5652708694651681,McDonald2,5
2449138.8510675677,1993.41192072,0.0973697900772,0.09555025387360164,2.1737161056839356,-0.5670498606583193,McDonald2,5
2449138.9040801693,1993.41206596,0.0557909011841,0.09555025387360164,2.1861450573473933,-0.5772433210521983,McDonald2,5
2449140.7997770794,1993.41725965,0.0770919322968,0.09555025387360164,2.6291433028808795,-0.8715461736206054,McDonald2,5
2449140.8096539797,1993.41728671,0.0116767883301,0.09555025387360164,2.631436009955369,-0.8726680270805034,McDonald2,5
2449140.82429048,1993.41732681,0.177637457848,0.09555025387360164,2.634833110165674,-0.8743218398985982,McDonald2,5
2449140.9089230327,1993.41755868,0.170745968819,0.09555025387360164,2.6544655431718036,-0.8836812717991931,McDonald2,5
2449149.0307791904,1993.43981034,0.154782056808,0.09555025387360164,4.385197853579419,-0.3213844405978964,McDonald2,5
2449149.0367432907,1993.43982668,0.243367910385,0.09555025387360164,4.386354753926577,-0.32028870036637475,McDonald2,5
2449149.112557443,1993.44003439,-0.0252425670624,0.09555025387360164,4.40105208204755,-0.30633153661499246,McDonald2,5
2449150.0480962726,1993.44259751,0.0357192754745,0.09555025387360164,4.581256081923197,-0.13075739813322648,McDonald2,5
2449150.126874225,1993.44281334,0.0335909128189,0.09555025387360164,4.596350845648255,-0.1157779040084062,McDonald2,5
2449151.069114455,1993.44539482,0.007444024086,0.09555025387360164,4.776349864915709,0.06391728284355123,McDonald2,5
2449151.0752318553,1993.44541158,0.0287454128265,0.09555025387360164,4.77751653487932,0.06508152343664854,McDonald2,5
2449152.1027798876,1993.44822678,0.00420570373535,0.09555025387360164,4.973597022273143,0.2582478035951864,McDonald2,5
2449166.774988303,1993.48842461,0.0372968912125,0.09555025387360164,1.8768123087029676,-0.301262111305237,McDonald2,5
2449166.7856901037,1993.48845393,-0.00691890716553,0.09555025387360164,1.879266516852909,-0.3036013906812986,McDonald2,5
2449167.7596013844,1993.49112218,-0.0533879995346,0.09555025387360164,2.1015746223830787,-0.506204706961594,McDonald2,5
2449167.7674671346,1993.49114373,0.0112316608429,0.09555025387360164,2.103361173073681,-0.507744643474092,McDonald2,5
2449177.965636184,1993.51908395,0.0414451360703,0.09555025387360164,4.238009981317205,-0.4567861074205536,McDonald2,5
2449177.975020334,1993.51910966,-0.0143387317657,0.09555025387360164,4.239808416921347,-0.45518552342134855,McDonald2,5
2449177.9822473344,1993.51912946,0.0323244333267,0.09555025387360164,4.241193343977235,-0.4539519529192409,McDonald2,5
2449178.076369887,1993.51938733,0.0829025506973,0.09555025387360164,4.259222585147267,-0.43781452027014944,McDonald2,5
2449178.088301738,1993.51942002,-0.0518782138824,0.09555025387360164,4.26150714744668,-0.43575940880114106,McDonald2,5
2449195.761124148,1993.56783871,-0.0203028917313,0.09555025387360164,1.8226923500016579,-0.24924059389410955,McDonald2,5
2449197.7191813104,1993.57320325,0.0466215610504,0.09555025387360164,2.2511837453992167,-0.6290942229596185,McDonald2,5
2449197.779545012,1993.57336863,-0.127962470055,0.09555025387360164,2.264154583165325,-0.6391236298031695,McDonald2,5
2449197.7888853624,1993.57339422,-0.0746960639954,0.09555025387360164,2.266160410689693,-0.640665033064318,McDonald2,5
2449197.7937690625,1993.5734076,-0.084646821022,0.09555025387360164,2.267209049834369,-0.6414698472941355,McDonald2,5
2449198.810794145,1993.57619397,-0.104678153992,0.09555025387360164,2.4837089841668742,-0.791288019340213,McDonald2,5
2449198.8300077454,1993.57624661,-0.00232744216919,0.09555025387360164,2.487763984702897,-0.7937609110756547,McDonald2,5
2449208.942968166,1993.60395335,-0.043474316597,0.09555025387360164,4.48108995245269,-0.22924215067002957,McDonald2,5
2449208.9564147666,1993.60399019,-0.00563037395477,0.09555025387360164,4.4836676026418365,-0.22673238599338466,McDonald2,5
2449209.0167383184,1993.60415546,0.0284118652344,0.09555025387360164,4.495236374877918,-0.2154499771478731,McDonald2,5
2449209.026728369,1993.60418283,0.0269322395325,0.09555025387360164,4.497153062218135,-0.21357790884115374,McDonald2,5
2449209.0358971693,1993.60420795,0.0125801563263,0.09555025387360164,4.498912390434898,-0.21185884565273336,McDonald2,5
2449209.1069809212,1993.6044027,0.0123262405396,0.09555025387360164,4.512558889645968,-0.19850280553991012,McDonald2,5
2449209.1147627216,1993.60442402,-0.082061290741,0.09555025387360164,4.514053567407441,-0.19703765020016198,McDonald2,5
2449210.0189298,1993.60690119,-0.00255382061005,0.09555025387360164,4.688923596760787,-0.023463230248395493,McDonald2,5
2449210.0303689004,1993.60693253,-0.0056688785553,0.09555025387360164,4.691153698206285,-0.02123368625124173,McDonald2,5
2449210.0959448027,1993.60711219,0.0995903015137,0.09555025387360164,4.703947807948186,-0.008441072193166078,McDonald2,5
2449210.105369103,1993.60713801,0.100611686707,0.09555025387360164,4.705787913291633,-0.006601019153915885,McDonald2,5
2449211.0361154824,1993.609688,0.0507967472076,0.09555025387360164,4.8894595913614625,0.17614674847909395,McDonald2,5
2449211.0500913328,1993.60972629,-0.0240145921707,0.09555025387360164,4.89225004133305,0.17889287738862697,McDonald2,5
2449211.113780185,1993.60990078,0.0508594512939,0.09555025387360164,4.9049797109293,0.1914023666981818,McDonald2,5
2449224.6922843154,1993.64710216,-0.0677392482758,0.09555025387360164,1.7405073205543222,-0.1688975018572647,McDonald2,5
2449226.7660683813,1993.65278376,-0.109580874443,0.09555025387360164,2.178135066739952,-0.5706841375363774,McDonald2,5
2449227.7155538616,1993.65538509,-0.0144132375717,0.09555025387360164,2.372415490278413,-0.718483232126527,McDonald2,5
2449227.7294056118,1993.65542304,0.0221024751663,0.09555025387360164,2.375226377225111,-0.7204354874920567,McDonald2,5
2449227.7378882123,1993.65544628,-0.0396647453308,0.09555025387360164,2.3769474084690247,-0.7216279929173879,McDonald2,5
2449253.650374184,1993.72643939,0.0233105421066,0.09555025387360164,1.641717700808956,-0.07086193508852956,McDonald2,5
2449253.6636492345,1993.72647576,0.0540691614151,0.09555025387360164,1.644507540408509,-0.07364448202706861,McDonald2,5
2449253.7366565363,1993.72667578,0.0121278762817,0.09555025387360164,1.6598314698045682,-0.08891755555445724,McDonald2,5
2449254.6542811655,1993.72918982,-0.0184676647186,0.09555025387360164,1.8498552411407614,-0.2754510908356874,McDonald2,5
2449254.7244195677,1993.72938198,0.0549705028534,0.09555025387360164,1.8641963447052596,-0.28920861234716055,McDonald2,5
2449254.7365448684,1993.7294152,0.036318063736,0.09555025387360164,1.8666731320761545,-0.29157866742908134,McDonald2,5
2449256.628131878,1993.73459763,-0.0359530448914,0.09555025387360164,2.2454431275205593,-0.6246215326269384,McDonald2,5
2449256.6421588287,1993.73463606,-0.170053362846,0.09555025387360164,2.2482038744969155,-0.6267750930971868,McDonald2,5
2449256.746015932,1993.7349206,0.0163711309433,0.09555025387360164,2.2686265801313352,-0.642556658332182,McDonald2,5
2449256.7574769324,1993.734952,-0.0178300142288,0.09555025387360164,2.270878360811892,-0.6442804281469541,McDonald2,5
2449256.7661164827,1993.73497567,0.0130789279938,0.09555025387360164,2.2725755503114122,-0.6455774920465654,McDonald2,5
2449258.773251546,1993.74047467,0.0818974971771,0.09555025387360164,2.662041016675416,-0.8872018783523171,McDonald2,5
2449258.7889574966,1993.7405177,0.186864376068,0.09555025387360164,2.6650579991581833,-0.8885898182089613,McDonald2,5
2449268.933494068,1993.76831095,-0.130296349525,0.09555025387360164,4.631599210419186,-0.08070191301367663,McDonald2,5
2449268.9531931193,1993.76836492,-0.0625191926956,0.09555025387360164,4.635725248549281,-0.07658865758714503,McDonald2,5
2449269.014097021,1993.76853178,-0.0821323394775,0.09555025387360164,4.648498469623908,-0.06384705281539275,McDonald2,5
2449269.0296095214,1993.76857428,-0.0645872354507,0.09555025387360164,4.651755915267231,-0.06059592036336581,McDonald2,5
2449270.0431853537,1993.7713512,-0.14357984066,0.09555025387360164,4.868353107599411,0.15533259619751344,McDonald2,5
2449282.6809786046,1993.80597529,0.0257009267807,0.09555025387360164,1.5321687314809376,0.0386179900485928,McDonald2,5
2449285.70627025,1993.81426376,0.0526798963547,0.09555025387360164,2.1299431617135056,-0.5304631562101059,McDonald2,5
2449285.7172531006,1993.81429385,-0.0274292230606,0.09555025387360164,2.132054923351122,-0.5322521292875664,McDonald2,5
2449285.7447558516,1993.8143692,0.0404857397079,0.09555025387360164,2.1373418676590967,-0.5367205222140635,McDonald2,5
2449286.6687497306,1993.81690069,0.170276999474,0.09555025387360164,2.314085121247736,-0.6767129319468396,McDonald2,5
2449286.6982745817,1993.81698158,-0.0857101678848,0.09555025387360164,2.3197090835886716,-0.6808428335465158,McDonald2,5
2449286.711122582,1993.81701678,-0.0115154981613,0.09555025387360164,2.3221560273952297,-0.6826330074091397,McDonald2,5
2449296.9324916564,1993.84502053,-0.147823691368,0.09555025387360164,4.315378993105853,-0.38666262159015413,McDonald2,5
2449296.949285307,1993.84506654,-0.234440207481,0.09555025387360164,4.318908459106918,-0.38340527148219405,McDonald2,5
2449296.9775472577,1993.84514397,0.0257498025894,0.09555025387360164,4.324851576459365,-0.37790958720222206,McDonald2,5
2449299.0532183736,1993.85083074,-0.154861927032,0.09555025387360164,4.773996137261095,0.061568193208514345,McDonald2,5
2449301.0382745867,1993.85626925,-0.133654952049,0.09555025387360164,5.2287391037777535,0.49370940233796057,McDonald2,5
2449301.056345737,1993.85631876,-0.0300824642181,0.09555025387360164,5.232988841082401,0.49740061903422833,McDonald2,5
2449310.589357639,1993.8824366,0.0112345218658,0.09555025387360164,1.1694847481923434,0.39062605090752617,McDonald2,5
2449312.591565203,1993.8879221,-0.00818490982056,0.09555025387360164,1.5718329301839367,-0.0010366032033936126,McDonald2,5
2449312.6015224033,1993.88794938,0.0358090400696,0.09555025387360164,1.5737825743323084,-0.0029862430990165723,McDonald2,5
2449312.6774424054,1993.88815738,0.0722117424011,0.09555025387360164,1.5886340934431127,-0.017836820708903117,McDonald2,5
2449312.6884654057,1993.88818758,-0.0236942768097,0.09555025387360164,1.5907884114151791,-0.019990752896012355,McDonald2,5
2449313.574163484,1993.89061415,0.0635422468185,0.09555025387360164,1.7623956658230506,-0.19042921046633848,McDonald2,5
2449313.5822117343,1993.8906362,0.0353111028671,0.09555025387360164,1.7639429858176428,-0.19194798737509328,McDonald2,5
2449313.604597185,1993.89069753,0.00886154174805,0.09555025387360164,1.768245708405506,-0.19616891143260795,McDonald2,5
2449313.6931863376,1993.89094024,-0.00180327892303,0.09555025387360164,1.7852592870609332,-0.21282272241722536,McDonald2,5
2449313.709041938,1993.89098368,-0.0552920103073,0.09555025387360164,1.7883020153797577,-0.2157947545898822,McDonald2,5
2449327.9279750893,1993.92993966,-0.194342374802,0.09555025387360164,4.659899790105262,-0.05246509130601841,McDonald2,5
2449327.9379176893,1993.9299669,-0.117803215981,0.09555025387360164,4.662148579522901,-0.050219268247464074,McDonald2,5
2449327.991251491,1993.93011302,-0.0237808227539,0.09555025387360164,4.674217795077643,-0.03816191649557857,McDonald2,5
2449328.009972342,1993.93016431,-0.0167926549911,0.09555025387360164,4.678456768311891,-0.03392570088434621,McDonald2,5
2449328.020838392,1993.93019408,-0.0633608102798,0.09555025387360164,4.680917774514399,-0.03146601108748568,McDonald2,5
2449328.0301896925,1993.9302197,-0.107608795166,0.09555025387360164,4.683036063956337,-0.029348701561939933,McDonald2,5
2449340.5490221395,1993.96451787,0.0252627134323,0.09555025387360164,1.2065267741485188,0.3562668710825502,McDonald2,5
2449340.55785879,1993.96454208,0.0438177585602,0.09555025387360164,1.2082653590222332,0.3546418271472655,McDonald2,5
2449344.5779470173,1993.97555602,0.147500991821,0.09555025387360164,1.9758134768400817,-0.39403452296047553,McDonald2,5
2449344.6615101197,1993.97578496,-0.227819561958,0.09555025387360164,1.9916069059043755,-0.4085004498414851,McDonald2,5
2449344.67179582,1993.97581314,0.0160768032074,0.09555025387360164,1.9935513999350274,-0.4102745291539262,McDonald2,5
2449344.6820778702,1993.97584131,0.0234546661377,0.09555025387360164,1.9954953177706765,-0.41204653218807524,McDonald2,5
2449344.707963671,1993.97591223,0.0859705209732,0.09555025387360164,2.000389784433545,-0.4165012349076163,McDonald2,5
2449344.7190779215,1993.97594268,0.117691993713,0.09555025387360164,2.0024914881959877,-0.41841104639099336,McDonald2,5
2449344.730816322,1993.97597484,0.119123935699,0.09555025387360164,2.004711371778331,-0.4204262403310761,McDonald2,5
2449357.9565187413,1994.01220964,-0.0217385292053,0.09555025387360164,4.816626931805973,0.10404928682654016,McDonald2,5
2449357.981517592,1994.01227813,-0.0947513580322,0.09555025387360164,4.822348542766191,0.10973810752993714,McDonald2,5
2449358.0183862434,1994.01237914,-0.0621942281723,0.09555025387360164,4.830786821830651,0.11812141747564704,McDonald2,5
2449358.0248467433,1994.01239684,-0.00352990627289,0.09555025387360164,4.832265457753551,0.11958957204103839,McDonald2,5
2449358.0922330455,1994.01258146,0.048109292984,0.09555025387360164,4.847688257457263,0.134886859025124,McDonald2,5
2449370.5241553397,1994.04664152,-0.00130414962769,0.09555025387360164,1.2255158273070617,0.338460635122149,McDonald2,5
2449370.5376457404,1994.04667848,0.0253467559814,0.09555025387360164,1.2280794080095392,0.33604724600900854,McDonald2,5
2449370.5520048407,1994.04671782,-0.104087352753,0.09555025387360164,1.2308076334532023,0.3334764327146288,McDonald2,5
2449370.566028141,1994.04675624,0.0177621841431,0.09555025387360164,1.2334716286137102,0.33096374845520354,McDonald2,5
2449370.623453593,1994.04691357,-0.0459516048431,0.09555025387360164,1.244376360777398,0.3206540953211117,McDonald2,5
2449372.5617131544,1994.05222387,0.0614891052246,0.09555025387360164,1.610242537701441,-0.03943598196165777,McDonald2,5
2449372.5948624555,1994.05231469,0.0304526090622,0.09555025387360164,1.6164963415066103,-0.04568410902521962,McDonald2,5
2449372.6254969067,1994.05239862,-0.00423014163971,0.09555025387360164,1.6222766239273865,-0.05145756111810901,McDonald2,5
2449372.6331290565,1994.05241953,-0.00878322124481,0.09555025387360164,1.6237168443047176,-0.05289581960099458,McDonald2,5
2449384.939432947,1994.08613543,0.0501869916916,0.09555025387360164,4.276401316619063,-0.42230587836330713,McDonald2,5
2449384.949652947,1994.08616343,-0.0777816772461,0.09555025387360164,4.278773453923947,-0.4201544603179286,McDonald2,5
2449385.03487315,1994.08639691,0.0880086421967,0.09555025387360164,4.298544268293716,-0.4021324387335994,McDonald2,5
2449385.0452793003,1994.08642542,0.0162162780762,0.09555025387360164,4.300957295799245,-0.39992194676204723,McDonald2,5
2449386.0318451314,1994.08912834,-0.0727607011795,0.09555025387360164,4.528463116436476,-0.18289062035183246,McDonald2,5
2449387.031061863,1994.09186592,-0.023383975029,0.09555025387360164,4.756071582167191,0.043668710805039354,McDonald2,5
2449387.0399788134,1994.09189035,0.00128293037415,0.09555025387360164,4.7580893532453,0.04568446680018253,McDonald2,5
2449405.572982151,1994.1426657,0.0245465040207,0.09555025387360164,2.2386909318850226,-0.6193343577921686,McDonald2,5
2449405.5836912515,1994.14269504,-0.0930120944977,0.09555025387360164,2.240957895309731,-0.6211126198332315,McDonald2,5
2449405.623220753,1994.14280334,-0.0180398225784,0.09555025387360164,2.2493335298688892,-0.6276549207037452,McDonald2,5
2449405.638437603,1994.14284503,-0.0311735868454,0.09555025387360164,2.2525610030796255,-0.6301642083863411,McDonald2,5
2449433.535341038,1994.2192749,-0.165749549866,0.09555025387360164,1.8831153652307329,-0.3072663123231758,McDonald2,5
2449441.7878343496,1994.24188447,-0.0588034391403,0.09555025387360164,3.835801797779178,-0.7685599140944614,McDonald2,5
2449441.807037,1994.24193708,-0.00748634338379,0.09555025387360164,3.8404304443279877,-0.7655903863309363,McDonald2,5
2449442.8266864326,1994.24473064,0.0253295898438,0.09555025387360164,4.083058472965181,-0.5886036575277143,McDonald2,5
2449442.845221133,1994.24478142,0.150544047356,0.09555025387360164,4.08740780068326,-0.5850820102688028,McDonald2,5
2449442.9180057854,1994.24498083,0.103991746902,0.09555025387360164,4.1044651657525595,-0.5711644854163644,McDonald2,5
2449442.9276563856,1994.24500727,0.113944411278,0.09555025387360164,4.10672415724867,-0.5693087689490355,McDonald2,5
2449443.887219516,1994.24763621,0.0698866844177,0.09555025387360164,4.328147138749992,-0.3748563688936742,McDonald2,5
2449443.8976256666,1994.24766472,0.0579503774643,0.09555025387360164,4.330513322578293,-0.3726616729988761,McDonald2,5
2449443.9316327176,1994.24775789,-0.0330454111099,0.09555025387360164,4.338240677854981,-0.36547988534924436,McDonald2,5
2449443.950590818,1994.24780983,0.045058965683,0.09555025387360164,4.342544982035155,-0.3614699829606342,McDonald2,5
2449443.9646542687,1994.24784836,0.106514573097,0.09555025387360164,4.345736368152526,-0.3584925506914227,McDonald2,5
2449443.9727244186,1994.24787047,0.064404129982,0.09555025387360164,4.347567084723397,-0.35678291732161616,McDonald2,5
2449444.96335635,1994.25058453,0.0778548717499,0.09555025387360164,4.568871139129314,-0.14302566670619038,McDonald2,5
2449444.9718499007,1994.2506078,0.0631489753723,0.09555025387360164,4.570739687389228,-0.14117608042010316,McDonald2,5
2449459.5186844617,1994.29046214,-0.00840771198273,0.09555025387360164,1.1458767902925733,0.4122474750457719,McDonald2,5
2449459.586877414,1994.29064897,0.055261015892,0.09555025387360164,1.1593714244720799,0.39991573047546153,McDonald2,5
2449464.6103762235,1994.30441198,-0.184090852737,0.09555025387360164,2.2359173319438668,-0.6171543491931,McDonald2,5
2449464.6904608756,1994.30463139,-0.0431808233261,0.09555025387360164,2.2546386549903077,-0.6317760646654801,McDonald2,5
2449464.7075976264,1994.30467834,-0.107214093208,0.09555025387360164,2.2586510527186427,-0.6348811846732406,McDonald2,5
2449472.893989436,1994.32710681,-0.0178010463715,0.09555025387360164,4.2350992726816985,-0.45937346693698733,McDonald2,5
2449472.901891686,1994.32712846,0.142472028732,0.09555025387360164,4.23686890920278,-0.457800880825819,McDonald2,5
2449472.918090387,1994.32717284,-0.00544083118439,0.09555025387360164,4.240494944073315,-0.45457413474543956,McDonald2,5
2449472.9366652374,1994.32722373,-0.0113303661346,0.09555025387360164,4.2446503664717845,-0.4508689489752318,McDonald2,5
2449472.9781109886,1994.32733728,0.0840833187103,0.09555025387360164,4.253912639612085,-0.44258231351671584,McDonald2,5
2449473.8630024167,1994.32976164,0.0594809055328,0.09555025387360164,4.448524717232521,-0.2608130083522217,McDonald2,5
2449473.8770987173,1994.32980026,0.157990098,0.09555025387360164,4.451577115350958,-0.2578650453140794,McDonald2,5
2449473.895604218,1994.32985096,0.0950436592102,0.09555025387360164,4.455582051717878,-0.25399349444229924,McDonald2,5
2449473.9197416683,1994.32991709,0.133464097977,0.09555025387360164,4.460802056988656,-0.24894123687805558,McDonald2,5
2449473.9267825186,1994.32993638,-0.0169509649277,0.09555025387360164,4.462323915810595,-0.2474670006048525,McDonald2,5
2449475.9050278314,1994.33535623,0.109586119652,0.09555025387360164,4.8765373637789065,0.16341222127829247,McDonald2,5
2449501.794266952,1994.40628565,0.196352005005,0.09555025387360164,4.111198533472615,-0.5656245913017612,McDonald2,5
2449501.8001507525,1994.40630177,0.0376603603363,0.09555025387360164,4.112490310262807,-0.5645588393391119,McDonald2,5
2449501.8619489046,1994.40647108,0.155591964722,0.09555025387360164,4.1260416711444154,-0.5533221487997059,McDonald2,5
2449501.876556205,1994.4065111,0.104110956192,0.09555025387360164,4.129240475084853,-0.5506548232251937,McDonald2,5
2449502.8171466347,1994.40908806,-0.229766726494,0.09555025387360164,4.331771402000883,-0.3714939218461645,McDonald2,5
2449502.8327686354,1994.40913086,-0.060397028923,0.09555025387360164,4.335079082552097,-0.3684209275671887,McDonald2,5
2449504.86114305,1994.41468805,0.181977152824,0.09555025387360164,4.750687927166847,0.03828958459343399,McDonald2,5
2449520.513558996,1994.45757138,-0.00571525096893,0.09555025387360164,1.6120006712229815,-0.04119268597555529,McDonald2,5
2449521.498372827,1994.4602695,-0.00632500648499,0.09555025387360164,1.8375949291698181,-0.26364466124347796,McDonald2,5
2449521.5091731776,1994.46029909,-0.15709733963,0.09555025387360164,1.8400925136435142,-0.2660530560499505,McDonald2,5
2449522.52739546,1994.46308874,-0.0424430370331,0.09555025387360164,2.077689595813065,-0.485463512956226,McDonald2,5
2449523.5596264424,1994.46591677,0.0819051265717,0.09555025387360164,2.3223124994277726,-0.6827473427686315,McDonald2,5
2449529.78669819,1994.48297724,0.0451792478561,0.09555025387360164,3.7841836496048717,-0.8005457362694537,McDonald2,5
2449529.7978890906,1994.4830079,0.041699051857,0.09555025387360164,3.7866456950068716,-0.7990678774017516,McDonald2,5
2449530.7519188207,1994.48562168,0.0475896596909,0.09555025387360164,3.993211570232968,-0.6587660211929035,McDonald2,5
2449530.758861121,1994.4856407,0.00209105014801,0.09555025387360164,3.9946906500325463,-0.657652518466716,McDonald2,5
2449530.8717629244,1994.48595002,0.14638030529,0.09555025387360164,4.01869641140117,-0.6393807152555587,McDonald2,5
2449530.880490075,1994.48597393,0.0355485677719,0.09555025387360164,4.020548238922686,-0.6379557675390296,McDonald2,5
2449531.7873399034,1994.48845845,0.038867354393,0.09555025387360164,4.2100849664245255,-0.48144622677911364,McDonald2,5
2449531.797954104,1994.48848753,0.100456237793,0.09555025387360164,4.212270459981446,-0.4795295466758086,McDonald2,5
2449531.808206954,1994.48851562,0.0800936222076,0.09555025387360164,4.214380851667236,-0.4776765571846386,McDonald2,5
2449531.835308205,1994.48858987,0.0726798772812,0.09555025387360164,4.219955928098685,-0.47277125504020406,McDonald2,5
2449579.4862269918,1994.61914036,-0.0549739599228,0.09555025387360164,1.7398015912272191,-0.16820186930321043,McDonald2,5
2449580.4942803737,1994.62190215,0.0167186260223,0.09555025387360164,1.9698997749619571,-0.388592406988624,McDonald2,5
2449581.4348598537,1994.62447908,0.0299888849258,0.09555025387360164,2.1833719685094732,-0.5749766772120113,McDonald2,5
2449581.441864204,1994.62449827,-0.0694978237152,0.09555025387360164,2.1849564060226556,-0.5762722938692321,McDonald2,5
2449581.458172404,1994.62454295,0.0805829763412,0.09555025387360164,2.1886451156727578,-0.5792829930692602,McDonald2,5
2449581.473002355,1994.62458358,0.0716284513474,0.09555025387360164,2.191999062050624,-0.5820136203604322,McDonald2,5
2449581.501552656,1994.6246618,0.068670630455,0.09555025387360164,2.1984549227954795,-0.5872512259353926,McDonald2,5
2449581.5198428063,1994.62471191,-0.187481760979,0.09555025387360164,2.202589979746254,-0.5905931303948821,McDonald2,5
2449582.58081389,1994.62761868,-0.132091164589,0.09555025387360164,2.4413256981512292,-0.7646701826179859,McDonald2,5
2449582.5988813904,1994.62766818,-0.1219009161,0.09555025387360164,2.4453697213066934,-0.7672699796232274,McDonald2,5
2449588.670094483,1994.64430164,0.12999856472,0.09555025387360164,3.7340464166514913,-0.8295730008169169,McDonald2,5
2449588.7399883354,1994.64449313,0.021191239357,0.09555025387360164,3.7478970149102606,-0.8217595269045744,McDonald2,5
2449588.7497995356,1994.64452001,0.0380077362061,0.09555025387360164,3.7498395420046515,-0.8206510583592155,McDonald2,5
2449588.8137438875,1994.6446952,0.0525116920471,0.09555025387360164,3.7624896296530084,-0.8133569546920634,McDonald2,5
2449588.827066388,1994.6447317,-0.00629496574402,0.09555025387360164,3.7651229763043186,-0.8118221475472192,McDonald2,5
2449589.6575180646,1994.64700691,-0.0509459972382,0.09555025387360164,3.927828773952095,-0.7065140079484667,McDonald2,5
2449589.6718808147,1994.64704626,0.0926909446716,0.09555025387360164,3.9306192773919557,-0.7045364230774325,McDonald2,5
2449589.6909703156,1994.64709856,-0.0786379575729,0.09555025387360164,3.9343269769480287,-0.7019003513705464,McDonald2,5
2449589.699160916,1994.647121,-0.0481014251709,0.09555025387360164,3.9359174121853466,-0.7007666366198414,McDonald2,5
2449589.766547218,1994.64730562,-0.0695188045502,0.09555025387360164,3.9489932792496147,-0.6913787949456697,McDonald2,5
2449589.775248818,1994.64732946,0.00522935390472,0.09555025387360164,3.9506805965786045,-0.6901587372767367,McDonald2,5
2449589.8086280692,1994.64742091,-0.0550217628479,0.09555025387360164,3.957150671317773,-0.6854622029085435,McDonald2,5
2449590.6919682473,1994.64984102,-0.0205523967743,0.09555025387360164,4.1270923229604835,-0.5524466849082026,McDonald2,5
2449590.7012866978,1994.64986655,-0.00570142269135,0.09555025387360164,4.128873381144334,-0.5509612115605537,McDonald2,5
2449590.738764899,1994.64996923,-0.0728862285614,0.09555025387360164,4.136034550774861,-0.5449709184120323,McDonald2,5
2449590.7793748,1994.65008049,0.0627777576447,0.09555025387360164,4.143790318891097,-0.5384517310140018,McDonald2,5
2449590.7865361003,1994.65010011,0.0537188053131,0.09555025387360164,4.145157596769004,-0.5372990826756148,McDonald2,5
2449590.817411451,1994.6501847,-0.0154542922974,0.09555025387360164,4.151051138353088,-0.5323192157176464,McDonald2,5
2449590.8263357016,1994.65020915,-0.0740205049515,0.09555025387360164,4.152754206325964,-0.5308767229548835,McDonald2,5
2449591.7087049796,1994.6526266,-0.0118389129639,0.09555025387360164,4.320399458175338,-0.3820277885950652,McDonald2,5
2449591.73832473,1994.65270775,0.00781202316284,0.09555025387360164,4.326007310302674,-0.3768393075331278,McDonald2,5
2449591.822209033,1994.65293757,-0.00798320770264,0.09555025387360164,4.341884283308444,-0.36208592877523293,McDonald2,5
2449591.829954333,1994.65295879,-0.00498044490814,0.09555025387360164,4.343349925799838,-0.36071934945392736,McDonald2,5
2449592.7185249617,1994.65539323,-0.0237576961517,0.09555025387360164,4.51132254330402,-0.1997143969649675,McDonald2,5
2449592.735008362,1994.65543839,-0.0249906778336,0.09555025387360164,4.514438795558357,-0.1966599594809359,McDonald2,5
2449592.776355563,1994.65555167,-0.105198860168,0.09555025387360164,4.5222562825377155,-0.18898920316105636,McDonald2,5
2449592.796740814,1994.65560752,-0.0550705194473,0.09555025387360164,4.526110867908776,-0.1852026860260692,McDonald2,5
2449592.8163668644,1994.65566129,-0.0808362960815,0.09555025387360164,4.529822139790399,-0.18155435079864923,McDonald2,5
2449592.819443815,1994.65566972,-0.0577881336212,0.09555025387360164,4.530404011185844,-0.18098211887271126,McDonald2,5
2449593.7250635936,1994.65815087,-0.031281709671,0.09555025387360164,4.702128076418813,-0.010260723911645673,McDonald2,5
2449593.740353444,1994.65819276,0.0438516139984,0.09555025387360164,4.705038779515165,-0.007350134686714891,McDonald2,5
2449593.8204417466,1994.65841218,-0.0970623493195,0.09555025387360164,4.72029329819159,0.00790423549918016,McDonald2,5
2449593.843126497,1994.65847433,-0.0909192562103,0.09555025387360164,4.724616680077591,0.012227394987750525,McDonald2,5
2449595.807166009,1994.66385526,-0.140526175499,0.09555025387360164,5.105355450239548,0.3829304531265856,McDonald2,5
2449595.8363623605,1994.66393525,-0.0792864561081,0.09555025387360164,5.111140080905832,0.38826772631470496,McDonald2,5
2449619.7610546187,1994.72948235,-0.0444296598434,0.09555025387360164,3.996701957170059,-0.6561360285162553,McDonald2,5
2449619.7651973693,1994.7294937,-0.0589826107025,0.09555025387360164,3.9974832513614,-0.6555462304066478,McDonald2,5
2449619.7788994694,1994.72953124,-0.179558515549,0.09555025387360164,4.000067294912428,-0.6535926904259561,McDonald2,5
2449619.8158739707,1994.72963254,-0.0367807149887,0.09555025387360164,4.007039642636691,-0.6482998496525308,McDonald2,5
2449620.609285446,1994.73180627,-0.0519688129425,0.09555025387360164,4.156567388516847,-0.5276413935681151,McDonald2,5
2449620.618549146,1994.73183165,-0.092197060585,0.09555025387360164,4.158313596531292,-0.5261572433993392,McDonald2,5
2449620.6338900966,1994.73187368,-0.0503964424133,0.09555025387360164,4.161205452569544,-0.5236958491061435,McDonald2,5
2449620.652395597,1994.73192438,-0.0803500413895,0.09555025387360164,4.1646939931880365,-0.5207207621922825,McDonald2,5
2449620.709014399,1994.7320795,-0.0729891061783,0.09555025387360164,4.175368512208807,-0.5115781429746986,McDonald2,5
2449621.6947662802,1994.73478019,-0.0764334201813,0.09555025387360164,4.361734318501048,-0.34351270544121554,McDonald2,5
2449621.750147732,1994.73493192,-0.124582529068,0.09555025387360164,4.372248906944633,-0.3336191437579095,McDonald2,5
2449621.759761832,1994.73495826,-0.147652387619,0.09555025387360164,4.37407485527125,-0.3318972525648078,McDonald2,5
2449621.7724857326,1994.73499312,0.0160100460052,0.09555025387360164,4.376491725157555,-0.3296164145064955,McDonald2,5
2449621.790761283,1994.73504319,-0.0804545879364,0.09555025387360164,4.379963711193082,-0.32633648049648367,McDonald2,5
2449621.812799984,1994.73510357,0.0118799209595,0.09555025387360164,4.384151565417906,-0.3223750458296912,McDonald2,5
2449621.830783535,1994.73515284,-0.141447424889,0.09555025387360164,4.3875696252190135,-0.31913759243953116,McDonald2,5
2449622.7134119626,1994.737571,-0.0577020645142,0.09555025387360164,4.556367672659855,-0.1553890824097516,McDonald2,5
2449622.8022529655,1994.7378144,-0.115159630775,0.09555025387360164,4.5734924530900205,-0.13845035358431546,McDonald2,5
2449622.823587216,1994.73787285,-0.109475255013,0.09555025387360164,4.577609040046882,-0.13437225033804523,McDonald2,5
2449622.9210604695,1994.7381399,-0.165748476982,0.09555025387360164,4.596438690289031,-0.11569064966512724,McDonald2,5
2449622.93815707,1994.73818674,0.0226954221725,0.09555025387360164,4.599745079322428,-0.11240583567216342,McDonald2,5
2449623.7198483944,1994.74032836,-0.103468775749,0.09555025387360164,4.7522413035447855,0.039841775036933993,McDonald2,5
2449623.7794966963,1994.74049178,-0.0930601358414,0.09555025387360164,4.763994568434106,0.05158268564317701,McDonald2,5
2449623.7888990967,1994.74051754,-0.109121084213,0.09555025387360164,4.765848887402483,0.0534344462622728,McDonald2,5
2449623.797549597,1994.74054124,-0.0794874429703,0.09555025387360164,4.76755531681664,0.05513835917733144,McDonald2,5
2449623.867114949,1994.74073183,-0.092257976532,0.09555025387360164,4.781292025800033,0.0688485373323957,McDonald2,5
2449623.8858431,1994.74078314,-0.212432861328,0.09555025387360164,4.784994466671709,0.0725417124431675,McDonald2,5
2449624.794481429,1994.74327256,-0.190575838089,0.09555025387360164,4.967003749387006,0.2518726160298003,McDonald2,5
2449624.812092679,1994.74332081,-0.100585341454,0.09555025387360164,4.970580829029558,0.25533275324483623,McDonald2,5
2449636.3713510456,1994.77499001,0.146088480949,0.09555025387360164,1.3619688633973004,0.2073129797633708,McDonald2,5
2449636.388385596,1994.77503668,-0.0533850193024,0.09555025387360164,1.3658265035217405,0.20353761495620143,McDonald2,5
2449637.3811965776,1994.77775671,-0.0349743366241,0.09555025387360164,1.5877637980275705,-0.016966657102478435,McDonald2,5
2449637.3971653283,1994.77780046,0.0594865083694,0.09555025387360164,1.5912873862676267,-0.02048962552647733,McDonald2,5
2449637.44202748,1994.77792337,-0.0521947145462,0.09555025387360164,1.6011787424667765,-0.030377741597615533,McDonald2,5
2449638.3769093095,1994.78048469,0.0514588356018,0.09555025387360164,1.804767942263175,-0.2318427438587766,McDonald2,5
2449654.7802434294,1994.82542533,-0.212842941284,0.09555025387360164,5.043849044990369,0.32542396544979624,McDonald2,5
2449666.3207042953,1994.85704303,0.0787825584412,0.09555025387360164,1.4766359094974053,0.09402133836632202,McDonald2,5
2449666.336213146,1994.85708552,0.027471780777,0.09555025387360164,1.4799805547302363,0.0906909896188407,McDonald2,5
2449666.3907368477,1994.8572349,-0.0344685316086,0.09555025387360164,1.491725581972581,0.07898837645200289,McDonald2,5
2449666.4400665993,1994.85737005,0.00410556793213,0.09555025387360164,1.5023336233216895,0.06840923360630094,McDonald2,5
2449667.3515117783,1994.85986716,0.00887250900269,0.09555025387360164,1.6953407147945452,-0.12422266329682373,McDonald2,5
2449667.3600016786,1994.85989042,0.0467721223831,0.09555025387360164,1.6971128592587297,-0.1259808854006199,McDonald2,5
2449667.385142879,1994.8599593,0.0665628910065,0.09555025387360164,1.7023580603901665,-0.13118253942183675,McDonald2,5
2449667.40714143,1994.86001957,-0.0187376737595,0.09555025387360164,1.7069443548568626,-0.1357278045994468,McDonald2,5
2449667.445612431,1994.86012497,0.0513951778412,0.09555025387360164,1.7149575786954037,-0.14366243278475813,McDonald2,5
2449667.468125632,1994.86018665,0.0067001581192,0.09555025387360164,1.7196426358289223,-0.14829729701534286,McDonald2,5
2449670.5205075787,1994.86854934,-0.0493264198303,0.09555025387360164,2.3305778737069067,-0.6887630860087092,McDonald2,5
2449671.371461306,1994.87088072,-0.0790339708328,0.09555025387360164,2.494550404429786,-0.7978703043556411,McDonald2,5
2449671.385163406,1994.87091826,-0.0380655527115,0.09555025387360164,2.4971757000039294,-0.7994501576926206,McDonald2,5
2449678.598425035,1994.89068062,-0.0959469079971,0.09555025387360164,3.865587456090383,-0.7491656257925314,McDonald2,5
2449678.610539385,1994.89071381,-0.0604958534241,0.09555025387360164,3.8679321329299707,-0.7476104945260311,McDonald2,5
2449678.705709488,1994.89097455,-0.0918385982513,0.09555025387360164,3.8863658334807294,-0.7352416611108459,McDonald2,5
2449678.7112392383,1994.8909897,-0.0645540952682,0.09555025387360164,3.887437672607165,-0.7345147409290779,McDonald2,5
2449682.764557067,1994.90209468,-0.12514603138,0.09555025387360164,4.705940449974264,-0.0064484857183935325,McDonald2,5
2449684.8160724817,1994.90771527,-0.179442763329,0.09555025387360164,5.156523743957463,0.4296767476433396,McDonald2,5
2449696.3558617476,1994.93933113,0.101082205772,0.09555025387360164,1.5658950331491406,0.004901274022078625,McDonald2,5
2449696.3719472983,1994.9393752,0.076756477356,0.09555025387360164,1.5691556313984947,0.0016406946603091425,McDonald2,5
2449701.3556100065,1994.95302907,-0.128087997437,0.09555025387360164,2.5282680910119133,-0.8177389579695754,McDonald2,5
2449701.3628771566,1994.95304898,-0.0223999023438,0.09555025387360164,2.5296325315150785,-0.8185235538345604,McDonald2,5
2449701.411334558,1994.95318174,-0.0304017066956,0.09555025387360164,2.538730753282953,-0.8237162867053339,McDonald2,5
2449701.4245220083,1994.95321787,0.0350307226181,0.09555025387360164,2.541206837203431,-0.8251177051690407,McDonald2,5
2449701.434833259,1994.95324612,-0.0421776771545,0.09555025387360164,2.5431429006322377,-0.826209958133219,McDonald2,5
2449706.6259218236,1994.96746828,-0.146917819977,0.09555025387360164,3.536339417466019,-0.9230939821009978,McDonald2,5
2449706.6462085242,1994.96752386,0.0565292835236,0.09555025387360164,3.5403399559899853,-0.9215480946100543,McDonald2,5
2449706.712353826,1994.96770508,0.0392651557922,0.09555025387360164,3.5533920888016466,-0.9164020667400239,McDonald2,5
2449706.7249609265,1994.96773962,0.097510099411,0.09555025387360164,3.5558812290666633,-0.9154029280928446,McDonald2,5
2449707.557055103,1994.97001933,-0.165648937225,0.09555025387360164,3.721222951409019,-0.8366651983913875,McDonald2,5
2449707.5720420033,1994.97006039,-0.00243306159973,0.09555025387360164,3.724220527820428,-0.835019625403446,McDonald2,5
2449707.661879456,1994.97030652,0.0763974189758,0.09555025387360164,3.7422042088078618,-0.8249901505425884,McDonald2,5
2449707.6715556066,1994.97033303,-0.107437133789,0.09555025387360164,3.744142724048588,-0.8238930548597927,McDonald2,5
2449707.682487357,1994.97036298,-0.0268174409866,0.09555025387360164,3.746333147543894,-0.8226496671331521,McDonald2,5
2449707.6975217075,1994.97040417,0.111265420914,0.09555025387360164,3.7493462479358173,-0.8209328413547308,McDonald2,5
2449707.709979158,1994.9704383,0.0257909297943,0.09555025387360164,3.751843452202486,-0.8195043177048285,McDonald2,5
2449707.77805166,1994.9706248,-0.0819656848907,0.09555025387360164,3.765498039462258,-0.8116030892783815,McDonald2,5
2449707.7888739104,1994.97065445,-0.0835880041122,0.09555025387360164,3.7676702474407824,-0.8103321515550985,McDonald2,5
2449730.424521178,1995.03266992,0.0536236763,0.09555025387360164,2.3776936552019303,-0.7221444044029974,McDonald2,5
2449730.440464379,1995.0327136,0.0998992919922,0.09555025387360164,2.380707401877687,-0.7242258579154554,McDonald2,5
2449730.5398502317,1995.03298589,0.0093252658844,0.09555025387360164,2.399504804331536,-0.7370591387023192,McDonald2,5
2449730.5614983826,1995.0330452,0.058450460434,0.09555025387360164,2.4036016959039945,-0.7398217404429679,McDonald2,5
2449738.592757887,1995.05504865,0.0321944952011,0.09555025387360164,4.02599959201539,-0.6337483693312996,McDonald2,5
2449738.6034596874,1995.05507797,0.0686414241791,0.09555025387360164,4.028305153136234,-0.6319632444622715,McDonald2,5
2449738.732038242,1995.05543024,0.0287009477615,0.09555025387360164,4.056033171185112,-0.6102339047927905,McDonald2,5
2449739.669015171,1995.0579973,0.00548505783081,0.09555025387360164,4.25963271693967,-0.4374457481882002,McDonald2,5
2449739.6900537717,1995.05805494,0.0367789268494,0.09555025387360164,4.264235680562508,-0.4333019375507335,McDonald2,5
2449739.701397972,1995.05808602,0.135432124138,0.09555025387360164,4.266718218829064,-0.43106321995352426,McDonald2,5
2449739.7699449747,1995.05827382,0.0229336023331,0.09555025387360164,4.2817275349040615,-0.41747194247994346,McDonald2,5
2449739.777752325,1995.05829521,0.00725269317627,0.09555025387360164,4.283438005401265,-0.41591704542003494,McDonald2,5
2449739.794151775,1995.05834014,0.0416814088821,0.09555025387360164,4.287031501875489,-0.41264643215915014,McDonald2,5
2449739.8042549756,1995.05836782,0.0138719081879,0.09555025387360164,4.2892457697706545,-0.4106284648937533,McDonald2,5
2449740.6539531024,1995.06069576,-0.0359951257706,0.09555025387360164,4.47664613123805,-0.23356535265025746,McDonald2,5
2449740.660935553,1995.06071489,-0.036213517189,0.09555025387360164,4.478195894952412,-0.23205817380491067,McDonald2,5
2449740.7171638045,1995.06086894,0.0180121660233,0.09555025387360164,4.490681745514623,-0.21989539039512626,McDonald2,5
2449740.731869655,1995.06090923,-0.00296151638031,0.09555025387360164,4.493949015447871,-0.21670692390568289,McDonald2,5
2449740.740162455,1995.06093195,-0.00747084617615,0.09555025387360164,4.495791785421369,-0.21490757728547108,McDonald2,5
2449740.7524082055,1995.0609655,-0.0503050088882,0.09555025387360164,4.4985133737751735,-0.21224878786859522,McDonald2,5
2449740.7862035567,1995.06105809,-0.0338305234909,0.09555025387360164,4.506026911899392,-0.2049005187726583,McDonald2,5
2449740.800361907,1995.06109688,-0.0864715576172,0.09555025387360164,4.509175798796208,-0.2018174316761439,McDonald2,5
2449753.288267903,1995.09531032,-0.010804772377,0.09555025387360164,1.0402132946339098,0.5060362995250969,McDonald2,5
2449754.301226885,1995.09808555,0.00378882884979,0.09555025387360164,1.2390802113568595,0.3256660683070443,McDonald2,5
2449754.3080049353,1995.09810412,-0.00271439552307,0.09555025387360164,1.2403944134964933,0.32442322921131705,McDonald2,5
2449755.301378017,1995.10082569,0.0164933204651,0.09555025387360164,1.4311262049456763,0.1392164564359452,McDonald2,5
2449755.3103460674,1995.10085026,0.0499068498611,0.09555025387360164,1.4328335294270609,0.13752555584024712,McDonald2,5
2449755.330848118,1995.10090643,0.0455050468445,0.09555025387360164,1.4367358653421842,0.13365926174346351,McDonald2,5
2449755.3897116696,1995.1010677,0.0091290473938,0.09555025387360164,1.4479336961284153,0.12255375735452433,McDonald2,5
2449757.2651583795,1995.10620591,0.0122268199921,0.09555025387360164,1.8018401430612307,-0.22899372797500325,McDonald2,5
2449757.407289384,1995.10659531,0.0388063192368,0.09555025387360164,1.8285960780519224,-0.25495363299776735,McDonald2,5
2449757.416607834,1995.10662084,-0.0234109163284,0.09555025387360164,1.8303507032610815,-0.25664988026373775,McDonald2,5
2449757.4358688844,1995.10667361,-0.00743579864502,0.09555025387360164,1.8339776751520267,-0.2601536689232884,McDonald2,5
2449760.3266361263,1995.11459352,0.0057635307312,0.09555025387360164,2.387058388047263,-0.728590626733283,McDonald2,5
2449760.338578927,1995.11462624,-0.0810295343399,0.09555025387360164,2.389399984803868,-0.7301925031342171,McDonald2,5
2449760.410294129,1995.11482272,-0.0974675416946,0.09555025387360164,2.4034738043768504,-0.739735688597739,McDonald2,5
2449760.4193826295,1995.11484762,-0.201257228851,0.09555025387360164,2.4052589599983936,-0.7409357361141186,McDonald2,5
2449760.5444973335,1995.1151904,-0.119393348694,0.09555025387360164,2.42987029654637,-0.7572380612137259,McDonald2,5
2449760.5547428834,1995.11521847,-0.077587723732,0.09555025387360164,2.4318887318193663,-0.7585548365367087,McDonald2,5
2449761.356428909,1995.11741487,-0.020437836647,0.09555025387360164,2.5913116554170927,-0.8523776142475588,McDonald2,5
2449761.365400609,1995.11743945,-0.0225647687912,0.09555025387360164,2.593112891803324,-0.853318145707729,McDonald2,5
2449761.459125312,1995.11769623,-0.0253629684448,0.09555025387360164,2.6119531758293792,-0.8629892704509411,McDonald2,5
2449761.4701264123,1995.11772637,-0.057147860527,0.09555025387360164,2.6141673832258814,-0.8641058208794353,McDonald2,5
2449768.6293534394,1995.13734069,-0.00674939155579,0.09555025387360164,4.162841962431878,-0.5223009970147748,McDonald2,5
2449768.63719729,1995.13736218,-0.0175108909607,0.09555025387360164,4.164616188273433,-0.5207871847768598,McDonald2,5
2449768.6588125904,1995.1374214,0.134991407394,0.09555025387360164,4.169505838162829,-0.516606747461849,McDonald2,5
2449768.7178002424,1995.13758301,0.0197355747223,0.09555025387360164,4.182852656296203,-0.5051332240206434,McDonald2,5
2449768.7255601427,1995.13760427,0.0515053272247,0.09555025387360164,4.184608779659159,-0.5036168387591325,McDonald2,5
2449768.760059944,1995.13769879,-0.0727659463882,0.09555025387360164,4.192417269688693,-0.49685558764432314,McDonald2,5
2449768.768148344,1995.13772095,-0.0315651893616,0.09555025387360164,4.194248170603002,-0.49526583908833627,McDonald2,5
2449771.7134757875,1995.14579034,-0.043964266777,0.09555025387360164,4.865334611342212,0.1523500346411862,McDonald2,5
2449771.769868289,1995.14594484,-0.0475317239761,0.09555025387360164,4.878248856399523,0.16510046764731437,McDonald2,5
2449771.7815847895,1995.14597694,-0.0324953794479,0.09555025387360164,4.880932210425226,0.16774639977632563,McDonald2,5
2449771.8301589913,1995.14611002,-0.0010439157486,0.09555025387360164,4.892057558181893,0.17870349595555718,McDonald2,5
2449771.8397548413,1995.14613631,-0.0648864507675,0.09555025387360164,4.8942555079835985,0.18086563190239124,McDonald2,5
2449782.2826716225,1995.17474704,-0.018136382103,0.09555025387360164,0.878026433702205,0.6386710066469745,McDonald2,5
2449783.276227204,1995.17746911,0.00294232368469,0.09555025387360164,1.069201853462431,0.4808242105707833,McDonald2,5
2449784.2802254357,1995.18021979,-0.0681812763214,0.09555025387360164,1.259837107964442,0.3059719922541357,McDonald2,5
2449784.291387136,1995.18025037,0.0279762744904,0.09555025387360164,1.2619473837872528,0.3039622443798512,McDonald2,5
2449784.352356738,1995.18041741,-0.0669746398926,0.09555025387360164,1.2734721923554755,0.2929627997024035,McDonald2,5
2449786.2877948494,1995.18571998,-0.0280199050903,0.09555025387360164,1.6392422429928093,-0.06839248564817313,McDonald2,5
2449786.3047892503,1995.18576654,0.0482989549637,0.09555025387360164,1.6424704895026014,-0.07161281122243304,McDonald2,5
2449786.3209806504,1995.1858109,0.0640627145767,0.09555025387360164,1.6455467372524906,-0.07468081704065058,McDonald2,5
2449786.3631053017,1995.18592631,0.0791063308716,0.09555025387360164,1.6535526230611408,-0.08266186774906575,McDonald2,5
2449787.2703529806,1995.18841192,-0.0853172540665,0.09555025387360164,1.8270621634783009,-0.25347010991238184,McDonald2,5
2449787.2932567312,1995.18847467,0.0710581541061,0.09555025387360164,1.8314742979302432,-0.25773567726975155,McDonald2,5
2449787.4658871368,1995.18894763,-0.00322556495667,0.09555025387360164,1.864788619005429,-0.28977552569551895,McDonald2,5
2449787.4790453874,1995.18898368,0.0019599199295,0.09555025387360164,1.867332303635206,-0.2922091325168706,McDonald2,5
2449788.2545353617,1995.19110831,-0.02159512043,0.09555025387360164,2.018473121194429,-0.4328724384261156,McDonald2,5
2449788.2644268624,1995.19113541,-0.0544664859772,0.09555025387360164,2.0204178131189714,-0.4346246714173594,McDonald2,5
2449788.294948163,1995.19121903,-0.13266992569,0.09555025387360164,2.0264212475534116,-0.44002356992167363,McDonald2,5
2449788.3083400135,1995.19125572,-0.0739486217499,0.09555025387360164,2.0290567554798065,-0.4423886888127961,McDonald2,5
2449788.323356114,1995.19129686,-0.0901745557785,0.09555025387360164,2.0320129184233995,-0.44503790812110394,McDonald2,5
2449788.331878864,1995.19132021,-0.0776107311249,0.09555025387360164,2.0336912334626227,-0.446540231443253,McDonald2,5
2449788.4583294685,1995.19166665,0.0567677021027,0.09555025387360164,2.058632851691746,-0.4687158830769007,McDonald2,5
2449788.470509519,1995.19170002,0.0874929428101,0.09555025387360164,2.0610393688006416,-0.47084031821693995,McDonald2,5
2449795.4866382913,1995.21092229,0.0303978919983,0.09555025387360164,3.5848319050902355,-0.9033671939190165,McDonald2,5
2449795.5016799415,1995.2109635,0.0500044822693,0.09555025387360164,3.588331573823081,-0.9018607691793512,McDonald2,5
2449795.5718438937,1995.21115573,0.0518046617508,0.09555025387360164,3.6046613766293953,-0.8946859267922743,McDonald2,5
2449795.5863453443,1995.21119546,0.0352863073349,0.09555025387360164,3.6080374289329638,-0.8931727627546808,McDonald2,5
2449795.6928632976,1995.21148729,0.0518832206726,0.09555025387360164,3.632845745961125,-0.8817424283169414,McDonald2,5
2449795.704280498,1995.21151857,-0.0557268857956,0.09555025387360164,3.6355058552648605,-0.8804844536585329,McDonald2,5
2449796.546266175,1995.21382538,0.0730229616165,0.09555025387360164,3.8320641937336877,-0.7709457764304152,McDonald2,5
2449796.559858775,1995.21386262,-0.0011442899704,0.09555025387360164,3.8352413021409935,-0.7689183860293712,McDonald2,5
2449796.581415676,1995.21392168,0.131239652634,0.09555025387360164,3.840280087438073,-0.7656871065258972,McDonald2,5
2449796.609013327,1995.21399729,0.0130013227463,0.09555025387360164,3.846731049926163,-0.7615218589607158,McDonald2,5
2449796.6311907275,1995.21405805,-0.220058202744,0.09555025387360164,3.8519151660885593,-0.7581516120156363,McDonald2,5
2449796.6981280795,1995.21424144,0.144554376602,0.09555025387360164,3.867562833601373,-0.747855709053416,McDonald2,5
2449796.71192873,1995.21427925,-0.0065940618515,0.09555025387360164,3.8707890457432983,-0.7457100633470435,McDonald2,5
2449797.5686458074,1995.21662642,0.0314358472824,0.09555025387360164,4.070993346278924,-0.5983142915878605,McDonald2,5
2449797.5765553573,1995.21664809,0.0145716667175,0.09555025387360164,4.072839961436864,-0.5968336506558476,McDonald2,5
2449797.602521458,1995.21671923,0.0732431411743,0.09555025387360164,4.07890181860846,-0.591958892788616,McDonald2,5
2449797.612668459,1995.21674703,0.0431705713272,0.09555025387360164,4.081270511799939,-0.5900481426357502,McDonald2,5
2449797.621647459,1995.21677163,0.0242549180984,0.09555025387360164,4.08336647717338,-0.5883546323096266,McDonald2,5
2449797.685500561,1995.21694657,0.0366234779358,0.09555025387360164,4.098269667015652,-0.5762389771760918,McDonald2,5
2449797.6969214114,1995.21697786,0.028807759285,0.09555025387360164,4.1009348864285755,-0.5740586992770793,McDonald2,5
2449797.7347354125,1995.21708146,0.0341506004333,0.09555025387360164,4.109758460066742,-0.5668115794359656,McDonald2,5
2449797.742206963,1995.21710193,0.0252676010132,0.09555025387360164,4.111501722023216,-0.5653745369733083,McDonald2,5
2449798.697287893,1995.21971859,0.0773704051971,0.09555025387360164,4.333775069263432,-0.3696329017876979,McDonald2,5
2449798.7051244434,1995.21974006,0.0331817865372,0.09555025387360164,4.335593247026,-0.3679428812134779,McDonald2,5
2449799.640353023,1995.22230233,-0.0123206377029,0.09555025387360164,4.551738822736681,-0.15996002626533923,McDonald2,5
2449799.6521388735,1995.22233462,-0.0071108341217,0.09555025387360164,4.554451111670217,-0.15728207704900846,McDonald2,5
2449799.669169774,1995.22238128,0.0737709999084,0.09555025387360164,4.558369899067536,-0.153410866204788,McDonald2,5
2449799.683525224,1995.22242061,0.050594329834,0.09555025387360164,4.561672562712309,-0.1501464671372964,McDonald2,5
2449799.6934349746,1995.22244776,-0.0544168949127,0.09555025387360164,4.56395216256752,-0.14789232119225873,McDonald2,5
2449799.7214560257,1995.22252453,0.00119042396545,0.09555025387360164,4.570396812609613,-0.14151551283286803,McDonald2,5
2449799.7278617756,1995.22254208,-0.0191053152084,0.09555025387360164,4.571869841129178,-0.14005715581239297,McDonald2,5
2449800.671850356,1995.22512835,-0.0348209142685,0.09555025387360164,4.7878653459501805,0.07540472516833754,McDonald2,5
2449800.680030006,1995.22515076,-0.0117610692978,0.09555025387360164,4.789727100927521,0.07726104799604243,McDonald2,5
2449800.690917956,1995.22518059,-0.0166866779327,0.09555025387360164,4.792205012657098,0.0797313132731171,McDonald2,5
2449800.7018059064,1995.22521042,0.0923472642899,0.09555025387360164,4.794682610632509,0.08220077630411646,McDonald2,5
2449800.717252707,1995.22525274,-0.0783418416977,0.09555025387360164,4.798197054690751,0.08570281189116351,McDonald2,5
2449800.736345858,1995.22530505,0.0613405704498,0.09555025387360164,4.802540237701656,0.09002919330750168,McDonald2,5
2449800.749153708,1995.22534014,0.0633878707886,0.09555025387360164,4.805453138681155,0.09292987931474711,McDonald2,5
2449801.7440561396,1995.2280659,0.0551981925964,0.09555025387360164,5.030335905845415,0.3126170479496882,McDonald2,5
2449814.3578068395,1995.26262412,-0.112718105316,0.09555025387360164,1.3065997886545264,0.2611337686795947,McDonald2,5
2449816.2458642996,1995.26779688,0.025883436203,0.09555025387360164,1.670919238849204,-0.09995571389840863,McDonald2,5
2449816.25385415,1995.26781877,-0.0098671913147,0.09555025387360164,1.6724887679322695,-0.1015172588448404,McDonald2,5
2449816.2674832502,1995.26785611,-0.0381528139114,0.09555025387360164,1.6751667414505123,-0.1041810301560281,McDonald2,5
2449816.2746409005,1995.26787572,-0.0351957082748,0.09555025387360164,1.676573482070125,-0.10558001224219081,McDonald2,5
2449816.296993501,1995.26793696,-0.0451637506485,0.09555025387360164,1.6809680934249944,-0.10994902770630932,McDonald2,5
2449816.3110204516,1995.26797539,-0.132074713707,0.09555025387360164,1.6837270184208921,-0.11269080404014085,McDonald2,5
2449816.3815676537,1995.26816867,0.00230276584625,0.09555025387360164,1.6976165846309024,-0.12648058142177745,McDonald2,5
2449816.395795354,1995.26820765,-0.087012052536,0.09555025387360164,1.700420600301282,-0.12926157740468158,McDonald2,5
2449816.4595900564,1995.26838243,-0.0708341598511,0.09555025387360164,1.7130051439063716,-0.14172997849577987,McDonald2,5
2449817.251045131,1995.2705508,-0.0726419687271,0.09555025387360164,1.870858231713956,-0.29557934612308645,McDonald2,5
2449818.2823709142,1995.27337635,-0.00511467456818,0.09555025387360164,2.0820149784613804,-0.4892404556694402,McDonald2,5
2449818.2938465145,1995.27340779,0.084370970726,0.09555025387360164,2.084402943513852,-0.4913217199673347,McDonald2,5
2449818.3045738647,1995.27343718,0.0847662687302,0.09555025387360164,2.08663600439212,-0.4932654406192541,McDonald2,5
2449818.403923218,1995.27370937,0.01418197155,0.09555025387360164,2.1073539595859363,-0.5111804030197924,McDonald2,5
2449819.2947750962,1995.27615006,0.0152024030685,0.09555025387360164,2.296193167407856,-0.6634324254088626,McDonald2,5
2449819.315653097,1995.27620726,-0.0608582496643,0.09555025387360164,2.3006864763202257,-0.6667877732184522,McDonald2,5
2449828.6216605417,1995.30170317,0.0713938474655,0.09555025387360164,4.481358293146913,-0.2289809477925966,McDonald2,5
2449828.633238342,1995.30173489,0.0299299955368,0.09555025387360164,4.48402018029374,-0.22638897640181904,McDonald2,5
2449828.676071094,1995.30185224,0.0585950613022,0.09555025387360164,4.493861909958504,-0.21679195865960565,McDonald2,5
2449828.686236344,1995.30188009,0.0421653985977,0.09555025387360164,4.4961961833525255,-0.2145126107963708,McDonald2,5
2449829.6445511742,1995.30450561,0.0627483129501,0.09555025387360164,4.713780957430546,0.0013919765963406351,McDonald2,5
2449829.654063075,1995.30453167,0.0744495391846,0.09555025387360164,4.715915745404238,0.003526757708526521,McDonald2,5
2449830.677136207,1995.30733461,0.00258076190948,0.09555025387360164,4.942659906049533,0.228241306380507,McDonald2,5
2449831.685704239,1995.31009781,0.0461727380753,0.09555025387360164,5.1607553088159825,0.43349391949944227,McDonald2,5
2449841.239995642,1995.33627395,-0.0841799974442,0.09555025387360164,0.7630407272390298,0.7227378408430125,McDonald2,5
2449842.246348124,1995.33903108,0.0535401105881,0.09555025387360164,0.9541871973417302,0.5782720689696896,McDonald2,5
2449844.2411315874,1995.34449624,-0.0197049379349,0.09555025387360164,1.3391713880313874,0.22955937012807912,McDonald2,5
2449846.248555001,1995.34999603,-0.131175994873,0.09555025387360164,1.7427806094071212,-0.17113769343219734,McDonald2,5
2449846.2673269515,1995.35004746,0.0189056396484,0.09555025387360164,1.7466624022321606,-0.1749609196566534,McDonald2,5
2449846.3357790536,1995.350235,-0.123833179474,0.09555025387360164,1.7608366365018817,-0.18889847912602975,McDonald2,5
2449846.3549671043,1995.35028757,-0.0615911483765,0.09555025387360164,1.764815315664392,-0.1928040231946209,McDonald2,5
2449847.2488557827,1995.35273658,-0.019421339035,0.09555025387360164,1.9529388567102426,-0.3729093083110487,McDonald2,5
2449847.2597364327,1995.35276639,0.0667997598648,0.09555025387360164,1.9552635543610206,-0.37506531081360706,McDonald2,5
2449847.2726464835,1995.35280176,-0.0480364561081,0.09555025387360164,1.9580229662027624,-0.37762184995934084,McDonald2,5
2449847.284143984,1995.35283326,-0.0330957174301,0.09555025387360164,1.9604814857391595,-0.37989719694003865,McDonald2,5
2449847.321713435,1995.35293619,-0.0825105905533,0.09555025387360164,1.9685217584717645,-0.3873223205956805,McDonald2,5
2449847.329101035,1995.35295643,-0.0381456613541,0.09555025387360164,1.9701040069968916,-0.38878058027286483,McDonald2,5
2449847.392826387,1995.35313102,-0.0626138448715,0.09555025387360164,1.9837691882273738,-0.4013340356570377,McDonald2,5
2449847.4080724376,1995.35317279,-0.0232039690018,0.09555025387360164,1.987042986321917,-0.4043304552586098,McDonald2,5
2449848.2590042646,1995.35550411,-0.0199843645096,0.09555025387360164,2.172556737750541,-0.566094527576676,McDonald2,5
2449848.2758526653,1995.35555027,-0.0265958309174,0.09555025387360164,2.1762862622943224,-0.5691649809568498,McDonald2,5
2449848.3459728174,1995.35574238,-0.0812335014343,0.09555025387360164,2.1918317194575767,-0.5818775327232341,McDonald2,5
2449857.6154547115,1995.38113822,0.14885699749,0.09555025387360164,4.408775015064579,-0.29897082223161503,McDonald2,5
2449857.6289049615,1995.38117507,0.0779700279236,0.09555025387360164,4.4118269847301885,-0.2960570549201335,McDonald2,5
2449858.5676156413,1995.38374688,0.00950026512146,0.09555025387360164,4.621497147694913,-0.0907667365418918,McDonald2,5
2449858.578587542,1995.38377694,0.00671911239624,0.09555025387360164,4.62390931704203,-0.0883642624586767,McDonald2,5
2449858.592322492,1995.38381457,0.0418251752853,0.09555025387360164,4.626927705819819,-0.08535728296764608,McDonald2,5
2449858.5990494424,1995.383833,0.0697823762894,0.09555025387360164,4.628405517405187,-0.08388477212148296,McDonald2,5
2449858.611079843,1995.38386596,-0.0580656528473,0.09555025387360164,4.631047597558491,-0.08125171436260016,McDonald2,5
2449858.6308080936,1995.38392001,-0.0996434688568,0.09555025387360164,4.63537797872501,-0.07693490277673305,McDonald2,5
2449858.643823994,1995.38395567,-0.00997924804688,0.09555025387360164,4.638233440890314,-0.07408759408258735,McDonald2,5
2449858.649678594,1995.38397171,0.00413274765015,0.09555025387360164,4.6395174374522865,-0.07280706555961967,McDonald2,5
2449859.628791125,1995.38665421,0.0301815271378,0.09555025387360164,4.850845807900651,0.1380148750194637,McDonald2,5
2449859.656447176,1995.38672998,0.000345826148987,0.09555025387360164,4.856719930478302,0.14383036858681172,McDonald2,5
2449859.6611958263,1995.38674299,0.0288047790527,0.09555025387360164,4.857728034657061,0.14482791760375519,McDonald2,5
2449859.685304077,1995.38680904,0.034000992775,0.09555025387360164,4.862843763404891,0.14988779330124516,McDonald2,5
2449859.6926770774,1995.38682924,0.055046081543,0.09555025387360164,4.864407542166342,0.15143372217733306,McDonald2,5
2449860.627423857,1995.38939019,0.0248500108719,0.09555025387360164,5.059912218495771,0.34057015557252773,McDonald2,5
2449860.6459293575,1995.38944089,0.0603158473969,0.09555025387360164,5.06373029624812,0.34415749414053215,McDonald2,5
2449861.6483361893,1995.39218721,0.0291174650192,0.09555025387360164,5.2678483791535875,0.5273336878005526,McDonald2,5
2449861.6586437896,1995.39221545,-0.0312608480453,0.09555025387360164,5.269921644505002,0.5290941202446687,McDonald2,5
2449872.273296726,1995.42129669,0.0422139167786,0.09555025387360164,1.0308531151115563,0.5140872829919183,McDonald2,5
2449873.247062007,1995.42396454,-0.0707639455795,0.09555025387360164,1.2244853440943881,0.33943011990747973,McDonald2,5
2449873.2984284586,1995.42410527,-0.1036850214,0.09555025387360164,1.2348087448445155,0.3297016919705903,McDonald2,5
2449874.245103439,1995.4266989,-0.132658362389,0.09555025387360164,1.4273579629565136,0.14294700594650017,McDonald2,5
2449874.257104639,1995.42673178,-0.0898201465607,0.09555025387360164,1.4298289403939857,0.1405009706887661,McDonald2,5
2449874.2784461896,1995.42679025,-0.132351756096,0.09555025387360164,1.4342250222674855,0.13614715196301502,McDonald2,5
2449874.3020288404,1995.42685486,-0.0938616991043,0.09555025387360164,1.4390857010345863,0.1313301434404892,McDonald2,5
2449874.312493391,1995.42688353,-0.143759846687,0.09555025387360164,1.4412435743177743,0.1291906560683547,McDonald2,5
2449875.2531020707,1995.42946054,-0.114597916603,0.09555025387360164,1.6378652985401119,-0.06701870091991038,McDonald2,5
2449875.264161571,1995.42949084,-0.0976190567017,0.09555025387360164,1.640210174023792,-0.06935811807258946,McDonald2,5
2449875.2828021217,1995.42954191,-0.116969943047,0.09555025387360164,1.6441642376505532,-0.0733021071547043,McDonald2,5
2449875.328682623,1995.42966761,-0.0263044834137,0.09555025387360164,1.6539062835375593,-0.08301431269926612,McDonald2,5
2449876.2586077526,1995.43221535,-0.0379385948181,0.09555025387360164,1.8544986666600298,-0.2799119002516311,McDonald2,5
2449876.267875103,1995.43224074,-0.0449373722076,0.09555025387360164,1.8565289468526534,-0.2818604431546795,McDonald2,5
2449876.2883370034,1995.4322968,0.081339597702,0.09555025387360164,1.861013969447631,-0.28616077306968335,McDonald2,5
2449876.3119999543,1995.43236163,-0.0981552600861,0.09555025387360164,1.866204500568255,-0.29113036743411036,McDonald2,5
2449876.3212600043,1995.432387,-0.123730659485,0.09555025387360164,1.8682368498759496,-0.29307407967287336,McDonald2,5
2449876.331235455,1995.43241433,-0.0420316457748,0.09555025387360164,1.8704269254905184,-0.29516728396121444,McDonald2,5
2449876.338334705,1995.43243378,-0.0455604791641,0.09555025387360164,1.8719859925449085,-0.2966565283685705,McDonald2,5
2449877.2682306343,1995.43498144,-0.0162582397461,0.09555025387360164,2.0795118298892104,-0.48705580684200583,McDonald2,5
2449877.2766110348,1995.4350044,-0.0200805664062,0.09555025387360164,2.0814124298284584,-0.48871485473569914,McDonald2,5
2449877.3016390856,1995.43507297,-0.0616675615311,0.09555025387360164,2.0870918245728296,-0.49366189769449453,McDonald2,5
2449877.3089755857,1995.43509307,-0.0661824941635,0.09555025387360164,2.088757556671235,-0.49510982259160263,McDonald2,5
2449877.3214403363,1995.43512722,0.122825026512,0.09555025387360164,2.0915886053874955,-0.4975675363829549,McDonald2,5
2449877.337445587,1995.43517107,0.158140420914,0.09555025387360164,2.0952255632440844,-0.5007190276947541,McDonald2,5
2449877.3539180374,1995.4352162,-0.0668896436691,0.09555025387360164,2.0989707698666438,-0.5039573962697455,McDonald2,5
2449877.3633970874,1995.43524217,-0.0522993803024,0.09555025387360164,2.1011269026560058,-0.505818536767516,McDonald2,5
2449878.2568477658,1995.43768998,-0.00636231899261,0.09555025387360164,2.307481095698748,-0.6718360167193255,McDonald2,5
2449878.2674145163,1995.43771893,0.0396881103516,0.09555025387360164,2.30995820676279,-0.6736687495833175,McDonald2,5
2449878.3707898194,1995.43800215,-0.0309476852417,0.09555025387360164,2.334236057045474,-0.6914106049797072,McDonald2,5
2449878.3789585195,1995.43802453,-0.0368922948837,0.09555025387360164,2.336157886031313,-0.6927977757460603,McDonald2,5
2449883.4455455802,1995.45190559,0.0249812602997,0.09555025387360164,3.5832208971111053,-0.9040569310238259,McDonald2,5
2449883.592447135,1995.45230806,0.0721864700317,0.09555025387360164,3.6192472964830324,-0.8880755193121355,McDonald2,5
2449884.4511060123,1995.45466055,0.0626376867294,0.09555025387360164,3.827219102528396,-0.7740225578254831,McDonald2,5
2449884.4707393628,1995.45471434,0.154440522194,0.09555025387360164,3.831916212945924,-0.7710400170687415,McDonald2,5
2449887.53358586,1995.4631057,0.019082069397,0.09555025387360164,4.526165283057275,-0.18514921196678127,McDonald2,5
2449887.5447804104,1995.46313637,0.00175297260284,0.09555025387360164,4.528559578789599,-0.18279578415269893,McDonald2,5
2449887.5668775113,1995.46319691,0.135470271111,0.09555025387360164,4.533282828615407,-0.17815009507967927,McDonald2,5
2449887.586080162,1995.46324952,0.0622072219849,0.09555025387360164,4.5373842828967845,-0.17411276333268152,McDonald2,5
2449887.6043192125,1995.46329949,0.0223151445389,0.09555025387360164,4.541277254480111,-0.17027794440868654,McDonald2,5
2449887.615331263,1995.46332966,0.0541591644287,0.09555025387360164,4.543626427150197,-0.16796261116401845,McDonald2,5
2449889.5984967756,1995.46876299,-0.0222119092941,0.09555025387360164,4.952770366421467,0.23807306387119911,McDonald2,5
2449889.6075852755,1995.46878789,-0.0186488628387,0.09555025387360164,4.95458934745273,0.23983934936217569,McDonald2,5
2449889.6657370776,1995.46894721,0.0832957029343,0.09555025387360164,4.966217616781473,0.2511117502768268,McDonald2,5
2449903.2250823574,1995.5060961,0.0662868022919,0.09555025387360164,1.3324628814272999,0.23608350927677665,McDonald2,5
2449903.246237758,1995.50615406,0.0266274213791,0.09555025387360164,1.3369374775129994,0.23173304870734734,McDonald2,5
2449904.25201719,1995.50890962,0.158441781998,0.09555025387360164,1.5525824249570261,0.01821289478906001,McDonald2,5
2449904.274789541,1995.50897201,-0.0908620357513,0.09555025387360164,1.557534359103626,0.013261578942680477,McDonald2,5
2449905.2689291225,1995.51169568,0.0248194932938,0.09555025387360164,1.7769590145125163,-0.20470536423442584,McDonald2,5
2449905.2862520227,1995.51174314,-0.0270377397537,0.09555025387360164,1.7808405323087042,-0.20850313400151196,McDonald2,5
2449906.2829028047,1995.51447369,0.0414264202118,0.09555025387360164,2.007635934884293,-0.4230779728320634,McDonald2,5
2449906.291973055,1995.51449854,-0.0320205688477,0.09555025387360164,2.009731517662379,-0.4249758359453963,McDonald2,5
2449906.334470006,1995.51461497,-0.0907323360443,0.09555025387360164,2.0195575464028273,-0.4338497444380532,McDonald2,5
2449907.2464225353,1995.51711347,0.00883841514587,0.09555025387360164,2.2333681083454144,-0.6151465095850239,McDonald2,5
2449907.2615882857,1995.51715502,-0.0185159444809,0.09555025387360164,2.236970104660826,-0.6179823729427584,McDonald2,5
2449907.2886712863,1995.51722922,-0.0434713363647,0.09555025387360164,2.2434061750890137,-0.6230295254896395,McDonald2,5
2449907.2942375364,1995.51724447,-0.0389932394028,0.09555025387360164,2.2447295265674336,-0.6240641029464861,McDonald2,5
2449907.306961437,1995.51727933,0.115045428276,0.09555025387360164,2.24775531156215,-0.6264255097152034,McDonald2,5
2449907.3151629874,1995.5173018,0.0538939237595,0.09555025387360164,2.249706207022179,-0.6279450031743639,McDonald2,5
2449907.3595579388,1995.51742343,-0.0592358112335,0.09555025387360164,2.2602737169184675,-0.636134034529861,McDonald2,5
2449908.251924567,1995.51986827,-0.189615607262,0.09555025387360164,2.4751412593627755,-0.7860203605421505,McDonald2,5
2449908.2717112177,1995.51992248,0.00939619541168,0.09555025387360164,2.4799542479491166,-0.7889866375214337,McDonald2,5
2449908.34000272,1995.52010958,0.0237916707993,0.09555025387360164,2.496580284607182,-0.7990923306687917,McDonald2,5
2449908.34946717,1995.52013551,-0.0150094032288,0.09555025387360164,2.498886223656446,-0.8004765546599942,McDonald2,5
2449908.3615632704,1995.52016865,-0.015038728714,0.09555025387360164,2.5018339573250774,-0.8022398400215772,McDonald2,5
2449908.386445321,1995.52023682,0.0895949602127,0.09555025387360164,2.5078996868471943,-0.8058463113251649,McDonald2,5
2449908.402943322,1995.52028202,-0.0382950305939,0.09555025387360164,2.5119231418465002,-0.808222169605221,McDonald2,5
2449908.4122654223,1995.52030756,-0.0774807929993,0.09555025387360164,2.5141971260764984,-0.8095591773545464,McDonald2,5
2449916.6274119327,1995.54281481,0.0490069389343,0.09555025387360164,4.4415583377640475,-0.2675318937618675,McDonald2,5
2449916.637628283,1995.5428428,0.0396593809128,0.09555025387360164,4.443670042507656,-0.2654965677668417,McDonald2,5
2449916.6477825833,1995.54287062,0.0258519649506,0.09555025387360164,4.445768185565621,-0.26347314037543007,McDonald2,5
2449916.6572762337,1995.54289663,0.0419217348099,0.09555025387360164,4.447729158533763,-0.26158094962099865,McDonald2,5
2449917.611798714,1995.54551176,-0.0197602510452,0.09555025387360164,4.641823876835475,-0.07050655575045074,McDonald2,5
2449917.622964064,1995.54554235,-0.00821268558502,0.09555025387360164,4.644060781191714,-0.06827504380487578,McDonald2,5
2449918.634335296,1995.54831323,-0.113463282585,0.09555025387360164,4.843980280031682,0.1312118499132162,McDonald2,5
2449936.228825054,1995.59651731,-0.00741243362427,0.09555025387360164,2.170672294577242,-0.5645401008454438,McDonald2,5
2449936.261656805,1995.59660726,-0.0968135595322,0.09555025387360164,2.1784761784243045,-0.5709642148961764,McDonald2,5
2449936.3285175073,1995.59679044,0.00785171985626,0.09555025387360164,2.194381924435221,-0.5839496599196624,McDonald2,5
2449936.3430116577,1995.59683015,0.0659910440445,0.09555025387360164,2.1978323361911194,-0.5867471876195516,McDonald2,5
2449937.211445235,1995.59920942,-0.00393795967102,0.09555025387360164,2.4059115913543443,-0.741373869802832,McDonald2,5
2449937.229815686,1995.59925975,-0.0194940567017,0.09555025387360164,2.4103377146404896,-0.744336935108473,McDonald2,5
2449948.562850695,1995.63030916,0.0236495733261,0.09555025387360164,4.891055955974947,0.17771792709273318,McDonald2,5
2449962.1638461263,1995.66757216,0.0616476535797,0.09555025387360164,1.407631459675788,0.16244184667106165,McDonald2,5
2449962.1735003768,1995.66759861,0.00540959835052,0.09555025387360164,1.4098276678165735,0.16027441829223793,McDonald2,5
2449962.180563127,1995.66761796,-0.0161978006363,0.09555025387360164,1.411434519030557,0.15868813342562996,McDonald2,5
2449963.1397685576,1995.67024592,0.0175610780716,0.09555025387360164,1.630992447092742,-0.060159772712188156,McDonald2,5
2449963.149170958,1995.67027168,-0.0434312820435,0.09555025387360164,1.6331572559684475,-0.06232051794667578,McDonald2,5
2449963.1734288586,1995.67033814,0.0767585039139,0.09555025387360164,1.6387434820161597,-0.06789488403791606,McDonald2,5
2449963.21703541,1995.67045761,-0.0104752779007,0.09555025387360164,1.648789329787244,-0.0779139563208495,McDonald2,5
2449963.22571511,1995.67048139,-0.0160508155823,0.09555025387360164,1.6507895122686942,-0.07990790123597098,McDonald2,5
2449964.16195839,1995.67304644,-0.0458750724792,0.09555025387360164,1.8676326717831415,-0.2924963777440112,McDonald2,5
2449964.195604091,1995.67313862,-0.0759004354477,0.09555025387360164,1.8754623616287018,-0.29997460681288535,McDonald2,5
2449964.2169237416,1995.67319703,-0.0110021829605,0.09555025387360164,1.8804248490469195,-0.3047048446733234,McDonald2,5
2449964.234425492,1995.67324498,0.00813114643097,0.09555025387360164,1.8844993442678906,-0.30858304470217146,McDonald2,5
2449964.259548443,1995.67331381,-0.0618659257889,0.09555025387360164,1.8903491629584974,-0.31414206542941175,McDonald2,5
2449964.2701297933,1995.6733428,-0.0245856046677,0.09555025387360164,1.8928133796505002,-0.3164805774213444,McDonald2,5
2449965.173990272,1995.67581913,-0.0461131334305,0.09555025387360164,2.104007749760383,-0.508301568042709,McDonald2,5
2449965.1855571223,1995.67585082,-0.0703721046448,0.09555025387360164,2.106717753818419,-0.5106334976444485,McDonald2,5
2449965.2182282736,1995.67594033,-0.123234152794,0.09555025387360164,2.1143730413445003,-0.517200475593806,McDonald2,5
2449965.226637874,1995.67596337,-0.112739562988,0.09555025387360164,2.1163436974465086,-0.518886084400689,McDonald2,5
2449965.236018374,1995.67598907,-0.0354071855545,0.09555025387360164,2.1185419510521823,-0.5207639917534187,McDonald2,5
2449965.2450411743,1995.67601379,0.0588881969452,0.09555025387360164,2.120656461392455,-0.5225679851331884,McDonald2,5
2449965.2533668247,1995.6760366,-0.0325028896332,0.09555025387360164,2.1226076631795707,-0.5242305793195304,McDonald2,5
2449965.3157234266,1995.67620744,-0.0161654949188,0.09555025387360164,2.137223633614519,-0.5366207572953079,McDonald2,5
2449965.3248703266,1995.6762325,-0.0953904390335,0.09555025387360164,2.139367900626734,-0.53842890522613,McDonald2,5
2449966.1584099033,1995.67851617,-0.0528010129929,0.09555025387360164,2.3349480520677806,-0.6919248190499747,McDonald2,5
2449966.1768424036,1995.67856667,-0.0762866735458,0.09555025387360164,2.3392738428179203,-0.6950414247524522,McDonald2,5
2449966.240589656,1995.67874132,0.0128353834152,0.09555025387360164,2.3542333328458254,-0.7057186746020433,McDonald2,5
2449966.2534157564,1995.67877646,-0.0869165658951,0.09555025387360164,2.3572430270027427,-0.7078478198326741,McDonald2,5
2449966.278206557,1995.67884438,-0.0457317829132,0.09555025387360164,2.3630600787380165,-0.7119447821299416,McDonald2,5
2449966.289813557,1995.67887618,-0.0624992847443,0.09555025387360164,2.365783511489977,-0.71385463051361,McDonald2,5
2449966.302066608,1995.67890975,-0.0676171779633,0.09555025387360164,2.3686584598490157,-0.715864986460787,McDonald2,5
2449967.2059891364,1995.68138625,0.0128908157349,0.09555025387360164,2.5803406507251747,-0.8465894005048783,McDonald2,5
2449967.215909837,1995.68141343,-0.0706726312637,0.09555025387360164,2.5826571883647866,-0.847820097017073,McDonald2,5
2449967.2368279872,1995.68147074,-0.201515078545,0.09555025387360164,2.587541048369913,-0.8503998082476696,McDonald2,5
2449967.2470479878,1995.68149874,-0.234639167786,0.09555025387360164,2.5899268400877786,-0.8516526401692781,McDonald2,5
2449967.256289788,1995.68152406,-0.1942101717,0.09555025387360164,2.5920840943399033,-0.8527812889047185,McDonald2,5
2449967.2736382387,1995.68157159,-0.0777175426483,0.09555025387360164,2.5961331578497786,-0.8548889896105605,McDonald2,5
2449967.285186839,1995.68160323,-0.0515851974487,0.09555025387360164,2.598828211390576,-0.8562841065795435,McDonald2,5
2449967.3403675407,1995.68175441,-0.0286293029785,0.09555025387360164,2.6117016160389785,-0.86286214954368,McDonald2,5
2449967.415915243,1995.68196139,-0.0918347835541,0.09555025387360164,2.629315677659709,-0.8716306783424239,McDonald2,5
2449967.4255001433,1995.68198765,0.0242305994034,0.09555025387360164,2.631549482167146,-0.8727234315262076,McDonald2,5
2449990.1318333135,1995.74419678,0.0158202648163,0.09555025387360164,1.1141903911792213,0.4409042958701672,McDonald2,5
2449991.165798046,1995.74702956,-0.0532382726669,0.09555025387360164,1.353049098239596,0.216030597278434,McDonald2,5
2449991.190760397,1995.74709795,-0.038632273674,0.09555025387360164,1.3588171250277363,0.21039521080352133,McDonald2,5
2449993.1373127587,1995.75243097,-0.0427864789963,0.09555025387360164,1.8075589114500672,-0.23455676179272808,McDonald2,5
2449993.143955759,1995.75244917,-0.0463750362396,0.09555025387360164,1.8090840592059165,-0.2360390882521956,McDonald2,5
2449993.1547634094,1995.75247878,0.0586774349213,0.09555025387360164,1.811565226499905,-0.23844941757017418,McDonald2,5
2449993.1659689094,1995.75250948,0.13197863102,0.09555025387360164,1.8141375581115788,-0.2409467584149309,McDonald2,5
2449993.1875477103,1995.7525686,-0.0543481111526,0.09555025387360164,1.8190906853204267,-0.24575098296892647,McDonald2,5
2449993.203169711,1995.7526114,0.00807178020477,0.09555025387360164,1.8226760971270903,-0.24922485390139276,McDonald2,5
2449993.211221611,1995.75263346,-0.0720777511597,0.09555025387360164,1.8245239563004105,-0.2510139785571747,McDonald2,5
2449993.276549313,1995.75281244,-0.0687795877457,0.09555025387360164,1.8395127821348343,-0.2654941743227029,McDonald2,5
2449994.11966649,1995.75512235,-0.0888121128082,0.09555025387360164,2.032327730360595,-0.44531980384617376,McDonald2,5
2449994.1276417403,1995.7551442,-0.0748368501663,0.09555025387360164,2.034145334422269,-0.44694649837885425,McDonald2,5
2449994.1399531905,1995.75517793,-0.0361559391022,0.09555025387360164,2.0369509272503485,-0.4494545091064006,McDonald2,5
2449994.156951241,1995.7552245,-0.166041612625,0.09555025387360164,2.040824013845557,-0.45291097010184234,McDonald2,5
2449994.1640103413,1995.75524384,-0.148256778717,0.09555025387360164,2.0424322882957546,-0.4543442500778231,McDonald2,5
2449994.1986013926,1995.75533861,-0.0598287582397,0.09555025387360164,2.05031167139979,-0.4613492344497044,McDonald2,5
2449994.2059707427,1995.7553588,-0.0753910541534,0.09555025387360164,2.051989989222073,-0.4628376188241023,McDonald2,5
2449994.212241443,1995.75537598,-0.12307202816,0.09555025387360164,2.05341800752854,-0.46410300342584243,McDonald2,5
2449994.222884843,1995.75540514,-0.0420469045639,0.09555025387360164,2.055841625853608,-0.46624843391278836,McDonald2,5
2449994.2304257434,1995.7554258,-0.0461384057999,0.09555025387360164,2.057558626566098,-0.4677666971505012,McDonald2,5
2449994.288760045,1995.75558562,-0.0533932447433,0.09555025387360164,2.070836781655204,-0.47946104069182993,McDonald2,5
2449994.2967681456,1995.75560756,-0.0880995988846,0.09555025387360164,2.07265903036316,-0.48105938210572025,McDonald2,5
2449994.3327571466,1995.75570616,-0.0794816017151,0.09555025387360164,2.080846637419448,-0.4882211545863154,McDonald2,5
2449994.3401994966,1995.75572655,-0.098335981369,0.09555025387360164,2.0825394427763544,-0.4896977993598155,McDonald2,5
2449995.1127366214,1995.75784309,-0.117111802101,0.09555025387360164,2.257545077137679,-0.6340263090029891,McDonald2,5
2449995.119719072,1995.75786222,-0.127988815308,0.09555025387360164,2.2591199094050993,-0.6352433581422515,McDonald2,5
2449995.1263803216,1995.75788047,-0.129177212715,0.09555025387360164,2.2606221737211025,-0.6364028577056223,McDonald2,5
2449995.134592822,1995.75790297,-0.145057559013,0.09555025387360164,2.2624741137049216,-0.63783027216727,McDonald2,5
2449995.144320072,1995.75792962,-0.0199488401413,0.09555025387360164,2.2646673949197837,-0.6395179513281032,McDonald2,5
2449995.1522515225,1995.75795135,0.00882065296173,0.09555025387360164,2.266455570615275,-0.6408916349945724,McDonald2,5
2449995.177746773,1995.7580212,-0.0762903690338,0.09555025387360164,2.272202398938522,-0.645292473355542,McDonald2,5
2449995.1914890236,1995.75805885,-0.0839883089066,0.09555025387360164,2.2752992642185883,-0.6476551808958833,McDonald2,5
2449995.2128123245,1995.75811727,-0.132567048073,0.09555025387360164,2.2801035079095873,-0.6513082071945347,McDonald2,5
2449995.254542776,1995.7582316,-0.0571618080139,0.09555025387360164,2.2895019046313196,-0.6584109658358206,McDonald2,5
2449995.261441276,1995.7582505,-0.0660942792892,0.09555025387360164,2.2910550908562275,-0.6595791901972904,McDonald2,5
2450002.3249835502,1995.77760267,-0.0880036354065,0.09555025387360164,3.782442077705654,-0.8015881963709375,McDonald2,5
2450002.3343677004,1995.77762838,-0.064848780632,0.09555025387360164,3.7842812439751765,-0.8004872469166486,McDonald2,5
2450002.3920012023,1995.77778628,-0.0628770589828,0.09555025387360164,3.7955697756633393,-0.7936706086619406,McDonald2,5
2450002.4047032027,1995.77782108,0.0442634820938,0.09555025387360164,3.798056109088206,-0.7921556017397996,McDonald2,5
2450002.4963985053,1995.7780723,0.0929292440414,0.09555025387360164,3.8159881824051984,-0.7810845409012749,McDonald2,5
2450002.5053118058,1995.77809672,-0.0262331962585,0.09555025387360164,3.817729731904888,-0.7799958893912159,McDonald2,5
2450002.513925806,1995.77812032,-0.0698264837265,0.09555025387360164,3.8194125432535952,-0.7789417079814159,McDonald2,5
2450003.330204532,1995.7803567,-0.106980681419,0.09555025387360164,3.977806394963184,-0.6702774462557979,McDonald2,5
2450003.3463740326,1995.780401,-0.0815320014954,0.09555025387360164,3.980924265906606,-0.6679603870021438,McDonald2,5
2450003.355104833,1995.78042492,-0.0324099063873,0.09555025387360164,3.9826074861054814,-0.6667067942153319,McDonald2,5
2450005.4041601475,1995.78603877,-0.114873170853,0.09555025387360164,4.373627604785794,-0.33231911769010414,McDonald2,5
2450005.417873198,1995.78607634,-0.047523021698,0.09555025387360164,4.376228980939972,-0.3298644638673144,McDonald2,5
2450005.4367692485,1995.78612811,0.00669968128204,0.09555025387360164,4.379813505699708,-0.32647845910853185,McDonald2,5
2450005.4945779503,1995.78628649,-0.0255726575851,0.09555025387360164,4.3907792261800225,-0.3160941880922311,McDonald2,5
2450005.506539001,1995.78631926,-0.0180724859238,0.09555025387360164,4.393048052694269,-0.31394087756195177,McDonald2,5
2450005.5507989023,1995.78644052,-0.0957901477814,0.09555025387360164,4.401443347239851,-0.30595905810278534,McDonald2,5
2450005.5634571025,1995.7864752,-0.103507041931,0.09555025387360164,4.403844351289255,-0.30367231529069916,McDonald2,5
2450006.43534723,1995.78886394,-0.113267540932,0.09555025387360164,4.569356425521411,-0.14254535273074392,McDonald2,5
2450006.4464943307,1995.78889448,-0.0720380544662,0.09555025387360164,4.571476162220263,-0.14044694353052123,McDonald2,5
2450006.4798626318,1995.7889859,-0.071457862854,0.09555025387360164,4.5778223523179955,-0.1341608695563851,McDonald2,5
2450006.4856624817,1995.78900179,-0.0861880779266,0.09555025387360164,4.578925538094916,-0.13306757564147226,McDonald2,5
2450007.4898833637,1995.79175308,-0.0945312976837,0.09555025387360164,4.770779343084216,0.058357188669515996,McDonald2,5
2450019.076575131,1995.82349744,0.0294513702393,0.09555025387360164,1.0351964728610379,0.510356983192487,McDonald2,5
2450019.0865323315,1995.82352472,0.0125081539154,0.09555025387360164,1.0375426113230573,0.5083379890124762,McDonald2,5
2450021.159338197,1995.82920364,0.0620092153549,0.09555025387360164,1.5188811603335286,0.05189184944503725,McDonald2,5
2450021.170897748,1995.82923531,0.00764954090118,0.09555025387360164,1.5215192607082604,0.04925712583895871,McDonald2,5
2450022.1031771274,1995.8317895,0.0137981176376,0.09555025387360164,1.732373360598093,-0.16087489865124072,McDonald2,5
2450022.1097142776,1995.83180741,0.000954985618591,0.09555025387360164,1.7338383365824677,-0.16232061989033858,McDonald2,5
2450022.126770728,1995.83185414,-0.09809923172,0.09555025387360164,1.737659791529298,-0.1660902005621081,McDonald2,5
2450022.134216728,1995.83187454,0.02942943573,0.09555025387360164,1.739327642402115,-0.16773465415646785,McDonald2,5
2450022.154700529,1995.83193066,-0.0208200216293,0.09555025387360164,1.7439145912402734,-0.1722548354951516,McDonald2,5
2450022.163756179,1995.83195547,-0.0731643438339,0.09555025387360164,1.7459418312273325,-0.17425141782616957,McDonald2,5
2450022.1751587796,1995.83198671,0.047530412674,0.09555025387360164,1.7484939498036556,-0.1767639218335468,McDonald2,5
2450022.18516708,1995.83201413,-0.00937676429749,0.09555025387360164,1.750733519223159,-0.1789677802394343,McDonald2,5
2450022.243191132,1995.8321731,-0.0650081634521,0.09555025387360164,1.7637088174273425,-0.19171816806199554,McDonald2,5
2450022.251885432,1995.83219692,0.00131392478943,0.09555025387360164,1.7656517351246426,-0.19362468161626284,McDonald2,5
2450023.079789408,1995.83446515,-0.0132776498795,0.09555025387360164,1.9491158995847218,-0.36935939311559884,McDonald2,5
2450023.0900349584,1995.83449322,0.0125753879547,0.09555025387360164,1.9513671804948869,-0.37145054059080196,McDonald2,5
2450023.0944733587,1995.83450538,-0.0721480846405,0.09555025387360164,1.9523422969652549,-0.372355713411682,McDonald2,5
2450023.104302809,1995.83453231,0.0138703584671,0.09555025387360164,1.9545015161128658,-0.37435879375318265,McDonald2,5
2450023.112212359,1995.83455398,-0.11954665184,0.09555025387360164,1.956238682848792,-0.37596907488706977,McDonald2,5
2450023.1210563094,1995.83457821,-0.0968877077103,0.09555025387360164,1.95818074270302,-0.3777679399711577,McDonald2,5
2450023.1559868106,1995.83467391,-0.0243510007858,0.09555025387360164,1.9658478105132904,-0.38485570759344095,McDonald2,5
2450023.165823561,1995.83470086,-0.0213567018509,0.09555025387360164,1.968005952359078,-0.38684672455085595,McDonald2,5
2450023.1765509113,1995.83473025,0.0308982133865,0.09555025387360164,1.9703589998493203,-0.3890155002912193,McDonald2,5
2450023.1858219113,1995.83475565,0.0498660802841,0.09555025387360164,1.9723921863404579,-0.39088772978514474,McDonald2,5
2450023.194001562,1995.83477806,-0.0926495790482,0.09555025387360164,1.9741857175989876,-0.3925379351834951,McDonald2,5
2450023.204984412,1995.83480815,-0.119744420052,0.09555025387360164,1.9765934339610358,-0.39475125822461393,McDonald2,5
2450023.262362414,1995.83496535,-0.0135345458984,0.09555025387360164,1.9891634660076059,-0.4062689630038184,McDonald2,5
2450023.2772617145,1995.83500617,-0.0588399171829,0.09555025387360164,1.9924251391569419,-0.4092471620553989,McDonald2,5
2450024.1600324926,1995.83742472,-0.0770328044891,0.09555025387360164,2.1839482667264765,-0.5754480915019966,McDonald2,5
2450024.167423743,1995.83744497,-0.0593054294586,0.09555025387360164,2.185537689906681,-0.5767472552478139,McDonald2,5
2450024.178486893,1995.83747528,-0.132277131081,0.09555025387360164,2.187916289897495,-0.5786887540634479,McDonald2,5
2450024.186900143,1995.83749833,-0.165644049644,0.09555025387360164,2.1897248086798027,-0.5801627416363484,McDonald2,5
2450024.236350345,1995.83763381,-0.00762665271759,0.09555025387360164,2.2003486061072826,-0.5887829282745674,McDonald2,5
2450024.2468075952,1995.83766246,-0.023166179657,0.09555025387360164,2.2025938996465086,-0.5905962936302457,McDonald2,5
2450033.3430860336,1995.86258377,-0.0148138999939,0.09555025387360164,4.015532055124914,-0.6418105529521603,McDonald2,5
2450033.357160434,1995.86262233,-0.0774827003479,0.09555025387360164,4.018196169142054,-0.6397652666625953,McDonald2,5
2450033.4107862357,1995.86276925,0.0434985160828,0.09555025387360164,4.028346402088175,-0.6319312760545487,McDonald2,5
2450033.4181811363,1995.86278951,0.0483093261719,0.09555025387360164,4.02974604626049,-0.6308458990083761,McDonald2,5
2450033.4311021366,1995.86282491,-0.0189015865326,0.09555025387360164,4.032191595343943,-0.6289464929910894,McDonald2,5
2450033.440391387,1995.86285036,0.0985761880875,0.09555025387360164,4.033949744147977,-0.6275786513238747,McDonald2,5
2450033.5434819898,1995.8631328,-0.0467746257782,0.09555025387360164,4.053460439873567,-0.6122700555259761,McDonald2,5
2450033.55171274,1995.86315535,-0.0237808227539,0.09555025387360164,4.055018116180747,-0.6110377384723608,McDonald2,5
2450033.5612574904,1995.8631815,-0.0133061408997,0.09555025387360164,4.056824460944382,-0.6096068372140446,McDonald2,5
2450034.5035999203,1995.86576326,-0.114315509796,0.09555025387360164,4.235277914181468,-0.45921478250690695,McDonald2,5
2450034.516608521,1995.8657989,-0.094188451767,0.09555025387360164,4.237745179651753,-0.4570216527569322,McDonald2,5
2450034.526186121,1995.86582514,0.0082448720932,0.09555025387360164,4.239561813125775,-0.45540508476425595,McDonald2,5
2450034.5339788715,1995.86584649,-0.0119049549103,0.09555025387360164,4.241039971828243,-0.45408860617708374,McDonald2,5
2450034.5432498716,1995.86587189,-0.0674608945847,0.09555025387360164,4.242798609756049,-0.4525210348355615,McDonald2,5
2450034.550560822,1995.86589192,-0.0847140550613,0.09555025387360164,4.244185502444935,-0.4512838332995761,McDonald2,5
2450034.5613940223,1995.8659216,-0.0411275625229,0.09555025387360164,4.246240669018655,-0.4494488910336802,McDonald2,5
2450035.4150706492,1995.86826044,-0.0498379468918,0.09555025387360164,4.408698741237312,-0.29904360659613505,McDonald2,5
2450035.4254622,1995.86828891,-0.072117805481,0.09555025387360164,4.410684091698602,-0.29714851875790177,McDonald2,5
2450035.4408469503,1995.86833106,0.017529129982,0.09555025387360164,4.413623832679052,-0.29434028219219704,McDonald2,5
2450035.464305501,1995.86839533,-0.0958374738693,0.09555025387360164,4.418107298035775,-0.2900524873073155,McDonald2,5
2450035.473901351,1995.86842162,-0.0222629308701,0.09555025387360164,4.4199416255502,-0.28829652918358545,McDonald2,5
2450035.5117993024,1995.86852545,-0.045702457428,0.09555025387360164,4.427188101828164,-0.2813502210688767,McDonald2,5
2450035.534151903,1995.86858669,-0.10681283474,0.09555025387360164,4.431463637667898,-0.27724483577145814,McDonald2,5
2450035.5450143036,1995.86861645,-0.00801765918732,0.09555025387360164,4.433541768567131,-0.27524757183020626,McDonald2,5
2450035.589511455,1995.86873836,-0.0990699529648,0.09555025387360164,4.442057507760289,-0.26705088569788227,McDonald2,5
2450035.595672655,1995.86875524,-0.0191569328308,0.09555025387360164,4.443236980364457,-0.26591406318235283,McDonald2,5
2450035.6032573553,1995.86877602,-0.0668902397156,0.09555025387360164,4.444689082981791,-0.26451396113443565,McDonald2,5
2450036.442921632,1995.87107647,-0.140629291534,0.09555025387360164,4.606407256616668,-0.10578343515242324,McDonald2,5
2450036.5209841845,1995.87129034,-0.106152772903,0.09555025387360164,4.621553855950419,-0.09071026222192444,McDonald2,5
2450036.532700685,1995.87132244,-0.0264040231705,0.09555025387360164,4.623829090724284,-0.08844417466487235,McDonald2,5
2450050.0544181135,1995.90836824,0.0817483663559,0.09555025387360164,1.4118249377807501,0.15830264968154517,McDonald2,5
2450050.140766166,1995.90860481,-0.014765381813,0.09555025387360164,1.431183547633541,0.13915967192378023,McDonald2,5
2450051.0684574954,1995.91114643,-0.0412155389786,0.09555025387360164,1.6359662990185937,-0.06512385117946182,McDonald2,5
2450051.145574698,1995.91135771,0.015965461731,0.09555025387360164,1.652731902661995,-0.08184392839313612,McDonald2,5
2450051.2178629506,1995.91155576,-0.0526714324951,0.09555025387360164,1.6684128283850992,-0.09746154446675853,McDonald2,5
2450052.0415073764,1995.91381232,-0.0518494844437,0.09555025387360164,1.8447839483517088,-0.2705724594436992,McDonald2,5
2450052.057060027,1995.91385493,-0.00991117954254,0.09555025387360164,1.8480752506741016,-0.27373952368406546,McDonald2,5
2450052.125395329,1995.91404215,-0.00148975849152,0.09555025387360164,1.8625201495546415,-0.28760364202604427,McDonald2,5
2450052.13898063,1995.91407937,-0.0658721923828,0.09555025387360164,1.865388670939348,-0.2903497799804742,McDonald2,5
2450053.061916009,1995.91660796,-0.00622951984406,0.09555025387360164,2.0579290163026602,-0.46809403475777434,McDonald2,5
2450053.069077309,1995.91662758,-0.0366406440735,0.09555025387360164,2.0594059446255573,-0.46939865379428103,McDonald2,5
2450053.08577606,1995.91667333,-0.00803005695343,0.09555025387360164,2.0628488913714786,-0.4724359406917266,McDonald2,5
2450053.0952843097,1995.91669938,-0.108658909798,0.09555025387360164,2.0648087015843783,-0.47416234045617095,McDonald2,5
2450053.1440081615,1995.91683287,-0.117569804192,0.09555025387360164,2.074844710632118,-0.48297439121300445,McDonald2,5
2450053.156246612,1995.9168664,-0.0151736736298,0.09555025387360164,2.077363775031234,-0.4851786361169924,McDonald2,5
2450053.2401309144,1995.91709622,0.0349617004395,0.09555025387360164,2.094610802216745,-0.5001867898937337,McDonald2,5
2450053.246657115,1995.9171141,-0.0705571174622,0.09555025387360164,2.0959512371037743,-0.5013470462584825,McDonald2,5
2450054.063074541,1995.91935086,-0.048600435257,0.09555025387360164,2.2621550107576445,-0.6375844739607104,McDonald2,5
2450054.0697905407,1995.91936926,-0.00994884967804,0.09555025387360164,2.263510729970678,-0.6386283072869683,McDonald2,5
2450054.106184692,1995.91946897,0.014993429184,0.09555025387360164,2.270854337939711,-0.6442620555245622,McDonald2,5
2450054.1240076427,1995.9195178,-0.137575507164,0.09555025387360164,2.2744487722934092,-0.6470069283880175,McDonald2,5
2450054.137870343,1995.91955578,0.0006023645401,0.09555025387360164,2.277243675537271,-0.6491354679158979,McDonald2,5
2450054.1489626933,1995.91958617,-0.0120844841003,0.09555025387360164,2.2794795059738355,-0.6508345794565766,McDonald2,5
2450054.193594895,1995.91970845,-0.018279671669,0.09555025387360164,2.288471028526849,-0.657634718337366,McDonald2,5
2450054.202938895,1995.91973405,-0.140127778053,0.09555025387360164,2.2903524912568907,-0.659050928936072,McDonald2,5
2450054.241428146,1995.9198395,-0.0243664979935,0.09555025387360164,2.2980990110420016,-0.6648572408792237,McDonald2,5
2450054.2503122464,1995.91986384,0.00769126415253,0.09555025387360164,2.299886270696623,-0.6661912084367766,McDonald2,5
2450054.3010362983,1995.92000281,-0.0733643770218,0.09555025387360164,2.3100850221137694,-0.6737624649503061,McDonald2,5
2450054.3139974484,1995.92003832,-0.0700634717941,0.09555025387360164,2.312689497482979,-0.6756847494667891,McDonald2,5
2450055.091721223,1995.92216907,0.0246167182922,0.09555025387360164,2.467894616831535,-0.7815198825475185,McDonald2,5
2450055.1663856255,1995.92237363,-0.119290947914,0.09555025387360164,2.48269100380795,-0.790665171877406,McDonald2,5
2450055.180704576,1995.92241286,-0.118032097816,0.09555025387360164,2.4855266787093373,-0.7923981292019413,McDonald2,5
2450055.3161414806,1995.92278392,-0.0317274332047,0.09555025387360164,2.512317821169134,-0.8084545244948029,McDonald2,5
2450055.337245781,1995.92284174,-0.0858342647552,0.09555025387360164,2.516487651310902,-0.8109016784876706,McDonald2,5
2450062.329864903,1995.9419996,0.0195419788361,0.09555025387360164,3.8567320193427905,-0.7550018632638751,McDonald2,5
2450062.3453628034,1995.94204206,-0.0267436504364,0.09555025387360164,3.8596703874382947,-0.753071852195106,McDonald2,5
2450062.419793606,1995.94224598,-0.000299572944641,0.09555025387360164,3.873784802232407,-0.7437107356776251,McDonald2,5
2450062.432466406,1995.9422807,-0.01140832901,0.09555025387360164,3.876188389740952,-0.7421017869210413,McDonald2,5
2450062.5120838587,1995.94249883,-0.0866968631744,0.09555025387360164,3.8912920495517542,-0.7318937391757592,McDonald2,5
2450062.531012759,1995.94255069,-0.0914542675018,0.09555025387360164,3.894883709166174,-0.7294415994065176,McDonald2,5
2450065.4523305018,1995.9505543,-0.0734751224518,0.09555025387360164,4.4570628532498135,-0.2525609764726588,McDonald2,5
2450065.461429952,1995.95057923,-0.11035990715,0.09555025387360164,4.458853067474779,-0.2508283954513492,McDonald2,5
2450066.443904133,1995.95327094,-0.0206546783447,0.09555025387360164,4.654380404099408,-0.057976048664416614,McDonald2,5
2450066.459266984,1995.95331303,-0.0198551416397,0.09555025387360164,4.657476565335687,-0.05488482230418089,McDonald2,5
2450067.501382167,1995.95616814,-0.174077510834,0.09555025387360164,4.8707952143787665,0.15774459565472657,McDonald2,5
2450067.5263445177,1995.95623653,-0.125997424126,0.09555025387360164,4.875990987621652,0.16287316521154485,McDonald2,5
2450067.5747617693,1995.95636918,-0.142786383629,0.09555025387360164,4.886081092070518,0.17282007671566763,McDonald2,5
2450067.582901269,1995.95639148,-0.0750744342804,0.09555025387360164,4.8877789600056865,0.17449214762674947,McDonald2,5
2450079.0578446332,1995.98782968,0.0491814613342,0.09555025387360164,1.3052134006756315,0.2624718012451761,McDonald2,5
2450079.069371334,1995.98786126,0.0352109670639,0.09555025387360164,1.3077398157256352,0.2600331281026499,McDonald2,5
2450079.1274282355,1995.98802032,0.0710269212723,0.09555025387360164,1.3204481221263054,0.24774132407797012,McDonald2,5
2450079.140568236,1995.98805632,-0.00668752193451,0.09555025387360164,1.3233205612819612,0.2449574115031206,McDonald2,5
2450079.176882087,1995.98815581,-0.0172493457794,0.09555025387360164,1.3312515414135078,0.23726043456823062,McDonald2,5
2450107.11386982,1996.06451877,0.0237069129944,0.09555025387360164,0.9703033945158195,0.5650492393451779,McDonald2,5
2450109.15644994,1996.07009959,0.0983595848083,0.09555025387360164,1.4060327273597828,0.16401913654659558,McDonald2,5
2450109.1615593,1996.07011355,0.0930532217026,0.09555025387360164,1.4070826307624156,0.16298336161214336,McDonald2,5
2450109.23208018,1996.07030623,0.0577290058136,0.09555025387360164,1.421555578528583,0.14868736331779547,McDonald2,5
2450111.12494434,1996.07547799,0.0171684026718,0.09555025387360164,1.7991689765860963,-0.22639272615053285,McDonald2,5
2450111.13357096,1996.07550156,0.00332617759705,0.09555025387360164,1.8008500357988986,-0.22802981785865067,McDonald2,5
2450111.13961728,1996.07551808,0.0450718402863,0.09555025387360164,1.8020281014710662,-0.22917668788873113,McDonald2,5
2450111.20471038,1996.07569593,-0.0827386379242,0.09555025387360164,1.8147018757845421,-0.24149441195528193,McDonald2,5
2450111.21426298,1996.07572203,0.0320817232132,0.09555025387360164,1.816560421163862,-0.24329753037651186,McDonald2,5
2450112.20116002,1996.07841847,0.010262131691,0.09555025387360164,2.006934076385244,-0.4224419194107661,McDonald2,5
2450112.20970612,1996.07844182,0.0156375169754,0.09555025387360164,2.0085704688757477,-0.42392456292840813,McDonald2,5
2450112.21938682,1996.07846827,0.035973906517,0.09555025387360164,2.010423900589254,-0.4256024823056333,McDonald2,5
2450112.26282004,1996.07858694,-0.044331908226,0.09555025387360164,2.0187367263223637,-0.4331100515933034,McDonald2,5
2450112.2692836,1996.0786046,-0.0269079208374,0.09555025387360164,2.019973429238558,-0.43422441120401173,McDonald2,5
2450112.29213298,1996.07866703,-0.00860941410065,0.09555025387360164,2.0243445304700005,-0.43815775907441484,McDonald2,5
2450113.12875042,1996.08095287,-0.0782870054245,0.09555025387360164,2.1836876568971455,-0.5752349352616927,McDonald2,5
2450113.13577762,1996.08097207,-0.0460542440414,0.09555025387360164,2.185021319804431,-0.5763253439468161,McDonald2,5
2450113.14492762,1996.08099707,-0.0541630983353,0.09555025387360164,2.186757766248329,-0.5777435337204334,McDonald2,5
2450113.24629132,1996.08127402,0.0492316484451,0.09555025387360164,2.205987269868883,-0.5933312264059771,McDonald2,5
2450113.25678088,1996.08130268,-0.0498642921448,0.09555025387360164,2.207976532138,-0.594931324806133,McDonald2,5
2450113.36518276,1996.08159886,-0.00779497623444,0.09555025387360164,2.228527023396529,-0.611322542761624,McDonald2,5
2450113.37415708,1996.08162338,-0.0403386354446,0.09555025387360164,2.2302277937080923,-0.6126676161868672,McDonald2,5
2450114.27278224,1996.08407864,-0.0213166475296,0.09555025387360164,2.400245052739141,-0.7375592175016141,McDonald2,5
2450114.27936658,1996.08409663,-0.00033164024353,0.09555025387360164,2.4014895849818574,-0.7383990568908848,McDonald2,5
2450114.36706384,1996.08433624,0.0173547267914,0.09555025387360164,2.418065172325462,-0.7494750894871094,McDonald2,5
2450114.38301778,1996.08437983,-0.0555871725082,0.09555025387360164,2.4210805553657497,-0.7514679608576847,McDonald2,5
2450114.39087946,1996.08440131,-0.00730621814728,0.09555025387360164,2.422566452896776,-0.7524474809129584,McDonald2,5
2450121.34759152,1996.10340872,-0.187490582466,0.09555025387360164,3.7667648469329382,-0.8108623576274729,McDonald2,5
2450121.35663172,1996.10343342,-0.123530387878,0.09555025387360164,3.7685773293516576,-0.8098002947254633,McDonald2,5
2450121.42161868,1996.10361098,0.0419126749039,0.09555025387360164,3.7816138686654432,-0.8020830881573239,McDonald2,5
2450121.43109076,1996.10363686,0.0157737731934,0.09555025387360164,3.7835150534223345,-0.8009462280543947,McDonald2,5
2450121.51114228,1996.10385558,-0.0194208621979,0.09555025387360164,3.7995934672985583,-0.7912163867877124,McDonald2,5
2450121.5222284202,1996.10388587,-0.0495957136154,0.09555025387360164,3.8018216749131595,-0.7898517939479265,McDonald2,5
2450121.52954476,1996.10390586,0.030893445015,0.09555025387360164,3.8032923963171235,-0.78894894989602,McDonald2,5
2450122.41748272,1996.10633192,-0.0644555091858,0.09555025387360164,3.9830835232200057,-0.6663519186575673,McDonald2,5
2450122.42801986,1996.10636071,-0.0101873874664,0.09555025387360164,3.98523350250008,-0.6647472748735387,McDonald2,5
2450122.43876562,1996.10639007,0.0566320419312,0.09555025387360164,3.9874264683093736,-0.6631073825074328,McDonald2,5
2450122.4427111,1996.10640085,0.0347945690155,0.09555025387360164,3.988231757895477,-0.6625043887544597,McDonald2,5
2450122.46460156,1996.10646066,0.0563676357269,0.09555025387360164,3.992700738425873,-0.6591502584499905,McDonald2,5
2450122.51512054,1996.10659869,0.119599342346,0.09555025387360164,4.003021065921273,-0.6513542912658844,McDonald2,5
2450122.5200652,1996.1066122,0.0972578525543,0.09555025387360164,4.004031702224514,-0.6505871144677136,McDonald2,5
2450122.52872842,1996.10663587,-0.00320732593536,0.09555025387360164,4.005802593284692,-0.6492412243411804,McDonald2,5
2450122.59102894,1996.10680609,0.0398664474487,0.09555025387360164,4.018546055421044,-0.6394963152833102,McDonald2,5
2450122.6019211,1996.10683585,0.0113189220428,0.09555025387360164,4.02077553394869,-0.6377807172966451,McDonald2,5
2450123.4759657,1996.10922395,0.00634300708771,0.09555025387360164,4.201234979053927,-0.4891840699251679,McDonald2,5
2450123.48411652,1996.10924622,-0.0431765317917,0.09555025387360164,4.202933124964325,-0.48770227544009154,McDonald2,5
2450123.4917586,1996.1092671,-0.0393598079681,0.09555025387360164,4.2045255507682535,-0.48631145398635417,McDonald2,5
2450123.53133052,1996.10937522,-0.106330037117,0.09555025387360164,4.212775596438924,-0.4790862152749726,McDonald2,5
2450123.5445358,1996.1094113,-0.0500310659409,0.09555025387360164,4.215530239534811,-0.47666646351935144,McDonald2,5
2450123.56394112,1996.10946432,-0.0398625135422,0.09555025387360164,4.219579658132822,-0.47310278508676346,McDonald2,5
2450123.57436114,1996.10949279,-0.0123745203018,0.09555025387360164,4.221754770449351,-0.47118537775075464,McDonald2,5
2450123.6287341,1996.10964135,-0.0420087575912,0.09555025387360164,4.233112838065043,-0.46113699653106593,McDonald2,5
2450123.64369618,1996.10968223,-0.0386848449707,0.09555025387360164,4.236240679360969,-0.4583593211750466,McDonald2,5
2450144.21459808,1996.16588688,-0.0510255098343,0.09555025387360164,2.421911669086095,-0.7520160448097423,McDonald2,5
2450144.22413238,1996.16591293,-0.103767752647,0.09555025387360164,2.423733883830831,-0.7532158989981462,McDonald2,5
2450144.27144154,1996.16604219,0.0141842365265,0.09555025387360164,2.4327781511999405,-0.7591340902846978,McDonald2,5
2450144.28426984,1996.16607724,-0.0523031949997,0.09555025387360164,2.435231292936409,-0.760728638528657,McDonald2,5
2450144.37621636,1996.16632846,-0.0448325872421,0.09555025387360164,2.4528231536561327,-0.7720286899609489,McDonald2,5
2450151.4619544,1996.1856884,0.0596410036087,0.09555025387360164,3.882121872686366,-0.738111609294328,McDonald2,5
2450151.4707567,1996.18571245,0.0805345773697,0.09555025387360164,3.8840035441412937,-0.7368407798154626,McDonald2,5
2450151.5422182,1996.1859077,0.0462311506271,0.09555025387360164,3.8992904988464128,-0.7264200923283308,McDonald2,5
2450151.55123278,1996.18593233,-0.0216890573502,0.09555025387360164,3.9012202285508875,-0.7250925320634471,McDonald2,5
2450151.66814782,1996.18625177,-0.0409817695618,0.09555025387360164,3.9262752579970464,-0.7076125767296249,McDonald2,5
2450151.68032464,1996.18628504,-0.0421930551529,0.09555025387360164,3.928887685074781,-0.7057642215800889,McDonald2,5
2450152.5167664,1996.1885704,-0.0338990688324,0.09555025387360164,4.109673871358787,-0.5668812656000354,McDonald2,5
2450152.526502,1996.188597,-0.015872836113,0.09555025387360164,4.111793761472661,-0.5651336287104602,McDonald2,5
2450152.59659466,1996.18878851,0.00380313396454,0.09555025387360164,4.127066932848891,-0.5524678486128394,McDonald2,5
2450152.60877514,1996.18882179,-0.00792181491852,0.09555025387360164,4.129722985147614,-0.5502519920436036,McDonald2,5
2450152.61707236,1996.18884446,0.00590765476227,0.09555025387360164,4.131532588691842,-0.5487400754068672,McDonald2,5
2450152.66187442,1996.18896687,0.0343079566956,0.09555025387360164,4.141308396544181,-0.5405414780922567,McDonald2,5
2450152.66760964,1996.18898254,-0.00769186019897,0.09555025387360164,4.142560380646376,-0.5394877387605505,McDonald2,5
2450168.24038992,1996.23153112,-0.030298948288,0.09555025387360164,1.316950688960342,0.25112820691998494,McDonald2,5
2450170.2557433,1996.23703755,-0.0177592039108,0.09555025387360164,1.7024258295476589,-0.13124972263260698,McDonald2,5
2450170.26471762,1996.23706207,0.000423908233643,0.09555025387360164,1.7041311762740932,-0.13294012531112626,McDonald2,5
2450170.27460694,1996.23708909,0.15231347084,0.09555025387360164,1.706010367751306,-0.13480240139133862,McDonald2,5
2450170.28750112,1996.23712432,-0.0743862390518,0.09555025387360164,1.7084605071944692,-0.13722977013774726,McDonald2,5
2450170.3462551,1996.23728485,-0.00192105770111,0.09555025387360164,1.719624348781752,-0.14827921214645248,McDonald2,5
2450173.38552642,1996.24558887,0.0440564155579,0.09555025387360164,2.3021515414507774,-0.6678788935772728,McDonald2,5
2450173.39997244,1996.24562834,0.0211812257767,0.09555025387360164,2.304970751076869,-0.6699744897227825,McDonald2,5
2450174.34541632,1996.24821152,0.0671005249023,0.09555025387360164,2.491113816720105,-0.7957939217310943,McDonald2,5
2450174.35972326,1996.24825061,0.0500857830048,0.09555025387360164,2.493957082841457,-0.7975124923937961,McDonald2,5
2450181.5749338,1996.2679643,0.00950372219086,0.09555025387360164,4.043027462577711,-0.6204854043189759,McDonald2,5
2450181.5826197998,1996.2679853,0.00249052047729,0.09555025387360164,4.044779918647343,-0.6191101446510695,McDonald2,5
2450181.65423136,1996.26818096,0.027373790741,0.09555025387360164,4.061113966026278,-0.6062009318205878,McDonald2,5
2450181.65977626,1996.26819611,0.0314521789551,0.09555025387360164,4.062379174792209,-0.6051942117802543,McDonald2,5
2450182.59463542,1996.27075037,0.0337252616882,0.09555025387360164,4.276520199216364,-0.42219811384619216,McDonald2,5
2450182.60878132,1996.27078902,0.0119158029556,0.09555025387360164,4.279771505436198,-0.41924856676469247,McDonald2,5
2450182.6438002,1996.2708847,-0.198620915413,0.09555025387360164,4.287821471592816,-0.41192672695142235,McDonald2,5
2450182.65654432,1996.27091952,-0.00128710269928,0.09555025387360164,4.290751444514544,-0.40925512157418015,McDonald2,5
2450182.7004204,1996.2710394,0.0207868814468,0.09555025387360164,4.3008405758082695,-0.40002892365200776,McDonald2,5
2450183.65760556,1996.27365466,-0.00344681739807,0.09555025387360164,4.521466513375748,-0.18976468100326668,McDonald2,5
2450183.66573442,1996.27367687,0.0107346773148,0.09555025387360164,4.523343487901231,-0.18792147866192827,McDonald2,5
2450196.3159241797,1996.30824023,-0.0101985931396,0.09555025387360164,0.9883957621812912,0.5500303384504134,McDonald2,5
2450197.32815208,1996.31100588,-0.0904316902161,0.09555025387360164,1.1831645925672203,0.37799692052415235,McDonald2,5
2450197.38861894,1996.31117109,-0.0685894489288,0.09555025387360164,1.1947340982491108,0.3672607340202111,McDonald2,5
2450198.33473626,1996.31375611,-0.046346783638,0.09555025387360164,1.3751865242246526,0.19436474428883724,McDonald2,5
2450198.34835512,1996.31379332,-0.0569233894348,0.09555025387360164,1.3777789851764863,0.19182107301035156,McDonald2,5
2450200.3286823,1996.31920405,-0.0255552530289,0.09555025387360164,1.7558093735682685,-0.1839593576588863,McDonald2,5
2450200.40053542,1996.31940037,-0.0125060081482,0.09555025387360164,1.76963481726305,-0.19753084036619634,McDonald2,5
2450200.4179497,1996.31944795,-0.0448695421219,0.09555025387360164,1.77298743121013,-0.20081628038327917,McDonald2,5
2450203.33789404,1996.32742594,-0.0867737531662,0.09555025387360164,2.351031376496023,-0.7034464997859903,McDonald2,5
2450203.3512201,1996.32746235,-0.026003241539,0.09555025387360164,2.353763852073175,-0.7053859733892465,McDonald2,5
2450203.4982862202,1996.32786417,-0.134424448013,0.09555025387360164,2.383987938601135,-0.7264840930418832,McDonald2,5
2450203.50805842,1996.32789087,-0.0374431610107,0.09555025387360164,2.3860007432489416,-0.7278657861791037,McDonald2,5
2450209.59930858,1996.34453363,-0.0251132249832,0.09555025387360164,3.7482577192925195,-0.8215539316736312,McDonald2,5
2450209.61035812,1996.34456382,0.0551787614822,0.09555025387360164,3.7508685982962247,-0.8200625906735218,McDonald2,5
2450209.62642186,1996.34460771,0.033222079277,0.09555025387360164,3.754664537683692,-0.8178843708848756,McDonald2,5
2450209.640436,1996.344646,0.0384941101074,0.09555025387360164,3.7579763957648735,-0.8159743033597876,McDonald2,5
2450209.69644864,1996.34479904,-0.012379527092,0.09555025387360164,3.7712156659174316,-0.8082495511995569,McDonald2,5
2450209.70801424,1996.34483064,0.023183465004,0.09555025387360164,3.7739497594614524,-0.8066365883514446,McDonald2,5
2450209.76570316,1996.34498826,-0.0189492702484,0.09555025387360164,3.787589363292199,-0.7985001498005267,McDonald2,5
2450211.64637586,1996.35012671,0.0216166973114,0.09555025387360164,4.232085887123998,-0.4620479965099361,McDonald2,5
2450211.6550464,1996.3501504,0.0570113658905,0.09555025387360164,4.234126163037988,-0.46023760734382785,McDonald2,5
2450211.71049174,1996.35030189,0.00195467472076,0.09555025387360164,4.247169512643746,-0.4486189556444843,McDonald2,5
2450211.72054942,1996.35032937,0.045011639595,0.09555025387360164,4.249534881144923,-0.44650371807209877,McDonald2,5
2450211.73871766,1996.35037901,0.0157526731491,0.09555025387360164,4.253807163380012,-0.442676894532895,McDonald2,5
2450211.7580754003,1996.3504319,0.0702909231186,0.09555025387360164,4.258358399727658,-0.4385913158289115,McDonald2,5
2450211.76982766,1996.35046401,0.080349445343,0.09555025387360164,4.2611211114128125,-0.4361068331455523,McDonald2,5
2450212.7184228,1996.3530558,0.0429358482361,0.09555025387360164,4.482996114098707,-0.22738633585934223,McDonald2,5
2450212.73025924,1996.35308814,-0.0134829282761,0.09555025387360164,4.485748880221524,-0.2247048213190251,McDonald2,5
2450212.74674388,1996.35313318,0.00189483165741,0.09555025387360164,4.489581951884941,-0.22096813167687201,McDonald2,5
2450212.77980832,1996.35322352,0.0230952501297,0.09555025387360164,4.497267708834496,-0.21346590617349245,McDonald2,5
2450212.7887606802,1996.35324798,0.027636885643,0.09555025387360164,4.499348085660017,-0.21143302049381688,McDonald2,5
2450213.72976498,1996.35581903,0.0383991003036,0.09555025387360164,4.716550087221072,0.004161094828263363,McDonald2,5
2450213.73753882,1996.35584027,-0.0310328006744,0.09555025387360164,4.7183316628683984,0.005942647505661136,McDonald2,5
2450213.74806498,1996.35586903,0.0565170049667,0.09555025387360164,4.720743655885614,0.008354578307699046,McDonald2,5
2450213.76018324,1996.35590214,0.163789749146,0.09555025387360164,4.723519971560406,0.011130761324093139,McDonald2,5
2450213.77456704,1996.35594144,0.0583282709122,0.09555025387360164,4.726814637530346,0.01442515682198659,McDonald2,5
2450226.4022478,1996.3904433,-0.0946635007858,0.09555025387360164,1.0559726072571978,0.4923814257807679,McDonald2,5
2450227.39315986,1996.39315071,0.0203231573105,0.09555025387360164,1.2444868675502647,0.32054942175004275,McDonald2,5
2450227.4044839,1996.39318165,-0.0358219146729,0.09555025387360164,1.2466441439842402,0.31850523661929253,McDonald2,5
2450227.41591774,1996.39321289,-0.110053062439,0.09555025387360164,1.2488224618765151,0.31643960909257207,McDonald2,5
2450227.46445666,1996.39334551,-0.00851130485535,0.09555025387360164,1.2580712872720534,0.3076526471907835,McDonald2,5
2450228.40514254,1996.39591569,-0.140664935112,0.09555025387360164,1.4379826412259267,0.1324235691843645,McDonald2,5
2450229.41090322,1996.39866367,-0.101431012154,0.09555025387360164,1.6326635903457252,-0.061827804343530274,McDonald2,5
2450229.42137082,1996.39869227,-0.0524892807007,0.09555025387360164,1.6347073983595268,-0.06386757165544331,McDonald2,5
2450229.43899738,1996.39874043,-0.141734957695,0.09555025387360164,1.6381499453723871,-0.06730270506736703,McDonald2,5
2450229.47339772,1996.39883442,-0.0801923274994,0.09555025387360164,1.6448719335280495,-0.0740078807609593,McDonald2,5
2450229.48189258,1996.39885763,-0.0300326347351,0.09555025387360164,1.6465325760405944,-0.07566386641325894,McDonald2,5
2450230.3907328,1996.4013408,-0.0783666372299,0.09555025387360164,1.8260089690314212,-0.25245116901737025,McDonald2,5
2450230.39915812,1996.40136382,-0.121834993362,0.09555025387360164,1.8276912651785884,-0.2540786169782887,McDonald2,5
2450230.4276256,1996.4014416,-0.114132404327,0.09555025387360164,1.8333781529380022,-0.2595747432035422,McDonald2,5
2450230.43701716,1996.40146726,-0.119981408119,0.09555025387360164,1.8352552176193364,-0.2613870094241142,McDonald2,5
2450230.46926908,1996.40155538,-0.129850745201,0.09555025387360164,1.8417048627905255,-0.26760694703417903,McDonald2,5
2450230.48085298,1996.40158703,-0.098219037056,0.09555025387360164,1.8440227238080016,-0.2698395505477751,McDonald2,5
2450230.50933144,1996.40166484,-0.0546816587448,0.09555025387360164,1.8497241172424734,-0.2753250370863729,McDonald2,5
2450230.52872944,1996.40171784,-0.138771414757,0.09555025387360164,1.8536100910397706,-0.2790587344351702,McDonald2,5
2450231.43534438,1996.40419493,-0.0822508335114,0.09555025387360164,2.037657782334792,-0.45008583269372715,McDonald2,5
2450231.44249968,1996.40421448,-0.0955699682236,0.09555025387360164,2.0391305273947955,-0.45140048379217557,McDonald2,5
2450231.47509564,1996.40430354,-0.0138989686966,0.09555025387360164,2.04584385912968,-0.45738071682166653,McDonald2,5
2450231.4898674,1996.4043439,-0.0442316532135,0.09555025387360164,2.048888489638912,-0.46008609429571123,McDonald2,5
2450231.5322136,1996.4044596,-0.108710885048,0.09555025387360164,2.0576245175268735,-0.4678249339909668,McDonald2,5
2450231.5595721,1996.40453435,-0.234149217606,0.09555025387360164,2.063274907060996,-0.4728113731320348,McDonald2,5
2450233.43178288,1996.40964968,-0.0264091491699,0.09555025387360164,2.4627754293726998,-0.7783158958428525,McDonald2,5
2450233.4408304,1996.4096744,-0.0726081132889,0.09555025387360164,2.4647709504482567,-0.7795672789294655,McDonald2,5
2450233.50787794,1996.40985759,0.029288649559,0.09555025387360164,2.479579009597039,-0.7887560316511162,McDonald2,5
2450233.51941426,1996.40988911,-0.0445610284805,0.09555025387360164,2.4821304746371418,-0.7903218643757359,McDonald2,5
2450233.55906304,1996.40999744,0.116606593132,0.09555025387360164,2.490907494655256,-0.7956689628506648,McDonald2,5
2450233.57363716,1996.41003726,-0.00742959976196,0.09555025387360164,2.494136862819957,-0.7976209412033315,McDonald2,5
2450233.59721854,1996.41010169,0.0152668952942,0.09555025387360164,2.499365617651122,-0.8007637942013848,McDonald2,5
2450239.74412632,1996.42689652,0.0748372077942,0.09555025387360164,3.9630011766498416,-0.6811906951247989,McDonald2,5
2450239.74979566,1996.42691201,0.0820993185043,0.09555025387360164,3.9643680814039532,-0.6801893398476502,McDonald2,5
2450239.75920186,1996.42693771,0.0811109542847,0.09555025387360164,3.966635687889341,-0.6785253542462291,McDonald2,5
2450239.76979756,1996.42696666,0.128769636154,0.09555025387360164,3.9691896442343713,-0.6766470658345409,McDonald2,5
2450239.80988554,1996.42707619,0.132131099701,0.09555025387360164,3.9788483689539826,-0.6695038225871716,McDonald2,5
2450239.81692006,1996.42709541,0.0923526287079,0.09555025387360164,3.980542600834296,-0.6682443722817816,McDonald2,5
2450240.66939628,1996.42942458,0.0335336923599,0.09555025387360164,4.184234782599203,-0.5039399097354873,McDonald2,5
2450240.6820123,1996.42945905,0.1049015522,0.09555025387360164,4.187222784181644,-0.5013568113045912,McDonald2,5
2450240.69523222,1996.42949517,-0.00772643089294,0.09555025387360164,4.190352921124423,-0.49864603798272417,McDonald2,5
2450240.7067539,1996.42952665,0.0407027006149,0.09555025387360164,4.193080210871487,-0.4962801561129283,McDonald2,5
2450240.74595982,1996.42963377,0.0807783603668,0.09555025387360164,4.202355381120201,-0.4882065701808913,McDonald2,5
2450240.75350674,1996.42965439,0.0280221700668,0.09555025387360164,4.204139866220432,-0.4866484233888059,McDonald2,5
2450240.76605322,1996.42968867,0.0109610557556,0.09555025387360164,4.207105838381578,-0.48405521958113623,McDonald2,5
2450240.7741454802,1996.42971078,0.0411206483841,0.09555025387360164,4.209018394374128,-0.4823807771713391,McDonald2,5
2450240.79937752,1996.42977972,0.0890446901321,0.09555025387360164,4.214979588329818,-0.4771504600185268,McDonald2,5
2450240.8087032,1996.4298052,0.100588798523,0.09555025387360164,4.217181963988253,-0.4752138090420093,McDonald2,5
2450243.78775654,1996.43794469,-0.0118863582611,0.09555025387360164,4.89472026511177,0.18132270462039884,McDonald2,5
2450243.79757266,1996.43797151,0.0131536722183,0.09555025387360164,4.896866675270612,0.18343311583031835,McDonald2,5
2450257.45578864,1996.47528904,-0.0944995880127,0.09555025387360164,1.3200257275087532,0.24815052894402376,McDonald2,5
2450259.4537131,1996.48074785,-0.0928356647491,0.09555025387360164,1.7185147360438398,-0.1471817745229556,McDonald2,5
2450259.46337916,1996.48077426,-0.109619855881,0.09555025387360164,1.7204968476330769,-0.1491420094429874,McDonald2,5
2450259.4833042,1996.4808287,-0.160506129265,0.09555025387360164,1.7245845887972344,-0.15318277513132636,McDonald2,5
2450259.4943793598,1996.48085896,-0.0324341058731,0.09555025387360164,1.7268578536707717,-0.15542881290698915,McDonald2,5
2450259.5054289,1996.48088915,-0.0374928712845,0.09555025387360164,1.7291266666957663,-0.15766965130548571,McDonald2,5
2450259.51471798,1996.48091453,-0.107840418816,0.09555025387360164,1.731034627428861,-0.15955345897589798,McDonald2,5
2450259.51906972,1996.48092642,-0.131520628929,0.09555025387360164,1.7319286639002622,-0.16043597832187287,McDonald2,5
2450259.535386,1996.480971,-0.152047514915,0.09555025387360164,1.7352818559069005,-0.16374482574847993,McDonald2,5
2450260.50838236,1996.48362946,-0.0174361467361,0.09555025387360164,1.9386463490258385,-0.35961011467661763,McDonald2,5
2450260.51561818,1996.48364923,-0.0844557285309,0.09555025387360164,1.9401851983595735,-0.3610455927208034,McDonald2,5
2450260.53500886,1996.48370221,-0.0164439678192,0.09555025387360164,1.9443110602176885,-0.36489007372191906,McDonald2,5
2450260.55441784,1996.48375524,-0.0438191890717,0.09555025387360164,1.9484437766647302,-0.36873471489117104,McDonald2,5
2450260.55869638,1996.48376693,-0.034898519516,0.09555025387360164,1.9493551969876632,-0.36958175841500984,McDonald2,5
2450260.56427422,1996.48378217,-0.043977856636,0.09555025387360164,1.9505436128217286,-0.37068577104138584,McDonald2,5
2450263.49289276,1996.49178386,-0.222702383995,0.09555025387360164,2.6106417962458175,-0.8623259904523716,McDonald2,5
2450263.50142422,1996.49180717,-0.122440695763,0.09555025387360164,2.612669407076769,-0.8633509050291238,McDonald2,5
2450263.50781092,1996.49182462,-0.184261918068,0.09555025387360164,2.6141876513741744,-0.8641160218671735,McDonald2,5
2450263.56394068,1996.49197798,-0.0561174154282,0.09555025387360164,2.6275441121063166,-0.8707609547778031,McDonald2,5
2450263.57538184,1996.49200924,0.0204675197601,0.09555025387360164,2.630269532642888,-0.8720978263585046,McDonald2,5
2450263.6575708,1996.4922338,0.0841636657715,0.09555025387360164,2.6498766652514814,-0.8815239714052542,McDonald2,5
2450263.66303152,1996.49224872,-0.0377197265625,0.09555025387360164,2.65118115850576,-0.8821391236742674,McDonald2,5
2450263.66885824,1996.49226464,-0.0257318019867,0.09555025387360164,2.6525733264857423,-0.8827939643105576,McDonald2,5
2450267.68032804,1996.50322494,0.0542058944702,0.09555025387360164,3.6431462971468314,-0.8768366466330736,McDonald2,5
2450267.68982208,1996.50325088,-0.011357665062,0.09555025387360164,3.6454898452743416,-0.8757074889988224,McDonald2,5
2450267.74450248,1996.50340028,0.058616399765,0.09555025387360164,3.65898007390955,-0.869114355472824,McDonald2,5
2450267.75245932,1996.50342202,0.0829038619995,0.09555025387360164,3.6609420564066433,-0.8681422648090783,McDonald2,5
2450267.75912418,1996.50344023,0.0162522792816,0.09555025387360164,3.6625852561651344,-0.8673255477405073,McDonald2,5
2450267.77065684,1996.50347174,0.026051402092,0.09555025387360164,3.66542814421772,-0.8659070220072942,McDonald2,5
2450267.81150244,1996.50358334,0.126711845398,0.09555025387360164,3.675492231584774,-0.8608291485984889,McDonald2,5
2450267.81726694,1996.50359909,0.104581475258,0.09555025387360164,3.6769119744560435,-0.8601057825361663,McDonald2,5
2450267.83766412,1996.50365482,0.0758270025253,0.09555025387360164,3.681934419510351,-0.8575329171148875,McDonald2,5
2450269.72823712,1996.50882032,0.0836313962936,0.09555025387360164,4.137038257244829,-0.5441290813891935,McDonald2,5
2450269.73133714,1996.50882879,0.0801386833191,0.09555025387360164,4.137764655671873,-0.5435194885056204,McDonald2,5
2450269.73574378,1996.50884083,0.0859569311142,0.09555025387360164,4.138797099038609,-0.5426525695816676,McDonald2,5
2450269.74220002,1996.50885847,0.129167318344,0.09555025387360164,4.140309487326804,-0.5413816079427837,McDonald2,5
2450269.74679332,1996.50887102,0.146502494812,0.09555025387360164,4.141385288932572,-0.5404767855926889,McDonald2,5
2450269.7589079197,1996.50890412,0.0177927017212,0.09555025387360164,4.144221907608781,-0.5380879999010144,McDonald2,5
2450269.76921082,1996.50893227,0.0526649951935,0.09555025387360164,4.146633457705185,-0.536053768981394,McDonald2,5
2450269.81218654,1996.50904969,0.0542283058167,0.09555025387360164,4.156684023242677,-0.5275423126029731,McDonald2,5
2450269.81658586,1996.50906171,0.046481013298,0.09555025387360164,4.157712095528508,-0.5266686569977562,McDonald2,5
2450269.8368952,1996.5091172,0.105487108231,0.09555025387360164,4.162456282445168,-0.5226298510899859,McDonald2,5
2450269.84433232,1996.50913752,0.158282160759,0.09555025387360164,4.164192792495154,-0.5211485853637776,McDonald2,5
2450269.88042724,1996.50923614,0.0754469633102,0.09555025387360164,4.172614776380834,-0.5139423113623376,McDonald2,5
2450269.8885927,1996.50925845,0.0597229003906,0.09555025387360164,4.17451865454451,-0.5123081870840039,McDonald2,5
2450270.77343064,1996.51167604,0.126681208611,0.09555025387360164,4.377823522403782,-0.3283587528838103,McDonald2,5
2450270.78226588,1996.51170018,0.100827097893,0.09555025387360164,4.379823397868103,-0.32646910896906967,McDonald2,5
2450270.79589572,1996.51173742,0.0170238018036,0.09555025387360164,4.382907375383774,-0.3235525612564394,McDonald2,5
2450270.81781912,1996.51179732,0.200114488602,0.09555025387360164,4.387864942445253,-0.3188577039135056,McDonald2,5
2450270.82375198,1996.51181353,0.12196290493,0.09555025387360164,4.389205919213571,-0.3175864363417399,McDonald2,5
2450270.8307316,1996.5118326,0.118264913559,0.09555025387360164,4.390783147609249,-0.31609046772082444,McDonald2,5
2450270.85976638,1996.51191193,-0.0781285762787,0.09555025387360164,4.397340344533666,-0.30986271365219614,McDonald2,5
2450270.87009124,1996.51194014,0.0303089618683,0.09555025387360164,4.3996705611047675,-0.30764634803125634,McDonald2,5
2450270.87505786,1996.51195371,0.0416049957275,0.09555025387360164,4.400791188733315,-0.3065798770254584,McDonald2,5
2450270.88080406,1996.51196941,-0.016499876976,0.09555025387360164,4.402087480901666,-0.30534575065286973,McDonald2,5
2450271.75950052,1996.51437022,0.0437542200089,0.09555025387360164,4.5974138114015854,-0.11472202135561783,McDonald2,5
2450271.76299216,1996.51437976,0.0348267555237,0.09555025387360164,4.598178728538006,-0.1139621209949143,McDonald2,5
2450271.79044216,1996.51445476,0.156050920486,0.09555025387360164,4.604189212893698,-0.10798877183685952,McDonald2,5
2450271.79930668,1996.51447898,0.0275008678436,0.09555025387360164,4.6061290575954565,-0.1060600691551898,McDonald2,5
2450271.82945044,1996.51456134,0.0606648921967,0.09555025387360164,4.612721332590153,-0.09950271931044151,McDonald2,5
2450271.8493828,1996.5146158,0.0585869550705,0.09555025387360164,4.617076908390574,-0.09516782883852176,McDonald2,5
2450271.872514,1996.514679,0.0592950582504,0.09555025387360164,4.622127982462267,-0.0901384877279478,McDonald2,5
2450271.88224594,1996.51470559,0.0310480594635,0.09555025387360164,4.624251986753036,-0.08802292801229869,McDonald2,5
2450272.78864494,1996.51718209,-0.057142496109,0.09555025387360164,4.819270899391766,0.10667853658690939,McDonald2,5
2450272.82538402,1996.51728247,0.061430811882,0.09555025387360164,4.827063760302326,0.11442361039751464,McDonald2,5
2450272.83409116,1996.51730626,0.0438914299011,0.09555025387360164,4.828909448456685,0.11625698022712691,McDonald2,5
2450272.8676497,1996.51739795,0.0344976186752,0.09555025387360164,4.83601865293045,0.12331498105038838,McDonald2,5
2450272.87884198,1996.51742853,0.0152167081833,0.09555025387360164,4.838388153188916,0.12566604791150976,McDonald2,5
2450287.5218505003,1996.55743675,-0.122164130211,0.09555025387360164,1.4214486856827193,0.1487930671202868,McDonald2,5
2450287.54827936,1996.55750896,-0.100410819054,0.09555025387360164,1.4268633911450892,0.14343648117300337,McDonald2,5
2450288.5401174,1996.5602189,-0.0606739521027,0.09555025387360164,1.6333455595085535,-0.06250845435397433,McDonald2,5
2450288.55479034,1996.56025899,-0.0609253644943,0.09555025387360164,1.6364512915204976,-0.06560780645575552,McDonald2,5
2450289.47392248,1996.56277028,-0.0667498111725,0.09555025387360164,1.834277589604966,-0.26044324478516584,McDonald2,5
2450289.59459634,1996.56309999,-0.0115506649017,0.09555025387360164,1.8607503009497126,-0.2859081208177107,McDonald2,5
2450289.60055482,1996.56311627,-0.0362080335617,0.09555025387360164,1.8620605477338135,-0.2871634282419548,McDonald2,5
2450290.52029086,1996.56562921,-0.0206394195557,0.09555025387360164,2.067891430576205,-0.47687423312780824,McDonald2,5
2450290.52581014,1996.56564429,-0.0233601331711,0.09555025387360164,2.0691483547077314,-0.477978656677972,McDonald2,5
2450290.5294921,1996.56565435,-0.0183820724487,0.09555025387360164,2.0699870045964115,-0.4787151346209616,McDonald2,5
2450290.53701706,1996.56567491,0.063685297966,0.09555025387360164,2.0717013458617757,-0.4802195711080439,McDonald2,5
2450290.54862658,1996.56570663,0.0426434278488,0.09555025387360164,2.074347184288757,-0.4825386802355613,McDonald2,5
2450290.64788944,1996.56597784,-0.0297819375992,0.09555025387360164,2.097016488242353,-0.5022684662235404,McDonald2,5
2450290.65528264,1996.56599804,-0.0982969999313,0.09555025387360164,2.09870829045183,-0.5037306679577308,McDonald2,5
2450291.51063196,1996.56833506,-0.0745311975479,0.09555025387360164,2.2975499747846477,-0.6644470268334968,McDonald2,5
2450291.5183362598,1996.56835611,-0.0287551879883,0.09555025387360164,2.2993684257244063,-0.6658049201978418,McDonald2,5
2450291.57978034,1996.56852399,-0.00926399230957,0.09555025387360164,2.313888099242546,-0.6765678619583005,McDonald2,5
2450291.59291608,1996.56855988,0.0152410268784,0.09555025387360164,2.3169960701969874,-0.6788532391740761,McDonald2,5
2450291.68419282,1996.56880927,-0.0351270437241,0.09555025387360164,2.3386301920087353,-0.6945785153873435,McDonald2,5
2450291.69230338,1996.56883143,-0.0250008106232,0.09555025387360164,2.3405556987905216,-0.6959624690635215,McDonald2,5
2450297.92185396,1996.58585206,0.152786493301,0.09555025387360164,3.8721434215252395,-0.7448069989287764,McDonald2,5
2450316.55497618,1996.63676223,0.0307114124298,0.09555025387360164,1.3349976192815327,0.23361966567191828,McDonald2,5
2450316.56423964,1996.63678754,-0.0184234380722,0.09555025387360164,1.3369580908710876,0.23171299640765242,McDonald2,5
2450317.5664062,1996.6395257,-0.0542914867401,0.09555025387360164,1.552305503666049,0.01848976944564102,McDonald2,5
2450317.57445454,1996.63954769,-0.0464223623276,0.09555025387360164,1.5540621366566407,0.016733409127946727,McDonald2,5
2450317.58592132,1996.63957902,-0.0607656240463,0.09555025387360164,1.556565654787934,0.01423019169812329,McDonald2,5
2450317.60886586,1996.63964171,-0.044423699379,0.09555025387360164,1.561577827165047,0.009218369064591492,McDonald2,5
2450317.61923464,1996.63967004,-0.0668812990189,0.09555025387360164,1.5638440588833147,0.0069522119065306785,McDonald2,5
2450333.97889296,1996.68436856,-0.0442534685135,0.09555025387360164,5.233310589511466,0.49767971679101775,McDonald2,5
2450335.0259238,1996.6872293,-0.0381015539169,0.09555025387360164,5.4324815868899785,0.6594542912451755,McDonald2,5
2450344.5195429,1996.71316815,0.115491747856,0.09555025387360164,1.0307060549348392,0.5142134165162127,McDonald2,5
2450344.53343992,1996.71320612,-0.0393849611282,0.09555025387360164,1.033679266318475,0.5116611362430514,McDonald2,5
2450344.54657566,1996.71324201,-0.0460834503174,0.09555025387360164,1.0364904375968678,0.5092437949103644,McDonald2,5
2450346.61956672,1996.71890592,-0.00705623626709,0.09555025387360164,1.4907550062924426,0.07995588224828987,McDonald2,5
2450346.62396604,1996.71891794,0.00430834293365,0.09555025387360164,1.4917422231420185,0.07897178726634624,McDonald2,5
2450346.63022464,1996.71893504,0.0599477291107,0.09555025387360164,1.4931468379048773,0.07757148188118472,McDonald2,5
2450346.65477226,1996.71900211,0.0304005146027,0.09555025387360164,1.498657993831404,0.07207578199290425,McDonald2,5
2450346.6638088,1996.7190268,0.0235991477966,0.09555025387360164,1.5006875564777196,0.07005135086227036,McDonald2,5
2450347.63818864,1996.72168904,-0.0309414863586,0.09555025387360164,1.7219691109990403,-0.15059764453919514,McDonald2,5
2450347.6943184,1996.7218424,-0.0154252052307,0.09555025387360164,1.7348610113292557,-0.16332964693645477,McDonald2,5
2450347.703139,1996.7218665,-0.0217089653015,0.09555025387360164,1.7368883284185515,-0.16532940328926302,McDonald2,5
2450348.59628148,1996.72430678,-0.0127046108246,0.09555025387360164,1.944059929241054,-0.3646562465697502,McDonald2,5
2450348.605695,1996.7243325,-0.0405474901199,0.09555025387360164,1.9462625318290354,-0.36670629660383164,McDonald2,5
2450348.61488526,1996.72435761,-0.00661420822144,0.09555025387360164,1.9484132578418931,-0.3687063464154214,McDonald2,5
2450348.63708316,1996.72441826,-0.0224483013153,0.09555025387360164,1.9536095346336735,-0.3735315248424131,McDonald2,5
2450348.6472177,1996.72444595,-0.0334621667862,0.09555025387360164,1.9559826058229182,-0.37573177334178526,McDonald2,5
2450348.6587979402,1996.72447759,0.0534590482712,0.09555025387360164,1.9586947257468115,-0.3782437871105429,McDonald2,5
2450348.66971206,1996.72450741,0.0567420721054,0.09555025387360164,1.9612513529337718,-0.38060923354818155,McDonald2,5
2450348.69584446,1996.72457881,-0.0279417037964,0.09555025387360164,1.9673748750941775,-0.38626470342481156,McDonald2,5
2450348.70697452,1996.72460922,-0.0257097482681,0.09555025387360164,1.9699838090183013,-0.38866983541594546,McDonald2,5
2450348.7362838,1996.7246893,-0.0139544010162,0.09555025387360164,1.9768564818080412,-0.39499292977773826,McDonald2,5
2450348.74729674,1996.72471939,-0.0653059482574,0.09555025387360164,1.9794397980993232,-0.39736486089809614,McDonald2,5
2450349.60884976,1996.72707336,-0.0359736680984,0.09555025387360164,2.1829585784949197,-0.5746384048671038,McDonald2,5
2450349.6150973802,1996.72709043,-0.0549175739288,0.09555025387360164,2.18444370532126,-0.5758532095217,McDonald2,5
2450349.62041902,1996.72710497,-0.0372735261917,0.09555025387360164,2.185708810157502,-0.5768870388103927,McDonald2,5
2450349.62406072,1996.72711492,-0.0204136371613,0.09555025387360164,2.186574595238078,-0.5775940164877872,McDonald2,5
2450349.648795,1996.7271825,0.022932767868,0.09555025387360164,2.192456030591621,-0.5823851568173531,McDonald2,5
2450349.66084738,1996.72721543,-0.0268741846085,0.09555025387360164,2.195322567551363,-0.584713006018901,McDonald2,5
2450349.69409848,1996.72730628,-0.0450844764709,0.09555025387360164,2.2032332377637807,-0.5911120977639791,McDonald2,5
2450349.72049074,1996.72737839,-0.028796672821,0.09555025387360164,2.2095144459634453,-0.5961667598057409,McDonald2,5
2450349.72976884,1996.72740374,-0.0083372592926,0.09555025387360164,2.2117230599464506,-0.5979385135395886,McDonald2,5
2450349.73743288,1996.72742468,-0.0155177116394,0.09555025387360164,2.2135476399059972,-0.5993999948523954,McDonald2,5
2450349.78746874,1996.72756139,-0.0476678609848,0.09555025387360164,2.2254637876795877,-0.6088954901967631,McDonald2,5
2450349.79403844,1996.72757934,-0.0533846616745,0.09555025387360164,2.2270288977216124,-0.6101362681748083,McDonald2,5
2450350.61227536,1996.72981496,-0.00834429264069,0.09555025387360164,2.4227474050384643,-0.7525666531289045,McDonald2,5
2450350.623453,1996.7298455,-0.00779736042023,0.09555025387360164,2.425429682653773,-0.754330266750383,McDonald2,5
2450350.63476972,1996.72987642,0.0325709581375,0.09555025387360164,2.4281455086659642,-0.7561104092357221,McDonald2,5
2450350.64546424,1996.72990564,-0.00549530982971,0.09555025387360164,2.4307121751247873,-0.7577876565094215,McDonald2,5
2450350.69208166,1996.73003301,-0.0303407907486,0.09555025387360164,2.4419020138130136,-0.7650414460097044,McDonald2,5
2450350.69886364,1996.73005154,-0.0138738155365,0.09555025387360164,2.4435301585394056,-0.7660889258813942,McDonald2,5
2450350.74081456,1996.73016616,-0.070333480835,0.09555025387360164,2.4536025118660403,-0.7725238059243109,McDonald2,5
2450350.74654612,1996.73018182,-0.0543999671936,0.09555025387360164,2.454978810320558,-0.7733970039707379,McDonald2,5
2450353.73115534,1996.73833649,-0.0352003574371,0.09555025387360164,3.167863760907879,-0.9996549343070226,McDonald2,5
2450353.7426514,1996.7383679,-0.0550467967987,0.09555025387360164,3.170560791634846,-0.9995804528290221,McDonald2,5
2450353.75535526,1996.73840261,-0.198605418205,0.09555025387360164,3.1735404572733588,-0.9994897123247233,McDonald2,5
2450355.81157254,1996.74402069,-0.0359659194946,0.09555025387360164,3.6438983188770546,-0.8764748353936151,McDonald2,5
2450355.82387014,1996.74405429,-0.0539556741714,0.09555025387360164,3.64663104531365,-0.8751558995795866,McDonald2,5
2450355.8368668,1996.7440898,0.0181339979172,0.09555025387360164,3.6495179948708403,-0.8737554298642188,McDonald2,5
2450356.81883016,1996.74677276,0.0434528589249,0.09555025387360164,3.8642741939245093,-0.7500348616784225,McDonald2,5
2450356.83277842,1996.74681087,0.00364542007446,0.09555025387360164,3.8672765800736424,-0.7480457110525762,McDonald2,5
2450357.02234446,1996.74732881,0.0567809343338,0.09555025387360164,3.9079479060299915,-0.7204431327819901,McDonald2,5
2450357.84547846,1996.74957781,0.0193481445312,0.09555025387360164,4.0817231871924085,-0.5896826065385252,McDonald2,5
2450357.85818964,1996.74961254,0.0317659378052,0.09555025387360164,4.084371489093224,-0.5875416796502009,McDonald2,5
2450357.86673574,1996.74963589,0.0433937311172,0.09555025387360164,4.086151433055182,-0.586100429882138,McDonald2,5
2450357.97636372,1996.74993542,0.0438977479935,0.09555025387360164,4.108942576205733,-0.5674835545522714,McDonald2,5
2450357.9883758402,1996.74996824,-0.00555813312531,0.09555025387360164,4.111435159874018,-0.5654294384649794,McDonald2,5
2450359.00505064,1996.75274604,0.022664308548,0.09555025387360164,4.319210140048408,-0.38312662749306486,McDonald2,5
2450359.0118253,1996.75276455,-0.0138657093048,0.09555025387360164,4.320574579302278,-0.38186594440202765,McDonald2,5
2450374.6582887,1996.79551445,-0.010039806366,0.09555025387360164,1.2061871781781748,0.3565841636573589,McDonald2,5
2450374.67184168,1996.79555148,0.00706362724304,0.09555025387360164,1.209252985828408,0.3537182210689219,McDonald2,5
2450375.60752068,1996.79810798,-0.0173590183258,0.09555025387360164,1.4219977421033625,0.14825010020038004,McDonald2,5
2450375.6162351402,1996.79813179,0.00236797332764,0.09555025387360164,1.4239885619111505,0.1462809866635532,McDonald2,5
2450375.66641374,1996.79826889,0.0278021097183,0.09555025387360164,1.435455008604602,0.1349285158101505,McDonald2,5
2450376.6597963,1996.80098305,-0.0402106046677,0.09555025387360164,1.663460584724064,-0.09253170203390478,McDonald2,5
2450376.69365862,1996.80107557,-0.00357627868652,0.09555025387360164,1.6712631258971276,-0.10029787280410746,McDonald2,5
2450376.7764771,1996.80130185,0.0211491584778,0.09555025387360164,1.6903535230494673,-0.11927257618454036,McDonald2,5
2450377.6316727,1996.80363845,-0.0133111476898,0.09555025387360164,1.8880168972958393,-0.3119270160420299,McDonald2,5
2450377.64030664,1996.80366204,-0.0462107658386,0.09555025387360164,1.8900166671691054,-0.3138263845526003,McDonald2,5
2450377.65750132,1996.80370902,-0.0259492397308,0.09555025387360164,1.893999457026851,-0.3176054663498192,McDonald2,5
2450379.66587874,1996.80919639,0.17303788662,0.09555025387360164,2.359969757489352,-0.709771252887448,McDonald2,5
2450379.67558506,1996.80922291,-0.16107237339,0.09555025387360164,2.362219600381664,-0.7113543170424056,McDonald2,5
2450379.7168662,1996.8093357,-0.0502392053604,0.09555025387360164,2.3717872896341743,-0.7180461490209156,McDonald2,5
2450379.76251738,1996.80946043,-0.0403480529785,0.09555025387360164,2.3823659981830025,-0.7253685676141466,McDonald2,5
2450379.76933962,1996.80947907,-0.0191813707352,0.09555025387360164,2.3839467398694736,-0.7264557813457254,McDonald2,5
2450380.90619052,1996.81258522,-0.101306438446,0.09555025387360164,2.6464618771278396,-0.8799065793528872,McDonald2,5
2450380.91623356,1996.81261266,-0.0804693698883,0.09555025387360164,2.6487705321269033,-0.8810011833429741,McDonald2,5
2450380.93183248,1996.81265528,-0.0512199401855,0.09555025387360164,2.652355900987671,-0.8826918055597799,McDonald2,5
2450386.87899576,1996.82890436,0.036209821701,0.09555025387360164,3.9458820430757178,-0.6936232898132693,McDonald2,5
2450386.89563778,1996.82894983,-0.0432327985764,0.09555025387360164,3.949243046825787,-0.6911983181903418,McDonald2,5
2450386.9725783,1996.82916005,-0.0285449028015,0.09555025387360164,3.964763247694694,-0.6798996154455877,McDonald2,5
2450391.06841476,1996.84035086,0.010067820549,0.09555025387360164,4.7580371309885034,0.0456322990053453,McDonald2,5
2450391.07869936,1996.84037896,-0.0308163166046,0.09555025387360164,4.759982961562738,0.047576015001413736,McDonald2,5
2450392.13677974,1996.84326989,-0.106570124626,0.09555025387360164,4.960296843654653,0.2453763220198201,McDonald2,5
2450392.14870402,1996.84330247,-0.0342738628387,0.09555025387360164,4.96255915696732,0.24756884187610356,McDonald2,5
2450392.19477244,1996.84342834,-0.023484826088,0.09555025387360164,4.971301151667165,0.25602913321809073,McDonald2,5
2450392.2016203,1996.84344705,-0.00730979442596,0.09555025387360164,4.9726008513841204,0.2572852961310447,McDonald2,5
2450392.215144,1996.843484,0.0511348247528,0.09555025387360164,4.9751677907325025,0.2597649703473994,McDonald2,5
2450393.15387178,1996.84604883,-0.025443315506,0.09555025387360164,5.154165886728536,0.4275464507603401,McDonald2,5
2450393.15886036,1996.84606246,0.0203632116318,0.09555025387360164,5.1551224880942925,0.42841101631020556,McDonald2,5
2450393.19896664,1996.84617204,-0.0718871355057,0.09555025387360164,5.162815673198385,0.43534970881087653,McDonald2,5
2450393.2032342,1996.8461837,-0.0388810634613,0.09555025387360164,5.163634537623123,0.4360867548218793,McDonald2,5
2450404.7708655,1996.87778925,0.0318579673767,0.09555025387360164,1.3923712529676013,0.17747987085300002,McDonald2,5
2450405.6866524,1996.8802914,-0.00980293750763,0.09555025387360164,1.6023775937044107,-0.031576017436153125,McDonald2,5
2450405.69733228,1996.88032058,0.0177351236343,0.09555025387360164,1.6048181527377459,-0.03401526303252247,McDonald2,5
2450405.70819882,1996.88035027,-0.123455524445,0.09555025387360164,1.607301152497925,-0.03649671850745088,McDonald2,5
2450405.7187872,1996.8803792,-0.102060556412,0.09555025387360164,1.6097203843920145,-0.038914229483476476,McDonald2,5
2450405.73090546,1996.88041231,0.0926837921143,0.09555025387360164,1.6124889101325008,-0.041680505549109,McDonald2,5
2450405.75777718,1996.88048573,0.0253894329071,0.09555025387360164,1.6186270305707824,-0.04781246820414594,McDonald2,5
2450405.83262784,1996.88069024,0.0437264442444,0.09555025387360164,1.6357175857460895,-0.06487566386660172,McDonald2,5
2450406.71990334,1996.88311449,-0.0412439107895,0.09555025387360164,1.837481830277004,-0.2635355621182988,McDonald2,5
2450406.82493802,1996.88340147,0.00348424911499,0.09555025387360164,1.861261705568313,-0.2863981404827638,McDonald2,5
2450406.8355264,1996.8834304,0.0385837554932,0.09555025387360164,1.8636576496371626,-0.2886928958842654,McDonald2,5
2450406.88390428,1996.88356258,-0.107755541801,0.09555025387360164,1.8746016557816416,-0.29915342787999705,McDonald2,5
2450410.76410086,1996.89416421,-0.0388196706772,0.09555025387360164,2.7345889062603588,-0.9183110385562624,McDonald2,5
2450410.7704985403,1996.89418169,0.00713610649109,0.09555025387360164,2.7359733167940017,-0.9188581905910911,McDonald2,5
2450410.78002918,1996.89420773,0.00974416732788,0.09555025387360164,2.738035434267272,-0.9196699230135745,McDonald2,5
2450410.79328204,1996.89424394,-0.0168699026108,0.09555025387360164,2.7409024355244282,-0.9207919910522103,McDonald2,5
2450410.8313314,1996.8943479,0.0279402732849,0.09555025387360164,2.7491305544404443,-0.9239701958629697,McDonald2,5
2450410.83694584,1996.89436324,-0.0424848794937,0.09555025387360164,2.750344274992511,-0.9244337201884544,McDonald2,5
2450410.84466844,1996.89438434,-0.0280401706696,0.09555025387360164,2.752013568229392,-0.9250690047896516,McDonald2,5
2450411.02805274,1996.89488539,-0.0765111446381,0.09555025387360164,2.7915963508512833,-0.9393739806238169,McDonald2,5
2450411.0418363,1996.89492305,-0.00657033920288,0.09555025387360164,2.794567014427954,-0.9403884579248378,McDonald2,5
2450419.03546296,1996.91676356,-0.0732405185699,0.09555025387360164,4.395576854634049,-0.3115389241989878,McDonald2,5
2450419.05285894,1996.91681109,0.0115277767181,0.09555025387360164,4.398857275080367,-0.3084200884844459,McDonald2,5
2450419.11642582,1996.91698477,-0.0759595632553,0.09555025387360164,4.410843156719004,-0.2969966347436188,McDonald2,5
2450419.12629684,1996.91701174,-0.0517303943634,0.09555025387360164,4.412704245680558,-0.2952190075392281,McDonald2,5
2450419.13333136,1996.91703096,0.0173696279526,0.09555025387360164,4.41403051731872,-0.2939515890735989,McDonald2,5
2450419.19698974,1996.91720489,-0.00554764270782,0.09555025387360164,4.42603178784783,-0.282459637586369,McDonald2,5
2450419.21341948,1996.91724978,-0.0741970539093,0.09555025387360164,4.429129038357559,-0.27948715958359804,McDonald2,5
2450420.07149184,1996.91959424,-0.0549951791763,0.09555025387360164,4.590957490980142,-0.12113327919168405,McDonald2,5
2450420.08119816,1996.91962076,-0.0412225723267,0.09555025387360164,4.592790721094614,-0.11931334599294974,McDonald2,5
2450420.09192928,1996.91965008,-0.136260390282,0.09555025387360164,4.5948176239297585,-0.11730067832462705,McDonald2,5
2450420.10958878,1996.91969833,0.00155353546143,0.09555025387360164,4.5981534419629035,-0.11398724279395762,McDonald2,5
2450420.12651628,1996.91974458,-0.0259464979172,0.09555025387360164,4.601351318399914,-0.11080963200800063,McDonald2,5
2450420.13452802,1996.91976647,-0.0440024137497,0.09555025387360164,4.602864979639696,-0.10930516605638006,McDonald2,5
2450420.20880772,1996.91996942,-0.0328040122986,0.09555025387360164,4.616902352241004,-0.09534159126921724,McDonald2,5
2450423.17205352,1996.92806572,-0.032923579216,0.09555025387360164,5.189576813947252,0.4592829755388469,McDonald2,5
2450423.22853098,1996.92822003,-0.12421476841,0.09555025387360164,5.20086811526364,0.469283435132692,McDonald2,5
2450434.78926318,1996.95980673,0.0445246696472,0.09555025387360164,1.546569638260089,0.024224318699463437,McDonald2,5
2450434.8716388,1996.9600318,0.00428926944733,0.09555025387360164,1.5650684222012954,0.005727873272619672,McDonald2,5
2450436.85697286,1996.96545621,0.0416450500488,0.09555025387360164,2.002045561981828,-0.41800598885021695,McDonald2,5
2450436.8694681,1996.96549035,-0.0447655916214,0.09555025387360164,2.00474521336381,-0.42045694546506795,McDonald2,5
2450436.9453216,1996.9656976,0.0405142307281,0.09555025387360164,2.0211210812800893,-0.4352579354043346,McDonald2,5
2450436.95876478,1996.96573433,0.147516131401,0.09555025387360164,2.024021052823257,-0.43786696271638925,McDonald2,5
2450437.77128478,1996.96795433,-0.00401842594147,0.09555025387360164,2.1980799616776405,-0.5869476893620926,McDonald2,5
2450437.77823878,1996.96797333,0.031679391861,0.09555025387360164,2.199559605403608,-0.5881450027502806,McDonald2,5
2450437.8109665,1996.96806275,0.0778042078018,0.09555025387360164,2.206521050632862,-0.5937608131787274,McDonald2,5
2450437.82222466,1996.96809351,0.0710966587067,0.09555025387360164,2.20891490308958,-0.5956853033173609,McDonald2,5
2450437.85327976,1996.96817836,0.0330216884613,0.09555025387360164,2.215515988665156,-0.600974396758902,McDonald2,5
2450437.86043872,1996.96819792,0.019367814064,0.09555025387360164,2.2170372339974476,-0.6021895840380548,McDonald2,5
2450437.89947994,1996.96830459,-0.0712368488312,0.09555025387360164,2.225330243194618,-0.6087895505442494,McDonald2,5
2450437.92702144,1996.96837984,-0.00392389297485,0.09555025387360164,2.2311774082885023,-0.6134178588662972,McDonald2,5
2450437.94192862,1996.96842057,0.0812345743179,0.09555025387360164,2.2343411883743265,-0.6159134069953834,McDonald2,5
2450437.9689504,1996.9684944,0.0500719547272,0.09555025387360164,2.2400741605865067,-0.620419775635707,McDonald2,5
2450451.2179930047,1997.00470683,-0.0794268846512,0.09555025387360164,4.839338178201942,0.1266084848450374,McDonald2,5
2450451.2788640563,1997.0048736,-0.0332170724869,0.09555025387360164,4.851451185561833,0.13861443398436385,McDonald2,5
2450451.294084557,1997.0049153,-0.113515853882,0.09555025387360164,4.854483420543016,0.14161675521047645,McDonald2,5
2450451.3397570085,1997.00504043,-0.1487596035,0.09555025387360164,4.863590650145066,0.15062620059685136,McDonald2,5
2450463.787173553,1997.03914294,0.0530636310577,0.09555025387360164,1.450586640308182,0.11992038321044753,McDonald2,5
2450463.793385853,1997.03915996,0.0755558013916,0.09555025387360164,1.451959183548003,0.11855763238280696,McDonald2,5
2450463.797736653,1997.03917188,0.0900114774704,0.09555025387360164,1.452920302430118,0.11760323749432294,McDonald2,5
2450463.879270356,1997.03939526,-0.0414841175079,0.09555025387360164,1.4709095353892598,0.09972077298439028,McDonald2,5
2450464.766501434,1997.04182603,0.0585827827454,0.09555025387360164,1.6640407871671101,-0.09310939964986148,McDonald2,5
2450464.7748635844,1997.04184894,0.0777899026871,0.09555025387360164,1.6658390149012945,-0.09489966416926454,McDonald2,5
2450464.791390785,1997.04189422,-0.0615202188492,0.09555025387360164,1.6693919205575236,-0.09843592859671128,McDonald2,5
2450464.8192585357,1997.04197057,-0.0446466207504,0.09555025387360164,1.6753792462553596,-0.10439237623034445,McDonald2,5
2450464.8729682877,1997.04211772,0.0474218130112,0.09555025387360164,1.6869063487337836,-0.11584930747929773,McDonald2,5
2450464.8841956877,1997.04214848,0.0123327970505,0.09555025387360164,1.6893139142026383,-0.11824032426788496,McDonald2,5
2450467.9053701335,1997.05042567,0.0331020355225,0.09555025387360164,2.3152589850761562,-0.6775767192003586,McDonald2,5
2450467.9109473336,1997.05044095,0.0635117292404,0.09555025387360164,2.3163806305046344,-0.6784012092861651,McDonald2,5
2450467.916524534,1997.05045623,0.0928916931152,0.09555025387360164,2.3175021727081866,-0.6792247701234244,McDonald2,5
2450479.3192270957,1997.08169651,-0.0552868843079,0.09555025387360164,4.510586481954386,-0.20043557556831754,McDonald2,5
2450482.267792089,1997.08977477,-0.0327839851379,0.09555025387360164,5.1253420992649374,0.401315952748184,McDonald2,5
2450482.276281989,1997.08979803,-0.0299773216248,0.09555025387360164,5.127209944219098,0.40302608500749554,McDonald2,5
2450492.768006572,1997.11854248,0.037440776825,0.09555025387360164,1.3346856310343176,0.2339230092235606,McDonald2,5
2450492.772707772,1997.11855536,0.0661104917526,0.09555025387360164,1.3357073133802668,0.23292955141214827,McDonald2,5
2450492.776938122,1997.11856695,0.0464245080948,0.09555025387360164,1.3366265317081947,0.23203551917836865,McDonald2,5
2450492.829381324,1997.11871063,0.0354959964752,0.09555025387360164,1.3480112115853533,0.22094676000760796,McDonald2,5
2450494.8052358865,1997.12412393,-0.00790500640869,0.09555025387360164,1.7635572018282275,-0.19156936272606548,McDonald2,5
2450494.876246639,1997.12431848,0.0946633815765,0.09555025387360164,1.7780546841267046,-0.2057777084638425,McDonald2,5
2450495.788308668,1997.12681728,-0.0250601768494,0.09555025387360164,1.9620248123248123,-0.38132436534817465,McDonald2,5
2450495.799755068,1997.12684864,0.0552815198898,0.09555025387360164,1.9643091480514272,-0.3834351029032392,McDonald2,5
2450495.8662106204,1997.12703071,0.0589547157288,0.09555025387360164,1.9775604568127214,-0.39563956253454574,McDonald2,5
2450495.8800112708,1997.12706852,0.126983046532,0.09555025387360164,1.9803099650219247,-0.39816322834752005,McDonald2,5
2450496.952567455,1997.13000703,0.0176730155945,0.09555025387360164,2.1917441343480943,-0.5818062995871194,McDonald2,5
2450498.918629067,1997.1353935,-0.0216714143753,0.09555025387360164,2.5706033057356454,-0.841366679409753,McDonald2,5
2450498.9371163175,1997.13544415,-0.0340296030045,0.09555025387360164,2.574127973440254,-0.8432664077378987,McDonald2,5
2450499.00794457,1997.1356382,-0.00645518302917,0.09555025387360164,2.587626752048019,-0.8504448970024605,McDonald2,5
2450499.0197851704,1997.13567064,-0.0599287748337,0.09555025387360164,2.589882640616086,-0.8516294741003572,McDonald2,5
2450499.0276910705,1997.1356923,0.134295105934,0.09555025387360164,2.5913887665388686,-0.8524179351828893,McDonald2,5
2450499.041801971,1997.13573096,0.179189324379,0.09555025387360164,2.59407675272209,-0.8538202972601434,McDonald2,5
2450499.0520949713,1997.13575916,0.0979908704758,0.09555025387360164,2.596037279352153,-0.8548392428655788,McDonald2,5
2450506.0270188926,1997.15486854,-0.138056755066,0.09555025387360164,3.9224794254253728,-0.7102896101940326,McDonald2,5
2450506.0378155927,1997.15489812,-0.0468187332153,0.09555025387360164,3.9245859130191008,-0.7088052586539848,McDonald2,5
2450506.048353143,1997.15492699,0.0667062997818,0.09555025387360164,3.926642201390697,-0.7073532466655531,McDonald2,5
2450507.0702692256,1997.15772676,-0.0442340373993,0.09555025387360164,4.127939145826,-0.551740619205301,McDonald2,5
2450507.077580176,1997.15774679,-0.0806251764297,0.09555025387360164,4.129393991821701,-0.5505266712428912,McDonald2,5
2450507.1639975784,1997.15798355,-0.0435979366302,0.09555025387360164,4.146608081047338,-0.5360751913732725,McDonald2,5
2450507.1729838788,1997.15800817,-0.0144910812378,0.09555025387360164,4.148399984253709,-0.5345616601819431,McDonald2,5
2450508.089874858,1997.1605202,-0.0760709047318,0.09555025387360164,4.3332235611110725,-0.37014529471915003,McDonald2,5
2450508.096755108,1997.16053905,-0.0365676879883,0.09555025387360164,4.334626415219613,-0.36884171610621336,McDonald2,5
2450508.105219458,1997.16056224,-0.0590929985046,0.09555025387360164,4.336352608166035,-0.3672366844613451,McDonald2,5
2450508.1161621585,1997.16059222,-0.119672417641,0.09555025387360164,4.338584796949181,-0.36515955104291065,McDonald2,5
2450508.15365496,1997.16069494,-0.0321836471558,0.09555025387360164,4.3462377933964005,-0.3580244088385061,McDonald2,5
2450508.16187476,1997.16071746,-0.0630929470062,0.09555025387360164,4.347916625572418,-0.35645635890343447,McDonald2,5
2450508.1915784613,1997.16079884,0.168174266815,0.09555025387360164,4.353986437619939,-0.35077872927966186,McDonald2,5
2450508.2023642114,1997.16082839,0.0226768255234,0.09555025387360164,4.356191643100037,-0.3487127949127985,McDonald2,5
2450508.2315642126,1997.16090839,-0.0487594604492,0.09555025387360164,4.362164933133835,-0.34310826272128225,McDonald2,5
2450509.11011194,1997.16331537,0.054455280304,0.09555025387360164,4.54418803457256,-0.1674089558336844,McDonald2,5
2450509.1253725905,1997.16335718,-0.124370217323,0.09555025387360164,4.547391297546304,-0.1642500452992913,McDonald2,5
2450509.135136341,1997.16338393,-0.111218810081,0.09555025387360164,4.549441520125195,-0.16222732354619868,McDonald2,5
2450509.179469242,1997.16350539,0.025861620903,0.09555025387360164,4.558758338849974,-0.15302701301817764,McDonald2,5
2450509.190218493,1997.16353484,0.0591472387314,0.09555025387360164,4.561019253475487,-0.15079233821830765,McDonald2,5
2450509.2093590936,1997.16358728,-0.0431514978409,0.09555025387360164,4.565046979070975,-0.1468094554553572,McDonald2,5
2450509.2141478937,1997.1636004,-0.0692976713181,0.09555025387360164,4.566055047469726,-0.14581223526324136,McDonald2,5
2450509.2186702434,1997.16361279,-0.0513007640839,0.09555025387360164,4.5670071623517225,-0.14487023036752122,McDonald2,5
2450509.266207845,1997.16374303,-0.0780055522919,0.09555025387360164,4.577023511319505,-0.13495244579403787,McDonald2,5
2450509.2762124953,1997.16377044,-0.121576070786,0.09555025387360164,4.579133394261068,-0.13286156507398153,McDonald2,5
2450510.242728876,1997.16641843,-0.100093841553,0.09555025387360164,4.786152273320594,0.07369641983110335,McDonald2,5
2450510.2487477264,1997.16643492,-0.0703709125519,0.09555025387360164,4.787461940163075,0.07500246174842506,McDonald2,5
2450510.2576792766,1997.16645939,-0.0731490850449,0.09555025387360164,4.789405874832183,0.07694077809768281,McDonald2,5
2450510.2848206777,1997.16653375,-0.0493543148041,0.09555025387360164,4.795316681256914,0.082832684533642,McDonald2,5
2450511.2274478073,1997.16911629,-0.0545259714127,0.09555025387360164,5.003961945403662,0.287459154824969,McDonald2,5
2450512.2440020395,1997.17190137,-0.140629529953,0.09555025387360164,5.236387798721208,0.5003464071561092,McDonald2,5
2450512.25403954,1997.17192887,-0.141021966934,0.09555025387360164,5.238720551342139,0.5023648002171298,McDonald2,5
2450524.770941137,1997.20622175,0.193124651909,0.09555025387360164,1.8220145643228065,-0.2485841408495289,McDonald2,5
2450524.7915636376,1997.20627825,0.0359826087952,0.09555025387360164,1.826046203256423,-0.25248719703725714,McDonald2,5
2450524.841608789,1997.20641536,0.0453473329544,0.09555025387360164,1.835822753800855,-0.2619347725633356,McDonald2,5
2450524.846324589,1997.20642828,0.0468891859055,0.09555025387360164,1.8367434905012123,-0.2628232511210276,McDonald2,5
2450524.8533982895,1997.20644766,0.0476491451263,0.09555025387360164,1.8381244298230008,-0.2641553911114237,McDonald2,5
2450524.9123968915,1997.2066093,0.0280215740204,0.09555025387360164,1.8496345448169418,-0.2752389254234893,McDonald2,5
2450524.924576942,1997.20664267,-0.0444098711014,0.09555025387360164,1.852009071403094,-0.2775209598544681,McDonald2,5
2450525.756379118,1997.20892158,0.0425870418549,0.09555025387360164,2.0129313268615743,-0.4278701376961716,McDonald2,5
2450525.7712966683,1997.20896245,0.00657784938812,0.09555025387360164,2.0157972775266995,-0.4304587384413795,McDonald2,5
2450525.7932660193,1997.20902264,0.0823202133179,0.09555025387360164,2.0200168763528774,-0.43426354816023,McDonald2,5
2450531.938351464,1997.22585849,-0.0118342638016,0.09555025387360164,3.187845109551343,-0.9989305458351794,McDonald2,5
2450537.0684996266,1997.23991369,0.000490069389343,0.09555025387360164,4.222471673824997,-0.47055292342254834,McDonald2,5
2450552.843832977,1997.28313378,-0.00769972801208,0.09555025387360164,1.4994801077284245,0.07125578201910493,McDonald2,5
2450553.7644871064,1997.28565612,0.0309787988663,0.09555025387360164,1.6782801002507752,-0.10727693723419546,McDonald2,5
2450553.824372658,1997.28582019,0.0198205709457,0.09555025387360164,1.6898036571133788,-0.11872661743662756,McDonald2,5
2450553.829927958,1997.28583541,0.0222642421722,0.09555025387360164,1.690872066968634,-0.11978740244404595,McDonald2,5
2450553.8374798084,1997.2858561,0.0156673192978,0.09555025387360164,1.6923243034600426,-0.12122905538039333,McDonald2,5
2450553.88032716,1997.28597349,-0.0174107551575,0.09555025387360164,1.7005605825740433,-0.1294003840335678,McDonald2,5
2450554.8361782404,1997.28859226,0.0350502729416,0.09555025387360164,1.8830452515430058,-0.30719958973036887,McDonald2,5
2450554.8422883404,1997.288609,0.00855147838593,0.09555025387360164,1.8842054554378798,-0.3083034850872806,McDonald2,5
2450554.8463507905,1997.28862013,0.0162742137909,0.09555025387360164,1.8849768107572764,-0.3090371743964124,McDonald2,5
2450554.898297592,1997.28876245,-0.0465704202652,0.09555025387360164,1.8948377776874235,-0.3184002695450419,McDonald2,5
2450554.9131348426,1997.2888031,-0.00723838806152,0.09555025387360164,1.8976535047290515,-0.3210681901982853,McDonald2,5
2450554.923719843,1997.2888321,-0.002121925354,0.09555025387360164,1.8996620517959117,-0.3229697479931412,McDonald2,5
2450555.77828342,1997.29117337,0.0116387605667,0.09555025387360164,2.061387078124919,-0.4711470453293991,McDonald2,5
2450555.7882260205,1997.29120061,0.0111798048019,0.09555025387360164,2.063265419378544,-0.4728030129097078,McDonald2,5
2450555.8251165715,1997.29130168,-0.00763833522797,0.09555025387360164,2.0702344217451887,-0.4789323448708335,McDonald2,5
2450555.834029872,1997.2913261,-0.0451732873917,0.09555025387360164,2.071918168259604,-0.480409745219065,McDonald2,5
2450557.799828684,1997.29671185,0.00447082519531,0.09555025387360164,2.4442788430292484,-0.7665699165503401,McDonald2,5
2450557.8138811844,1997.29675035,0.0155898332596,0.09555025387360164,2.446958919653141,-0.7682882017232668,McDonald2,5
2450567.0746760783,1997.32212239,0.0213108062744,0.09555025387360164,4.364803866436384,-0.3406283317649525,McDonald2,5
2450567.0832791287,1997.32214596,0.00850510597229,0.09555025387360164,4.366732458723623,-0.3388144407378618,McDonald2,5
2450567.1386277303,1997.3222976,0.0517262220383,0.09555025387360164,4.3791456881960835,-0.3271096104647529,McDonald2,5
2450567.1453765803,1997.32231609,-0.00571167469025,0.09555025387360164,4.380659919179762,-0.325678308306292,McDonald2,5
2450567.1537934807,1997.32233915,-0.062739610672,0.09555025387360164,4.382548603763343,-0.3238920137920394,McDonald2,5
2450567.195596932,1997.32245368,0.0621011257172,0.09555025387360164,4.3919321669502365,-0.31500015127083486,McDonald2,5
2450568.1169956615,1997.32497806,-0.00191986560822,0.09555025387360164,4.600076377883209,-0.11207663059258176,McDonald2,5
2450568.130577312,1997.32501527,-0.014453291893,0.09555025387360164,4.603162822799579,-0.10900910265742249,McDonald2,5
2450568.1516524125,1997.32507301,-0.00346970558167,0.09555025387360164,4.60795318720503,-0.10424605269037318,McDonald2,5
2450568.160266413,1997.32509661,0.0116536617279,0.09555025387360164,4.609911505341746,-0.10229820572944559,McDonald2,5
2450568.197803014,1997.32519945,0.0127152204514,0.09555025387360164,4.618447547029098,-0.09380332223075342,McDonald2,5
2450568.2081909142,1997.32522791,-0.012591958046,0.09555025387360164,4.620810510676954,-0.09145051779541023,McDonald2,5
2450584.7471152386,1997.37054003,-0.0706362724304,0.09555025387360164,1.9102537772040318,-0.33297555192520106,McDonald2,5
2450584.758057939,1997.37057001,0.00258052349091,0.09555025387360164,1.9123299163487109,-0.3349324981173946,McDonald2,5
2450584.8229147913,1997.3707477,-0.119496107101,0.09555025387360164,1.9246381015572838,-0.3465041265075585,McDonald2,5
2450585.7474999703,1997.37328081,-0.0115610361099,0.09555025387360164,2.1008828328441913,-0.5056079773441997,McDonald2,5
2450585.7526975707,1997.37329505,0.031557559967,0.09555025387360164,2.101878867685254,-0.5064670687408264,McDonald2,5
2450585.760344321,1997.373316,0.146013975143,0.09555025387360164,2.1033443700481023,-0.507730167467861,McDonald2,5
2450585.8486743234,1997.373558,0.0281301736832,0.09555025387360164,2.120284098609167,-0.522250473289792,McDonald2,5
2450585.861062424,1997.37359194,-0.106288552284,0.09555025387360164,2.122661546489122,-0.5242764643111806,McDonald2,5
2450594.9973704135,1997.39862292,0.133935451508,0.09555025387360164,4.061837105670665,-0.6056256520728942,McDonald2,5
2450595.001549664,1997.39863437,0.0520168542862,0.09555025387360164,4.062794306774008,-0.6048636822603343,McDonald2,5
2450595.042780065,1997.39874733,0.0321369171143,0.09555025387360164,4.072238692397278,-0.5973159799748313,McDonald2,5
2450595.0566537157,1997.39878534,0.0411885976791,0.09555025387360164,4.075417090928881,-0.5947638724765243,McDonald2,5
2450595.1182839675,1997.39895419,0.0128519535065,0.09555025387360164,4.089538998928241,-0.5833523362098222,McDonald2,5
2450596.023615396,1997.40143455,-0.024018406868,0.09555025387360164,4.297375159805139,-0.40320257778502594,McDonald2,5
2450596.0301890466,1997.40145256,0.0164157152176,0.09555025387360164,4.298886233802749,-0.4018193179297579,McDonald2,5
2450613.7271781075,1997.44993746,-0.0180906057358,0.09555025387360164,1.7661275605277842,-0.19409148040858162,McDonald2,5
2450613.738682908,1997.44996898,-0.0305832624435,0.09555025387360164,1.7683361795696768,-0.19625762394987545,McDonald2,5
2450613.7848919095,1997.45009558,0.0128535032272,0.09555025387360164,1.7772110063985567,-0.2049520133470114,McDonald2,5
2450613.7955608596,1997.45012481,-0.0302431583405,0.09555025387360164,1.7792609692168855,-0.20695802755601989,McDonald2,5
2450616.6902445517,1997.45805545,-0.0110663175583,0.09555025387360164,2.3537678121667653,-0.7053887803907637,McDonald2,5
2450616.702917352,1997.45809017,0.0632532835007,0.09555025387360164,2.356384867311049,-0.7072413853233591,McDonald2,5
2450616.7477357034,1997.45821296,-0.049680352211,0.09555025387360164,2.3656486143401767,-0.7137601563657341,McDonald2,5
2450616.758974054,1997.45824375,-0.0451049804688,0.09555025387360164,2.3679735699162654,-0.71538660192587,McDonald2,5
2450616.8091725055,1997.45838128,0.0116100311279,0.09555025387360164,2.37836849292172,-0.7226110537537418,McDonald2,5
2450616.8216810557,1997.45841555,-0.0103982686996,0.09555025387360164,2.3809612749178735,-0.7244008959887772,McDonald2,5
2450617.779893686,1997.46104079,-0.0348182916641,0.09555025387360164,2.5826803789345725,-0.8478323943763789,McDonald2,5
2450617.7944425866,1997.46108065,-0.0456157922745,0.09555025387360164,2.58579101710345,-0.8494777502574522,McDonald2,5
2450617.872063489,1997.46129331,0.00773644447327,0.09555025387360164,2.6024111783003674,-0.8581292270056221,McDonald2,5
2450617.8778596893,1997.46130919,-0.000943064689636,0.09555025387360164,2.603653905345281,-0.8587666222307234,McDonald2,5
2450617.882933189,1997.46132309,-0.00970137119293,0.09555025387360164,2.604741870523143,-0.8593235512702183,McDonald2,5
2450623.979389683,1997.47802571,0.0750223398209,0.09555025387360164,4.003898344521754,-0.6506883847403964,McDonald2,5
2450624.102088087,1997.47836187,0.0982539653778,0.09555025387360164,4.032779162781296,-0.6284895809747809,McDonald2,5
2450624.105639537,1997.4783716,0.111627936363,0.09555025387360164,4.033614808108208,-0.6278393816324925,McDonald2,5
2450624.109723887,1997.47838279,0.154662966728,0.09555025387360164,4.034575821724951,-0.627091093677368,McDonald2,5
2450625.124296169,1997.48116244,0.0777428150177,0.09555025387360164,4.272404161776112,-0.4259257296277765,McDonald2,5
2450627.2506949864,1997.48698819,0.101937770844,0.09555025387360164,4.762679647281535,0.050269470794202006,McDonald2,5
2450657.040776207,1997.56860488,0.0823520421982,0.09555025387360164,4.883268906729379,0.17004952545997465,McDonald2,5
2450657.1105824593,1997.56879613,0.0365790128708,0.09555025387360164,4.898603950168672,0.18514063531185923,McDonald2,5
2450674.6915562665,1997.61696318,-0.0207579135895,0.09555025387360164,2.132633934376444,-0.5327422226051948,McDonald2,5
2450674.706437317,1997.61700395,-0.0722427368164,0.09555025387360164,2.1359294249296257,-0.5355282244357052,McDonald2,5
2450675.782121551,1997.61995103,0.0252102613449,0.09555025387360164,2.3789257541550834,-0.7229961510631686,McDonald2,5
2450676.8044099337,1997.62275182,-0.0718214511871,0.09555025387360164,2.618203860422457,-0.8661303759064835,McDonald2,5
2450701.6510119215,1997.6908247,-0.165795207024,0.09555025387360164,1.5891546505661105,-0.018357292576908952,McDonald2,5
2450714.9667160437,1997.72730608,-0.00179958343506,0.09555025387360164,4.6915833481608225,-0.020804131218995825,McDonald2,5
2450714.976625794,1997.72733323,-0.0428519248962,0.09555025387360164,4.69364612371629,-0.018741759310047918,McDonald2,5
2450715.035803246,1997.72749536,-0.0149936676025,0.09555025387360164,4.705950511954315,-0.006438423947222006,McDonald2,5
2450730.60528389,1997.77015147,-0.0585941076279,0.09555025387360164,1.4815302387496612,0.08914758344099591,McDonald2,5
2450731.6043400215,1997.77288861,0.00703418254852,0.09555025387360164,1.7004553155769884,-0.12929600135975158,McDonald2,5
2450731.649673023,1997.77301281,0.00649559497833,0.09555025387360164,1.7105363710310604,-0.1392856975765249,McDonald2,5
2450731.661426023,1997.77304501,0.0243066549301,0.09555025387360164,1.7131521042200228,-0.14187545376631655,McDonald2,5
2450734.624010667,1997.78116168,0.209524989128,0.09555025387360164,2.400028293754593,-0.7374128266355547,McDonald2,5
2450734.6371725677,1997.78119774,-0.019308924675,0.09555025387360164,2.4031920835487823,-0.7395460899904661,McDonald2,5
2450734.7175017702,1997.78141782,0.027941942215,0.09555025387360164,2.422518816233669,-0.7524161040638123,McDonald2,5
2450734.7239440205,1997.78143547,0.0342297554016,0.09555025387360164,2.424070080157555,-0.7534369974183813,McDonald2,5
2450734.8269397235,1997.78171765,0.0919890403748,0.09555025387360164,2.4488965405503857,-0.7695270377774192,McDonald2,5
2450734.842189424,1997.78175943,0.00775289535522,0.09555025387360164,2.4525764141657853,-0.7718718418810427,McDonald2,5
2450740.8528745645,1997.79822706,0.140269398689,0.09555025387360164,3.899562904186465,-0.7262328545537577,McDonald2,5
2450740.862298865,1997.79825288,0.0653698444366,0.09555025387360164,3.9016958529838814,-0.7247649106055282,McDonald2,5
2450740.9074274665,1997.79837652,0.0790103673935,0.09555025387360164,3.9118995937632413,-0.7176969639254142,McDonald2,5
2450740.9177241167,1997.79840473,0.00642204284668,0.09555025387360164,3.9142253914833356,-0.716075442077555,McDonald2,5
2450740.9747407683,1997.79856094,0.0450645685196,0.09555025387360164,3.92708867380834,-0.7070375825792615,McDonald2,5
2450741.042327821,1997.79874611,0.0808391571045,0.09555025387360164,3.9423024146198573,-0.6961973825051849,McDonald2,5
2450741.055172171,1997.7987813,0.0843197107315,0.09555025387360164,3.94518944232989,-0.6941220299961137,McDonald2,5
2450741.8966796976,1997.8010868,0.0751060247421,0.09555025387360164,4.131377394941062,-0.5488698096905307,McDonald2,5
2450741.908042148,1997.80111793,0.0674120187759,0.09555025387360164,4.133851478522226,-0.5468000260760344,McDonald2,5
2450741.9186672983,1997.80114704,0.0116541385651,0.09555025387360164,4.136164062829753,-0.5448623238187202,McDonald2,5
2450741.9819765505,1997.80132049,0.117392659187,0.09555025387360164,4.149924270892546,-0.5332728200987475,McDonald2,5
2450741.995390301,1997.80135724,-0.108747005463,0.09555025387360164,4.152835526702977,-0.5308078063227613,McDonald2,5
2450742.0139797516,1997.80140817,0.241449713707,0.09555025387360164,4.156867660626889,-0.5273862984700892,McDonald2,5
2450742.062740103,1997.80154176,0.0265783071518,0.09555025387360164,4.167430593573263,-0.5183825054824607,McDonald2,5
2450742.1095258044,1997.80166994,0.0163456201553,0.09555025387360164,4.17754754783757,-0.5097046224143019,McDonald2,5
2450742.1168842046,1997.8016901,0.00505328178406,0.09555025387360164,4.179137110154848,-0.5083363999673586,McDonald2,5
2450742.9257059805,1997.80390605,0.0428928136826,0.09555025387360164,4.351225891013222,-0.3533625264038838,McDonald2,5
2450743.069742285,1997.80430067,-0.112941384315,0.09555025387360164,4.3813395760940255,-0.32503563068102737,McDonald2,5
2450744.993540546,1997.80957135,0.0290946960449,0.09555025387360164,4.770082672389352,0.05766169115822468,McDonald2,5
2450745.0397933475,1997.80969807,-0.00286459922791,0.09555025387360164,4.779161592875344,0.06672300502532978,McDonald2,5
2450745.052714348,1997.80973347,0.017471909523,0.09555025387360164,4.781695954446896,0.06925150187917611,McDonald2,5
2450748.0795718436,1997.81802623,-0.0363750457764,0.09555025387360164,5.359727656402647,0.6030656281730976,McDonald2,5
2450749.085106726,1997.82078112,0.107296228409,0.09555025387360164,5.548776581369803,0.7422271245827158,McDonald2,5
2450758.5399721256,1997.84668486,0.0134853124619,0.09555025387360164,1.159761099636317,0.39955854260447193,McDonald2,5
2450758.608661478,1997.84687305,0.0245577096939,0.09555025387360164,1.1746405029048677,0.38587475301206287,McDonald2,5
2450760.663104193,1997.85250166,0.00643455982208,0.09555025387360164,1.628625471016242,-0.057796917477492285,McDonald2,5
2450760.669696093,1997.85251972,-0.0311448574066,0.09555025387360164,1.6301111034053997,-0.05928000209811608,McDonald2,5
2450760.6897236435,1997.85257459,-0.0869092941284,0.09555025387360164,1.6346259283771412,-0.06378626779172974,McDonald2,5
2450760.7018343443,1997.85260777,-0.0103665590286,0.09555025387360164,1.637356905105948,-0.0665114418576949,McDonald2,5
2450760.709455544,1997.85262865,0.0133738517761,0.09555025387360164,1.6390758238519836,-0.06822645523268313,McDonald2,5
2450761.5639205715,1997.85496965,-0.0461509227753,0.09555025387360164,1.8334114032106061,-0.2596068536137437,McDonald2,5
2450761.572487122,1997.85499312,-0.0445822477341,0.09555025387360164,1.8353758989120372,-0.26150349321707983,McDonald2,5
2450761.5935658724,1997.85505087,-0.0148751735687,0.09555025387360164,1.8402110671314715,-0.26616733480899807,McDonald2,5
2450761.620586823,1997.8551249,-0.0137522220612,0.09555025387360164,1.8464121055515452,-0.2721395264271681,McDonald2,5
2450761.6301972736,1997.85515123,-0.0170471668243,0.09555025387360164,1.8486183692092562,-0.27426185679067705,McDonald2,5
2450761.643235074,1997.85518695,-0.036544919014,0.09555025387360164,1.8516120849051347,-0.2771395452933631,McDonald2,5
2450761.697846376,1997.85533657,-0.0473881959915,0.09555025387360164,1.8641598018342163,-0.2891736309025662,McDonald2,5
2450761.7062413758,1997.85535957,0.00812816619873,0.09555025387360164,1.866089810946701,-0.29102064386365534,McDonald2,5
2450761.774288328,1997.855546,-0.0454925298691,0.09555025387360164,1.8817449700089308,-0.3059619238217344,McDonald2,5
2450763.6359453374,1997.86064643,-0.0491886138916,0.09555025387360164,2.317178906634223,-0.6789874798652822,McDonald2,5
2450763.6513957875,1997.86068876,0.0299813747406,0.09555025387360164,2.320843096104689,-0.6816729798612042,McDonald2,5
2450763.7714661914,1997.86101772,-0.045704126358,0.09555025387360164,2.3493412080066998,-0.7022442113680398,McDonald2,5
2450763.7805035915,1997.86104248,0.00771617889404,0.09555025387360164,2.3514877664315397,-0.7037708048446604,McDonald2,5
2450763.854200744,1997.86124439,-0.00735521316528,0.09555025387360164,2.3690002256916505,-0.7161035787954397,McDonald2,5
2450770.8633762663,1997.88044761,0.0251715183258,0.09555025387360164,3.9878018354070197,-0.6628263644110837,McDonald2,5
2450770.877509067,1997.88048633,-0.0490312576294,0.09555025387360164,3.990780260880409,-0.6605932627532285,McDonald2,5
2450771.0034596208,1997.8808314,-0.0329090356827,0.09555025387360164,4.017258156891358,-0.6404859135191655,McDonald2,5
2450771.013387621,1997.8808586,0.0190209150314,0.09555025387360164,4.0193402657471555,-0.6388855293982434,McDonald2,5
2450771.826545597,1997.88308643,0.120861172676,0.09555025387360164,4.1874658207816005,-0.50114651135904,McDonald2,5
2450771.8439414976,1997.88313409,-0.0125049352646,0.09555025387360164,4.1910121099120055,-0.498074541084603,McDonald2,5
2450771.902662699,1997.88329497,0.122826457024,0.09555025387360164,4.202967889273671,-0.48767192555508165,McDonald2,5
2450771.92298955,1997.88335066,-0.107232570648,0.09555025387360164,4.2071011223755175,-0.4840593462576854,McDonald2,5
2450772.0348693533,1997.88365718,0.0584256649017,0.09555025387360164,4.229801726916337,-0.46407250812513035,McDonald2,5
2450772.042078104,1997.88367693,0.0331453084946,0.09555025387360164,4.231261579408821,-0.46277888080293095,McDonald2,5
2450772.055915254,1997.88371484,0.0228370428085,0.09555025387360164,4.234062808832152,-0.46029385201665773,McDonald2,5
2450772.123447556,1997.88389986,-0.0659543275833,0.09555025387360164,4.247716428387485,-0.4481300973239133,McDonald2,5
2450772.1297693565,1997.88391718,-0.0173015594482,0.09555025387360164,4.248993059608306,-0.4469884645459453,McDonald2,5
2450774.114394869,1997.88935451,-0.00484549999237,0.09555025387360164,4.638793418813801,-0.07352914353846704,McDonald2,5
2450775.015766048,1997.89182402,-0.0610846281052,0.09555025387360164,4.81045590058578,0.0979098088644316,McDonald2,5
2450775.0354577987,1997.89187797,-0.0153838396072,0.09555025387360164,4.814182578415568,0.10161789261982186,McDonald2,5
2450775.0517878993,1997.89192271,-0.0724823474884,0.09555025387360164,4.817272449073506,0.10469127859522857,McDonald2,5
2450775.9812166286,1997.89446909,-0.0470410585403,0.09555025387360164,4.992448501546018,0.2764128512103365,McDonald2,5
2450775.992896629,1997.89450109,-0.0248897075653,0.09555025387360164,4.994644201502239,0.2785223364712973,McDonald2,5
2450776.01858533,1997.89457147,0.0302739143372,0.09555025387360164,4.999473117969476,0.2831569061446758,McDonald2,5
2450776.0367586804,1997.89462126,-0.0129667520523,0.09555025387360164,5.002889115346658,0.2864314405857655,McDonald2,5
2450776.0617392813,1997.8946897,-0.0298871994019,0.09555025387360164,5.007584407161488,0.29092682932924635,McDonald2,5
2450777.037314962,1997.89736251,-0.0170638561249,0.09555025387360164,5.190983597275792,0.46053215223934174,McDonald2,5
2450777.1799168168,1997.8977532,0.0720655918121,0.09555025387360164,5.217842292443606,0.48420411774405053,McDonald2,5
2450778.0659908447,1997.9001808,-0.024499297142,0.09555025387360164,5.385451499005441,0.6233835396135156,McDonald2,5
2450786.5500292135,1997.92342474,-0.0295788049698,0.09555025387360164,0.851366918784616,0.6589555903282259,McDonald2,5
2450787.5572686456,1997.9261843,-0.0181024074554,0.09555025387360164,1.07510611988047,0.475638898561625,McDonald2,5
2450787.6224722476,1997.92636294,0.0191435813904,0.09555025387360164,1.089663083175811,0.4627840601448682,McDonald2,5
2450793.564566586,1997.94264265,0.111462950706,0.09555025387360164,2.4469647655356734,-0.7682919436834258,McDonald2,5
2450793.5777065866,1997.94267865,-0.0854163169861,0.09555025387360164,2.450004290881988,-0.7702339906132898,McDonald2,5
2450799.7716618828,1997.95964839,0.108226656914,0.09555025387360164,3.81622211955268,-0.7809384432589326,McDonald2,5
2450799.7866889336,1997.95968956,-0.0330948829651,0.09555025387360164,3.819281392383358,-0.7790239455123545,McDonald2,5
2450799.871821536,1997.9599228,0.0408333539963,0.09555025387360164,3.8365875254466992,-0.7680569857701387,McDonald2,5
2450799.8834650367,1997.9599547,0.0424262285233,0.09555025387360164,3.838951106123883,-0.7665412484586213,McDonald2,5
2450799.898349737,1997.95999548,-0.032479763031,0.09555025387360164,3.841971462909961,-0.764598096750094,McDonald2,5
2450799.9159500375,1997.9600437,0.027801156044,0.09555025387360164,3.845541164386521,-0.762292531181533,McDonald2,5
2450800.0092659406,1997.96029936,-0.0318547487259,0.09555025387360164,3.8644369707152477,-0.7499271914502683,McDonald2,5
2450800.0206101406,1997.96033044,0.0701061487198,0.09555025387360164,3.8667305999357207,-0.7484079377336144,McDonald2,5
2450801.062068324,1997.96318375,-0.0435229539871,0.09555025387360164,4.074242410489449,-0.595707788045437,McDonald2,5
2450801.819246248,1997.96525821,-0.080589056015,0.09555025387360164,4.221725366964318,-0.47121131242662817,McDonald2,5
2450801.831995698,1997.96529314,-0.0580507516861,0.09555025387360164,4.224187744531894,-0.4690380189478833,McDonald2,5
2450801.852121799,1997.96534828,-0.0761345624924,0.09555025387360164,4.2280735199628054,-0.4656026552482201,McDonald2,5
2450801.9063571505,1997.96549687,-0.0135254859924,0.09555025387360164,4.238536981679179,-0.45631723684286546,McDonald2,5
2450801.914974801,1997.96552048,0.00345647335052,0.09555025387360164,4.240198516605438,-0.45483814535578304,McDonald2,5
2450801.929052851,1997.96555905,-0.221237421036,0.09555025387360164,4.242912240473348,-0.4524197012984464,McDonald2,5
2450801.9438353516,1997.96559955,-0.0538032054901,0.09555025387360164,4.2457609464215285,-0.4498773783976552,McDonald2,5
2450801.972177603,1997.9656772,-0.0199333429337,0.09555025387360164,4.251220421239971,-0.4449948939550457,McDonald2,5
2450801.9914167533,1997.96572991,-0.0209877490997,0.09555025387360164,4.254924683673206,-0.44167455888969637,McDonald2,5
2450802.041848805,1997.96586808,-0.0207840204239,0.09555025387360164,4.264628265772217,-0.4329480872129037,McDonald2,5
2450802.0523316055,1997.9658968,-0.004354596138,0.09555025387360164,4.266644083630894,-0.431130112568997,McDonald2,5
2450804.9649696476,1997.97387663,-0.00399887561798,0.09555025387360164,4.817606828611758,0.10502381478183502,McDonald2,5
2450805.04148095,1997.97408625,-0.0425933599472,0.09555025387360164,4.832017578649031,0.11934346819035767,McDonald2,5
2450816.5442300146,1998.00560063,-0.0595624446869,0.09555025387360164,0.9860487555546422,0.551988911831488,McDonald2,5
2450817.5730518973,1998.00841932,0.0653892755508,0.09555025387360164,1.2223454146994905,0.34144222570878247,McDonald2,5
2450818.5515512284,1998.01110014,0.0466493368149,0.09555025387360164,1.44639782886735,0.1240779019141396,McDonald2,5
2450818.565698629,1998.0111389,0.0285527706146,0.09555025387360164,1.449630622179856,0.12086944729898891,McDonald2,5
2450820.5726183425,1998.01663731,0.0820037126541,0.09555025387360164,1.9057899103837252,-0.3287631101422743,McDonald2,5
2450821.5438979734,1998.01929835,-0.017928481102,0.09555025387360164,2.1244072157689917,-0.5257621861079183,McDonald2,5
2450821.623234376,1998.01951571,-0.00921928882599,0.09555025387360164,2.142187049387294,-0.5408023772096576,McDonald2,5
2450821.722226029,1998.01978692,-0.00614929199219,0.09555025387360164,2.1643537694891046,-0.5593135200445086,McDonald2,5
2450821.732738029,1998.01981572,-0.0294474363327,0.09555025387360164,2.1667064786803643,-0.5612622631562354,McDonald2,5
2450821.7978868815,1998.01999421,-0.027660369873,0.09555025387360164,2.1812823765249485,-0.5732657821142602,McDonald2,5
2450821.8063694816,1998.02001745,-0.00895214080811,0.09555025387360164,2.1831795463705497,-0.5748192325855546,McDonald2,5
2450830.9108275706,1998.04496117,0.0397591590881,0.09555025387360164,4.068486095458694,-0.6003213724703038,McDonald2,5
2450830.9182151705,1998.04498141,0.00725305080414,0.09555025387360164,4.069887026672159,-0.599200376575155,McDonald2,5
2450830.9741915725,1998.04513477,0.0228123664856,0.09555025387360164,4.0804984364192265,-0.5906713157145854,McDonald2,5
2450831.8439975497,1998.0475178,0.0114185810089,0.09555025387360164,4.2447431350986164,-0.4507861426719401,McDonald2,5
2450832.009200205,1998.04797041,-0.0139309167862,0.09555025387360164,4.275843368316638,-0.4228115667330373,McDonald2,5
2450832.0192596056,1998.04799797,-0.0146483182907,0.09555025387360164,4.277736550741636,-0.4210951747744146,McDonald2,5
2450832.8923870833,1998.0503901,0.0157126188278,0.09555025387360164,4.442014906036974,-0.2670919399877484,McDonald2,5
2450832.9015266835,1998.05041514,-0.000275015830994,0.09555025387360164,4.443735830293437,-0.26543314041145366,McDonald2,5
2450832.9155609338,1998.05045359,-0.0100141763687,0.09555025387360164,4.446378509819079,-0.26288433183748494,McDonald2,5
2450832.971522736,1998.05060691,0.0330321788788,0.09555025387360164,4.45691783511195,-0.25270129060843005,McDonald2,5
2450832.9887616863,1998.05065414,0.0104434490204,0.09555025387360164,4.460165001275511,-0.2495581866226785,McDonald2,5
2450833.065802239,1998.05086521,-0.0139575004578,0.09555025387360164,4.474679927826237,-0.23547672034157932,McDonald2,5
2450833.076854439,1998.05089549,-0.0328792333603,0.09555025387360164,4.4767627140535105,-0.23345199279955378,McDonald2,5
2450846.542544366,1998.08778779,-0.0279533863068,0.09555025387360164,1.1327145040892006,0.4242032084314052,McDonald2,5
2450846.6110548684,1998.08797549,-0.0154011249542,0.09555025387360164,1.148654834371305,0.40971488962047914,McDonald2,5
2450847.5599234984,1998.09057513,0.0150793790817,0.09555025387360164,1.3676382429342349,0.20176346737920434,McDonald2,5
2450847.645052451,1998.09080836,-0.0647095441818,0.09555025387360164,1.3871130038149788,0.18265216488021743,McDonald2,5
2450848.526874229,1998.09322431,0.12559401989,0.09555025387360164,1.5870868895981918,-0.01628984227464803,McDonald2,5
2450848.618511132,1998.09347537,-0.0206599235535,0.09555025387360164,1.6076804983712707,-0.036875809015181525,McDonald2,5
2450848.6287931823,1998.09350354,0.035104393959,0.09555025387360164,1.6099889653038488,-0.03918260555313116,McDonald2,5
2450848.6936463844,1998.09368122,-0.0377752780914,0.09555025387360164,1.6245390833948807,-0.05371688961283868,McDonald2,5
2450849.7289725672,1998.09651773,0.138717293739,0.09555025387360164,1.8543932031610053,-0.2798106510265861,McDonald2,5
2450850.5624938933,1998.09880135,-0.0101376771927,0.09555025387360164,2.036143138953193,-0.44873276265787065,McDonald2,5
2450850.6397351963,1998.09901297,-0.0100804567337,0.09555025387360164,2.0528384462814966,-0.4635895610314119,McDonald2,5
2450850.6514991466,1998.0990452,-0.0164940357208,0.09555025387360164,2.0553789904594417,-0.4658391118583954,McDonald2,5
2450850.7521624994,1998.09932099,-0.00503504276276,0.09555025387360164,2.077094820806951,-0.48494344094857045,McDonald2,5
2450850.7638644,1998.09935305,0.0982376337051,0.09555025387360164,2.079616519967038,-0.48714723743499244,McDonald2,5
2450851.526320224,1998.10144197,0.0461221933365,0.09555025387360164,2.2427120936435054,-0.6224864661213149,McDonald2,5
2450851.5364526245,1998.10146973,0.0321120023727,0.09555025387360164,2.244863591363539,-0.6241688519695878,McDonald2,5
2450851.599243576,1998.10164176,-0.0652672052383,0.09555025387360164,2.2581873051415977,-0.6345228205004982,McDonald2,5
2450851.609182527,1998.10166899,-0.061092376709,0.09555025387360164,2.260294813551897,-0.6361503120985575,McDonald2,5
2450851.7300376804,1998.1020001,-0.0533418655396,0.09555025387360164,2.285889871953364,-0.6556880491453894,McDonald2,5
2450851.739272181,1998.1020254,0.0106779336929,0.09555025387360164,2.2878431750228314,-0.6571616034977866,McDonald2,5
2450851.7517551812,1998.1020596,-0.0827527046204,0.09555025387360164,2.290483066135062,-0.6591491284630994,McDonald2,5
2450851.7597669316,1998.10208155,-0.0370663404465,0.09555025387360164,2.292177053988908,-0.6604220817286209,McDonald2,5
2450853.5226950874,1998.10691149,-0.0676678419113,0.09555025387360164,2.658816640625683,-0.8857096017486508,McDonald2,5
2450853.5332362875,1998.10694037,-0.0463825464249,0.09555025387360164,2.6609731379120065,-0.8867086731444842,McDonald2,5
2450853.60573624,1998.107139,-0.0292540788651,0.09555025387360164,2.675793794901411,-0.8934630539864541,McDonald2,5
2450853.6218181406,1998.10718306,-0.0526267290115,0.09555025387360164,2.679078650477827,-0.8949335801594887,McDonald2,5
2450862.847401483,1998.13245863,-0.0106251239777,0.09555025387360164,4.459452943089753,-0.2502476518238053,McDonald2,5
2450862.8582383334,1998.13248832,-0.0225528478622,0.09555025387360164,4.461539208025057,-0.24822722482349507,McDonald2,5
2450864.95273615,1998.13822667,-0.01407122612,0.09555025387360164,4.874150999215239,0.1610574714590923,McDonald2,5
2450864.9628320504,1998.13825433,-0.020651102066,0.09555025387360164,4.876194981768461,0.16307443203728944,McDonald2,5
2450864.9723877506,1998.13828051,-0.0140073299408,0.09555025387360164,4.878130167318741,0.16498340620336066,McDonald2,5
2450864.990739951,1998.13833079,-0.0332607030869,0.09555025387360164,4.881848346733287,0.16864948407694239,McDonald2,5
2450865.0453330027,1998.13848036,0.0390762090683,0.09555025387360164,4.892921152613654,0.179553122340815,McDonald2,5
2450866.0102141835,1998.14112387,0.0105789899826,0.09555025387360164,5.0918166869760215,0.3703889400503027,McDonald2,5
2450874.5262667034,1998.16445552,0.096403002739,0.09555025387360164,0.8042952611043876,0.6936190602518295,McDonald2,5
2450876.5146736163,1998.16990321,0.015850186348,0.09555025387360164,1.2696980960790407,0.29656920811174625,McDonald2,5
2450876.526641967,1998.169936,0.0286756753922,0.09555025387360164,1.272424916829852,0.29396396395803737,McDonald2,5
2450876.590181169,1998.17011008,-0.015983581543,0.09555025387360164,1.286885580361096,0.28011196983160613,McDonald2,5
2450876.61593192,1998.17018063,-0.0388779640198,0.09555025387360164,1.2927384969637092,0.27448859532464726,McDonald2,5
2450876.6334300204,1998.17022857,-0.00411772727966,0.09555025387360164,1.296713153283747,0.27066444603780043,McDonald2,5
2450877.5452620992,1998.17272674,-0.0331559181213,0.09555025387360164,1.5010174361310318,0.06972227779017327,McDonald2,5
2450879.6369895656,1998.1784575,0.000484466552734,0.09555025387360164,1.949643232846383,-0.3698493854861445,McDonald2,5
2450881.6313386788,1998.18392147,-0.033189535141,0.09555025387360164,2.3555503350176856,-0.7066511480239238,McDonald2,5
2450881.712102231,1998.18414274,-0.0392785072327,0.09555025387360164,2.3716302856980453,-0.7179368661392516,McDonald2,5
2450881.727585532,1998.18418516,-0.0905892848969,0.09555025387360164,2.374710235449796,-0.7200774358896889,McDonald2,5
2450881.735436682,1998.18420667,-0.0943291187286,0.09555025387360164,2.376271655165011,-0.7211600169891671,McDonald2,5
2450881.7463428825,1998.18423655,-0.143307924271,0.09555025387360164,2.378440281214374,-0.7226606758970222,McDonald2,5
2450881.799304384,1998.18438165,-0.0155692100525,0.09555025387360164,2.388965151569167,-0.7298953380120718,McDonald2,5
2450881.8117216844,1998.18441567,-0.0459409952164,0.09555025387360164,2.391431328176784,-0.7315788936983874,McDonald2,5
2450882.580072259,1998.18652074,0.0102741718292,0.09555025387360164,2.5430069120601178,-0.8261333396562871,McDonald2,5
2450882.6606460116,1998.18674149,0.00360643863678,0.09555025387360164,2.558792537815981,-0.8349248422480302,McDonald2,5
2450882.6677051117,1998.18676083,-0.104838609695,0.09555025387360164,2.5601745980791546,-0.8356846807986451,McDonald2,5
2450882.680093212,1998.18679477,-0.0298670530319,0.09555025387360164,2.562599635067052,-0.8370140756839479,McDonald2,5
2450882.815588516,1998.18716599,0.0104570388794,0.09555025387360164,2.5890942170599476,-0.8512159617451259,McDonald2,5
2450882.8249799665,1998.18719172,-0.0203803777695,0.09555025387360164,2.59092864192898,-0.8521772637261223,McDonald2,5
2450889.834622689,1998.20639622,-0.0220972299576,0.09555025387360164,3.9262228532975105,-0.7076496049513374,McDonald2,5
2450889.935647392,1998.206673,-0.00508189201355,0.09555025387360164,3.9455209470994532,-0.693883355714422,McDonald2,5
2450890.8044386697,1998.20905325,-0.0140688419342,0.09555025387360164,4.112403929706552,-0.5646301351241902,McDonald2,5
2450890.8542319713,1998.20918967,-0.0376029014587,0.09555025387360164,4.122026281899532,-0.5566623672370425,McDonald2,5
2450890.8664010717,1998.20922301,0.0259684324265,0.09555025387360164,4.124378980659098,-0.5547063502021591,McDonald2,5
2450890.877424072,1998.20925321,0.0550113916397,0.09555025387360164,4.126510465449618,-0.5529315976644655,McDonald2,5
2450890.944306674,1998.20943645,0.00163781642914,0.09555025387360164,4.13945089485339,-0.5421032931053246,McDonald2,5
2450890.9599724747,1998.20947937,-0.0667428970337,0.09555025387360164,4.1424838023863995,-0.5395522155724096,McDonald2,5
2450890.970659675,1998.20950865,0.0303068161011,0.09555025387360164,4.14455326685399,-0.5378086714130019,McDonald2,5
2450891.005217876,1998.20960333,-0.0256878137589,0.09555025387360164,4.151247430588246,-0.5321530355064606,McDonald2,5
2450892.015161958,1998.2123703,0.0249314308167,0.09555025387360164,4.34865165262397,-0.3557695180996128,McDonald2,5
2450892.8819128852,1998.21474496,-0.00672125816345,0.09555025387360164,4.521373055667449,-0.18985643971886926,McDonald2,5
2450892.9025244364,1998.21480143,-0.0174847841263,0.09555025387360164,4.525524141852837,-0.1857792300119157,McDonald2,5
2450892.9129561363,1998.21483001,-0.0528970956802,0.09555025387360164,4.5276258752887495,-0.18371367577996361,McDonald2,5
2450892.9780356386,1998.21500831,0.00551605224609,0.09555025387360164,4.5407504898954185,-0.1707969925136496,McDonald2,5
2450893.0205508396,1998.21512479,-0.0457211732864,0.09555025387360164,4.549336456768792,-0.16233099427602551,McDonald2,5
2450893.02777054,1998.21514457,-0.00901639461517,0.09555025387360164,4.550795421416906,-0.16089120855038122,McDonald2,5
2450893.9676565197,1998.2177196,-0.0104900598526,0.09555025387360164,4.743229347682605,0.030835478672950615,McDonald2,5
2450894.969223852,1998.22046362,0.0050927400589,0.09555025387360164,4.954424449381052,0.23967926097793307,McDonald2,5
2450904.5063602543,1998.24659276,0.0473285913467,0.09555025387360164,0.9430154131568178,0.587350226014928,McDonald2,5
2450904.5621067057,1998.24674549,-0.0530159473419,0.09555025387360164,0.9559615059990285,0.5768236004271781,McDonald2,5
2450904.570468856,1998.2467684,-0.0711634159088,0.09555025387360164,0.9579013437332136,0.5752379233357319,McDonald2,5
2450905.511785636,1998.24934735,0.0109828710556,0.09555025387360164,1.1726549675511078,0.3877057491604023,McDonald2,5
2450905.5928813387,1998.24956953,-0.00556349754333,0.09555025387360164,1.1908171516957342,0.3709011299836071,McDonald2,5
2450905.601685139,1998.24959365,-0.0211433172226,0.09555025387360164,1.1927856016743645,0.3690723674946894,McDonald2,5
2450907.5147195496,1998.25483484,0.10856962204,0.09555025387360164,1.6059571393701906,-0.03515356823882007,McDonald2,5
2450907.5233882996,1998.25485859,0.0178529024124,0.09555025387360164,1.6077671496457295,-0.036962401215752554,McDonald2,5
2450907.5477666506,1998.25492538,0.066148519516,0.09555025387360164,1.6128545102174567,-0.042045785130269124,McDonald2,5
2450907.595008602,1998.25505481,-0.00773441791534,0.09555025387360164,1.622701546085987,-0.051881915673911774,McDonald2,5
2450907.6662894543,1998.2552501,-0.0496245622635,0.09555025387360164,1.6375305151826924,-0.06668466649990676,McDonald2,5
2450908.505990231,1998.25755065,-0.000709652900696,0.09555025387360164,1.8097619922857637,-0.23669781106604407,McDonald2,5
2450908.5875859833,1998.2577742,0.0145164728165,0.09555025387360164,1.8262717874092333,-0.2527054658904319,McDonald2,5
2450908.5989557337,1998.25780535,-0.0350284576416,0.09555025387360164,1.8285693243214054,-0.25492776329906114,McDonald2,5
2450908.697662687,1998.25807578,-0.0195256471634,0.09555025387360164,1.8484853141465005,-0.2741339012903983,McDonald2,5
2450908.7080323375,1998.25810419,-0.0584164857864,0.09555025387360164,1.850574474939803,-0.27614242983315557,McDonald2,5
2450909.4932568623,1998.26025549,0.0122731924057,0.09555025387360164,2.0071738065015734,-0.422659196248869,McDonald2,5
2450909.509346063,1998.26029957,-0.0820010900497,0.09555025387360164,2.0103517726698854,-0.42553721190639204,McDonald2,5
2450909.5410755137,1998.2603865,0.150876164436,0.09555025387360164,2.016615681413349,-0.43119729394329914,McDonald2,5
2450909.588116715,1998.26051538,0.060987830162,0.09555025387360164,2.0258942814867322,-0.4395503005795685,McDonald2,5
2450909.5975921154,1998.26054134,-0.107427716255,0.09555025387360164,2.0277620883542578,-0.4412272305791709,McDonald2,5
2450909.6014319155,1998.26055186,-0.0887821912766,0.09555025387360164,2.028518886138823,-0.4419062510214753,McDonald2,5
2450909.676873768,1998.26075855,0.0142607688904,0.09555025387360164,2.0433751825232824,-0.45518400285925303,McDonald2,5
2450909.6839657184,1998.26077798,-0.0129144191742,0.09555025387360164,2.0447705178139364,-0.4564259622534428,McDonald2,5
2450909.7246814696,1998.26088953,-0.0273380279541,0.09555025387360164,2.0527772404566313,-0.4635353287379648,McDonald2,5
2450917.716831223,1998.28278583,-0.201342582703,0.09555025387360164,3.5780637584161115,-0.9062491223466757,McDonald2,5
2450917.7303179735,1998.28282278,0.116946578026,0.09555025387360164,3.5806678165080115,-0.9051452008479853,McDonald2,5
2450917.738030424,1998.28284391,0.0720447301865,0.09555025387360164,3.582157123627841,-0.9045110890277899,McDonald2,5
2450917.7949083755,1998.28299974,-0.00815713405609,0.09555025387360164,3.5931442632068236,-0.8997711220081127,McDonald2,5
2450917.846238327,1998.28314037,0.0828559398651,0.09555025387360164,3.6030654385865795,-0.8953976858389983,McDonald2,5
2450917.8929145285,1998.28326825,0.0160177946091,0.09555025387360164,3.6120919183917155,-0.8913420669046244,McDonald2,5
2450917.902305979,1998.28329398,0.00711750984192,0.09555025387360164,3.6139086410214762,-0.8905170190931362,McDonald2,5
2450917.94278813,1998.28340489,-0.000783801078796,0.09555025387360164,3.6217418333951716,-0.8869260247821397,McDonald2,5
2450917.94811348,1998.28341948,-0.0637038946152,0.09555025387360164,3.6227725359467664,-0.8864494604009922,McDonald2,5
2450918.6871582037,1998.28544426,0.0366405248642,0.09555025387360164,3.766439092860729,-0.811052957907052,McDonald2,5
2450918.700809204,1998.28548166,0.0178784132004,0.09555025387360164,3.769105207437965,-0.809490472873221,McDonald2,5
2450918.778240307,1998.2856938,0.0483599901199,0.09555025387360164,3.784237011698841,-0.8005137567389786,McDonald2,5
2450918.788296057,1998.28572135,-0.0117086172104,0.09555025387360164,3.7862032772763112,-0.7993337987913749,McDonald2,5
2450918.937256212,1998.28612946,-0.0628185272217,0.09555025387360164,3.8153617380812257,-0.7814755552914671,McDonald2,5
2450918.953016912,1998.28617264,0.0862108469009,0.09555025387360164,3.818450322160258,-0.7795447526119496,McDonald2,5
2450920.808804721,1998.29125699,0.00524604320526,0.09555025387360164,4.187555909887379,-0.5010685495959631,McDonald2,5
2450920.8205759716,1998.29128924,0.0660917758942,0.09555025387360164,4.189936524732875,-0.49900692951057957,McDonald2,5
2450920.898919574,1998.29150388,0.0313110351562,0.09555025387360164,4.2057951518202925,-0.48520170330421797,McDonald2,5
2450920.9470229256,1998.29163567,-0.131533503532,0.09555025387360164,4.215544980096208,-0.47665350527250755,McDonald2,5
2450920.9542024755,1998.29165534,0.0732815265656,0.09555025387360164,4.217000993860921,-0.47537303150904137,McDonald2,5
2450920.961090026,1998.29167421,0.0745830535889,0.09555025387360164,4.218397992729298,-0.4741435103142739,McDonald2,5
2450921.873414855,1998.29417373,0.0286316871643,0.09555025387360164,4.4053097467313345,-0.302275795348791,McDonald2,5
2450921.880222105,1998.29419238,0.0233156681061,0.09555025387360164,4.406719138413469,-0.30093203451542316,McDonald2,5
2450921.8886828055,1998.29421556,0.0389975309372,0.09555025387360164,4.408471187532783,-0.29926073957298965,McDonald2,5
2450921.8977822554,1998.29424049,-0.0421704053879,0.09555025387360164,4.410355908946825,-0.2974618619045421,McDonald2,5
2450921.9628289076,1998.2944187,0.128331542015,0.09555025387360164,4.423840799473817,-0.2845607274811022,McDonald2,5
2450922.0017780587,1998.29452541,-0.00531375408173,0.09555025387360164,4.431925635131691,-0.27680091935815637,McDonald2,5
2450922.850260736,1998.29685002,-0.00487542152405,0.09555025387360164,4.610060133120944,-0.10215035655535158,McDonald2,5
2450922.860849386,1998.29687903,-0.0329928398132,0.09555025387360164,4.612308669920283,-0.09991332557139085,McDonald2,5
2450923.876217368,1998.29966086,-0.0136713981628,0.09555025387360164,4.831120176044293,0.11845243136034964,McDonald2,5
2450923.92976652,1998.29980757,-0.0325776338577,0.09555025387360164,4.842843412398705,0.13008472668729434,McDonald2,5
2450925.9489867343,1998.30533968,-0.0129325389862,0.09555025387360164,5.299429193208205,0.5538991819831175,McDonald2,5
2450935.5131148873,1998.33154277,0.0622642040253,0.09555025387360164,1.2820096216044257,0.28478938259679776,McDonald2,5
2450935.5889399895,1998.33175051,0.0485602617264,0.09555025387360164,1.2979343824550842,0.2694885992239747,McDonald2,5
2450937.5683679027,1998.3371736,-0.0440156459808,0.09555025387360164,1.6997373082330385,-0.12858398767164575,McDonald2,5
2450937.6018347535,1998.33726529,-0.0451020002365,0.09555025387360164,1.7063328853360913,-0.13512196818063318,McDonald2,5
2450937.617781604,1998.33730898,-0.00293707847595,0.09555025387360164,1.7094737383089282,-0.13823334470363655,McDonald2,5
2450937.6755538057,1998.33746726,-0.0394335985184,0.09555025387360164,1.720842155448648,-0.14948344636402353,McDonald2,5
2450938.521284383,1998.33978433,-0.0203732252121,0.09555025387360164,1.885604904221775,-0.30963446166310726,McDonald2,5
2450938.529496883,1998.33980683,0.00806045532227,0.09555025387360164,1.8871912347180708,-0.3111424427843154,McDonald2,5
2450938.562361484,1998.33989687,-0.0720180273056,0.09555025387360164,1.8935370616238563,-0.317166978477636,McDonald2,5
2450938.5783995846,1998.33994081,-0.198654532433,0.09555025387360164,1.896632525218822,-0.3201010981737293,McDonald2,5
2450938.595299085,1998.33998711,0.0280824899673,0.09555025387360164,1.899893307467475,-0.32318860187076054,McDonald2,5
2450938.6150236856,1998.34004115,-0.0203264951706,0.09555025387360164,1.9036979896493722,-0.32678675630667325,McDonald2,5
2450939.5264688646,1998.34253826,-0.161805868149,0.09555025387360164,2.078287178516372,-0.4859858670632976,McDonald2,5
2450939.546503715,1998.34259315,-0.0835148096085,0.09555025387360164,2.0821023696500767,-0.48931667193386147,McDonald2,5
2450939.5566324657,1998.3426209,-0.135934472084,0.09555025387360164,2.084030863877797,-0.4909976127253137,McDonald2,5
2450939.6415789183,1998.34285363,-0.236658453941,0.09555025387360164,2.1001967658292404,-0.5050159449325875,McDonald2,5
2450940.612019049,1998.34551237,-0.00639653205872,0.09555025387360164,2.2841397239112613,-0.654365628012391,McDonald2,5
2450940.6939579016,1998.34573686,-0.0283799171448,0.09555025387360164,2.299629634068781,-0.6659997917839677,McDonald2,5
2450940.703590252,1998.34576325,-0.0311635732651,0.09555025387360164,2.301450324768443,-0.6673568349035119,McDonald2,5
2450941.5213326276,1998.34800364,-0.053758263588,0.09555025387360164,2.4559566067079905,-0.7740164807751062,McDonald2,5
2450941.536713728,1998.34804578,-0.0822342634201,0.09555025387360164,2.458863506424064,-0.7758537564079108,McDonald2,5
2450941.6319604814,1998.34830673,0.0535694360733,0.09555025387360164,2.476866632469341,-0.7870858167613849,McDonald2,5
2450949.850322642,1998.37082279,0.0241938829422,0.09555025387360164,4.099205182365228,-0.5754741459745807,McDonald2,5
2450949.8644663924,1998.37086154,-0.0281538963318,0.09555025387360164,4.102169748964264,-0.5730471389315465,McDonald2,5
2450964.5020947065,1998.41096463,0.00707280635834,0.09555025387360164,1.159817061598902,0.39950724121793807,McDonald2,5
2450964.510445907,1998.41098751,-0.0373282432556,0.09555025387360164,1.1615226583793696,0.39794308907792425,McDonald2,5
2450965.4873063876,1998.41366384,0.0718231201172,0.09555025387360164,1.358055100218183,0.21114011760769996,McDonald2,5
2450965.5027057384,1998.41370603,-0.00252020359039,0.09555025387360164,1.3611095356631266,0.20815356167027665,McDonald2,5
2450966.529001821,1998.4165178,-0.00049090385437,0.09555025387360164,1.5621480211605645,0.008648197829007026,McDonald2,5
2450966.591686923,1998.41668954,0.0089955329895,0.09555025387360164,1.5742855238190292,-0.0034891899442677596,McDonald2,5
2450967.515761102,1998.41922125,0.00451934337616,0.09555025387360164,1.7518014844322105,-0.18001840082049914,McDonald2,5
2450967.522590252,1998.41923996,0.00380063056946,0.09555025387360164,1.7531052118635972,-0.18130067622109317,McDonald2,5
2450967.542139653,1998.41929352,-0.121857762337,0.09555025387360164,1.7568367808125436,-0.1849691337494297,McDonald2,5
2450967.6247172556,1998.41951976,-0.00544226169586,0.09555025387360164,1.7725906120403119,-0.20042752904777583,McDonald2,5
2450967.639872056,1998.41956128,-0.184314608574,0.09555025387360164,1.7754803385019262,-0.20325777793776612,McDonald2,5
2450968.4831936327,1998.42187175,-0.000745296478271,0.09555025387360164,1.9357510738565875,-0.3569070222665033,McDonald2,5
2450968.4999836334,1998.42191775,0.0587695837021,0.09555025387360164,1.9389344516031435,-0.3598789290284191,McDonald2,5
2450968.5667384854,1998.42210064,-0.0704463720322,0.09555025387360164,1.951589504228438,-0.37165694848934083,McDonald2,5
2450968.576969436,1998.42212867,0.0142576694489,0.09555025387360164,1.9535288225838925,-0.3734566537171299,McDonald2,5
2450969.502996365,1998.42466573,-0.0113930702209,0.09555025387360164,2.129025115236204,-0.5296846974438432,McDonald2,5
2450969.5146800154,1998.42469774,0.111545681953,0.09555025387360164,2.131241197818977,-0.5315630645937546,McDonald2,5
2450969.523545866,1998.42472203,0.0888892412186,0.09555025387360164,2.1329228852279742,-0.5329867329860491,McDonald2,5
2450969.5450553163,1998.42478096,-0.0610822439194,0.09555025387360164,2.1370030773790187,-0.5364346337019342,McDonald2,5
2450969.5792923174,1998.42487476,0.0126831531525,0.09555025387360164,2.143498347472936,-0.5419049099067965,McDonald2,5
2450970.480984696,1998.42734515,-0.0890175104141,0.09555025387360164,2.3150524059965596,-0.6774247757260212,McDonald2,5
2450970.4947196464,1998.42738278,-0.143956184387,0.09555025387360164,2.317675093875621,-0.6793516720551948,McDonald2,5
2450970.503224147,1998.42740608,-0.173088431358,0.09555025387360164,2.3192992013402787,-0.6805425664949196,McDonald2,5
2450970.5850644493,1998.4276303,0.0231531858444,0.09555025387360164,2.3349351859059473,-0.6919155300155144,McDonald2,5
2450970.60148945,1998.4276753,0.131346225739,0.09555025387360164,2.338074798693988,-0.6941788489418216,McDonald2,5
2450970.665484902,1998.42785063,0.00963425636292,0.09555025387360164,2.3503124640253965,-0.7029353522934496,McDonald2,5
2450970.674142702,1998.42787435,-0.00355637073517,0.09555025387360164,2.3519686945495026,-0.7041123878079758,McDonald2,5
2450971.5038972287,1998.43014765,0.0423772335052,0.09555025387360164,2.5114840809218464,-0.807963538531577,McDonald2,5
2450971.514828979,1998.4301776,-0.0678671598434,0.09555025387360164,2.513597079921821,-0.8092067815720094,McDonald2,5
2450971.574626931,1998.43034143,0.0446676015854,0.09555025387360164,2.5251611794004214,-0.8159467091173067,McDonald2,5
2450978.7162901573,1998.44990763,0.00891268253326,0.09555025387360164,3.9929365229209814,-0.6589729275336169,McDonald2,5
2450978.7261415077,1998.44993462,0.128618836403,0.09555025387360164,3.9950799692609316,-0.6573591861193387,McDonald2,5
2450978.739964058,1998.44997249,0.00488138198853,0.09555025387360164,3.998087990658796,-0.6550894386342442,McDonald2,5
2450978.746745758,1998.44999107,-0.0471044778824,0.09555025387360164,3.99956402807551,-0.6539735033739812,McDonald2,5
2450979.75692709,1998.45275869,0.0225651264191,0.09555025387360164,4.221092589244943,-0.47176934087703515,McDonald2,5
2450979.7675047903,1998.45278767,-0.0291718244553,0.09555025387360164,4.223429877446028,-0.4697072157036402,McDonald2,5
2450980.7617830723,1998.45551172,-0.132573366165,0.09555025387360164,4.444801472945381,-0.26440557262236597,McDonald2,5
2450980.7814529226,1998.45556561,0.0218963623047,0.09555025387360164,4.449214678877609,-0.2601468647093729,McDonald2,5
2450980.8431707746,1998.4557347,0.0241719484329,0.09555025387360164,4.4630705573854055,-0.24674351341790052,McDonald2,5
2450980.860084875,1998.45578104,0.0149163007736,0.09555025387360164,4.4668701166589,-0.24305966118249508,McDonald2,5
2450980.8690091255,1998.45580549,-0.124323606491,0.09555025387360164,4.468875243669514,-0.24111417793126463,McDonald2,5
2450980.8940627263,1998.45587413,-0.0232046842575,0.09555025387360164,4.474505824023144,-0.2356459247741627,McDonald2,5
2450981.8171514054,1998.45840314,-0.0154992341995,0.09555025387360164,4.683474047862701,-0.02891090352313451,McDonald2,5
2450981.826093906,1998.45842764,0.0490503311157,0.09555025387360164,4.685512862088231,-0.026872882861330497,McDonald2,5
2450981.8421064564,1998.45847151,-0.069747209549,0.09555025387360164,4.689164276480336,-0.023222616110597588,McDonald2,5
2450981.902397158,1998.45863669,-0.0194536447525,0.09555025387360164,4.702920562793045,-0.009468276116869416,McDonald2,5
2450982.847039088,1998.46122475,0.0107357501984,0.09555025387360164,4.920062558544009,0.20618402530054417,McDonald2,5
2450982.8574379385,1998.46125324,0.054536819458,0.09555025387360164,4.922469278993757,0.20853843369603178,McDonald2,5
2450993.4927206757,1998.490391,-0.154236793518,0.09555025387360164,1.0312560535215958,0.5137416257314815,McDonald2,5
2450993.500684976,1998.49041282,-0.145171165466,0.09555025387360164,1.0328379446704365,0.5123838079823736,McDonald2,5
2450993.508021476,1998.49043292,-0.138898968697,0.09555025387360164,1.0342948645661105,0.511132125106981,McDonald2,5
2450993.523482877,1998.49047528,-0.115504026413,0.09555025387360164,1.0373644050647806,0.5084914446215377,McDonald2,5
2450998.483913334,1998.5040655,0.019390463829,0.09555025387360164,1.9906094338398261,-0.40758979604893886,McDonald2,5
2450998.4969365345,1998.50410118,-0.0835275650024,0.09555025387360164,1.9931079960747966,-0.40987012133509,McDonald2,5
2450998.599647538,1998.50438258,-0.0689089298248,0.09555025387360164,2.0128268103546807,-0.4277756691366823,McDonald2,5
2450998.6132364883,1998.50441981,-0.0428665876389,0.09555025387360164,2.0154374637219554,-0.43013393895304286,McDonald2,5
2450998.6174047883,1998.50443123,-0.0211168527603,0.09555025387360164,2.0162383464641715,-0.43085680990399094,McDonald2,5
2450998.627113789,1998.50445783,-0.0111144781113,0.09555025387360164,2.0181039576836834,-0.4325396245762004,McDonald2,5
2451008.8008321114,1998.53233103,0.0703654289246,0.09555025387360164,4.175098870689687,-0.5118098102786428,McDonald2,5
2451008.8132859115,1998.53236515,0.043186545372,0.09555025387360164,4.177947996733664,-0.5093600555629921,McDonald2,5
2451008.844252513,1998.53244999,0.0557941198349,0.09555025387360164,4.1850334551812,-0.5032499046532831,McDonald2,5
2451008.857461863,1998.53248618,0.0356053113937,0.09555025387360164,4.188056337519604,-0.5006354129987114,McDonald2,5
2451009.772943942,1998.53499435,0.0114524364471,0.09555025387360164,4.398157337083034,-0.309085829079503,McDonald2,5
2451009.7814739924,1998.53501772,0.0362545251846,0.09555025387360164,4.400119934790559,-0.3072187375728736,McDonald2,5
2451010.788129424,1998.53777568,-0.032133102417,0.09555025387360164,4.632222658506859,-0.08008048279468648,McDonald2,5
2451010.820530475,1998.53786445,-0.0964471101761,0.09555025387360164,4.639706653175832,-0.07261835070409069,McDonald2,5
2451010.8287174255,1998.53788688,0.0477348566055,0.09555025387360164,4.641597777724548,-0.07073209036804587,McDonald2,5
2451010.839711226,1998.537917,0.0514628887177,0.09555025387360164,4.6441373280494105,-0.06819867536651275,McDonald2,5
2451013.879570022,1998.54624538,0.0372331142426,0.09555025387360164,5.346218851590859,0.5922350709079505,McDonald2,5
2451026.458503371,1998.58070821,0.127988100052,0.09555025387360164,1.657763382046482,-0.08685747083280893,McDonald2,5
2451028.5481430376,1998.58643325,0.066912651062,0.09555025387360164,2.0656193004714587,-0.474875866202975,McDonald2,5
2451056.444221572,1998.66286086,-0.000263333320618,0.09555025387360164,1.7143509067476694,-0.14306202759576012,McDonald2,5
2451056.4519121223,1998.66288193,0.0300250053406,0.09555025387360164,1.7158741743847803,-0.1445694599225665,McDonald2,5
2451056.4684101227,1998.66292713,-0.0853255987167,0.09555025387360164,1.7191428586094344,-0.14780302741981446,McDonald2,5
2451056.5216891747,1998.6630731,0.0165349245071,0.09555025387360164,1.7297075016930523,-0.1582431945402219,McDonald2,5
2451057.4781753547,1998.66569361,-0.000679135322571,0.09555025387360164,1.921820919452804,-0.3438601016863254,McDonald2,5
2451057.5004111556,1998.66575453,-0.0364764928818,0.09555025387360164,1.926346672314983,-0.3481063421151646,McDonald2,5
2451057.547353807,1998.66588314,0.00704383850098,0.09555025387360164,1.9359106323693385,-0.3570560676978909,McDonald2,5
2451066.6240499946,1998.6907508,-0.180014252663,0.09555025387360164,4.02454776364868,-0.634870747284663,McDonald2,5
2451067.6277708267,1998.69350072,-0.150067567825,0.09555025387360164,4.263036148083029,-0.4343827027857616,McDonald2,5
2451067.6991648288,1998.69369632,-0.0373457670212,0.09555025387360164,4.279820197306789,-0.4192043603066909,McDonald2,5
2451067.7173746796,1998.69374621,0.0467940568924,0.09555025387360164,4.284096994839195,-0.41531766847374735,McDonald2,5
2451067.824786883,1998.69404049,0.0765846967697,0.09555025387360164,4.309289135993426,-0.3922716125266008,McDonald2,5
2451067.9058898855,1998.69426269,0.0701266527176,0.09555025387360164,4.328270780747918,-0.37474173964674024,McDonald2,5
2451069.712566943,1998.69921249,-0.0428801774979,0.09555025387360164,4.741469220223748,0.029076141344729727,McDonald2,5
2451069.791527395,1998.69942882,-0.0720897912979,0.09555025387360164,4.759090574552535,0.04668461968680595,McDonald2,5
2451070.761109776,1998.70208521,-0.147070646286,0.09555025387360164,4.972492715761331,0.25718079933711374,McDonald2,5
2451070.919078131,1998.702518,-0.207233071327,0.09555025387360164,5.006750874059819,0.29012924947473284,McDonald2,5
2451070.9649513327,1998.70264368,-0.111171841621,0.09555025387360164,5.016673225315339,0.29961037755497744,McDonald2,5
2451072.850490292,1998.70780954,0.0872603654861,0.09555025387360164,5.415074076791244,0.6462690374581134,McDonald2,5
2451072.908813644,1998.70796933,-0.0605747699738,0.09555025387360164,5.427126504940867,0.6554192006819588,McDonald2,5
2451072.916153794,1998.70798944,-0.213800787926,0.09555025387360164,5.428642284290892,0.6565632628459042,McDonald2,5
2451082.356736744,1998.73385405,0.00473845005035,0.09555025387360164,0.9804134906538171,0.5566790962569539,McDonald2,5
2451082.364898144,1998.73387641,-0.0160789489746,0.09555025387360164,0.9819710386645859,0.5553845233839455,McDonald2,5
2451084.4331889595,1998.73954296,0.0354684591293,0.09555025387360164,1.3818709551001653,0.1878034965830923,McDonald2,5
2451084.4474787097,1998.73958211,0.00936317443848,0.09555025387360164,1.3846822315645322,0.18504150373212322,McDonald2,5
2451085.4135607406,1998.74222891,0.0207514762878,0.09555025387360164,1.5768943353479332,-0.006097970759978977,McDonald2,5
2451085.432270641,1998.74228017,0.0905541181564,0.09555025387360164,1.5806627044255697,-0.009866217557026918,McDonald2,5
2451085.4435965917,1998.7423112,-0.0627720355988,0.09555025387360164,1.5829447885181707,-0.012148162903444375,McDonald2,5
2451085.457320592,1998.7423488,0.0135457515717,0.09555025387360164,1.5857109918985324,-0.014914112155449955,McDonald2,5
2451085.4668251923,1998.74237484,0.0119307041168,0.09555025387360164,1.5876273353748105,-0.01683021393515678,McDonald2,5
2451086.372156621,1998.7448552,0.0399779081345,0.09555025387360164,1.772576627527604,-0.2004138282817769,McDonald2,5
2451086.3782594213,1998.74487192,0.0286442041397,0.09555025387360164,1.7738406236150306,-0.2016520191454926,McDonald2,5
2451086.384362221,1998.74488864,-0.105773329735,0.09555025387360164,1.7751048643356553,-0.20289012737782436,McDonald2,5
2451086.4418278234,1998.74504608,0.0282343626022,0.09555025387360164,1.7870213447421817,-0.21454408153650986,McDonald2,5
2451086.4478685735,1998.74506263,0.053191781044,0.09555025387360164,1.7882752686764638,-0.21576863799528398,McDonald2,5
2451086.489427475,1998.74517649,-0.247345924377,0.09555025387360164,1.7969085535065723,-0.2241904159558245,McDonald2,5
2451086.5092177754,1998.74523071,0.0297546386719,0.09555025387360164,1.8010237743779975,-0.228198975704657,McDonald2,5
2451087.381819653,1998.7476214,0.0718414783478,0.09555025387360164,1.985206796799567,-0.40265037183328467,McDonald2,5
2451088.383584085,1998.75036596,-0.015754699707,0.09555025387360164,2.2037687857577057,-0.5915439803186952,McDonald2,5
2451088.392887935,1998.75039145,-0.042983174324,0.09555025387360164,2.205836315723769,-0.5932097078363324,McDonald2,5
2451088.4073200356,1998.75043099,-0.0870410203934,0.09555025387360164,2.209044856593029,-0.5957896792692486,McDonald2,5
2451089.394579367,1998.75313581,0.0419646501541,0.09555025387360164,2.432574189340081,-0.7590013087296801,McDonald2,5
2451089.407095217,1998.7531701,0.0301120281219,0.09555025387360164,2.435458857438605,-0.7608763241343333,McDonald2,5
2451089.48782227,1998.75339127,0.025273680687,0.09555025387360164,2.454095091342862,-0.7728364931655319,McDonald2,5
2451089.4973889203,1998.75341748,-0.00611674785614,0.09555025387360164,2.456307052665392,-0.7742383235135994,McDonald2,5
2451089.622883224,1998.7537613,0.103405714035,0.09555025387360164,2.4853907118480354,-0.7923151815122076,McDonald2,5
2451089.6329170745,1998.75378879,0.08078956604,0.09555025387360164,2.4877214694000576,-0.7937350512797187,McDonald2,5
2451094.6477617333,1998.76752809,0.0991777181625,0.09555025387360164,3.713612950546765,-0.8408090407671259,McDonald2,5
2451094.656419534,1998.76755181,0.113005042076,0.09555025387360164,3.715739379052791,-0.8396560372450996,McDonald2,5
2451094.7277003857,1998.7677471,0.0191125869751,0.09555025387360164,3.7332338904837226,-0.8300264401379759,McDonald2,5
2451094.737077236,1998.76777279,0.0849069356918,0.09555025387360164,3.735533548360979,-0.8287416720126437,McDonald2,5
2451094.8343132394,1998.76803919,-0.031867980957,0.09555025387360164,3.759356331918907,-0.8151758019435139,McDonald2,5
2451094.85167264,1998.76808675,0.0661563873291,0.09555025387360164,3.7636046351289423,-0.8127077781168468,McDonald2,5
2451095.735772018,1998.77050894,0.104759097099,0.09555025387360164,3.977770651600864,-0.6703039713557385,McDonald2,5
2451095.7869559694,1998.77064917,0.0719462633133,0.09555025387360164,3.990022461149608,-0.6611619866173775,McDonald2,5
2451095.79369022,1998.77066762,-0.00629043579102,0.09555025387360164,3.99163311969016,-0.6599527439563494,McDonald2,5
2451096.6687996476,1998.77306518,0.0580388307571,0.09555025387360164,4.198191976532985,-0.4918358486133969,McDonald2,5
2451096.74738415,1998.77328048,0.0715237855911,0.09555025387360164,4.216461397826747,-0.47584769041984465,McDonald2,5
2451096.8216872024,1998.77348405,0.0512721538544,0.09555025387360164,4.233691485790993,-0.4606234684770441,McDonald2,5
2451096.8342870027,1998.77351857,0.0402903556824,0.09555025387360164,4.236608989132193,-0.4580319485331686,McDonald2,5
2451097.68279523,1998.77584325,-0.0942161083221,0.09555025387360164,4.430201143936505,-0.2784576175977336,McDonald2,5
2451097.7574450322,1998.77604777,0.00989043712616,0.09555025387360164,4.446959589736519,-0.26232364568635425,McDonald2,5
2451097.7647778825,1998.77606786,0.0301004648209,0.09555025387360164,4.448603390911931,-0.26073705681382914,McDonald2,5
2451097.815688084,1998.77620734,0.0606878995895,0.09555025387360164,4.460004174511223,-0.24971392156863256,McDonald2,5
2451097.823707134,1998.77622931,0.0112270116806,0.09555025387360164,4.461798085175035,-0.2479764417383407,McDonald2,5
2451098.7472301633,1998.77875951,0.0105760097504,0.09555025387360164,4.665051724782524,-0.047319578571369966,McDonald2,5
2451098.8085757154,1998.77892758,-0.00631475448608,0.09555025387360164,4.678323650493416,-0.03405874177359699,McDonald2,5
2451099.6865722933,1998.78133305,0.0302089452744,0.09555025387360164,4.865344321573934,0.15235963151429996,McDonald2,5
2451099.769449196,1998.78156011,-0.0950751304626,0.09555025387360164,4.882727806438012,0.1695162811460647,McDonald2,5
2451099.7782347463,1998.78158418,-0.00285887718201,0.09555025387360164,4.884567985624429,0.1713295400946758,McDonald2,5
2451099.7956853965,1998.78163199,-0.121030926704,0.09555025387360164,4.88822164825732,0.1749280272934209,McDonald2,5
2451099.862396449,1998.78181476,-0.0258812904358,0.09555025387360164,4.9021711270059,0.18864495755595612,McDonald2,5
2451100.85039308,1998.7845216,0.0175255537033,0.09555025387360164,5.105655509210357,0.3832076235120083,McDonald2,5
2451101.78905631,1998.78709328,-0.0782454013824,0.09555025387360164,5.294289301096001,0.5496124936161694,McDonald2,5
2451102.8500200934,1998.79000003,0.156779527664,0.09555025387360164,5.503224949860174,0.7109414173350339,McDonald2,5
2451111.3329671123,1998.81324098,-0.0183525085449,0.09555025387360164,0.8399362834199056,0.6675102705993877,McDonald2,5
2451112.358781395,1998.81605143,-0.0161077976227,0.09555025387360164,1.039573174580748,0.5065883071558727,McDonald2,5
2451113.333163526,1998.81872097,-0.0476784706116,0.09555025387360164,1.2324121912860293,0.3319632936455447,McDonald2,5
2451113.397545878,1998.81889736,0.0640277862549,0.09555025387360164,1.2452897738993287,0.3197887800892727,McDonald2,5
2451115.3503944897,1998.82424763,0.016551733017,0.09555025387360164,1.6462736354373466,-0.07540566556033364,McDonald2,5
2451115.3626365904,1998.82428117,-0.198600172997,0.09555025387360164,1.6488607162198972,-0.07798512554638407,McDonald2,5
2451115.4311799426,1998.82446896,-0.0480160713196,0.09555025387360164,1.663364863138702,-0.09243639069536688,McDonald2,5
2451115.440385243,1998.82449418,0.00341188907623,0.09555025387360164,1.6653152377002214,-0.09437823786348838,McDonald2,5
2451116.31188117,1998.82688184,0.0512052774429,0.09555025387360164,1.8527524625379312,-0.27823507352637816,McDonald2,5
2451124.6069772835,1998.84960813,-0.0121105909348,0.09555025387360164,3.850728190658716,-0.7589250786921578,McDonald2,5
2451124.622752584,1998.84965135,-0.0432555675507,0.09555025387360164,3.854465355348109,-0.756486225389381,McDonald2,5
2451124.718524937,1998.84991374,-0.000749707221985,0.09555025387360164,3.8771100299289363,-0.7414837082041598,McDonald2,5
2451124.7286098874,1998.84994137,0.0261226892471,0.09555025387360164,3.879490141660546,-0.7398846238426707,McDonald2,5
2451124.7422608878,1998.84997877,-0.112913370132,0.09555025387360164,3.882710519928211,-0.7377143337233699,McDonald2,5
2451124.8250538404,1998.8502056,0.19657433033,0.09555025387360164,3.9022087509250065,-0.7244114305361068,McDonald2,5
2451124.8379310407,1998.85024088,0.124612927437,0.09555025387360164,3.9052362483939276,-0.7223210543195691,McDonald2,5
2451125.6073255152,1998.85234881,-0.211023330688,0.09555025387360164,4.083527996514702,-0.5882240196100978,McDonald2,5
2451125.6225606157,1998.85239055,0.0364738702774,0.09555025387360164,4.087005833999157,-0.5854079475744219,McDonald2,5
2451125.7166101686,1998.85264822,-0.02041888237,0.09555025387360164,4.108429448650812,-0.567905981218353,McDonald2,5
2451125.7359004193,1998.85270107,0.0389364957809,0.09555025387360164,4.112813832787227,-0.5642917766278309,McDonald2,5
2451125.817477922,1998.85292457,0.103825330734,0.09555025387360164,4.131318423735316,-0.5489191032298736,McDonald2,5
2451128.6967987632,1998.86081312,0.0423374176025,0.09555025387360164,4.748423647909412,0.036026869544826284,McDonald2,5
2451128.7060551634,1998.86083848,0.0857934951782,0.09555025387360164,4.750306905624053,0.03790883968928103,McDonald2,5
2451128.722834214,1998.86088445,0.115409135818,0.09555025387360164,4.753719303259158,0.04131855716688213,McDonald2,5
2451128.7394088646,1998.86092986,-0.127483129501,0.09555025387360164,4.757088392921379,0.044684528840071125,McDonald2,5
2451128.7740911655,1998.86102488,0.0131747722626,0.09555025387360164,4.764132619931278,0.05172055286416048,McDonald2,5
2451128.787501266,1998.86106162,0.0694878101349,0.09555025387360164,4.766854301179505,0.05443839648799032,McDonald2,5
2451128.821245517,1998.86115407,-0.0171446800232,0.09555025387360164,4.773698030354136,0.06127064911504521,McDonald2,5
2451128.9606828215,1998.86153609,0.0852619409561,0.09555025387360164,4.801903957829747,0.08939547910595941,McDonald2,5
2451128.971508722,1998.86156575,-0.0794137716293,0.09555025387360164,4.804088979371132,0.09157153714484044,McDonald2,5
2451129.7127653453,1998.86359659,-0.0410614013672,0.09555025387360164,4.9521477643333185,0.23746831720318046,McDonald2,5
2451129.9472705526,1998.86423907,-0.147202134132,0.09555025387360164,4.998407253819847,0.28213450333069395,McDonald2,5
2451132.8134623435,1998.87209165,-0.0572533607483,0.09555025387360164,5.549291414693764,0.7425720409376286,McDonald2,5
2451140.2829138306,1998.8925559,0.0248625278473,0.09555025387360164,0.6979043613887441,0.7661905542771934,McDonald2,5
2451141.313651963,1998.89537984,0.0244244337082,0.09555025387360164,0.9034713566325312,0.6188870213739207,McDonald2,5
2451142.283208794,1998.89803616,0.0964901447296,0.09555025387360164,1.1002521460028838,0.45337139263510057,McDonald2,5
2451142.347810146,1998.89821315,-0.0500801801682,0.09555025387360164,1.113501416184846,0.4415225835217223,McDonald2,5
2451142.3546538963,1998.8982319,0.0658196210861,0.09555025387360164,1.1149061091686185,0.4402617873663514,McDonald2,5
2451143.2864989256,1998.9007849,-0.0305180549622,0.09555025387360164,1.308263457475416,0.25952746416089606,McDonald2,5
2451145.3910962925,1998.90655092,-0.0553387403488,0.09555025387360164,1.7634315733374732,-0.1914460594794727,McDonald2,5
2451145.407028543,1998.90659457,-0.0535987615585,0.09555025387360164,1.7669897753369872,-0.19493722660272472,McDonald2,5
2451148.3217981854,1998.91458024,-0.0514072179794,0.09555025387360164,2.447900248756603,-0.7688904098480907,McDonald2,5
2451148.3324853857,1998.91460952,-0.10256934166,0.09555025387360164,2.4504952982383053,-0.7705470432911159,McDonald2,5
2451148.405908788,1998.91481068,-0.000107526779175,0.09555025387360164,2.468338870809989,-0.7817969667385786,McDonald2,5
2451148.4178917385,1998.91484351,-0.260691285133,0.09555025387360164,2.4712534556942063,-0.783610983653513,McDonald2,5
2451148.4292760887,1998.9148747,-0.168417572975,0.09555025387360164,2.474023072639982,-0.7853286055764308,McDonald2,5
2451148.504644941,1998.91508119,-0.00872564315796,0.09555025387360164,2.492374219903288,-0.7965565486667588,McDonald2,5
2451148.5513868425,1998.91520925,-0.19139790535,0.09555025387360164,2.503768129155172,-0.8033930429138428,McDonald2,5
2451148.564676493,1998.91524566,-0.195410132408,0.09555025387360164,2.5070094167868486,-0.8053188411065312,McDonald2,5
2451155.7936550225,1998.93505108,-0.0135645866394,0.09555025387360164,4.214274711485762,-0.47776980244028844,McDonald2,5
2451155.810941423,1998.93509844,0.102648735046,0.09555025387360164,4.2179322171344165,-0.4745535498602869,McDonald2,5
2451155.8590849247,1998.93523034,-0.262916922569,0.09555025387360164,4.22810606232497,-0.46557385521033445,McDonald2,5
2451156.6780938506,1998.9374742,0.00400233268738,0.09555025387360164,4.398477134820153,-0.3087816747111055,McDonald2,5
2451156.736256602,1998.93763355,0.0290070772171,0.09555025387360164,4.41039114241496,-0.29742822314046685,McDonald2,5
2451156.7713513533,1998.9377297,0.0597758293152,0.09555025387360164,4.417568677263141,-0.2905679110721622,McDonald2,5
2451156.838580705,1998.93791389,0.0923842191696,0.09555025387360164,4.43129495528737,-0.27740690174003635,McDonald2,5
2451156.8460851056,1998.93793445,0.0396641492844,0.09555025387360164,4.43282524293354,-0.2759363497836139,McDonald2,5
2451160.8014150313,1998.94877097,-0.0241957902908,0.09555025387360164,5.202170558677907,0.47043315629744265,McDonald2,5
2451161.7897985624,1998.95147887,-0.0746496915817,0.09555025387360164,5.388763679751547,0.6259699632762228,McDonald2,5
2451174.3165004095,1998.9857986,-0.0391013622284,0.09555025387360164,1.6536838735462611,-0.0827926683369244,McDonald2,5
2451174.32547211,1998.98582318,-0.0594396591187,0.09555025387360164,1.6557178097567853,-0.08481944897475584,McDonald2,5
2451175.3688428933,1998.98868173,-0.0141665935516,0.09555025387360164,1.8949868427330223,-0.3185415731656793,McDonald2,5
2451175.3848444936,1998.98872557,-0.0284436941147,0.09555025387360164,1.8986974625380473,-0.3220567016504564,McDonald2,5
2451175.393648294,1998.98874969,-0.142768502235,0.09555025387360164,1.9007394898566634,-0.3239892577212518,McDonald2,5
2451175.4102119943,1998.98879507,-0.101594686508,0.09555025387360164,1.9045823915319176,-0.3276224749344188,McDonald2,5
2451175.430852745,1998.98885162,0.0736401081085,0.09555025387360164,1.909372982463755,-0.3321448902778521,McDonald2,5
2451175.457450296,1998.98892449,-0.0295201539993,0.09555025387360164,1.9155490181264732,-0.33796393079077247,McDonald2,5
2451175.4717327463,1998.98896362,0.00202429294586,0.09555025387360164,1.9188667956905014,-0.34108462139255646,McDonald2,5
2451175.4808577467,1998.98898862,-0.057471036911,0.09555025387360164,1.9209870020177364,-0.34307691632234305,McDonald2,5
2451177.3760181065,1998.99418084,-0.0167965888977,0.09555025387360164,2.368429642131625,-0.7157051983297985,McDonald2,5
2451177.389607057,1998.99421807,-0.0920649766922,0.09555025387360164,2.371677692013762,-0.7179698652586364,McDonald2,5
2451177.4175770083,1998.9942947,-0.202103376389,0.09555025387360164,2.3783642632497743,-0.7226081299660398,McDonald2,5
2451177.4274539086,1998.99432176,-0.144179701805,0.09555025387360164,2.380725826441499,-0.7242385626870305,McDonald2,5
2451177.4920662106,1998.99449878,0.0032354593277,0.09555025387360164,2.39617914195661,-0.7348074903117102,McDonald2,5
2451184.55135545,1999.01383933,-0.0354398488998,0.09555025387360164,4.011255465811031,-0.6450842329546673,McDonald2,5
2451184.65881875,1999.01413375,-0.059441447258,0.09555025387360164,4.033488710340639,-0.6279375239461117,McDonald2,5
2451184.6689694,1999.01416156,-0.00785374641418,0.09555025387360164,4.0355848121743865,-0.6263048255990931,McDonald2,5
2451184.7947119,1999.01450606,-0.0823556184769,0.09555025387360164,4.061494156966937,-0.6058985177773409,McDonald2,5
2451185.5604308,1999.01660392,0.00735676288605,0.09555025387360164,4.2171171887905,-0.47527080182103687,McDonald2,5
2451185.66128395,1999.01688023,0.0208638906479,0.09555025387360164,4.237353796995972,-0.4573697352273949,McDonald2,5
2451185.66775905,1999.01689797,0.0199643373489,0.09555025387360164,4.238651095850656,-0.45621569312394195,McDonald2,5
2451185.68348325,1999.01694105,-0.0369935035706,0.09555025387360164,4.2418004951840125,-0.4534108816711642,McDonald2,5
2451185.78716515,1999.01722511,-0.0107315778732,0.09555025387360164,4.26253269261283,-0.4348361243605578,McDonald2,5
2451185.80092565,1999.01726281,-0.0436094999313,0.09555025387360164,4.265279811112308,-0.43236068010374235,McDonald2,5
2451185.878156,1999.0174744,-0.00878143310547,0.09555025387360164,4.280678956873675,-0.41842454497175907,McDonald2,5
2451186.59710745,1999.01944413,-0.0544281005859,0.09555025387360164,4.422587132336259,-0.28576234159822367,McDonald2,5
2451186.6108533503,1999.01948179,-0.0314424037933,0.09555025387360164,4.425276705060603,-0.2831838921954525,McDonald2,5
2451186.75206455,1999.01986867,-0.00726401805878,0.09555025387360164,4.452859644007869,-0.2566256788256479,McDonald2,5
2451186.8053801,1999.02001474,-0.104594230652,0.09555025387360164,4.463252078010029,-0.24656760119777113,McDonald2,5
2451186.8732701,1999.02020074,-0.0366698503494,0.09555025387360164,4.476468659994382,-0.23373791155647652,McDonald2,5
2451188.778957,1999.0254218,-0.0850907564163,0.09555025387360164,4.841646222399749,0.1288976164144032,McDonald2,5
2451188.78956755,1999.02545087,0.00290632247925,0.09555025387360164,4.843657859141759,0.1308922097464026,McDonald2,5
2451189.7570329,1999.02810146,0.00946259498596,0.09555025387360164,5.026726254035909,0.30918628542443904,McDonald2,5
2451189.7674646,1999.02813004,-0.0631449222565,0.09555025387360164,5.028698717679028,0.31106149861698185,McDonald2,5
2451190.76312255,1999.03085787,0.0211902856827,0.09555025387360164,5.217249650611075,0.4836854977669343,McDonald2,5
2451201.36232105,1999.05989677,0.0709779262543,0.09555025387360164,1.1294943352622129,0.42711708271548304,McDonald2,5
2451202.289067,1999.0624358,0.0413674116135,0.09555025387360164,1.339179865805705,0.22955111874735587,McDonald2,5
2451203.25971515,1999.06509511,-0.00141060352325,0.09555025387360164,1.5608863602560383,0.009909804334252682,McDonald2,5
2451203.27615475,1999.06514015,0.0753806829453,0.09555025387360164,1.564657522785632,0.006138765452619649,McDonald2,5
2451203.32526185,1999.06527469,-0.0826621055603,0.09555025387360164,1.575925377562645,-0.005129028279316522,McDonald2,5
2451203.337347,1999.0653078,0.0170340538025,0.09555025387360164,1.5786990399239018,-0.00790263087140312,McDonald2,5
2451203.3457274,1999.06533076,0.00905621051788,0.09555025387360164,1.5806225790455661,-0.009826094122086513,McDonald2,5
2451203.45522375,1999.06563075,-0.0245517492294,0.09555025387360164,1.6057665089995314,-0.034963055054954686,McDonald2,5
2451204.2691117,1999.06786058,-0.00228404998779,0.09555025387360164,1.7932549750246896,-0.22062834960639205,McDonald2,5
2451204.27740085,1999.06788329,0.00604927539825,0.09555025387360164,1.7951691539242445,-0.22249495387442494,McDonald2,5
2451204.31953645,1999.06799873,0.0327954292297,0.09555025387360164,1.8049005910925127,-0.23197177640239428,McDonald2,5
2451204.35477355,1999.06809527,-0.0523283481598,0.09555025387360164,1.8130403427828838,-0.2398817240547482,McDonald2,5
2451204.3689392,1999.06813408,0.0232750177383,0.09555025387360164,1.8163129924918104,-0.2430575290689714,McDonald2,5
2451204.4414939,1999.06833286,-0.0703704357147,0.09555025387360164,1.8330785209789795,-0.25928537007508856,McDonald2,5
2451204.4744096,1999.06842304,-0.14215862751,0.09555025387360164,1.840686327912115,-0.2666254213534949,McDonald2,5
2451205.27534735,1999.07061739,-0.0106773376465,0.09555025387360164,2.026074181818685,-0.439711883177999,McDonald2,5
2451205.28330435,1999.07063919,-0.0340584516525,0.09555025387360164,2.0279176954421354,-0.4413668663239795,McDonald2,5
2451205.293382,1999.0706668,-0.048070192337,0.09555025387360164,2.030252556957117,-0.4434607950337724,McDonald2,5
2451205.30813165,1999.07070721,0.0397996902466,0.09555025387360164,2.0336699109987233,-0.4465211527781173,McDonald2,5
2451205.37943805,1999.07090257,-0.146794557571,0.09555025387360164,2.0501916748887776,-0.4612427679892493,McDonald2,5
2451205.4051742,1999.07097308,-0.00996065139771,0.09555025387360164,2.0561550234541697,-0.4665256593987046,McDonald2,5
2451205.4178689,1999.07100786,-0.0530208349228,0.09555025387360164,2.059096566021328,-0.46912545424817853,McDonald2,5
2451205.49647165,1999.07122321,0.0106338262558,0.09555025387360164,2.077310402089312,-0.48513196532193037,McDonald2,5
2451205.50504185,1999.07124669,0.0443677902222,0.09555025387360164,2.0792963246807785,-0.48686757956642684,McDonald2,5
2451205.52191945,1999.07129293,-0.00314605236053,0.09555025387360164,2.0832072852739545,-0.4902799767968661,McDonald2,5
2451206.4595935,1999.0738619,-0.0470448732376,0.09555025387360164,2.300358983345105,-0.6665436740944282,McDonald2,5
2451206.4716823,1999.07389502,-0.146834969521,0.09555025387360164,2.3031548002792857,-0.6686252527475516,McDonald2,5
2451206.48013935,1999.07391819,-0.0412516593933,0.09555025387360164,2.3051106007794537,-0.67007830536931,McDonald2,5
2451206.5048608,1999.07398592,-0.028552532196,0.09555025387360164,2.310827320303365,-0.6743107990358103,McDonald2,5
2451206.53263,1999.074062,-0.0162165164948,0.09555025387360164,2.3172480347039954,-0.6790382286049574,McDonald2,5
2451206.5491207,1999.07410718,-0.222750782967,0.09555025387360164,2.321060564776491,-0.6818320762143585,McDonald2,5
2451213.49455605,1999.09313577,-0.112033009529,0.09555025387360164,3.8406612023172118,-0.7654419127932368,McDonald2,5
2451213.5059185,1999.0931669,-0.0651284456253,0.09555025387360164,3.8429501857596535,-0.7639669365570114,McDonald2,5
2451213.535228,1999.0932472,0.0338127613068,0.09555025387360164,3.848851672593482,-0.7601456889566237,McDonald2,5
2451213.6442024,1999.09354576,-0.0218689441681,0.09555025387360164,3.8707566006244405,-0.7457316801830811,McDonald2,5
2451213.65219225,1999.09356765,-0.00984513759613,0.09555025387360164,3.872360351798451,-0.7446622281827744,McDonald2,5
2451213.66057995,1999.09359063,0.110800862312,0.09555025387360164,3.87404362669096,-0.7435376862134746,McDonald2,5
2451213.6699568,1999.09361632,0.0563360452652,0.09555025387360164,3.8759250030888217,-0.7422783058812822,McDonald2,5
2451213.69802895,1999.09369323,-0.0544036626816,0.09555025387360164,3.88155486619426,-0.738494037786377,McDonald2,5
2451213.7140853,1999.09373722,-0.0778521299362,0.09555025387360164,3.8847732502198973,-0.7363201892432772,McDonald2,5
2451213.793867,1999.0939558,0.0550180673599,0.09555025387360164,3.90074656696093,-0.7254186384529316,McDonald2,5
2451214.5293639,1999.09597086,-0.0543001890182,0.09555025387360164,4.0466280732081135,-0.6176577246671231,McDonald2,5
2451214.5404745,1999.0960013,-0.00963640213013,0.09555025387360164,4.048813765820028,-0.61593731921406,McDonald2,5
2451215.6156696,1999.09894704,-0.026548743248,0.09555025387360164,4.258138157133619,-0.43878923426444605,McDonald2,5
2451215.62928775,1999.09898435,0.0233426094055,0.09555025387360164,4.260764576519867,-0.43642764935207334,McDonald2,5
2451215.6494613,1999.09903962,-0.0867952108383,0.09555025387360164,4.264654284480422,-0.4329246333121771,McDonald2,5
2451215.65748035,1999.09906159,-0.0917211771011,0.09555025387360164,4.266200126965089,-0.4315306476256392,McDonald2,5
2451215.6753106,1999.09911044,-0.0361890792847,0.09555025387360164,4.269636620908672,-0.42842805038812404,McDonald2,5
2451215.68611825,1999.09914005,-0.00549244880676,0.09555025387360164,4.271719176643962,-0.42654537552303234,McDonald2,5
2451217.7197194,1999.10471156,-0.0481008291245,0.09555025387360164,4.659422070798392,-0.05294214667330437,McDonald2,5
2451217.8254672,1999.10500128,-0.151746988297,0.09555025387360164,4.679464215636397,-0.03291881644298194,McDonald2,5
2451219.7146634,1999.11017716,-0.0600117444992,0.09555025387360164,5.0390157846380035,0.3208500048854047,McDonald2,5
2451219.7768302,1999.11034748,-0.0694092512131,0.09555025387360164,5.050951845614693,0.3321318827130052,McDonald2,5
2451230.3169863,1999.13922462,0.0625419616699,0.09555025387360164,1.0392736306107064,0.5068465476655012,McDonald2,5
2451231.2821923,1999.14186902,0.12983071804,0.09555025387360164,1.2634603707887653,0.3025204983975802,McDonald2,5
2451231.29049605,1999.14189177,0.0550006628036,0.09555025387360164,1.2653854042447472,0.30068510706707874,McDonald2,5
2451231.3669964,1999.14210136,-0.0263508558273,0.09555025387360164,1.2831162653721329,0.2837283906522312,McDonald2,5
2451232.2982209,1999.14465266,0.0042849779129,0.09555025387360164,1.4982467802395458,0.07248591997799932,McDonald2,5
2451232.3131129,1999.14469346,0.0794829130173,0.09555025387360164,1.5016747674833946,0.06906653107677913,McDonald2,5
2451232.32156265,1999.14471661,0.128581881523,0.09555025387360164,1.503619619951298,0.06712619341042494,McDonald2,5
2451232.3314067,1999.14474358,0.0735156536102,0.09555025387360164,1.5058852160995961,0.06486553698613991,McDonald2,5
2451233.28787095,1999.14736403,-0.00655055046082,0.09555025387360164,1.725014907615492,-0.1536080010766227,McDonald2,5
2451233.37725215,1999.14760891,0.0561376810074,0.09555025387360164,1.7453828247783534,-0.17370093631077332,McDonald2,5
2451233.47301355,1999.14787127,-0.0200973749161,0.09555025387360164,1.7671822600576288,-0.19512601503028257,McDonald2,5
2451234.2852955,1999.1500967,-0.0970247983932,0.09555025387360164,1.9511134199336446,-0.3712149239445207,McDonald2,5
2451234.31935365,1999.15019001,-0.0919525623322,0.09555025387360164,1.958785566006772,-0.37832787692540654,McDonald2,5
2451234.3700119997,1999.1503288,-0.0640323162079,0.09555025387360164,1.9701910213904155,-0.38886074780477625,McDonald2,5
2451234.3798816,1999.15035584,-0.0237036943436,0.09555025387360164,1.9724122495039467,-0.39090619661185816,McDonald2,5
2451234.48512205,1999.15064417,-0.0678422451019,0.09555025387360164,1.9960798799641921,-0.41257909308425306,McDonald2,5
2451234.49607935,1999.15067419,-0.00299429893494,0.09555025387360164,1.9985422278446734,-0.4148208463702214,McDonald2,5
2451236.4484315002,1999.1560231,-0.0886369943619,0.09555025387360164,2.431355375958765,-0.7582071890708049,McDonald2,5
2451236.5275562,1999.15623988,-0.162494540215,0.09555025387360164,2.4486346107914208,-0.769359739309758,McDonald2,5
2451236.5372652,1999.15626648,-0.0159657001495,0.09555025387360164,2.4507533882746344,-0.7707115198611504,McDonald2,5
2451237.35873055,1999.15851707,0.168428659439,0.09555025387360164,2.62883273296663,-0.8713938549888192,McDonald2,5
2451237.3690929,1999.15854546,-0.197139143944,0.09555025387360164,2.6310638615924957,-0.8724862414175344,McDonald2,5
2451237.45664545,1999.15878533,-0.0491728782654,0.09555025387360164,2.649899458458249,-0.8815347327442095,McDonald2,5
2451237.46310595,1999.15880303,-0.049877166748,0.09555025387360164,2.651288240793147,-0.882189553187906,McDonald2,5
2451237.47174185,1999.15882669,-0.0296547412872,0.09555025387360164,2.6531444226699454,-0.8830620986956753,McDonald2,5
2451237.49654725,1999.15889465,-0.0512691736221,0.09555025387360164,2.6584745418216564,-0.8855507340767425,McDonald2,5
2451237.5296272,1999.15898528,0.0137441158295,0.09555025387360164,2.665579206640148,-0.8888287767632613,McDonald2,5
2451237.541278,1999.1590172,-0.0722343921661,0.09555025387360164,2.668080533439328,-0.8899722016801705,McDonald2,5
2451243.48821205,1999.17531017,-0.0150839090347,0.09555025387360164,3.8782263762309714,-0.740734210479284,McDonald2,5
2451243.49637345,1999.17533253,-0.0370106697083,0.09555025387360164,3.8798030984948553,-0.7396740509780223,McDonald2,5
2451243.5238324,1999.17540776,-0.0045473575592,0.09555025387360164,3.885106704181272,-0.7360945222676682,McDonald2,5
2451243.5345488,1999.17543712,0.0386530160904,0.09555025387360164,3.8871760166250255,-0.7346922736308524,McDonald2,5
2451243.5592812,1999.17550488,-0.0149763822556,0.09555025387360164,3.8919506689836316,-0.7314447848177908,McDonald2,5
2451243.56783315,1999.17552831,-0.0763370990753,0.09555025387360164,3.8936012832077904,-0.7303182339594532,McDonald2,5
2451243.5849991,1999.17557534,-0.00113809108734,0.09555025387360164,3.896913930712439,-0.7280513380291008,McDonald2,5
2451243.5940803,1999.17560022,0.0101363658905,0.09555025387360164,3.898666101035961,-0.7268490686746616,McDonald2,5
2451243.6024169,1999.17562306,-0.0202535390854,0.09555025387360164,3.9002744226060257,-0.7257435382865993,McDonald2,5
2451243.639698,1999.1757252,0.0505130290985,0.09555025387360164,3.9074646837396094,-0.7207781700877856,McDonald2,5
2451243.7300063,1999.17597262,0.0559134483337,0.09555025387360164,3.924867947324346,-0.7086062822788027,McDonald2,5
2451246.64094335,1999.18394779,-0.00352501869202,0.09555025387360164,4.47938622845022,-0.2309001700116687,McDonald2,5
2451246.6493055,1999.1839707,0.00913119316101,0.09555025387360164,4.48097479114224,-0.22935424364812787,McDonald2,5
2451246.70694995,1999.18412863,0.0038104057312,0.09555025387360164,4.4919271998414905,-0.2186802502513313,McDonald2,5
2451246.72378375,1999.18417475,-0.0424746274948,0.09555025387360164,4.49512618062513,-0.2155575821669152,McDonald2,5
2451246.73489435,1999.18420519,-0.00947427749634,0.09555025387360164,4.497237710458554,-0.21349521300623553,McDonald2,5
2451246.7803843,1999.18432982,-0.00688230991364,0.09555025387360164,4.505884174270034,-0.20504022582195844,McDonald2,5
2451246.7922614,1999.18436236,-0.0449945926666,0.09555025387360164,4.508142048346962,-0.2028298027912926,McDonald2,5
2451246.79872555,1999.18438007,0.00737524032593,0.09555025387360164,4.509370965269221,-0.20162627727023144,McDonald2,5
2451246.8309952,1999.18446848,-0.0207401514053,0.09555025387360164,4.515506498764589,-0.19561299474930413,McDonald2,5
2451247.70324665,1999.18685821,0.0392615795135,0.09555025387360164,4.681933930110044,-0.03045034259858254,McDonald2,5
2451267.5104133,1999.24112442,0.0564239025116,0.09555025387360164,2.755105213924481,-0.9262387860626988,McDonald2,5
2451267.5256192,1999.24116608,-0.0252774953842,0.09555025387360164,2.758173560093409,-0.9273909981502748,McDonald2,5
2451272.53405065,1999.25488781,0.00798761844635,0.09555025387360164,3.737525543827459,-0.8276252454079874,McDonald2,5
2451272.5480338,1999.25492612,0.0820413827896,0.09555025387360164,3.7401916877273833,-0.8261258495354268,McDonald2,5
2451272.5581224,1999.25495376,0.0483267307281,0.09555025387360164,3.742115122613018,-0.8250404940740239,McDonald2,5
2451272.63202395,1999.25515623,0.0331888198853,0.09555025387360164,3.7562012164133916,-0.8169992273356559,McDonald2,5
2451274.54408375,1999.26039475,-0.0611462593079,0.09555025387360164,4.119462667851498,-0.5587902294230878,McDonald2,5
2451274.55688065,1999.26042981,-0.0277073383331,0.09555025387360164,4.121893458384304,-0.5567727039784308,McDonald2,5
2451274.6184671,1999.26059854,0.0643873214722,0.09555025387360164,4.13359333646504,-0.547016140709927,McDonald2,5
2451274.6291032,1999.26062768,-0.0110371112823,0.09555025387360164,4.135614181564749,-0.5453233308944411,McDonald2,5
2451274.64864165,1999.26068121,-0.00607085227966,0.09555025387360164,4.139326665959584,-0.5422076799346037,McDonald2,5
2451274.6572082,1999.26070468,0.0261652469635,0.09555025387360164,4.14095447411382,-0.540839205318541,McDonald2,5
2451274.72636475,1999.26089415,0.0445319414139,0.09555025387360164,4.1540975402679186,-0.5297378372185947,McDonald2,5
2451274.73619055,1999.26092107,0.024261713028,0.09555025387360164,4.155965215834685,-0.5281528238276324,McDonald2,5
2451274.74570975,1999.26094715,-0.113234996796,0.09555025387360164,4.1577746878614805,-0.526615448060345,McDonald2,5
2451291.2515682,1999.30616868,0.0927449464798,0.09555025387360164,1.561675954902604,0.009120245452263878,McDonald2,5
2451291.2661974,1999.30620876,0.043364405632,0.09555025387360164,1.5648613205224278,0.005934971429790516,McDonald2,5
2451291.31735945,1999.30634893,0.0782322883606,0.09555025387360164,1.575990084782049,-0.005193734636807898,McDonald2,5
2451294.22413185,1999.31431269,-0.150357365608,0.09555025387360164,2.1834488556004414,-0.5750395822082206,McDonald2,5
2451294.235706,1999.3143444,-0.00330364704132,0.09555025387360164,2.18578684045357,-0.5769507740677327,McDonald2,5
2451294.27685975,1999.31445715,-0.044133067131,0.09555025387360164,2.194095796749701,-0.5837173604622073,McDonald2,5
2451294.298194,1999.3145156,0.0269799232483,0.09555025387360164,2.1984006706341397,-0.5872073131158326,McDonald2,5
2451294.3027346,1999.31452804,-0.0307532548904,0.09555025387360164,2.199316662555572,-0.5879485040316151,McDonald2,5
2451296.2961930498,1999.31998957,-0.11591553688,0.09555025387360164,2.5951189852978604,-0.8543623862160651,McDonald2,5
2451296.49201555,1999.32052607,-0.211704850197,0.09555025387360164,2.6334349417145995,-0.8736423892235875,McDonald2,5
2451296.5405277,1999.32065898,-0.0575337409973,0.09555025387360164,2.64291445037167,-0.8782154982072794,McDonald2,5
2451296.54840805,1999.32068057,-0.0601688623428,0.09555025387360164,2.644453842979964,-0.8789506951626532,McDonald2,5
2451304.58381735,1999.34269539,0.0335302352905,0.09555025387360164,4.185021237970596,-0.5032604620073636,McDonald2,5
2451304.59757785,1999.34273309,-0.0551413297653,0.09555025387360164,4.18769207589174,-0.5009507058565257,McDonald2,5
2451304.65751085,1999.34289729,0.0749390125275,0.09555025387360164,4.199331114165774,-0.49084369631148367,McDonald2,5
2451304.6805971,1999.34296054,-0.0245505571365,0.09555025387360164,4.2038172853757985,-0.4869302040163432,McDonald2,5
2451305.5774897,1999.34541778,0.0387041568756,0.09555025387360164,4.379481799006321,-0.32679197184813574,McDonald2,5
2451305.59435635,1999.34546399,0.00158905982971,0.09555025387360164,4.382814188028496,-0.3236407346774189,McDonald2,5
2451305.65016485,1999.34561689,-0.0130088329315,0.09555025387360164,4.3938489096366675,-0.31318040932204333,McDonald2,5
2451305.6629982498,1999.34565205,0.0733671188354,0.09555025387360164,4.396388250989667,-0.3107678058195665,McDonald2,5
2451305.72827485,1999.34583089,-0.0100862979889,0.09555025387360164,4.4093154403148125,-0.2984550711812394,McDonald2,5
2451319.2470755,1999.3828687,0.00233781337738,0.09555025387360164,1.2525888844305355,0.3128644969382841,McDonald2,5
2451323.26318145,1999.39387173,-0.0300785303116,0.09555025387360164,2.0824685495747532,-0.48963598689747284,McDonald2,5
2451323.270215,1999.393891,0.135361671448,0.09555025387360164,2.0838521598349424,-0.4908419249081584,McDonald2,5
2451323.2848442,1999.39393108,-0.0359190702438,0.09555025387360164,2.0867294304922304,-0.49334670785448087,McDonald2,5
2451324.18886525,1999.39640785,0.0696071386337,0.09555025387360164,2.2632983957298727,-0.6384648984324708,McDonald2,5
2451324.27175675,1999.39663495,0.0871232748032,0.09555025387360164,2.2793809883308933,-0.6507597797761177,McDonald2,5
2451325.2843945,1999.3994093,0.0210083723068,0.09555025387360164,2.474746030899537,-0.7857759686815268,McDonald2,5
2451325.2936691497,1999.39943471,-0.0306557416916,0.09555025387360164,2.4765273875853913,-0.7868765104683888,McDonald2,5
2451330.5885964,1999.41394136,0.00834608078003,0.09555025387360164,3.4878418788207086,-0.9406522345901797,McDonald2,5
2451330.5967651,1999.41396374,-0.122254490852,0.09555025387360164,3.489411534879353,-0.9401183786499198,McDonald2,5
2451351.18008965,1999.47035641,0.01637840271,0.09555025387360164,1.7539807309085815,-0.18216161631582242,McDonald2,5
2451353.3158981,1999.47620794,0.0151762962341,0.09555025387360164,2.1677975519725745,-0.5621649426282492,McDonald2,5
2451354.21691885,1999.47867649,0.0176166296005,0.09555025387360164,2.3398155153781452,-0.6954307689213874,McDonald2,5
2451360.46636855,1999.49579827,-0.0486395359039,0.09555025387360164,3.5477366627258635,-0.9186510347617122,McDonald2,5
2451360.47911435,1999.49583319,-0.062242269516,0.09555025387360164,3.5502784921354964,-0.9176438677369477,McDonald2,5
2451360.61204735,1999.49619739,-0.176193714142,0.09555025387360164,3.576817300502682,-0.9067753508712482,McDonald2,5
2451360.62996885,1999.49624649,-0.0824930667877,0.09555025387360164,3.580399196870016,-0.9052593590796529,McDonald2,5
2451384.2520425,1999.5609645,0.272632360458,0.09555025387360164,2.4093100809345698,-0.7436502840433401,McDonald2,5
2451384.258357,1999.5609818,-0.0137377977371,0.09555025387360164,2.410522041045819,-0.7444600164212418,McDonald2,5
2451384.34284355,1999.56121327,-0.0429488420486,0.09555025387360164,2.4267442417988767,-0.7551926164055751,McDonald2,5
2451384.3548119,1999.56124606,-0.00722742080688,0.09555025387360164,2.4290432642651587,-0.7566976352914004,McDonald2,5
2451394.49628215,1999.58903091,-0.137072086334,0.09555025387360164,4.544988811157859,-0.1666194265853776,McDonald2,5
2451395.5914245,1999.5920313,-0.135684490204,0.09555025387360164,4.79631622849962,0.08382875525586207,McDonald2,5
2451408.16127625,1999.62646925,-0.0945405960083,0.09555025387360164,1.2986672978556744,0.26878272675271925,McDonald2,5
2451408.1861729,1999.62653746,0.00153696537018,0.09555025387360164,1.3035046558197467,0.2641202529448014,McDonald2,5
2451410.1854312,1999.63201488,-0.00665688514709,0.09555025387360164,1.687254807535655,-0.11619541299829007,McDonald2,5
2451410.194454,1999.6320396,-0.0235824584961,0.09555025387360164,1.688973813928262,-0.11790260296246831,McDonald2,5
2451410.2164854,1999.63209996,0.0993492603302,0.09555025387360164,1.6931710209991788,-0.12206948444786989,McDonald2,5
2451410.27697685,1999.63226569,-0.0630495548248,0.09555025387360164,1.7046941040729706,-0.1334980355095232,McDonald2,5
2451411.17353,1999.634722,-0.00328290462494,0.09555025387360164,1.8754710184162886,-0.29998286491981063,McDonald2,5
2451411.1874292,1999.63476008,0.0146962404251,0.09555025387360164,1.8781212005196908,-0.302509935381462,McDonald2,5
2451411.2187316,1999.63484584,0.108198523521,0.09555025387360164,1.8840902699278121,-0.30819390844259864,McDonald2,5
2451411.2306014,1999.63487836,-0.0208078622818,0.09555025387360164,1.8863539486395093,-0.31034660786329366,McDonald2,5
2451411.23940155,1999.63490247,-0.00945222377777,0.09555025387360164,1.8880322976366237,-0.3119416479622372,McDonald2,5
2451411.2963817,1999.63505858,-0.0097234249115,0.09555025387360164,1.8989011733950982,-0.3222495521870716,McDonald2,5
2451424.5671612,1999.67141688,-0.0736703872681,0.09555025387360164,4.7442139859128165,0.03181963357493827,McDonald2,5
2451426.58336645,1999.67694073,-0.078022480011,0.09555025387360164,5.207903874395117,0.47548467889978197,McDonald2,5
2451426.59449165,1999.67697121,0.0275654792786,0.09555025387360164,5.210447086020791,0.4777204630989959,McDonald2,5
2451512.4503866,1999.91219284,-0.0296951532364,0.09555025387360164,4.7077927477790915,-0.004596216422775168,McDonald2,5
2451512.48133495,1999.91227763,-0.00104975700378,0.09555025387360164,4.71438638768668,0.0019974059738360308,McDonald2,5
2451512.5637264,1999.91250336,0.100142002106,0.09555025387360164,4.731910239169865,0.019520018950064968,McDonald2,5
2451512.57559985,1999.91253589,0.0434885025024,0.09555025387360164,4.734432044223553,0.02204127877370293,McDonald2,5
2451528.07395245,1999.95499713,-0.190775513649,0.09555025387360164,1.4744889439709539,0.09615857489108669,McDonald2,5
2451528.09069135,1999.95504299,0.0708068609238,0.09555025387360164,1.4779548666078588,0.09270814259411879,McDonald2,5
2451559.1373099,2000.03999265,-0.0559213161469,0.09555025387360164,1.8099767603706747,-0.23690647069436344,McDonald2,5
2451568.40383698,2000.06531103,-0.0737708806992,0.09555025387360164,4.002948088420776,-0.6514096629422984,McDonald2,5
2451568.4118414,2000.0653329,0.0622965097427,0.09555025387360164,4.004701894549242,-0.6500780031455372,McDonald2,5
2451571.47026916,2000.07368926,0.0367078781128,0.09555025387360164,4.641008466831264,-0.07131991292704239,McDonald2,5
2451571.4872698598,2000.07373571,-0.000215888023376,0.09555025387360164,4.6443801313761135,-0.06795643533633627,McDonald2,5
2451571.60370544,2000.07405384,-0.0551013946533,0.09555025387360164,4.66743234635728,-0.04494149192342211,McDonald2,5
2451571.61661792,2000.07408912,-0.0111045837402,0.09555025387360164,4.669984558297527,-0.042391715083655315,McDonald2,5
2451589.12071066,2000.12191451,-0.0612086057663,0.09555025387360164,1.9487488326824387,-0.36901825787564957,McDonald2,5
2451589.13116728,2000.12194308,0.00831949710846,0.09555025387360164,1.9511793530043695,-0.371276145090822,McDonald2,5
2451589.1631447,2000.12203045,0.0249148607254,0.09555025387360164,1.9586143039792088,-0.3781693389729491,McDonald2,5
2451589.23036792,2000.12221412,-0.0197366476059,0.09555025387360164,1.9742546975130884,-0.3926013775470681,McDonald2,5
2451590.1356433,2000.12468755,-0.0180072784424,0.09555025387360164,2.186151317391295,-0.5772484328186724,McDonald2,5
2451590.14248018,2000.12470623,0.0500180721283,0.09555025387360164,2.1877596736456724,-0.5785610188203676,McDonald2,5
2451590.2326333,2000.12495255,0.00479352474213,0.09555025387360164,2.2089777118914746,-0.5957357512972731,McDonald2,5
2451601.5720489603,2000.15593456,-0.0104304552078,0.09555025387360164,4.695047903387684,-0.01734020789566564,McDonald2,5
2451601.6672053,2000.15619455,-0.00543320178986,0.09555025387360164,4.713212367732651,0.0008233872549228952,McDonald2,5
2451613.21406976,2000.18774336,0.0464432239532,0.09555025387360164,0.7591663217145479,0.7254100976359863,McDonald2,5
2451614.2345473,2000.19053155,-0.0501898527145,0.09555025387360164,0.9885078864556291,0.5499366950026016,McDonald2,5
2451615.22608888,2000.19324068,0.0649924278259,0.09555025387360164,1.2133019135127867,0.34992815929593357,McDonald2,5
2451615.24205014,2000.19328429,-0.0937535762787,0.09555025387360164,1.2169329119754746,0.346524425848335,McDonald2,5
2451615.28418406,2000.19339941,0.0322260856628,0.09555025387360164,1.226519535935945,0.33751599449363123,McDonald2,5
2451616.20707868,2000.19592098,-0.00351512432098,0.09555025387360164,1.4370364753035947,0.13336134301637634,McDonald2,5
2451618.3102684,2000.2016674,-0.0416995286942,0.09555025387360164,1.91930122854024,-0.3414929702323502,McDonald2,5
2451618.31823622,2000.20168917,-0.0251907110214,0.09555025387360164,1.9211318017530061,-0.3432129241755814,McDonald2,5
2451618.3783261,2000.20185335,0.0307012796402,0.09555025387360164,1.9349374885908164,-0.3561469017586711,McDonald2,5
2451618.3877506,2000.2018791,-0.0439658164978,0.09555025387360164,1.9371028160288937,-0.3581694121260493,McDonald2,5
2451618.41146374,2000.20194389,-0.198840379715,0.09555025387360164,1.9425510778567503,-0.3632508767909075,McDonald2,5
2451618.47208432,2000.20210952,-0.0568513870239,0.09555025387360164,1.956479348253234,-0.3761920723127471,McDonald2,5
2451619.24670502,2000.20422597,-0.0697886943817,0.09555025387360164,2.1344459254085884,-0.5342747945531967,McDonald2,5
2451619.32574638,2000.20444193,-0.0113235712051,0.09555025387360164,2.152598852409872,-0.5495307910361872,McDonald2,5
2451619.3322136,2000.2044596,-0.063689827919,0.09555025387360164,2.1540840390154035,-0.5507710185069141,McDonald2,5
2451619.44090828,2000.20475658,-0.00857973098755,0.09555025387360164,2.179043108278602,-0.5714295583222703,McDonald2,5
2451619.45882764,2000.20480554,-0.0538775920868,0.09555025387360164,2.1831573677201632,-0.5748010840887727,McDonald2,5
2451648.29704734,2000.28359849,-0.0459667444229,0.09555025387360164,2.074734495763497,-0.48287788034092805,McDonald2,5
2451648.44466978,2000.28400183,-0.0389219522476,0.09555025387360164,2.107625148878067,-0.5114134642139396,McDonald2,5
2451649.2793840203,2000.28628247,-0.000411748886108,0.09555025387360164,2.292591132202526,-0.6607329541888178,McDonald2,5
2451649.2898626,2000.2863111,0.0681364536285,0.09555025387360164,2.2949019224372345,-0.6624657163672759,McDonald2,5
2451649.34615706,2000.28646491,0.027818441391,0.09555025387360164,2.3073113966500225,-0.6717103109749806,McDonald2,5
2451649.4817198,2000.2868353,0.0188803672791,0.09555025387360164,2.3371607451268686,-0.6935206209445741,McDonald2,5
2451649.49017806,2000.28685841,0.0205997228622,0.09555025387360164,2.3390215567230017,-0.6948600165793475,McDonald2,5
2451649.56255456,2000.28705616,-0.175003767014,0.09555025387360164,2.3549365982313244,-0.7062167580607818,McDonald2,5
2451649.57199736,2000.28708196,-0.143079161644,0.09555025387360164,2.3570119724737864,-0.7076845921151868,McDonald2,5
2451658.6277304,2000.3118244,-0.0340811014175,0.09555025387360164,4.203112677050607,-0.4875455168094546,McDonald2,5
2451658.70423172,2000.31203342,-0.0406215190887,0.09555025387360164,4.217592597735628,-0.47485246452717156,McDonald2,5
2451658.73978496,2000.31213056,-0.118267893791,0.09555025387360164,4.224320043485761,-0.4689211713211693,McDonald2,5
2451658.78472976,2000.31225336,0.0634509325027,0.09555025387360164,4.232822929306703,-0.46139422158378957,McDonald2,5
2451658.79312214,2000.31227629,0.0147762298584,0.09555025387360164,4.234410447748765,-0.45998520198333914,McDonald2,5
2451659.67684012,2000.31469082,-0.00151085853577,0.09555025387360164,4.401407614075392,-0.30599307747623017,McDonald2,5
2451659.68870584,2000.31472324,-0.066675901413,0.09555025387360164,4.40364995175244,-0.3038575288684835,McDonald2,5
2451659.7633917998,2000.3149273,0.0307729244232,0.09555025387360164,4.417765412605774,-0.29037965837748214,McDonald2,5
2451673.3890264602,2000.35215581,0.0166734457016,0.09555025387360164,1.125192077277493,0.4310032037428428,McDonald2,5
2451675.4995069,2000.35792215,-0.0561683177948,0.09555025387360164,1.6078134754777418,-0.03700869535165161,McDonald2,5
2451676.41241338,2000.36041643,0.0191226005554,0.09555025387360164,1.8103271504909908,-0.23724687152065807,McDonald2,5
2451676.47800424,2000.36059564,-0.0235476493835,0.09555025387360164,1.8247378872624265,-0.2512210544448111,McDonald2,5
2451679.39986642,2000.36857887,-0.0352772474289,0.09555025387360164,2.4494123072696103,-0.7698563113774505,McDonald2,5
2451680.44241376,2000.37142736,-0.0656509399414,0.09555025387360164,2.6647806148438953,-0.888462547101406,McDonald2,5
2451680.4960108,2000.3715738,-0.00945365428925,0.09555025387360164,2.675751976084972,-0.8934442708401882,McDonald2,5
2451680.5206243,2000.37164105,0.00486779212952,0.09555025387360164,2.680787117191216,-0.8956945904857213,McDonald2,5
2451680.63626566,2000.37195701,-0.065482378006,0.09555025387360164,2.7044162150055753,-0.9059507212974406,McDonald2,5
2451680.64742866,2000.37198751,0.00684285163879,0.09555025387360164,2.7066947673231687,-0.9069130693605644,McDonald2,5
2451688.7245692,2000.3940562,0.0880613327026,0.09555025387360164,4.2713035808322175,-0.42692123102558577,McDonald2,5
2451688.73191482,2000.39407627,-0.0732364654541,0.09555025387360164,4.272702648366633,-0.42565565248870996,McDonald2,5
2451688.79529504,2000.39424944,-0.11096739769,0.09555025387360164,4.28477894338965,-0.41469721941637305,McDonald2,5
2451688.80568944,2000.39427784,-0.115790724754,0.09555025387360164,4.286760286427667,-0.412893464765568,McDonald2,5
2451706.4474787,2000.44247945,-0.00415062904358,0.09555025387360164,1.9555937116608013,-0.37537134565117625,McDonald2,5
2451706.52103738,2000.44268043,0.0256233215332,0.09555025387360164,1.9709435040206607,-0.3895538972923961,McDonald2,5
2451706.59244764,2000.44287554,-0.0264503955841,0.09555025387360164,1.9858200107160613,-0.40321160381533544,McDonald2,5
2451738.50164524,2000.53005914,0.0936012268066,0.09555025387360164,2.4620204707763262,-0.7778416560465573,McDonald2,5
2451739.68789882,2000.53330027,-0.180908918381,0.09555025387360164,2.688352502944025,-0.899033024260346,McDonald2,5
2451767.54591562,2000.60941507,0.25511276722,0.09555025387360164,2.346588815087967,-0.7002820258691295,McDonald2,5
2451767.60634222,2000.60958017,0.0503672361374,0.09555025387360164,2.3580194747725223,-0.7083960619088889,McDonald2,5
2451778.8796839,2000.64038165,-0.0724580287933,0.09555025387360164,4.621838389588633,-0.09042689795505844,McDonald2,5
2451793.56859614,2000.68051529,0.081983089447,0.09555025387360164,1.6446381432852544,-0.07377472963086783,McDonald2,5
2451794.5622166,2000.6832301,0.108346581459,0.09555025387360164,1.8345345855146942,-0.2606913629464636,McDonald2,5
2451794.62287378,2000.68339583,0.0382548570633,0.09555025387360164,1.8460533180995213,-0.27179426289343755,McDonald2,5
2451795.55090338,2000.68593143,0.0983158349991,0.09555025387360164,2.0216870265603446,-0.4357673894889588,McDonald2,5
2451795.60687576,2000.68608436,0.0526344776154,0.09555025387360164,2.032258372188251,-0.44525770143851434,McDonald2,5
2451795.67730514,2000.68627679,0.0168256759644,0.09555025387360164,2.0455589422647535,-0.4571273299602217,McDonald2,5
2451796.58099574,2000.68874589,0.0732696056366,0.09555025387360164,2.2163090027710246,-0.6016080387406437,McDonald2,5
2451796.6419933,2000.68891255,0.0577020645142,0.09555025387360164,2.227853885244332,-0.6107896951917254,McDonald2,5
2451796.65523884,2000.68894874,0.0792683362961,0.09555025387360164,2.2303613759357797,-0.6127731861890705,McDonald2,5
2451796.70200266,2000.68907651,0.0533372163773,0.09555025387360164,2.239215752039018,-0.6197463231356166,McDonald2,5
2451796.71882036,2000.68912246,0.0683510303497,0.09555025387360164,2.242400681873017,-0.6222427155721973,McDonald2,5
2451803.83375422,2000.70856217,0.0158593654633,0.09555025387360164,3.667178950797024,-0.8650299331297768,McDonald2,5
2451809.09160408,2000.72292788,0.0568200349808,0.09555025387360164,4.833324254201798,0.12064070271770787,McDonald2,5
2451822.6297940197,2000.75991747,0.0315356254578,0.09555025387360164,1.508559520219328,0.06219663614002367,McDonald2,5
2451822.63855606,2000.75994141,-0.0279574394226,0.09555025387360164,1.510220599491229,0.06053868781518068,McDonald2,5
2451851.6797374,2000.8392889,0.0729240179062,0.09555025387360164,1.3574759277266568,0.21170619767749008,McDonald2,5
2451858.94338804,2000.85913494,0.120366573334,0.09555025387360164,2.8157957352789045,-0.9473959625070482,McDonald2,5
2451883.76162478,2000.92694433,-0.0267211198807,0.09555025387360164,1.7870051712836643,-0.21452828466012616,McDonald2,5
2451883.77011232,2000.92696752,0.0781265497208,0.09555025387360164,1.78870284622215,-0.21618612400897028,McDonald2,5
2451884.7775017,2000.92971995,-0.090388417244,0.09555025387360164,1.9934355689721661,-0.4101688929576191,McDonald2,5
2451884.78922102,2000.92975197,0.15154838562,0.09555025387360164,1.9958572942726223,-0.41237632471074387,McDonald2,5
2451884.81278044,2000.92981634,0.160304665565,0.09555025387360164,2.000728630843674,-0.41680926817299896,McDonald2,5
2451892.09712106,2000.94971891,0.144362926483,0.09555025387360164,3.679044213140071,-0.8590161396894653,McDonald2,5
2451898.1808755402,2000.96634119,0.0690203905106,0.09555025387360164,5.070903091124347,0.3508832058604848,McDonald2,5
2451916.9596532,2001.01769768,0.0836184024811,0.09555025387360164,2.5606162865681688,-0.8359271788044768,McDonald2,5
2451924.13441805,2001.03735457,0.0341588258743,0.09555025387360164,4.295842462159335,-0.40460469173111074,McDonald2,5
2451924.31202705,2001.03784117,0.026887178421,0.09555025387360164,4.336131757076281,-0.36744209518173215,McDonald2,5
2451924.3193526,2001.03786124,0.0220527648926,0.09555025387360164,4.337788322596801,-0.3659009089182944,McDonald2,5
2451943.80444325,2001.09124505,0.0358103513718,0.09555025387360164,1.9443304373296284,-0.3649081147252619,McDonald2,5
2451944.8252278,2001.09404172,0.0814251899719,0.09555025387360164,2.176498701365446,-0.5693396404752985,McDonald2,5
2451945.89280535,2001.09696659,0.0557725429535,0.09555025387360164,2.427533776269442,-0.7557099231429868,McDonald2,5
2451946.88894145,2001.09969573,0.0834074020386,0.09555025387360164,2.6684272075685223,-0.8901302367242677,McDonald2,5
2451973.7947741,2001.17341034,-0.0198320150375,0.09555025387360164,2.070165051069143,-0.4788714465446295,McDonald2,5
2451975.8140636,2001.17894264,-0.0946449041367,0.09555025387360164,2.5515457231801437,-0.8309145679343966,McDonald2,5
2451985.19848005,2001.20465337,0.0714124441147,0.09555025387360164,4.679764446593728,-0.03261874672303415,McDonald2,5
2451985.2082584,2001.20468016,0.0889991521835,0.09555025387360164,4.68167894802157,-0.030705205454326725,McDonald2,5
2451999.8170804502,2001.24470433,0.073317527771,0.09555025387360164,1.3172208655354656,0.25086667930596784,McDonald2,5
2452000.8347114,2001.24749236,-0.0227706432343,0.09555025387360164,1.544428982215554,0.02636428942723798,McDonald2,5
2452001.72071605,2001.24991977,0.00197005271912,0.09555025387360164,1.7456842209230037,-0.17399774287253542,McDonald2,5
2452001.7532631,2001.25000894,0.121386408806,0.09555025387360164,1.7531389427461246,-0.18133384800257626,McDonald2,5
2452001.81471815,2001.25017731,0.0305352210999,0.09555025387360164,1.7672267353273994,-0.19516963521142192,McDonald2,5
2452001.86856295,2001.25032483,0.0939327478409,0.09555025387360164,1.7795826867454487,-0.2072727691271946,McDonald2,5
2452002.81535835,2001.25291879,0.0995761156082,0.09555025387360164,1.9987374282067614,-0.41499845188218604,McDonald2,5
2452003.69734435,2001.25533519,0.0411088466644,0.09555025387360164,2.2058311780399706,-0.5932055717465637,McDonald2,5
2452003.7539741,2001.25549034,-0.00792706012726,0.09555025387360164,2.2192111686907845,-0.603923727245979,McDonald2,5
2452003.8293758,2001.25569692,-0.0103931427002,0.09555025387360164,2.2370401111468534,-0.6180374099643382,McDonald2,5
2452028.7997412,2001.32410888,0.0582078695297,0.09555025387360164,1.2473678488084543,0.31781913819686347,McDonald2,5
2452028.8217653,2001.32416922,0.156739354134,0.09555025387360164,1.2523768233529515,0.3130659050409217,McDonald2,5
2452030.74301945,2001.32943293,-0.214690685272,0.09555025387360164,1.6924752745399356,-0.12137891159995833,McDonald2,5
2452030.8291412,2001.32966888,-0.227011919022,0.09555025387360164,1.7123320152804244,-0.14106361280513807,McDonald2,5
2452031.7489777,2001.33218898,-0.0426217317581,0.09555025387360164,1.924917091912727,-0.3467658194888409,McDonald2,5
2452031.75840565,2001.33221481,0.0878318548203,0.09555025387360164,1.9270998719767083,-0.3488123341344225,McDonald2,5
2452031.794391,2001.3323134,-0.00821793079376,0.09555025387360164,1.9354318249382518,-0.356608780926743,McDonald2,5
2452031.92959065,2001.33268381,0.195683002472,0.09555025387360164,1.9667427769170465,-0.38568158653952506,McDonald2,5
2452034.8028378002,2001.34055572,-0.0595463514328,0.09555025387360164,2.6305283435844413,-0.8722244415124506,McDonald2,5
2452034.8144156,2001.34058744,-0.0612562894821,0.09555025387360164,2.633177114816399,-0.8735169097216041,McDonald2,5
2452060.6956713498,2001.41149499,-0.016042470932,0.09555025387360164,1.8621514193204323,-0.2872504712772511,McDonald2,5
2452060.73803325,2001.41161105,0.0256505012512,0.09555025387360164,1.8717926287674111,-0.29647186346313764,McDonald2,5
2452060.8176142,2001.41182908,-0.0530436038971,0.09555025387360164,1.88989255228388,-0.31370853748679944,McDonald2,5
2452060.8673564,2001.41196536,-0.00814771652222,0.09555025387360164,1.9011978756065695,-0.3244228844389124,McDonald2,5
2452062.82605955,2001.41733167,0.0676811933517,0.09555025387360164,2.3407678769998777,-0.6961148139342443,McDonald2,5
2452062.8334946,2001.41735204,-0.100515842438,0.09555025387360164,2.342413253437342,-0.6972951370043292,McDonald2,5
2452062.8395974,2001.41736876,-0.0875890254974,0.09555025387360164,2.3437636590241895,-0.6982624502146234,McDonald2,5
2452063.75218135,2001.41986899,-0.0397641658783,0.09555025387360164,2.5441783513251526,-0.8267928490211274,McDonald2,5
2452063.85816275,2001.42015935,0.0408551692963,0.09555025387360164,2.567249720461064,-0.8395494570642205,McDonald2,5
2452087.77691935,2001.48569019,0.107135176659,0.09555025387360164,1.3734389326981087,0.1960787103954033,McDonald2,5
2452089.7390973,2001.49106602,0.00437211990356,0.09555025387360164,1.8171793816444202,-0.24389784550704918,McDonald2,5
2452089.7460250002,2001.491085,0.0902948379517,0.09555025387360164,1.8187122189245348,-0.24538410541251535,McDonald2,5
2452089.80910065,2001.49125781,0.0859220027924,0.09555025387360164,1.8326574622573812,-0.25887868827180205,McDonald2,5
2452090.79362245,2001.49395513,0.0275971889496,0.09555025387360164,2.047779361728527,-0.45910104533149304,McDonald2,5
2452090.83756845,2001.49407553,-0.0381764173508,0.09555025387360164,2.0572718973056845,-0.46751325170191954,McDonald2,5
2452093.76723,2001.502102,0.0107955932617,0.09555025387360164,2.6707080953467566,-0.8911673351498928,McDonald2,5
2452093.79723665,2001.50218421,0.10760474205,0.09555025387360164,2.6768100798458825,-0.8939190433694765,McDonald2,5
2452093.85535195,2001.50234343,0.0295486450195,0.09555025387360164,2.688618657079928,-0.8991495362100483,McDonald2,5
2452099.1186045,2001.5167633,-0.0444096326828,0.09555025387360164,3.717710691775107,-0.8385837499857695,McDonald2,5
2452102.0768857,2001.52486818,-0.00423085689545,0.09555025387360164,4.281323070819531,-0.41783944071611395,McDonald2,5
2452120.69978065,2001.57588981,0.045552611351,0.09555025387360164,2.155658223555387,-0.5520842387248016,McDonald2,5
2452120.8449083,2001.57628742,0.0609402656555,0.09555025387360164,2.1850880445007315,-0.5763798714433833,McDonald2,5
2452122.8093091,2001.58166934,-0.0535507202148,0.09555025387360164,2.575471863882578,-0.8439879815401302,McDonald2,5
2452123.84723405,2001.58451297,0.0763574838638,0.09555025387360164,2.7771593945232844,-0.9343259089121343,McDonald2,5
2452131.0822676998,2001.60433498,0.217638492584,0.09555025387360164,4.1617683921060955,-0.5232161949710898,McDonald2,5
2452146.6669354998,2001.6470327,0.0739871263504,0.09555025387360164,1.4302542944762084,0.1400798231915683,McDonald2,5
2452148.64480845,2001.65245153,-0.0875389575958,0.09555025387360164,1.840448543499051,-0.26639623714579674,McDonald2,5
2452148.70650075,2001.65262055,0.0884226560593,0.09555025387360164,1.8528570721885074,-0.27833555093423734,McDonald2,5
2452148.7582468,2001.65276232,-0.175993442535,0.09555025387360164,1.8632497516299673,-0.2883023414537924,McDonald2,5
2452158.9073783997,2001.68056816,0.125566840172,0.09555025387360164,3.817186222047933,-0.7803358942867374,McDonald2,5
2452159.90764995,2001.68330863,-0.048073887825,0.09555025387360164,4.014775404794077,-0.6423906164891808,McDonald2,5
2452159.9183189,2001.68333786,0.204716205597,0.09555025387360164,4.016898728869524,-0.6407619020498825,McDonald2,5
2452179.79793805,2001.73780257,0.0860776901245,0.09555025387360164,2.133145322920044,-0.5331749295790598,McDonald2,5
2452190.91761925,2001.76826745,0.170844078064,0.09555025387360164,4.3283241795848255,-0.3746922314893826,McDonald2,5
2452190.96681395,2001.76840223,0.205328941345,0.09555025387360164,4.338827868985581,-0.36493325357251366,McDonald2,5
2452190.99832805,2001.76848857,-0.00294601917267,0.09555025387360164,4.345562410425008,-0.35865494047378854,McDonald2,5
2452192.9692514,2001.77388836,-0.073152422905,0.09555025387360164,4.776754402889194,0.06432098837666364,McDonald2,5
2452192.98800145,2001.77393973,0.0666439533234,0.09555025387360164,4.780958230375374,0.06851553013348051,McDonald2,5
2452193.01553705,2001.77401517,-0.0171961784363,0.09555025387360164,4.787135476299464,0.07467691342866356,McDonald2,5
2452193.07192955,2001.77416967,-0.0842714309692,0.09555025387360164,4.799800023900932,0.08729977257870848,McDonald2,5
2452193.07795935,2001.77418619,-0.124742507935,0.09555025387360164,4.801155274033928,0.08864976789894856,McDonald2,5
2452193.09173445,2001.77422393,-0.00705254077911,0.09555025387360164,4.804252136002579,0.09173400705423904,McDonald2,5
2452194.12531955,2001.77705567,-0.0790383815765,0.09555025387360164,5.039766937142124,0.3215613533879779,McDonald2,5
2452195.02781855,2001.77952827,-0.0512862205505,0.09555025387360164,5.2503945616091485,0.5124243399484849,McDonald2,5
2452208.63621575,2001.81681155,0.0255408287048,0.09555025387360164,1.9540243415543155,-0.3739162748483843,McDonald2,5
2452208.64954555,2001.81684807,0.236097097397,0.09555025387360164,1.95654788951152,-0.3762555777631195,McDonald2,5
2452208.6564258,2001.81686692,0.256096839905,0.09555025387360164,1.9578504170509703,-0.3774620707430992,McDonald2,5
2452216.98791215,2001.83969291,0.0122894048691,0.09555025387360164,3.608572223355779,-0.892932130659231,McDonald2,5
2452219.9660676,2001.84785224,0.0459159612656,0.09555025387360164,4.252210237447719,-0.4441082629278973,McDonald2,5
2452219.97441515,2001.84787511,0.0760316848755,0.09555025387360164,4.254055475345379,-0.44245422421765584,McDonald2,5
2452220.1383549,2001.84832426,-0.0124629735947,0.09555025387360164,4.290342467608316,-0.4096282460436697,McDonald2,5
2452220.1475894,2001.84834956,0.205332756042,0.09555025387360164,4.292389178842486,-0.4077602718499436,McDonald2,5
2452235.5423185,2001.8905269,0.024299621582,0.09555025387360164,1.3938524396336973,0.1760220047134663,McDonald2,5
2452238.63028055,2001.89898707,-0.180526018143,0.09555025387360164,1.980405197319758,-0.3982505845174233,McDonald2,5
2452238.6389201,2001.89901074,0.0511348247528,0.09555025387360164,1.9820585139210483,-0.39976658825727324,McDonald2,5
2452246.8517267,2001.92151158,0.038143157959,0.09555025387360164,3.6893345193567275,-0.8537026453983492,McDonald2,5
2452246.86595805,2001.92155057,0.157873034477,0.09555025387360164,3.692534021614869,-0.8520321033453451,McDonald2,5
2452247.8478263,2001.92424062,0.261076450348,0.09555025387360164,3.9145178385088446,-0.7158712767399595,McDonald2,5
2452247.8575937,2001.92426738,0.0823285579681,0.09555025387360164,3.9167370760655755,-0.7143199718776925,McDonald2,5
2452248.02638065,2001.92472981,0.083008646965,0.09555025387360164,3.9551165804101065,-0.6869418221227743,McDonald2,5
2452248.045065,2001.924781,0.110839366913,0.09555025387360164,3.959368466125026,-0.6838457238593699,McDonald2,5
2452248.05431045,2001.92480633,0.0699112415314,0.09555025387360164,3.9614726387490107,-0.6823089507245387,McDonald2,5
2452264.55526695,2001.97001443,-0.0432479381561,0.09555025387360164,1.2262626660118192,0.33775778009986623,McDonald2,5
2452281.98016985,2002.01775389,-0.0636546611786,0.09555025387360164,5.007716508735553,0.2910532143512837,McDonald2,5
2452283.0560986,2002.02070164,-0.0599685907364,0.09555025387360164,5.243633164762586,0.5066064407247272,McDonald2,5
2452297.5358092,2002.06037208,0.00683808326721,0.09555025387360164,1.8266746828515785,-0.25309526413684286,McDonald2,5
2452301.5857032,2002.07146768,0.216777086258,0.09555025387360164,2.6988668805491782,-0.903587289269478,McDonald2,5
2452301.5959305,2002.0714957,0.136999487877,0.09555025387360164,2.7012298679235904,-0.9045970789520185,McDonald2,5
2452306.9185649,2002.08607826,0.172494530678,0.09555025387360164,3.986879584393428,-0.6635166392152634,McDonald2,5
2452328.59445855,2002.14546427,0.0279453992844,0.09555025387360164,2.118350867883734,-0.5206008544147497,McDonald2,5
2452328.6062079,2002.14549646,0.00613343715668,0.09555025387360164,2.120954062014208,-0.5228216955702236,McDonald2,5
2452328.74998505,2002.14589037,0.0772130489349,0.09555025387360164,2.15290651007556,-0.5497878048404972,McDonald2,5
2452334.91952895,2002.16279323,-0.0610259771347,0.09555025387360164,3.64826400636283,-0.8743646395309701,McDonald2,5
2452337.8632941,2002.17085834,0.111209869385,0.09555025387360164,4.343314748470367,-0.3607521582256669,McDonald2,5
2452337.96301575,2002.17113155,0.022460103035,0.09555025387360164,4.365647035095139,-0.33983546526315905,McDonald2,5
2452337.9736956498,2002.17116081,0.195897936821,0.09555025387360164,4.368033869903849,-0.3375897172686972,McDonald2,5
2452338.91767325,2002.17374705,-0.0103220939636,0.09555025387360164,4.575351560485274,-0.13660891235367878,McDonald2,5
2452338.96859075,2002.17388655,0.123221516609,0.09555025387360164,4.586334936575336,-0.12572048374304476,McDonald2,5
2452338.97875965,2002.17391441,0.084579706192,0.09555025387360164,4.588526107513018,-0.1235463981384786,McDonald2,5
2452339.9308658,2002.17652292,0.0467114448547,0.09555025387360164,4.790371999794335,0.07790400308348545,McDonald2,5
2452339.94668855,2002.17656627,-0.258756756783,0.09555025387360164,4.793673857578027,0.08119539542952484,McDonald2,5
2452340.0016393,2002.17671682,0.0502111911774,0.09555025387360164,4.80512830505006,0.09260644645342925,McDonald2,5
2452354.48963175,2002.21640995,-0.0510687828064,0.09555025387360164,1.3390836038265288,0.22964480914130878,McDonald2,5
2452356.50456315,2002.22193031,0.0395332574844,0.09555025387360164,1.7644067903597636,-0.19240314685636387,McDonald2,5
2452356.51626505,2002.22196237,0.0446475744247,0.09555025387360164,1.7669621715498551,-0.19491015230009417,McDonald2,5
2452356.5907579,2002.22216646,-0.0296015739441,0.09555025387360164,1.7832547095829259,-0.21086364186255846,McDonald2,5
2452356.60639815,2002.22220931,-0.0623999834061,0.09555025387360164,1.7866810044047587,-0.21421165384070423,McDonald2,5
2452386.59877665,2002.30438021,0.0174305438995,0.09555025387360164,1.9251147777054212,-0.34695123244510245,McDonald2,5
2452386.6134679,2002.30442046,-0.0887178182602,0.09555025387360164,1.9285196890724325,-0.35014262417031383,McDonald2,5
2452394.7449598,2002.32669852,0.13131570816,0.09555025387360164,3.8696363437497574,-0.7464775791957196,McDonald2,5
2452394.75618355,2002.32672927,-0.0297708511353,0.09555025387360164,3.872127704644565,-0.7448174863961671,McDonald2,5
2452394.8442325,2002.3269705,0.1270185709,0.09555025387360164,3.8916375926383737,-0.7316582359376508,McDonald2,5
2452394.85228075,2002.32699255,0.0973792076111,0.09555025387360164,3.893417869488067,-0.7304435128843422,McDonald2,5
2452395.88333275,2002.32981735,0.0906673669815,0.09555025387360164,4.117310783962854,-0.5605735110343699,McDonald2,5
2452395.9049444,2002.32987656,0.0176010131836,0.09555025387360164,4.121916885752835,-0.5567532435331861,McDonald2,5
2452416.48879455,2002.38627067,0.10969543457,0.09555025387360164,2.0753344793160515,-0.48340319161495526,McDonald2,5
2452441.492729,2002.4547746,-0.0685896873474,0.09555025387360164,1.1032840362769583,0.4506669233947285,McDonald2,5
2452442.50278255,2002.45754187,0.0096310377121,0.09555025387360164,1.3353064520723341,0.2333193677480022,McDonald2,5
2452443.5034483,2002.46028342,0.084975361824,0.09555025387360164,1.5667095589128532,0.004086756506076952,McDonald2,5
2452443.52270935,2002.46033619,0.0842269659042,0.09555025387360164,1.5711739632042079,-0.00037763640033551906,McDonald2,5
2452444.5071837,2002.46303338,0.0271897315979,0.09555025387360164,1.7996360678736678,-0.22684766521581,McDonald2,5
2452455.854895,2002.494123,-0.0886282920837,0.09555025387360164,4.258712772636796,-0.438272818101166,McDonald2,5
2452457.8516275,2002.4995935,-0.0134897232056,0.09555025387360164,4.641678681801974,-0.07065138869569437,McDonald2,5
2452458.82346555,2002.50225607,0.16307246685,0.09555025387360164,4.827096846434932,0.11445647915941107,McDonald2,5
2452473.501331,2002.5424694,0.017650604248,0.09555025387360164,1.7543929463045909,-0.18256691928430072,McDonald2,5
2452473.56368395,2002.54264023,0.00158953666687,0.09555025387360164,1.7686011693975194,-0.1965174534592725,McDonald2,5
2452501.43667535,2002.61900459,-0.10807955265,0.09555025387360164,1.4601328976326986,0.1104376960913173,McDonald2,5
2452501.44580035,2002.61902959,0.02756690979,0.09555025387360164,1.4622085427270237,0.10837451119800841,McDonald2,5
2452512.63403585,2002.64968229,0.216419100761,0.09555025387360164,3.759577017618426,-0.8150479579323121,McDonald2,5
2452512.84480145,2002.65025973,-0.156465768814,0.09555025387360164,3.7996824592702674,-0.7911619618348609,McDonald2,5
2452514.6843248,2002.65529952,-0.00335478782654,0.09555025387360164,4.148655747251783,-0.5343454898516199,McDonald2,5
2452514.80288045,2002.65562433,0.0468362569809,0.09555025387360164,4.171166928773439,-0.5151837717603638,McDonald2,5
2452514.8147393,2002.65565682,-0.0431579351425,0.09555025387360164,4.173419385415316,-0.5132519315314727,McDonald2,5
2452516.82431615,2002.66116251,-0.0135586261749,0.09555025387360164,4.558940362002219,-0.1528471311994293,McDonald2,5
2452516.83439015,2002.66119011,-0.00176858901978,0.09555025387360164,4.5609019732764065,-0.15090827633506743,McDonald2,5
2452516.8546951,2002.66124574,0.065124630928,0.09555025387360164,4.564856949476482,-0.14699742338761349,McDonald2,5
2452543.71191705,2002.73482717,-0.177083849907,0.09555025387360164,4.0208950442570774,-0.6376886637523831,McDonald2,5
2452543.72328315,2002.73485831,-0.0200662612915,0.09555025387360164,4.023070516337005,-0.6360114025423883,McDonald2,5
2452544.6025134,2002.73726716,0.0862137079239,0.09555025387360164,4.192296754796058,-0.496960170865173,McDonald2,5
2452544.6110033,2002.73729042,-0.00532627105713,0.09555025387360164,4.193941288067082,-0.4955324173494507,McDonald2,5
2452545.8155617,2002.74059058,0.0942138433456,0.09555025387360164,4.429979209176743,-0.27867076764930865,McDonald2,5
2452545.82791695,2002.74062443,-0.136029005051,0.09555025387360164,4.43243243259977,-0.27631388831562487,McDonald2,5
2452546.6839332,2002.74296968,0.0305789709091,0.09555025387360164,4.604357352987886,-0.10782161348113345,McDonald2,5
2452546.7452021,2002.74313754,-0.0315541028976,0.09555025387360164,4.616823184594841,-0.09542039797739053,McDonald2,5
2452559.34721765,2002.77766361,0.0550317764282,0.09555025387360164,1.275864515053199,0.29067460677615076,McDonald2,5
2452559.3661429,2002.77771546,-0.00498104095459,0.09555025387360164,1.2799876846030989,0.28672700795576933,McDonald2,5
2452590.36959695,2002.86265643,0.0356533527374,0.09555025387360164,1.5706570316326802,0.0001392951617659358,McDonald2,5
2452591.32337115,2002.86526951,0.134415030479,0.09555025387360164,1.759152388114769,-0.1872442857587124,McDonald2,5
2452591.3443769002,2002.86532706,0.0185196399689,0.09555025387360164,1.7632591455385702,-0.1912768182089508,McDonald2,5
2452619.422053,2002.9422522,0.0314412117004,0.09555025387360164,1.4275363572012516,0.14277044147564652,McDonald2,5
2452653.28942845,2003.03503953,-0.0340038537979,0.09555025387360164,2.185363215929386,-0.5766047147275557,McDonald2,5
2452653.3970852,2003.03533448,-0.111446619034,0.09555025387360164,2.206214776715343,-0.5935143446005341,McDonald2,5
2452654.31087,2003.037838,0.0847630500793,0.09555025387360164,2.385136259275635,-0.7272727206523549,McDonald2,5
2452654.32159735,2003.03786739,0.134302854538,0.09555025387360164,2.3872590925377777,-0.7287280844807135,McDonald2,5
2452654.3640213,2003.03798362,0.142502069473,0.09555025387360164,2.395659811403019,-0.7344551419321107,McDonald2,5
2452655.46338305,2003.04099557,0.0161420106888,0.09555025387360164,2.6165833750128282,-0.8653192910422529,McDonald2,5
2452662.7769501,2003.06103274,0.118937253952,0.09555025387360164,4.235016626376894,-0.4594468753879492,McDonald2,5
2452662.78710075,2003.06106055,0.216586947441,0.09555025387360164,4.237353851219353,-0.45736968700780833,McDonald2,5
2452664.6638687,2003.06620238,0.0205664634705,0.09555025387360164,4.6682408090340175,-0.04413383150145832,McDonald2,5
2452664.6724754,2003.06622596,-0.0343750715256,0.09555025387360164,4.670208332908458,-0.04216814057154222,McDonald2,5
2452664.69075095,2003.06627603,-0.0833395719528,0.09555025387360164,4.6743858715102,-0.03799396195690598,McDonald2,5
2452664.7048509,2003.06631466,-0.0377817153931,0.09555025387360164,4.67760862657866,-0.034773342087586055,McDonald2,5
2452664.7628129,2003.06647346,0.0449500083923,0.09555025387360164,4.690853957526587,-0.021533358393014557,McDonald2,5
2452664.77817575,2003.06651555,0.131788611412,0.09555025387360164,4.694363890202099,-0.018024114128169552,McDonald2,5
2452664.79622865,2003.06656501,-0.0562870502472,0.09555025387360164,4.698488012828554,-0.01390051986381704,McDonald2,5
2452665.7341217,2003.06913458,-0.00691962242126,0.09555025387360164,4.912113363536266,0.198399200391128,McDonald2,5
2452707.2972046,2003.18300604,0.00789964199066,0.09555025387360164,1.0925307844543033,0.4602400265801933,McDonald2,5
2452709.251765,2003.188361,-0.193499207497,0.09555025387360164,1.4639347411932935,0.10665831919067806,McDonald2,5
2452710.22490245,2003.19102713,-0.0532250404358,0.09555025387360164,1.6535295810234931,-0.08263890454735727,McDonald2,5
2452710.31510855,2003.19127427,0.0543092489243,0.09555025387360164,1.6713391498204153,-0.10037351308340448,McDonald2,5
2452711.3144238,2003.19401212,0.0985330343246,0.09555025387360164,1.8718760804799741,-0.29655156228676194,McDonald2,5
2452711.33064075,2003.19405655,-0.0716812610626,0.09555025387360164,1.8751837661853683,-0.299708829835563,McDonald2,5
2452711.347376,2003.1941024,-0.0716978311539,0.09555025387360164,1.878599082250477,-0.30296539199278044,McDonald2,5
2452711.4632343,2003.19441982,-0.155748128891,0.09555025387360164,1.9022971873684629,-0.3254625405493764,McDonald2,5
2452711.4757392,2003.19445408,0.0138230323792,0.09555025387360164,1.9048606620696518,-0.3278853746764452,McDonald2,5
2452719.5226314,2003.21650036,-0.0155974626541,0.09555025387360164,3.772897530018237,-0.8072580595076048,McDonald2,5
2452721.611541,2003.2222234,0.0582592487335,0.09555025387360164,4.268813939032449,-0.4291712608391329,McDonald2,5
2452721.61903445,2003.22224393,0.0672650337219,0.09555025387360164,4.270549161099715,-0.4276033227965243,McDonald2,5
2452721.62885295,2003.22227083,0.0409786701202,0.09555025387360164,4.272822267662341,-0.4255474077106766,McDonald2,5
2452721.71534335,2003.22250779,0.0451947450638,0.09555025387360164,4.292820545936301,-0.407366357367154,McDonald2,5
2452721.72622765,2003.22253761,-0.0587564706802,0.09555025387360164,4.295333979769476,-0.40506964232283527,McDonald2,5
2452722.72058985,2003.22526189,0.052996635437,0.09555025387360164,4.5218833829633915,-0.18935536962544533,McDonald2,5
2452722.72952505,2003.22528637,-0.0544445514679,0.09555025387360164,4.523891594729868,-0.18738310867358268,McDonald2,5
2452738.28519725,2003.26790465,0.0141574144363,0.09555025387360164,1.3295868739696242,0.23887723974586175,McDonald2,5
2452738.3282271,2003.26802254,0.119885921478,0.09555025387360164,1.3380854042679622,0.23061621675169083,McDonald2,5
2452741.4741402,2003.27664148,-0.0431392192841,0.09555025387360164,1.9913994658396468,-0.40831109845053704,McDonald2,5
2452743.51420915,2003.28223071,0.146941781044,0.09555025387360164,2.4568536358248245,-0.7745841371331447,McDonald2,5
2452766.2550779,2003.34453446,-0.0166646242142,0.09555025387360164,1.0062300709954664,0.5350494302504019,McDonald2,5
2452858.2234015497,2003.59650247,0.00275158882141,0.09555025387360164,1.8957251394140866,-0.31924132427485025,McDonald2,5
2452858.2298511,2003.59652014,0.0106085538864,0.09555025387360164,1.8972113867116334,-0.32064944827645186,McDonald2,5
2452870.5395856,2003.63024544,-0.0532318353653,0.09555025387360164,4.524173821875776,-0.1871058731838835,McDonald2,5
2452871.56561155,2003.63305647,0.060516834259,0.09555025387360164,4.718331333684738,0.005942318327812662,McDonald2,5
2452896.37123785,2003.70101709,-0.0643582344055,0.09555025387360164,3.7763932794857604,-0.805189944707323,McDonald2,5
2452985.29384455,2003.94464067,0.0356192588806,0.09555025387360164,3.7037185060425006,-0.8461239739047242,McDonald2,5
2452985.30250965,2003.94466441,0.0534613132477,0.09555025387360164,3.7054059814304736,-0.8452233686458699,McDonald2,5
2452985.3468973,2003.94478602,-0.0626460313797,0.09555025387360164,3.714053358832441,-0.8405705522074058,McDonald2,5
2452985.3603877,2003.94482298,0.128529548645,0.09555025387360164,3.7166825408176276,-0.8391434152287688,McDonald2,5
2452985.44434865,2003.94505301,0.113712668419,0.09555025387360164,3.733057042799492,-0.830125059363409,McDonald2,5
2452985.45946695,2003.94509443,0.0568118095398,0.09555025387360164,3.736007543517557,-0.8284763163788235,McDonald2,5
2452985.5588272503,2003.94536665,0.223372220993,0.09555025387360164,3.7554145767912237,-0.8174525814068907,McDonald2,5
2452985.56985755,2003.94539687,0.0557842254639,0.09555025387360164,3.757570717523317,-0.8162087540025981,McDonald2,5
2452992.53326185,2003.96447469,0.0166989564896,0.09555025387360164,5.225745508805037,0.4911038831570302,McDonald2,5
2452992.5435293,2003.96450282,0.041564822197,0.09555025387360164,5.228121154718937,0.4931719229548735,McDonald2,5
2452992.5803651,2003.96460374,0.026468038559,0.09555025387360164,5.2366498197906015,0.5005732544523146,McDonald2,5
2452993.57331475,2003.96732415,-0.000125765800476,0.09555025387360164,5.469817890549713,0.6870555516071876,McDonald2,5
2453035.2021261,2004.08115335,0.0218254327774,0.09555025387360164,1.844953663018087,-0.27073583978983917,McDonald2,5
2453035.2126486,2004.0811821,0.110945343971,0.09555025387360164,1.846932581118332,-0.27264032121902904,McDonald2,5
2453035.27636554,2004.08135619,0.0629938840866,0.09555025387360164,1.8589138352655112,-0.2841478335165929,McDonald2,5
2453036.2019466,2004.0838851,0.0477812290192,0.09555025387360164,2.032865465945906,-0.4458012126011853,McDonald2,5
2453036.21317182,2004.08391577,0.103252053261,0.09555025387360164,2.034976668507099,-0.44769002263949365,McDonald2,5
2453061.17787444,2004.15212534,0.0499609708786,0.09555025387360164,1.1018303782877137,0.4519641158968717,McDonald2,5
2453073.42267894,2004.18558109,0.119670629501,0.09555025387360164,3.577768676311467,-0.9063738270925032,McDonald2,5
2453073.43223886,2004.18560721,0.128103256226,0.09555025387360164,3.5799328901276812,-0.9054573754452341,McDonald2,5
2453073.4476621,2004.18564935,0.197499036789,0.09555025387360164,3.583424945292996,-0.9039696995510175,McDonald2,5
2453074.45197342,2004.18839337,0.0150084495544,0.09555025387360164,3.8119086626067524,-0.7836253895759253,McDonald2,5
2453074.46201646,2004.18842081,0.190939426422,0.09555025387360164,3.8142026106684948,-0.7821982513017994,McDonald2,5
2453074.5054533402,2004.18853949,0.144907474518,0.09555025387360164,3.8241257941555005,-0.7759774045744074,McDonald2,5
2453095.26416814,2004.24525729,0.214695811272,0.09555025387360164,1.914966581303595,-0.337415707803208,McDonald2,5
2453125.3412099998,2004.327435,0.244420647621,0.09555025387360164,1.9995664015922703,-0.4157525275236933,McDonald2,5
2453154.56263902,2004.40727497,0.0483922958374,0.09555025387360164,1.9358896276844937,-0.35703644750106356,McDonald2,5
2453193.74169462,2004.51432157,0.206859707832,0.09555025387360164,4.275476698477494,-0.42314382097257913,McDonald2,5
2453255.1068394,2004.6819859,0.108899235725,0.09555025387360164,4.707387533711152,-0.00500142582214158,McDonald2,5
2453256.98000178,2004.68710383,0.0169323682785,0.09555025387360164,5.063410883438321,0.34385757609048234,McDonald2,5
2453314.02165078,2004.84295533,0.0673732757568,0.09555025387360164,4.573282616471346,-0.1386581662956668,McDonald2,5
2453314.05345984,2004.84304224,0.0777306556702,0.09555025387360164,4.579362677584727,-0.13263431094730405,McDonald2,5
2453314.06179,2004.843065,0.0366418361664,0.09555025387360164,4.580955284208599,-0.1310556073975815,McDonald2,5
2453314.17701778,2004.84337983,0.186653375626,0.09555025387360164,4.603000984759422,-0.10916997483621159,McDonald2,5
2453315.0489615398,2004.84576219,0.123181939125,0.09555025387360164,4.770974261054186,0.05855177334404597,McDonald2,5
2453359.84320744,2004.96815084,0.0743782520294,0.09555025387360164,1.9166007271751013,-0.3389535692012714,McDonald2,5
2453361.96014046,2004.97393481,0.209818482399,0.09555025387360164,2.3403248424436063,-0.6957966776189937,McDonald2,5
2453361.96929412,2004.97395982,0.00897574424744,0.09555025387360164,2.3421208392461272,-0.6970855093435978,McDonald2,5
2453362.04280156,2004.97416066,0.232338786125,0.09555025387360164,2.356534367073572,-0.7073470695882275,McDonald2,5
2453371.06037178,2004.99879883,-0.111585259438,0.09555025387360164,4.079559832200367,-0.5914284266715492,McDonald2,5
2453371.07231436,2004.99883146,0.104180693626,0.09555025387360164,4.081865987832684,-0.5895672697198766,McDonald2,5
2453371.1067147,2004.99892545,0.0727670192719,0.09555025387360164,4.088510791885375,-0.5841871572161594,McDonald2,5
2453371.11633318,2004.99895173,0.0651396512985,0.09555025387360164,4.090369235413719,-0.5826778012112763,McDonald2,5
2453371.13550426,2004.99900411,-0.0363183021545,0.09555025387360164,4.094074088056377,-0.5796628634052311,McDonald2,5
2453371.21963668,2004.99923398,0.0585191249847,0.09555025387360164,4.110343972380754,-0.5663291094737333,McDonald2,5
2453371.2282816,2004.9992576,0.0219359397888,0.09555025387360164,4.112016805043163,-0.5649496038467169,McDonald2,5
2453371.23997164,2004.99928954,0.128932714462,0.09555025387360164,4.114279195876799,-0.5630814034491682,McDonald2,5
2453387.9138132706,2005.04496935,0.0180929899216,0.09555025387360164,1.5960288068970172,-0.025229802692974194,McDonald2,5
2453402.151744672,2005.08397738,0.0764286518097,0.09555025387360164,4.361903688965819,-0.3433536365766771,McDonald2,5
2453402.1635998725,2005.08400986,0.130089044571,0.09555025387360164,4.364352310006138,-0.34105284949002757,McDonald2,5
2453449.8565161848,2005.21467538,-0.0241900682449,0.09555025387360164,2.0562547255498087,-0.46661384434759867,McDonald2,5
2453449.865148435,2005.21469903,-0.0260751247406,0.09555025387360164,2.057894920662452,-0.46806390489603733,McDonald2,5
2453449.8769671354,2005.21473141,-0.17168700695,0.09555025387360164,2.060140666388703,-0.4700472763333215,McDonald2,5
2453450.784864514,2005.2172188,0.0353155136108,0.09555025387360164,2.2331449209482805,-0.614970530460718,McDonald2,5
2453450.7958145146,2005.2172488,0.0303393602371,0.09555025387360164,2.235239049494461,-0.6166205060727815,McDonald2,5
2453480.7885808656,2005.29942076,0.0938012599945,0.09555025387360164,2.279962061898487,-0.6512008695655521,McDonald2,5
2453480.808352916,2005.29947493,0.0417913198471,0.09555025387360164,2.283878947155857,-0.654168412040535,McDonald2,5
2453480.827781867,2005.29952816,0.0283957719803,0.09555025387360164,2.2877294749624566,-0.6570758978625236,McDonald2,5
2453480.9446037705,2005.29984822,0.116443276405,0.09555025387360164,2.3109158782173758,-0.6743761917759427,McDonald2,5
2453481.0039929226,2005.30001093,0.0698313713074,0.09555025387360164,2.322725916829228,-0.6830493497183742,McDonald2,5
2453481.0135632227,2005.30003715,0.0671430826187,0.09555025387360164,2.324630501065242,-0.6844391654416975,McDonald2,5
2453481.8938410506,2005.30244887,0.028297662735,0.09555025387360164,2.501632647333114,-0.8021196413240046,McDonald2,5
2453481.906444501,2005.3024834,0.0543651580811,0.09555025387360164,2.5041942407520867,-0.8036466977322447,McDonald2,5
2453507.8803125247,2005.37364468,0.0234315395355,0.09555025387360164,1.7652174547521002,-0.1931986014606972,McDonald2,5
2453507.889663825,2005.3736703,-0.0168167352676,0.09555025387360164,1.767037246573841,-0.19498378691844034,McDonald2,5
2453539.7640271354,2005.46099732,-0.0172301530838,0.09555025387360164,2.231164898050347,-0.6134079787510421,McDonald2,5
2453539.841936388,2005.46121077,0.214194178581,0.09555025387360164,2.248129112370381,-0.6267168366801654,McDonald2,5
2453539.8572481386,2005.46125272,0.0102260112762,0.09555025387360164,2.2514689762288844,-0.6293159155771996,McDonald2,5
2453565.7125240085,2005.53208909,0.0764902830124,0.09555025387360164,1.4841048451916135,0.08658293535208801,McDonald2,5
2453566.6835627393,2005.53474947,-0.191152572632,0.09555025387360164,1.6829129948834898,-0.11188192850131026,McDonald2,5
2453566.736615491,2005.53489482,-0.00252985954285,0.09555025387360164,1.6939545675384335,-0.12284713372737645,McDonald2,5
2453568.731037604,2005.54035899,-0.004847407341,0.09555025387360164,2.1249802521860355,-0.5262495426446707,McDonald2,5
2453569.761063987,2005.54318098,0.0724270343781,0.09555025387360164,2.36084015680937,-0.7103841212856508,McDonald2,5
2453569.821570039,2005.54334675,-0.124044656754,0.09555025387360164,2.374979844382877,-0.7202644896604786,McDonald2,5
2453626.6658615414,2005.69908453,0.0637671947479,0.09555025387360164,1.9537369115463417,-0.3736496788633192,McDonald2,5
2453626.6800709916,2005.69912346,-0.0284194946289,0.09555025387360164,1.9570486146602333,-0.3767194603944432,McDonald2,5
2453635.8300774316,2005.72419197,0.0263148546219,0.09555025387360164,4.111289266175747,-0.5655497650837752,McDonald2,5
2453635.841016482,2005.72422194,0.104639291763,0.09555025387360164,4.113621066194424,-0.5636251607793251,McDonald2,5
2453640.9992148955,2005.73835399,0.124671578407,0.09555025387360164,5.1399331864947175,0.41463731508134694,McDonald2,5
2453642.0655368795,2005.74127542,0.0388123989105,0.09555025387360164,5.342289849633888,0.589064654674098,McDonald2,5
2453669.1420662883,2005.81545769,0.0191019773483,0.09555025387360164,4.824258540545726,0.11163636862568545,McDonald2,5
2453670.1297453693,2005.81816366,-0.00440382957458,0.09555025387360164,5.011370999330206,0.2945475392610907,McDonald2,5
2453696.8902942683,2005.89148023,-0.0457334518433,0.09555025387360164,4.422195322347552,-0.28613779136961176,McDonald2,5
2453696.8996309685,2005.89150581,0.0084171295166,0.09555025387360164,4.423967503566663,-0.2844392593029532,McDonald2,5
2453696.919052619,2005.89155902,-0.0490894317627,0.09555025387360164,4.427653414525384,-0.2809036741637482,McDonald2,5
2453696.9436791698,2005.89162649,-0.0913164615631,0.09555025387360164,4.4323262202003075,-0.27641596403632374,McDonald2,5
2453696.990643721,2005.89175516,0.00412440299988,0.09555025387360164,4.441234836610741,-0.2678435889719397,McDonald2,5
2453697.0021047215,2005.89178656,-0.0877724885941,0.09555025387360164,4.443408317105838,-0.26574889122023476,McDonald2,5
2453697.016321472,2005.89182551,0.0317267179489,0.09555025387360164,4.446104116508357,-0.2631490641103171,McDonald2,5
2453697.0617128736,2005.89194987,-0.0337359905243,0.09555025387360164,4.454709224370523,-0.2548376013689004,McDonald2,5
2453697.89584375,2005.89423516,-0.0269848108292,0.09555025387360164,4.612434778390824,-0.09978784733528086,McDonald2,5
2453697.9133564504,2005.89428314,-0.0402556657791,0.09555025387360164,4.615741261736048,-0.09649732803340481,McDonald2,5
2453697.986674003,2005.89448401,-0.0385717153549,0.09555025387360164,4.629583273898163,-0.08271110876943472,McDonald2,5
2453698.0005732034,2005.89452209,-0.0227648019791,0.09555025387360164,4.6322072828137975,-0.08009580909772057,McDonald2,5
2453698.014775354,2005.894561,-0.0345147848129,0.09555025387360164,4.634888463999749,-0.0774229574009026,McDonald2,5
2453698.053275555,2005.89466648,-0.060068488121,0.09555025387360164,4.642156727354452,-0.07017452969166534,McDonald2,5
2453713.635706399,2005.93735807,-0.0554525852203,0.09555025387360164,1.7367318644883314,-0.165175090529446,McDonald2,5
2453713.6572815496,2005.93741718,-0.0125740766525,0.09555025387360164,1.7415784683684885,-0.1699531640606364,McDonald2,5
2453713.7209120016,2005.93759151,0.148302078247,0.09555025387360164,1.7558637812577595,-0.1840128365463177,McDonald2,5
2453713.731026152,2005.93761922,0.0788609981537,0.09555025387360164,1.758133280839922,-0.18624310598573682,McDonald2,5
2453714.642292481,2005.94011584,-0.0041069984436,0.09555025387360164,1.9613070038622133,-0.38066069537398395,McDonald2,5
2453723.8006975716,2005.96520736,0.00766575336456,0.09555025387360164,3.8572511266610894,-0.7546613711295623,McDonald2,5
2453723.811778972,2005.96523772,0.112498998642,0.09555025387360164,3.8593736903414704,-0.7532670274248232,McDonald2,5
2453723.9041130245,2005.96549069,-0.20458483696,0.09555025387360164,3.877047023843598,-0.7415259819803655,McDonald2,5
2453723.913300075,2005.96551586,-0.024361371994,0.09555025387360164,3.87880426844402,-0.7403458598613972,McDonald2,5
2453744.614023,2006.0222302,-0.157485365868,0.09555025387360164,2.072226455122715,-0.4806801035816003,McDonald2,5
2453744.62633445,2006.02226393,0.198812961578,0.09555025387360164,2.074819137107145,-0.48295199799490623,McDonald2,5
2453744.65004485,2006.02232889,-0.243194103241,0.09555025387360164,2.0798106481943472,-0.48731676428998505,McDonald2,5
2453744.6632688,2006.02236512,0.00660252571106,0.09555025387360164,2.082593589576625,-0.48974500881650296,McDonald2,5
2453744.75890975,2006.02262715,-0.0398973226547,0.09555025387360164,2.102700540522923,-0.5071753927410164,McDonald2,5
2453744.77317395,2006.02266623,-0.199373483658,0.09555025387360164,2.1056963015090693,-0.5097549882628133,McDonald2,5
2453746.8806,2006.02844,0.0811157226562,0.09555025387360164,2.5403777296092276,-0.8246490082828343,McDonald2,5
2453753.78779795,2006.04736383,-0.0919795036316,0.09555025387360164,3.8803760861128556,-0.7392883287905014,McDonald2,5
2453753.79639735,2006.04738739,-0.246637821198,0.09555025387360164,3.8819923983270925,-0.7381989566905621,McDonald2,5
2453753.8718465,2006.0475941,0.0688952207565,0.09555025387360164,3.8961728171839503,-0.7285591881223298,McDonald2,5
2453754.8620112,2006.05030688,-0.20131456852,0.09555025387360164,4.0823583888455435,-0.5891694764717442,McDonald2,5
2453754.93166415,2006.05049771,-0.0986939668655,0.09555025387360164,4.095478082116177,-0.5785182389099911,McDonald2,5
2453755.91097375,2006.05318075,0.0502923727036,0.09555025387360164,4.2807015791428285,-0.418403998153395,McDonald2,5
2453755.9198688,2006.05320512,-0.102882027626,0.09555025387360164,4.282392637368877,-0.41686747835304966,McDonald2,5
2453755.93491775,2006.05324635,-0.0328377485275,0.09555025387360164,4.285254069704592,-0.4142648269404368,McDonald2,5
2453755.98026535,2006.05337059,-0.217847466469,0.09555025387360164,4.293879944703841,-0.4063986173132584,McDonald2,5
2453755.9926571,2006.05340454,-0.230568528175,0.09555025387360164,4.2962379664525745,-0.4042429747077976,McDonald2,5
2453757.9196016,2006.05868384,0.055405497551,0.09555025387360164,4.66952368516671,-0.042852169402114754,McDonald2,5
2453758.00489115,2006.05891751,0.0771471261978,0.09555025387360164,4.68643984680487,-0.02594622150376772,McDonald2,5
2453758.01197945,2006.05893693,0.0297260284424,0.09555025387360164,4.687847574712532,-0.024538942277617153,McDonald2,5
2453758.0343576,2006.05899824,0.0104761123657,0.09555025387360164,4.692293729539013,-0.02009389839861103,McDonald2,5
2453758.0486364,2006.05903736,0.0595362186432,0.09555025387360164,4.695132181287665,-0.017255942605613608,McDonald2,5
2453769.5587946,2006.09057204,0.00761771202087,0.09555025387360164,1.0803683542084608,0.4710034593351834,McDonald2,5
2453816.9364224,2006.22037376,-0.176805377007,0.09555025387360164,4.633095680197707,-0.07921023449266695,McDonald2,5
2453833.63297875,2006.26611775,-0.0170897245407,0.09555025387360164,2.079422341210227,-0.4869776480882862,McDonald2,5
2453833.65384945,2006.26617493,0.0560116767883,0.09555025387360164,2.0833811953657078,-0.4904315433305445,McDonald2,5
2453834.5361457,2006.26859218,-0.096284031868,0.09555025387360164,2.250275067698133,-0.6283876217587762,McDonald2,5
2453834.55024565,2006.26863081,0.00273156166077,0.09555025387360164,2.2529371884377674,-0.6304562573855799,McDonald2,5
2453835.59350325,2006.27148905,-0.0417045354843,0.09555025387360164,2.4498830745745863,-0.7701566778732368,McDonald2,5
2453835.6019895,2006.2715123,-0.0164572000504,0.09555025387360164,2.451486624054052,-0.771178518920045,McDonald2,5
2453835.61613325,2006.27155105,0.0374338626862,0.09555025387360164,2.4541593199562692,-0.7728772513832093,McDonald2,5
2453835.7062554,2006.27179796,-0.00753962993622,0.09555025387360164,2.471192905850787,-0.7835733655165219,McDonald2,5
2453858.55790895,2006.33440523,-0.112045168877,0.09555025387360164,1.1462890327700217,0.4118718574869633,McDonald2,5
2453859.5790877,2006.33720298,-0.0782285928726,0.09555025387360164,1.3496085171221892,0.21938864928899823,McDonald2,5
2453872.8786584,2006.37364016,0.091828584671,0.09555025387360164,4.028675242171652,-0.6316763827946953,McDonald2,5
2453873.8223951003,2006.37622574,0.00820791721344,0.09555025387360164,4.241004365173484,-0.4541203298707801,McDonald2,5
2453873.83196905,2006.37625197,-0.0102235078812,0.09555025387360164,4.243168859167736,-0.4521908325327668,McDonald2,5
2453873.85070815,2006.37630331,-0.0877673625946,0.09555025387360164,4.247405990625372,-0.4484075972608025,McDonald2,5
2453874.87308045,2006.37910433,-0.015300154686,0.09555025387360164,4.4796285617843425,-0.23066437836547157,McDonald2,5
2453890.4898354,2006.42188996,0.0189560651779,0.09555025387360164,1.5758637902588013,-0.005067441775876424,McDonald2,5
2453902.87792445,2006.45582993,0.00365364551544,0.09555025387360164,4.201564565059764,-0.488896584850835,McDonald2,5
2453904.81140975,2006.46112715,0.182533383369,0.09555025387360164,4.648421493674196,-0.06392387152149621,McDonald2,5
2453905.8355231,2006.46393294,-0.0352202653885,0.09555025387360164,4.883122259221462,0.16990501196915875,McDonald2,5
2453905.869782,2006.4640268,-0.0861570835114,0.09555025387360164,4.890944823435688,0.17760856252298016,McDonald2,5
2453906.8232496,2006.46663904,-0.0362964868546,0.09555025387360164,5.107853212491733,0.38523663196743796,McDonald2,5
2453906.85280365,2006.46672001,-0.0727084875107,0.09555025387360164,5.114550856635303,0.3914086506322516,McDonald2,5
2453906.86224985,2006.46674589,-0.10434794426,0.09555025387360164,5.116691248937052,0.3933773778668014,McDonald2,5
2453906.87741195,2006.46678743,-0.039720416069,0.09555025387360164,5.120126449299809,0.3965332951350684,McDonald2,5
2453907.858521,2006.4694754,-0.0919402837753,0.09555025387360164,5.341465268816057,0.5883981223493884,McDonald2,5
2453930.74282745,2006.53217213,0.0593656301498,0.09555025387360164,3.883047855590753,-0.7374865520625512,McDonald2,5
2453930.76652325,2006.53223705,-0.0282944440842,0.09555025387360164,3.8886932992651424,-0.733662103012013,McDonald2,5
2453930.835855,2006.532427,0.0856181383133,0.09555025387360164,3.9052057420184685,-0.7223421509076424,McDonald2,5
2453930.8493892,2006.53246408,-0.0952783823013,0.09555025387360164,3.9084281188213694,-0.7201100154239515,McDonald2,5
2453933.89755165,2006.54081521,0.142122030258,0.09555025387360164,4.62062658314691,-0.09163367305164695,McDonald2,5
2453934.8972757,2006.54355418,-0.0356403589249,0.09555025387360164,4.846755146496529,0.13396221717034248,McDonald2,5
2453936.81779985,2006.54881589,0.0163484811783,0.09555025387360164,5.27024884181026,0.5293717394923684,McDonald2,5
2454021.83831565,2006.78174881,-0.00572216510773,0.09555025387360164,4.572769668794136,-0.13916614078918593,McDonald2,5
2454048.54678185,2006.85492269,-0.0291842222214,0.09555025387360164,3.953899708032177,-0.687825629563884,McDonald2,5
2454049.5761439,2006.85774286,-0.187938332558,0.09555025387360164,4.1750633834751785,-0.5118402969791431,McDonald2,5
2454049.58617045,2006.85777033,-0.0406305789948,0.09555025387360164,4.177176344092022,-0.5100239522333194,McDonald2,5
2454049.59373325,2006.85779105,-0.0911711454391,0.09555025387360164,4.178769588051152,-0.5086528604430113,McDonald2,5
2454049.7787043,2006.85829782,-0.1358948946,0.09555025387360164,4.217600293043777,-0.4748456921385423,McDonald2,5
2454051.6696525,2006.8634785,0.0395755767822,0.09555025387360164,4.600827637382034,-0.11133007279682611,McDonald2,5
2454051.7102477998,2006.86358972,0.0304973125458,0.09555025387360164,4.60881380167868,-0.10339008874287761,McDonald2,5
2454069.3270531,2006.91185494,-0.122348070145,0.09555025387360164,1.926279240137351,-0.34804312668818504,McDonald2,5
2454072.3807161,2006.92022114,0.0126671791077,0.09555025387360164,2.641895531918587,-0.8777277292414244,McDonald2,5
2454072.390958,2006.9202492,0.100935578346,0.09555025387360164,2.644311547180391,-0.8788828235975239,McDonald2,5
2454080.61419995,2006.94277863,0.149926424026,0.09555025387360164,4.4282115582709665,-0.2803679598101391,McDonald2,5
2454080.62517915,2006.94280871,-0.0351514816284,0.09555025387360164,4.430328991488116,-0.2783348243309339,McDonald2,5
2454080.6356364,2006.94283736,0.0470772981644,0.09555025387360164,4.432345315653464,-0.27639761252805634,McDonald2,5
2454080.72318165,2006.94307721,-0.00558793544769,0.09555025387360164,4.449208584960599,-0.260152748802259,McDonald2,5
2454081.6781129,2006.94569346,0.0201241970062,0.09555025387360164,4.631470051960489,-0.08083064952031278,McDonald2,5
2454081.6961439,2006.94574286,-0.0279978513718,0.09555025387360164,4.634886862016668,-0.07742455457527257,McDonald2,5
2454081.7407323,2006.94586502,0.00149977207184,0.09555025387360164,4.64333305318303,-0.06900105554403228,McDonald2,5
2454082.68717365,2006.94845801,-0.0663356781006,0.09555025387360164,4.821815782431446,0.10920854923325644,McDonald2,5
2454082.7364158,2006.94859292,-0.0135492086411,0.09555025387360164,4.831074395348696,0.11840697284918544,McDonald2,5
2454082.7525488,2006.94863712,-0.00930964946747,0.09555025387360164,4.8341074556236645,0.12141814674249915,McDonald2,5
2454083.72097775,2006.95129035,-0.00612020492554,0.09555025387360164,5.016170692901594,0.29913089284241834,McDonald2,5
2454083.73646835,2006.95133279,0.0945984125137,0.09555025387360164,5.019086888132388,0.30191228570588297,McDonald2,5
2454096.40872815,2006.98605131,-0.0218136310577,0.09555025387360164,1.4094030093564367,0.16069357251397962,McDonald2,5
2454107.5231716,2007.01650184,-0.0669785737991,0.09555025387360164,3.8525378268516937,-0.7577454414884549,McDonald2,5
2454107.5406624,2007.01654976,-0.067245721817,0.09555025387360164,3.855991000466223,-0.7554875587876094,McDonald2,5
2454109.78567155,2007.02270047,0.111471772194,0.09555025387360164,4.289117786362539,-0.4107451571545382,McDonald2,5
2454110.8099455,2007.0255067,0.0470196008682,0.09555025387360164,4.482387364780793,-0.22797909659411264,McDonald2,5
2454128.2775606997,2007.07336318,-0.0359048843384,0.09555025387360164,1.9792877085335707,-0.3972252896849129,McDonald2,5
2454128.2858316,2007.07338584,-0.021515250206,0.09555025387360164,1.9811251455802443,-0.39891087298478667,McDonald2,5
2454128.53718155,2007.07407447,0.0117266178131,0.09555025387360164,2.036866608809725,-0.44937918557418965,McDonald2,5
2454130.32649915,2007.07897671,-0.0155638456345,0.09555025387360164,2.4279095596873086,-0.7559559727786981,McDonald2,5
2454130.3345401,2007.07899874,0.0408178567886,0.09555025387360164,2.429642679591305,-0.7570893760945826,McDonald2,5
2454130.47989405,2007.07939697,-0.0977749824524,0.09555025387360164,2.460932410122268,-0.7771573928142547,McDonald2,5
2454130.48706995,2007.07941663,-0.165566921234,0.09555025387360164,2.462475193762799,-0.7781273509662978,McDonald2,5
2454137.5145281,2007.09866994,0.0265814065933,0.09555025387360164,3.8786848486504217,-0.7404261316912032,McDonald2,5
2454137.5274929,2007.09870546,-0.00020444393158,0.09555025387360164,3.881145547528388,-0.7387699631206193,McDonald2,5
2454153.34124565,2007.14203081,0.0704373121262,0.09555025387360164,0.9993056748537992,0.5408864300492826,McDonald2,5
2454158.25997835,2007.15550679,-0.0503439903259,0.09555025387360164,2.0968037743448615,-0.502084518658055,McDonald2,5
2454168.67177125,2007.18403225,-0.0701487064362,0.09555025387360164,4.128368396792768,-0.5513825663138419,McDonald2,5
2454168.68418855,2007.18406627,-0.222912430763,0.09555025387360164,4.130733742995491,-0.5494077296716671,McDonald2,5
2454169.6429669,2007.18669306,0.0177990198135,0.09555025387360164,4.314465200632371,-0.3875051788667828,McDonald2,5
2454187.369389,2007.2352586,-0.0736587047577,0.09555025387360164,2.010220563883865,-0.4254184720433161,McDonald2,5
2454211.27530125,2007.30075425,-0.0119806528091,0.09555025387360164,0.8026739628313798,0.6947860373571925,McDonald2,5
2454242.27470015,2007.38568411,0.00152507043632,0.09555025387360164,1.1429245438836193,0.4149353833802263,McDonald2,5
2454242.27488995,2007.38568463,0.0128809213638,0.09555025387360164,1.1429645464934994,0.4148989866383595,McDonald2,5
2454259.5588919,2007.43303806,-0.0196830034256,0.09555025387360164,4.615858257983549,-0.09638087711872989,McDonald2,5
2454259.5732948002,2007.43307752,-0.042585849762,0.09555025387360164,4.619079096975309,-0.0931745382824694,McDonald2,5
2454259.60209695,2007.43315643,0.0151640176773,0.09555025387360164,4.625522815558939,-0.0867569612553815,McDonald2,5
2454274.2210295,2007.4732083,-0.0472030639648,0.09555025387360164,1.6029682086682395,-0.03216633235015397,McDonald2,5
2454278.2705439,2007.48430286,-0.220455408096,0.09555025387360164,2.3762622222274405,-0.721153482114831,McDonald2,5
2454408.53850735,2007.84120139,0.0609028339386,0.09555025387360164,5.149877921150096,0.4236662395720055,McDonald2,5
2454423.04111075,2007.88093455,-0.143928408623,0.09555025387360164,1.699806422880318,-0.12865252826498924,McDonald2,5
2454423.05083435,2007.88096119,-0.20329105854,0.09555025387360164,1.7019145129019373,-0.13074281207908559,McDonald2,5
2454423.0680003,2007.88100822,-0.0419748761579,0.09555025387360164,1.7056377984919875,-0.13443322341041047,McDonald2,5
2454423.06814995,2007.88100863,0.0630209445953,0.09555025387360164,1.705670266968557,-0.13446539708855518,McDonald2,5
2454423.1330068,2007.88118632,0.115897893906,0.09555025387360164,1.7197572309534097,-0.148410624067547,McDonald2,5
2454423.14149305,2007.88120957,0.113865494728,0.09555025387360164,1.7216027386222112,-0.15023544048912452,McDonald2,5
2454424.1463782,2007.88396268,0.0934845209122,0.09555025387360164,1.944012335053328,-0.36461192919944513,McDonald2,5
2454424.23354385,2007.88420149,0.0753163099289,0.09555025387360164,1.9636772037018249,-0.3828513829123854,McDonald2,5
2454424.24107745,2007.88422213,0.187988758087,0.09555025387360164,1.9653796575115239,-0.38442357109843683,McDonald2,5
2454424.3012988,2007.88438712,-0.0382112264633,0.09555025387360164,1.9790048766904977,-0.3969657130424534,McDonald2,5
2454424.3132562,2007.88441988,-0.210239887238,0.09555025387360164,1.981713718526585,-0.3994505191899123,McDonald2,5
2454425.23648355,2007.88694927,0.0977565050125,0.09555025387360164,2.194315558707638,-0.5838957836082906,McDonald2,5
2454425.24722915,2007.88697871,0.0481654405594,0.09555025387360164,2.1968298527050845,-0.585935111694114,McDonald2,5
2454433.3870832,2007.90927968,0.0586709976196,0.09555025387360164,4.158241748574971,-0.5262183406306247,McDonald2,5
2454433.41241055,2007.90934907,-0.00716161727905,0.09555025387360164,4.1638166373142,-0.5214695841310268,McDonald2,5
2454433.49064465,2007.90956341,0.0238757133484,0.09555025387360164,4.181001306106133,-0.5067301492621887,McDonald2,5
2454433.50087925,2007.90959145,0.0674743652344,0.09555025387360164,4.183245426540294,-0.5047942080922668,McDonald2,5
2454433.51054445,2007.90961793,0.119810461998,0.09555025387360164,4.185363851782526,-0.5029643679668461,McDonald2,5
2454433.52284495,2007.90965163,-0.198113560677,0.09555025387360164,4.188058699114979,-0.5006333686628264,McDonald2,5
2454433.53266345,2007.90967853,0.170187234879,0.09555025387360164,4.1902088272822215,-0.498770934169947,McDonald2,5
2454450.09180095,2007.95504603,0.0135029554367,0.09555025387360164,1.1744915358524777,0.3860121784596275,McDonald2,5
2454454.0669393,2007.96593682,-0.062068939209,0.09555025387360164,2.0573437483818866,-0.46757676584504865,McDonald2,5
2454465.465298,2007.9971652,0.0221643447876,0.09555025387360164,4.642158659872154,-0.07017260193801289,McDonald2,5
2454465.5361591,2007.99735934,0.0393990278244,0.09555025387360164,4.655930550224703,-0.05642844088769657,McDonald2,5
2454465.54990135,2007.99739699,0.133007407188,0.09555025387360164,4.658599032324814,-0.05376401287813376,McDonald2,5
2454465.5669286,2007.99744364,0.0728530883789,0.09555025387360164,4.661904361649727,-0.05046317647053264,McDonald2,5
2454480.1337493113,2008.03725068,0.0657678842545,0.09555025387360164,1.30271252518048,0.2648841718890504,McDonald2,5
2454481.1577624436,2008.04004853,0.053084731102,0.09555025387360164,1.532999797199123,0.03778753102565411,McDonald2,5
2454481.165097084,2008.04006857,0.0633089542389,0.09555025387360164,1.5346637712366302,0.03612469385881306,McDonald2,5
2454481.234724926,2008.04025881,0.154848814011,0.09555025387360164,1.5504700419268866,0.020324885236209164,McDonald2,5
2454483.165902027,2008.04553525,0.203463077545,0.09555025387360164,1.99565841855389,-0.4121951380737732,McDonald2,5
2454483.177039407,2008.04556568,0.158879041672,0.09555025387360164,1.998259441888841,-0.41456352196744756,McDonald2,5
2454483.1951966677,2008.04561529,-0.120010495186,0.09555025387360164,2.0025005665398874,-0.41841929185023435,McDonald2,5
2454483.25423247,2008.04577659,0.0946236848831,0.09555025387360164,2.0162957354543307,-0.4309085981845319,McDonald2,5
2454483.3127558716,2008.04593649,0.23882651329,0.09555025387360164,2.0299796694095935,-0.4432161911161473,McDonald2,5
2454483.331176652,2008.04598682,0.219173789024,0.09555025387360164,2.0342885292523745,-0.44707459026213425,McDonald2,5
2454507.138657565,2008.11103458,0.0219605341463,0.09555025387360164,0.7675185883365803,0.7196358557068527,McDonald2,5
2454507.139312705,2008.11103637,0.0357856750488,0.09555025387360164,0.7676666885815999,0.7195330141633275,McDonald2,5
2454514.1496659466,2008.13019034,0.132815241814,0.09555025387360164,2.3717283289349393,-0.718005111391845,McDonald2,5
2454514.1608875073,2008.130221,0.115298032761,0.09555025387360164,2.374263580934782,-0.719767433311883,McDonald2,5
2454514.2649266706,2008.13050526,0.0387941598892,0.09555025387360164,2.397753674074086,-0.7358745459265769,McDonald2,5
2454514.274739131,2008.13053207,0.133197188377,0.09555025387360164,2.399967714787162,-0.7373719076843954,McDonald2,5
2454514.438502176,2008.13097951,-0.052992939949,0.09555025387360164,2.4368811422036005,-0.761798470447832,McDonald2,5
2454514.447275196,2008.13100348,6.2108039856e-05,0.09555025387360164,2.438856623481745,-0.7630767277458932,McDonald2,5
2454515.2185872807,2008.13311089,0.0161598920822,0.09555025387360164,2.6116631246545503,-0.8628426938451327,McDonald2,5
2454515.235686801,2008.13315761,0.109353899956,0.09555025387360164,2.615473211945072,-0.8647623208397022,McDonald2,5
2454515.323395044,2008.13339725,0.130506038666,0.09555025387360164,2.6350009791123794,-0.8744033022012364,McDonald2,5
2454517.318662407,2008.1388488,0.207263708115,0.09555025387360164,3.0714007902321887,-0.9975375624231331,McDonald2,5
2454537.2607513177,2008.19333538,0.125695347786,0.09555025387360164,0.9459008260161363,0.5850125247315173,McDonald2,5
2454538.249233169,2008.19603615,0.153908133507,0.09555025387360164,1.1780117825499508,0.38276238806471363,McDonald2,5
2454544.28612154,2008.21253038,0.0606957674026,0.09555025387360164,2.523832063588803,-0.8151775907413236,McDonald2,5
2454544.385948043,2008.21280313,0.132950544357,0.09555025387360164,2.5449384598741824,-0.8272201761485573,McDonald2,5
2454544.394958963,2008.21282775,0.0218721628189,0.09555025387360164,2.546841906668007,-0.8282881816453371,McDonald2,5
2454568.296886179,2008.27813356,-0.0119817256927,0.09555025387360164,1.351152696289763,0.21788182914967572,McDonald2,5
2454568.31185924,2008.27817447,0.00138127803802,0.09555025387360164,1.3545677932112254,0.2145475153075398,McDonald2,5
2454568.32157288,2008.27820101,0.0454776287079,0.09555025387360164,1.3567825517041847,0.21238380624615447,McDonald2,5
2454569.298148751,2008.28086925,0.0453469753265,0.09555025387360164,1.5764211447927798,-0.005624788337723439,McDonald2,5
2454569.3122251113,2008.28090771,0.0530908107758,0.09555025387360164,1.5795436457725665,-0.00874720742705221,McDonald2,5
2454569.3289842517,2008.2809535,-0.00750756263733,0.09555025387360164,1.5832596766352018,-0.012463027176884663,McDonald2,5
2454569.399922374,2008.28114732,-0.0636761188507,0.09555025387360164,1.5989699229731973,-0.02816986918707966,McDonald2,5
2454569.431504515,2008.28123361,-0.010782122612,0.09555025387360164,1.605954385018423,-0.03515081558932255,McDonald2,5
2454570.3572283443,2008.28376291,0.0807616710663,0.09555025387360164,1.8080657422086326,-0.23504942305514376,McDonald2,5
2454570.446349347,2008.28400641,0.113020300865,0.09555025387360164,1.8272661728979043,-0.25366745176498906,McDonald2,5
2454570.477986388,2008.28409285,0.178921103477,0.09555025387360164,1.8340717165989866,-0.26024447111188215,McDonald2,5
2454571.297566554,2008.28633214,0.126272439957,0.09555025387360164,2.008555159956038,-0.42391069762839473,McDonald2,5
2454571.304198474,2008.28635026,0.186889886856,0.09555025387360164,2.0099533738532545,-0.4251766507505317,McDonald2,5
2454571.3182089548,2008.28638854,0.0828419923782,0.09555025387360164,2.012906526398094,-0.42784772190819514,McDonald2,5
2454571.3401909154,2008.2864486,0.140427827835,0.09555025387360164,2.0175380373234293,-0.4320293130963759,McDonald2,5
2454584.705607318,2008.32296613,0.175711631775,0.09555025387360164,4.634878018054242,-0.07743337198698581,McDonald2,5
2454584.7150793984,2008.32299201,0.0769482851028,0.09555025387360164,4.636766183884862,-0.07555073840648469,McDonald2,5
2454585.7311942503,2008.32576828,-0.00311132521341,0.09555025387360164,4.8421953106141755,0.12944210462533143,McDonald2,5
2454585.7320140908,2008.32577052,0.0721522569656,0.09555025387360164,4.842363564608932,0.12960894126308733,McDonald2,5
2454609.7041693884,2008.39126821,0.00918591022491,0.09555025387360164,3.734970554251927,-0.8290566098058957,McDonald2,5
2454627.4585920502,2008.43977756,0.0231174230576,0.09555025387360164,1.4317756805141533,0.13857327616025455,McDonald2,5
2454746.641141239,2008.76541293,-0.0482227172785,0.09555025387360164,1.5255095730588222,0.04527127563114329,McDonald2,5
2454747.6373896105,2008.76813492,-0.0394082069397,0.09555025387360164,1.7163798475681569,-0.14506980232951763,McDonald2,5
2454747.657362231,2008.76818949,-0.251670598984,0.09555025387360164,1.7202357729402427,-0.14888384958524745,McDonald2,5
2454747.7043932327,2008.76831799,-0.155680656433,0.09555025387360164,1.7293210327933797,-0.15786158327587277,McDonald2,5
2454747.714487513,2008.76834557,0.062331199646,0.09555025387360164,1.731272009994596,-0.15978779600469858,McDonald2,5
2454760.139763346,2008.80229441,0.00297486782074,0.09555025387360164,4.517797974998549,-0.19336527555452043,McDonald2,5
2454762.043409926,2008.80749563,0.0288387537003,0.09555025387360164,4.94514933806853,0.230664319091677,McDonald2,5
2454762.0567030464,2008.80753195,-0.0199774503708,0.09555025387360164,4.948073826499673,0.23350895352545029,McDonald2,5
2454762.0952282078,2008.80763721,-0.116483569145,0.09555025387360164,4.956544906135606,0.24173737054572586,McDonald2,5
2454763.083040279,2008.81033615,-0.0391309261322,0.09555025387360164,5.171562053588991,0.4432069854418013,McDonald2,5
2454779.8947896506,2008.85626989,0.168411016464,0.09555025387360164,2.2360739460234917,-0.6172775721770112,McDonald2,5
2454779.904971771,2008.85629771,-0.0116564035416,0.09555025387360164,2.238301951856386,-0.6190289120870579,McDonald2,5
2454788.030457508,2008.87849849,0.0521253347397,0.09555025387360164,4.179053755904905,-0.5084081794290711,McDonald2,5
2454788.0426123682,2008.8785317,0.173455357552,0.09555025387360164,4.181890142804208,-0.5059636788802884,McDonald2,5
2454788.119293031,2008.87874121,0.033499956131,0.09555025387360164,4.1997610337858875,-0.4904690845032275,McDonald2,5
2454788.134039171,2008.8787815,0.0795805454254,0.09555025387360164,4.203193174627597,-0.48747523299095047,McDonald2,5
2454816.9949151836,2008.95763635,0.0984309911728,0.09555025387360164,4.0657085356208125,-0.6025404320408946,McDonald2,5
2454817.0085816244,2008.95767369,-0.00817251205444,0.09555025387360164,4.068866749781133,-0.6000168973143774,McDonald2,5
2454817.091630687,2008.9579006,0.0525968074799,0.09555025387360164,4.088027054742684,-0.584579699095818,McDonald2,5
2454817.102588727,2008.95793054,0.0235149860382,0.09555025387360164,4.090551116752909,-0.582529976018057,McDonald2,5
2454817.1118448675,2008.95795583,0.00898694992065,0.09555025387360164,4.092682424073422,-0.5807963080279944,McDonald2,5
2454817.127374248,2008.95799826,-0.160895466805,0.09555025387360164,4.096256674676265,-0.5778829894602877,McDonald2,5
2454817.1772527294,2008.95813454,-0.0505985021591,0.09555025387360164,4.1077237943729354,-0.5684866591771668,McDonald2,5
2454817.18843769,2008.9581651,0.203094124794,0.09555025387360164,4.110292518754867,-0.5663715157318286,McDonald2,5
2454819.08316851,2008.96334196,0.147663116455,0.09555025387360164,4.5312278816489915,-0.18017179215760037,McDonald2,5
2454835.8645262,2009.00921788,0.132963895798,0.09555025387360164,1.5421612761317984,0.028631137528271247,McDonald2,5
2454835.87510755,2009.00924687,-0.166970133781,0.09555025387360164,1.5444245017896359,0.026368768295503005,McDonald2,5
2454835.9024132,2009.00932168,0.0627174377441,0.09555025387360164,1.5502685070877167,0.020526378029836718,McDonald2,5
2454835.922459,2009.0093766,0.194841623306,0.09555025387360164,1.5545621016589601,0.016233512056816113,McDonald2,5
2454847.3193066,2009.04060084,-0.047847446435,0.09555025387360164,4.234312565070185,-0.4600721124118061,McDonald2,5
2454847.31945625,2009.04060125,-0.0802839994431,0.09555025387360164,4.234344953745979,-0.460043354862748,McDonald2,5
2454847.33165455,2009.04063467,-0.226654887199,0.09555025387360164,4.236984438027257,-0.4576981663204451,McDonald2,5
2454849.1260785,2009.0455509,0.0134792327881,0.09555025387360164,4.61336020004792,-0.09886700210362676,McDonald2,5
2454849.1419706,2009.04559444,0.163489341736,0.09555025387360164,4.6165959560115315,-0.09564658726577396,McDonald2,5
2454893.7567966,2009.16782684,0.039567232132,0.09555025387360164,1.3287752439968905,0.2396652940818627,McDonald2,5
2454893.77994125,2009.16789025,0.0740057229996,0.09555025387360164,1.3339896685758426,0.23459960558325124,McDonald2,5
2454896.9432466,2009.17655684,0.0645285844803,0.09555025387360164,2.0592134930817485,-0.4692287130153729,McDonald2,5
2454896.95362355,2009.17658527,-0.0336358547211,0.09555025387360164,2.0616259418836993,-0.471357722783281,McDonald2,5
2454907.13091855,2009.20446827,0.126212835312,0.09555025387360164,4.307081740461491,-0.3943011267192842,McDonald2,5
2454907.1445002,2009.20450548,0.197360038757,0.09555025387360164,4.309738534575918,-0.3918581938971724,McDonald2,5
2454907.17563835,2009.20459079,0.0417182445526,0.09555025387360164,4.315826627781938,-0.38624976465840677,McDonald2,5
2454908.1581636,2009.20728264,0.200836420059,0.09555025387360164,4.5059699521252465,-0.2049562696876901,McDonald2,5
2454908.1841954,2009.20735396,-0.0122255086899,0.09555025387360164,4.51096216331201,-0.20006750382004854,McDonald2,5
2454908.23967175,2009.20750595,-0.0497146844864,0.09555025387360164,4.5215943175131175,-0.1896391975685817,McDonald2,5
2454908.25026405,2009.20753497,-0.069628238678,0.09555025387360164,4.523623324885619,-0.18764661988350945,McDonald2,5
2454909.17686765,2009.21007361,0.0268285274506,0.09555025387360164,4.7000536745167665,-0.012334993047417609,McDonald2,5
2454909.21687895,2009.21018323,-0.0348831415176,0.09555025387360164,4.707634038451962,-0.004754924014959589,McDonald2,5
2454925.7435789,2009.25546186,0.146325588226,0.09555025387360164,1.9446405318677016,-0.3651968086916393,McDonald2,5
2454952.7587108,2009.32947592,0.0702196359634,0.09555025387360164,1.432570140564557,0.13778643726607068,McDonald2,5
2454970.13420365,2009.37708001,-0.0341287221842,0.09555025387360164,4.974327546271996,0.25895347830515875,McDonald2,5
2454970.13541545,2009.37708333,-0.0527662038803,0.09555025387360164,4.974571783407395,0.2591893767359359,McDonald2,5
2454985.82743705,2009.42007517,0.272431254387,0.09555025387360164,2.254759910013126,-0.6318700509676379,McDonald2,5
2454999.1436627,2009.45655798,0.0504015684128,0.09555025387360164,4.859434746893337,0.14651642397895967,McDonald2,5
2455001.11564455,2009.46196067,0.065136551857,0.09555025387360164,5.283901650517546,0.5409049493231823,McDonald2,5
2455001.1260726,2009.46198924,0.0419665575027,0.09555025387360164,5.2862290766731395,0.542861042804356,McDonald2,5
2455008.73038405,2009.48282297,-0.0284978151321,0.09555025387360164,0.8350868777045735,0.6711132779876403,McDonald2,5
2455010.7382673,2009.48832402,0.132265925407,0.09555025387360164,1.2983522924164097,0.2690861269139383,McDonald2,5
2455113.89332265,2009.77094061,0.0736645460129,0.09555025387360164,4.263448469944745,-0.4340112758570632,McDonald2,5
2455129.62093905,2009.81402997,-0.0351999998093,0.09555025387360164,1.3993522082868557,0.17060547336239748,McDonald2,5
2455144.94828915,2009.85602271,0.0672210454941,0.09555025387360164,4.663041570666403,-0.04932738396073275,McDonald2,5
2455144.9801062,2009.85610988,-0.06125831604,0.09555025387360164,4.670306939350606,-0.04206962163217996,McDonald2,5
2455145.02450845,2009.85623153,0.0497667789459,0.09555025387360164,4.680443747607782,-0.03193979971365758,McDonald2,5
2455159.61117135,2009.89619499,-0.0871820449829,0.09555025387360164,1.42041440987962,0.14981574996585653,McDonald2,5
2455160.6312186,2009.89898964,-0.0879491567612,0.09555025387360164,1.6144612302468468,-0.043651029350674025,McDonald2,5
2455160.6501402,2009.89904148,0.0458314418793,0.09555025387360164,1.6180892667512854,-0.047275312521470235,McDonald2,5
2455160.69333795,2009.89915983,0.0072375535965,0.09555025387360164,1.6263766687836974,-0.05555173018008807,McDonald2,5
2455161.7253499,2009.90198726,0.111851811409,0.09555025387360164,1.826590190010319,-0.25301352136415556,McDonald2,5
2455171.03336455,2009.92748867,0.0440450906754,0.09555025387360164,3.9069142343533554,-0.7211596135630669,McDonald2,5
2455171.98536485,2009.93009689,-0.0865075588226,0.09555025387360164,4.131711119515749,-0.548590816139936,McDonald2,5
2455171.99933705,2009.93013517,0.0651704072952,0.09555025387360164,4.134990985141027,-0.545845604276783,McDonald2,5
2455172.015408,2009.9301792,0.0548897981644,0.09555025387360164,4.138762737948265,-0.5426814311084044,McDonald2,5
2455192.5717480998,2009.98649794,0.047798871994,0.09555025387360164,2.050178506720931,-0.461231084176614,McDonald2,5
2455192.5822017,2009.98652658,0.0559548139572,0.09555025387360164,2.0524088923190016,-0.4632089119564464,McDonald2,5
2455233.96832895,2010.09991323,0.0204766988754,0.09555025387360164,4.811019780332944,0.09847096373863654,McDonald2,5
2455233.97714005,2010.09993737,0.0876141786575,0.09555025387360164,4.812832681902979,0.10027489166402587,McDonald2,5
2455249.6242265,2010.1428061,-0.0712729692459,0.09555025387360164,1.5910621034477597,-0.02026438948318385,McDonald2,5
2455249.63319455,2010.14283067,-0.139165401459,0.09555025387360164,1.5929977298125308,-0.022199579208829333,McDonald2,5
2455259.87924825,2010.17090205,0.215436339378,0.09555025387360164,4.020101670202093,-0.638299594434115,McDonald2,5
2455275.53116365,2010.21378401,0.19745850563,0.09555025387360164,0.8349524080530424,0.6712129616439885,McDonald2,5
2455281.63834,2010.230516,0.00994944572449,0.09555025387360164,2.1861927681409172,-0.5772822797025421,McDonald2,5
2455281.64835195,2010.23054343,0.0643974542618,0.09555025387360164,2.1885611572205512,-0.5792145542682077,McDonald2,5
2455281.7110991,2010.23071534,-0.0126849412918,0.09555025387360164,2.203414755729264,-0.5912584984949498,McDonald2,5
2455281.7219907,2010.23074518,0.178911089897,0.09555025387360164,2.2059948411172545,-0.5933373209290874,McDonald2,5
2455290.93928825,2010.25599805,0.163680195808,0.09555025387360164,4.326252344701186,-0.3766123260906278,McDonald2,5
2455291.91547345,2010.25867253,0.161579489708,0.09555025387360164,4.5207817795756835,-0.19043692837802698,McDonald2,5
2455291.92826305,2010.25870757,-0.00815281652657,0.09555025387360164,4.52329557531641,-0.18796853742305697,McDonald2,5
2455291.9284419,2010.25870806,-0.0331896543503,0.09555025387360164,4.523330722418882,-0.18793401669983403,McDonald2,5
2455307.5997826,2010.30164324,-0.0739517211914,0.09555025387360164,1.4198832158860082,0.15034092770716717,McDonald2,5
2455307.6084951498,2010.30166711,-0.0646297931671,0.09555025387360164,1.4218524322178197,0.14839380283172957,McDonald2,5
2455336.51467745,2010.38086213,0.0894609689713,0.09555025387360164,1.3462364623776655,0.222677298963196,McDonald2,5
2455337.50833155,2010.38358447,0.0117349624634,0.09555025387360164,1.575320048802429,-0.004523706578594506,McDonald2,5
2455337.53358225,2010.38365365,0.0350317955017,0.09555025387360164,1.5811443775293896,-0.010347866053554753,McDonald2,5
2455338.54666165,2010.38642921,0.0898671150208,0.09555025387360164,1.8147592345220696,-0.24155007260364425,McDonald2,5
2455338.62807125,2010.38665225,0.103652238846,0.09555025387360164,1.8335175637010754,-0.25970937286387347,McDonald2,5
2455352.8647028,2010.42565672,0.0234320163727,0.09555025387360164,4.796417772283764,0.0839299411913288,McDonald2,5
2455410.85674595,2010.58453903,0.104366064072,0.09555025387360164,4.541480290773093,-0.17007786973443445,McDonald2,5
2455426.4191524,2010.62717576,0.0215619802475,0.09555025387360164,1.8153062830945736,-0.2420808859989684,McDonald2,5
2455426.42883585,2010.62720229,0.03044962883,0.09555025387360164,1.8173135773557387,-0.2440279864359828,McDonald2,5
2455458.48111375,2010.71501675,0.00583779811859,0.09555025387360164,2.303467271446104,-0.6688575735170417,McDonald2,5
2455467.73652095,2010.74037403,0.20737862587,0.09555025387360164,4.0967609317811435,-0.5774713818852009,McDonald2,5
2455483.36898915,2010.78320271,-0.0363223552704,0.09555025387360164,1.366986496610859,0.20240176717126263,McDonald2,5
2455514.4356831,2010.86831694,-0.0299034118652,0.09555025387360164,1.6167932068774267,-0.045980662432201926,McDonald2,5
2455515.38263545,2010.87091133,-0.00845074653625,0.09555025387360164,1.7964248049677316,-0.22371895484890508,McDonald2,5
2455515.39111805,2010.87093457,-0.0340013504028,0.09555025387360164,1.7980308615853327,-0.2252840146637578,McDonald2,5
2455517.4198136,2010.87649264,-0.00302386283875,0.09555025387360164,2.183357986788973,-0.574965237734354,McDonald2,5
2455517.43341715,2010.87652991,-0.0606315135956,0.09555025387360164,2.1859616812872735,-0.5770935715558494,McDonald2,5
2455531.78755315,2010.91585631,-0.0216065645218,0.09555025387360164,5.273003325036753,0.5317066042945542,McDonald2,5
2455531.79780235,2010.91588439,0.0392242670059,0.09555025387360164,5.275376932647287,0.5337153808040349,McDonald2,5
2455545.42284355,2010.95321327,0.039445400238,0.09555025387360164,1.8254812455453022,-0.2519405035580487,McDonald2,5
2455545.4314612,2010.95323688,-0.0818535089493,0.09555025387360164,1.8271293214957556,-0.25353507419352017,McDonald2,5
2455575.38519715,2011.03530191,0.00518560409546,0.09555025387360164,1.8436299045413076,-0.2694612819845596,McDonald2,5
2455576.48150385,2011.03830549,-0.148288726807,0.09555025387360164,2.062835746457665,-0.4724243551838084,McDonald2,5
2455576.49511105,2011.03834277,-0.0926424264908,0.09555025387360164,2.0655986599860814,-0.47485770138509487,McDonald2,5
2455603.3333384,2011.11187216,-0.00136482715607,0.09555025387360164,1.4780192532745895,0.09264403302762084,McDonald2,5
2455603.3435438,2011.11190012,-0.0519428253174,0.09555025387360164,1.4800157856430705,0.09065590383346066,McDonald2,5
2455603.42411755,2011.11212087,-0.090766787529,0.09555025387360164,1.4957943180583717,0.07493171036219234,McDonald2,5
2455632.37521675,2011.19143895,0.183379650116,0.09555025387360164,1.344456262216334,0.22441244847088523,McDonald2,5
2455634.2913098,2011.19668852,-0.119744300842,0.09555025387360164,1.7382614353990196,-0.1666834578419936,McDonald2,5
2455634.2988069,2011.19670906,0.12334549427,0.09555025387360164,1.739850732637561,-0.1682503103716827,McDonald2,5
2455634.32724405,2011.19678697,-0.217943787575,0.09555025387360164,1.7458829289403335,-0.17419341637152758,McDonald2,5
2455691.2653789,2011.35278186,0.121309995651,0.09555025387360164,1.3285453984507036,0.23988843457908413,McDonald2,5
2455695.27479805,2011.36376657,0.0205031983708,0.09555025387360164,2.250616912535023,-0.6286535062651253,McDonald2,5
2455750.2281906498,2011.51432381,0.0373169183731,0.09555025387360164,1.444901000232772,0.12556302422266086,McDonald2,5
2455752.18332045,2011.51968033,0.125889062881,0.09555025387360164,1.8967954143627443,-0.320255412395749,McDonald2,5
2455752.1968656,2011.51971744,0.111687302589,0.09555025387360164,1.8999085136941316,-0.32320299201143327,McDonald2,5
2455752.2375485,2011.5198289,-0.0497186183929,0.09555025387360164,1.909256834989917,-0.332035334444459,McDonald2,5
2455752.2508345,2011.5198653,-0.0136238336563,0.09555025387360164,1.9123091428772525,-0.33491292440524223,McDonald2,5
2455763.523896,2011.5507504,-0.0238946676254,0.09555025387360164,4.29528846874928,-0.4051112519843417,McDonald2,5
2455763.5301521,2011.55076754,-0.0126625299454,0.09555025387360164,4.296486538650607,-0.40401560525354074,McDonald2,5
2455794.5110747,2011.63564678,0.021518945694,0.09555025387360164,4.538130490586788,-0.1733779050200562,McDonald2,5
2455928.162368521,2012.00180975,-0.109436035156,0.09555025387360164,1.647112539346991,-0.07624215442829721,McDonald2,5
2455929.2275127345,2012.00471998,-0.0830906629562,0.09555025387360164,1.8484067289579915,-0.27405832573361233,McDonald2,5
2455929.241654975,2012.00475862,-0.0638701915741,0.09555025387360164,1.8510734450251398,-0.27662196393163657,McDonald2,5
2455930.147918584,2012.00723475,0.00910687446594,0.09555025387360164,2.0220376062868928,-0.4360829052540667,McDonald2,5
2455930.158631404,2012.00726402,-0.0339626073837,0.09555025387360164,2.0240615919995664,-0.4379034086886599,McDonald2,5
2455930.2482977468,2012.00750901,0.0748288631439,0.09555025387360164,2.0410072380576,-0.45307431709812634,McDonald2,5
2455931.237830018,2012.01021265,-0.0309646129608,0.09555025387360164,2.2288493894616357,-0.611577625547368,McDonald2,5
2455931.2479682188,2012.01024035,-0.10154235363,0.09555025387360164,2.230784187027977,-0.6131072616066966,McDonald2,5
2455931.3061658805,2012.01039936,0.0555905103683,0.09555025387360164,2.241895652783443,-0.6218472871544711,McDonald2,5
2455931.3176985406,2012.01043087,0.00344860553741,0.09555025387360164,2.2440985425522744,-0.623570944780649,McDonald2,5
2455958.16301981,2012.08377874,-0.178717851639,0.09555025387360164,1.6629873288222017,-0.09206046617880824,McDonald2,5
2455958.17636783,2012.08381521,-0.0456433296204,0.09555025387360164,1.6655071164839788,-0.09456925844091092,McDonald2,5
2456195.631106465,2012.73259866,0.026334643364,0.09555025387360164,2.086857626220068,-0.493458212643742,McDonald2,5
2456195.7064658673,2012.73280456,-0.0251638889313,0.09555025387360164,2.1033947292978605,-0.5077735521310054,McDonald2,5
2456195.723210368,2012.73285031,0.0633592605591,0.09555025387360164,2.1070666214530327,-0.5109334224270642,McDonald2,5
2456283.8278494542,2012.97357336,0.0212390422821,0.09555025387360164,1.98673595596527,-0.40404962225933583,McDonald2,5
2456283.8443780146,2012.97361852,-0.0577623844147,0.09555025387360164,1.9899210281331392,-0.40696107143173715,McDonald2,5
2456283.917405997,2012.97381805,-0.166908621788,0.09555025387360164,2.0039820548445944,-0.4197643998355413,McDonald2,5
2456521.7240829,2013.62527146,0.0106056928635,0.09555025387360164,2.2113371952136838,-0.597629182254152,McDonald2,5
2456521.7341788,2013.62529912,0.0159918069839,0.09555025387360164,2.213744278132381,-0.5995573822629785,McDonald2,5
2456521.8048501,2013.62549274,0.0558815002441,0.09555025387360164,2.2306058453327626,-0.6129663619760969,McDonald2,5
2456521.81765065,2013.62552781,-0.0710738897324,0.09555025387360164,2.2336621674159005,-0.6153783229260468,McDonald2,5
2456522.74694065,2013.62807381,0.0246711969376,0.09555025387360164,2.457127265515284,-0.7747571709444029,McDonald2,5
2456522.80439895,2013.62823123,-0.0149488449097,0.09555025387360164,2.4710297938771837,-0.7834720137434255,McDonald2,5
2456522.8159001,2013.62826274,-0.0419660806656,0.09555025387360164,2.4738135336467546,-0.7851988671171602,McDonald2,5
2456577.64055355,2013.77846727,0.012840628624,0.09555025387360164,1.6122580377491151,-0.041449832687321844,McDonald2,5
2456578.63506905,2013.78119197,-0.0184602737427,0.09555025387360164,1.8411663499527346,-0.26708803597114683,McDonald2,5
2456578.64485835,2013.78121879,-0.0112714767456,0.09555025387360164,1.8434151162952528,-0.26925443227875817,McDonald2,5
2456578.69676135,2013.78136099,0.0198171138763,0.09555025387360164,1.855336276322543,-0.28071592876127677,McDonald2,5
2456578.7034591,2013.78137934,0.091103553772,0.09555025387360164,1.856874398357803,-0.28219187164666776,McDonald2,5
2456608.66811585,2013.86347429,-0.0690299272537,0.09555025387360164,1.9999107885664182,-0.41606571516426094,McDonald2,5
2456635.6279758,2013.93733692,-0.0873237848282,0.09555025387360164,1.4585090239579914,0.11205149029098892,McDonald2,5
2456635.64237505,2013.93737637,-0.068785905838,0.09555025387360164,1.4617282852682303,0.10885192748987393,McDonald2,5
