╔════════════════════════════════════════════════════════════════════╗
║  TEP-LLR: Full Canonical                                              ║
║  Steps: 58                                                            ║
║  Started: 2026-05-13 11:27:55                                         ║
╚════════════════════════════════════════════════════════════════════╝


──────────────────────────────────────────────────────────────────────
 [  1/58]  Full Canonical: step_000_llr_data_ingestion.py
──────────────────────────────────────────────────────────────────────

═══ Starting data integrity check...
    Found: INPOP19a_APO_residuals.txt          (   236.8 KB)
    Found: INPOP19a_Grasse_residuals.txt       (  1676.7 KB)
    Found: INPOP19a_Matera_residuals.txt       (    31.2 KB)
    Found: INPOP19a_McDonald2_residuals.txt    (   263.4 KB)
    Found: INPOP19a_Haleakala_residuals.txt    (    60.8 KB)
    Found: DE430_2014-2018_residuals.dat       (   464.4 KB)
    Data audit complete. Station coverage: 6/6
✓   Verified: INPOP19a_APO_residuals.txt          sha256=e123d2d095cc...
✓   Verified: INPOP19a_Grasse_residuals.txt       sha256=efabea88d7da...
✓   Verified: INPOP19a_Matera_residuals.txt       sha256=4267ce1f0068...
✓   Verified: INPOP19a_McDonald2_residuals.txt    sha256=7529ab165e1d...
✓   Verified: INPOP19a_Haleakala_residuals.txt    sha256=2dc80a1e4654...
✓   Verified: DE430_2014-2018_residuals.dat       sha256=e44d3c25b095...
✓   All 6 required LLR residual files present.
Results saved to results/outputs/step_000_llr_data_ingestion.json

✓  PASS  step_000_llr_data_ingestion.py  (0.0s)

──────────────────────────────────────────────────────────────────────
 [  2/58]  Full Canonical: step_001_data_preprocessing.py
──────────────────────────────────────────────────────────────────────

═══ Starting INPOP MINI format preprocessing...
═══ Processing INPOP LLR residuals for TEP analysis
>>> Processing APO data from data/raw/INPOP19a_APO_residuals.txt
    Parsed 2595 observations
    Computing Moon elongation angles for APO...
✓   Saved 2595 observations to APO_residuals.csv
      Residual RMS: 0.032 m
>>> Processing Grasse data from data/raw/INPOP19a_Grasse_residuals.txt
    Parsed 19390 observations
    Computing Moon elongation angles for Grasse...
✓   Saved 19390 observations to Grasse_residuals.csv
      Residual RMS: 0.099 m
>>> Processing Matera data from data/raw/INPOP19a_Matera_residuals.txt
    Parsed 346 observations
    Computing Moon elongation angles for Matera...
✓   Saved 346 observations to Matera_residuals.csv
      Residual RMS: 0.062 m
>>> Processing McDonald2 data from data/raw/INPOP19a_McDonald2_residuals.txt
    Parsed 3139 observations
    Computing Moon elongation angles for McDonald2...
✓   Saved 3139 observations to McDonald2_residuals.csv
      Residual RMS: 0.096 m
>>> Processing Haleakala data from data/raw/INPOP19a_Haleakala_residuals.txt
    Parsed 737 observations
    Computing Moon elongation angles for Haleakala...
✓   Saved 737 observations to Haleakala_residuals.csv
      Residual RMS: 0.138 m
✓   Combined 26207 observations from all stations
═══ 
Combined statistics:
    Total observations: 26207
    Residual RMS: 0.095 m
Results saved to results/outputs/step_001_data_preprocessing.json
✓   Preprocessing complete.

✓  PASS  step_001_data_preprocessing.py  (7.5s)

──────────────────────────────────────────────────────────────────────
 [  3/58]  Full Canonical: step_002_de430_preprocessing.py
──────────────────────────────────────────────────────────────────────

>>> Processing DE430 data from DE430_2014-2018_residuals.dat
    Parsed 4597 observations from DE430_2014-2018_residuals.dat
    Parsed 4597 observations
    Computing Moon-Sun elongation angles...
    Cleaning data...
    Cleaned dataset: 4597 observations (removed 0)
    Residual stats for DE430:
      Mean: 1.228713e-02 m
      Std:  2.662568e-01 m
      RMS:  2.665112e-01 m
✓   DE430 Preprocessing Complete: 4597 observations
Results saved to results/outputs/step_002_de430_preprocessing.json

✓  PASS  step_002_de430_preprocessing.py  (0.9s)

──────────────────────────────────────────────────────────────────────
 [  4/58]  Full Canonical: step_003_statistical_analysis.py
──────────────────────────────────────────────────────────────────────

═══ ═══ Starting Step 003: Statistical Analysis...
    ═══ STEP PURPOSE: Primary TEP Nordtvedt parameter estimation using OLS and Bayesian MCMC methods
    ═══ METHOD: Unweighted OLS regression + Bayesian MCMC with emcee sampler
    ═══ PARAMETERS: 6σ MAD outlier cleaning, 32 walkers, 3000 steps, 1000 burn-in
    ═══ DATA SUMMARY
        Dataset: N = 26,207 observations
        Stations: 5 (APO, Grasse, Matera, McDonald2, Haleakala)
    Applied 6σ MAD outlier cleaning: removed 762/26207 outliers
        Cleaned dataset: N = 25,445 observations
    ═══ ANALYSIS TRACE
>>> >>> Performing unweighted OLS regression
        Unweighted Regression Complete (N=25445, DOF=25443):
          RSS = 9.665854e+01
          χ²_red = 0.003799
          Birge Ratio = 0.062
          Condition Number κ(R) = 2.11e+00
          Final η = -3.17726662e-04 ± 6.05193844e-05
>>> >>> Running Bayesian MCMC analysis
        Number of walkers: 32
        Total steps: 3000
        Burn-in steps: 1000
        Initial position: η=-3.17726662e-04, b=-1.05020579e-03
    ═══ MCMC CONVERGENCE DIAGNOSTICS
        Autocorrelation time: 29.54
        Steps per autocorr: 67.7
        Acceptance fraction: 0.717
        Convergence status: CONVERGED
>>> >>> Performing AR(1) GLS regression (autocorrelation-aware error estimation)
    AR(1) GLS Regression Results:
      η (GLS) = -3.28831869e-04 ± 8.85824967e-05
      η (GLS, cluster-robust) = -3.28831869e-04 ± 9.37422425e-05
      Cluster-robust SE inflation: 1.06x
      AR(1) parameter ρ = 0.4291 ± 0.0057
      Durbin-Watson = 1.142
      Interpretation: Significant autocorrelation
    ═══ RESULTS SUMMARY
        OLS η: -3.17726662e-04 ± 6.05193844e-05
        MCMC η: -2.87176002e-04 ± 6.61333870e-05
        AR(1) GLS η: -3.28831869e-04 ± 8.85824967e-05
        AR(1) GLS η (cluster-robust): -3.28831869e-04 ± 9.37422425e-05
        Cluster-robust SNR: 3.51σ
        AR(1) parameter ρ: 0.4291 ± 0.0057
        Durbin-Watson: 1.142
        SNR (MCMC): 4.34σ
        Status: DETECTION
    ═══ INTERPRETATION
        The negative η indicates TEP Nordtvedt violation is present
        Statistical significance: 4.34σ (DETECTION)
        Convergence: CONVERGED
        Temporal autocorrelation: ρ = 0.4291 (DW = 1.142)
        Autocorrelation impact: Error inflation factor = 0.75x if significant
        Limitations: OLS is unweighted (Birge ratio diagnostic); MCMC uses fixed station-specific sigma_m
    ═══ REPRODUCIBILITY
        Output file: results/outputs/step_003_statistical_analysis.json
        MCMC walkers: 32
        MCMC steps: 3000
        MCMC burn-in: 1000
Results saved to results/outputs/step_003_statistical_analysis.json
✓   Statistical Analysis Complete. SNR = 4.3σ

✓  PASS  step_003_statistical_analysis.py  (10.6s)

──────────────────────────────────────────────────────────────────────
 [  5/58]  Full Canonical: step_004_detection_analysis_advanced.py
──────────────────────────────────────────────────────────────────────

═══ ═══ Starting Step 004: Advanced TEP Detection Analysis...
    ═══ STEP PURPOSE: Comprehensive TEP detection using 17 robust statistical methods
    ═══ METHOD: Bootstrap correlation, OLS regression, station-by-station analysis, leverage analysis
    ═══ PARAMETERS: Random seed=42, bootstrap samples=10000, Theil-Sen samples=100000
    ═══ DATA SUMMARY
    Loading residual data...
        Dataset: N = 26,207 observations
        Stations: ['APO', 'Grasse', 'Haleakala', 'Matera', 'McDonald2']
    ═══ ANALYSIS TRACE
═══ Running comprehensive TEP detection analysis...
    Running bootstrap correlation analysis...
    Running OLS regression...
  Running 1000 bootstrap samples for error estimation...
    Running station-by-station analysis...
    ═══ RESULTS SUMMARY
        Bootstrap correlation r: -0.0304
        95% CI: [-0.0411, -0.0197]
        Stations analyzed: 5
    ═══ INTERPRETATION
        Bootstrap correlation provides robust non-parametric confidence intervals
        Station-by-station analysis tests cross-instrumental consistency
        Multiple statistical methods ensure robustness of TEP detection
    ═══ REPRODUCIBILITY
        Output file: results/outputs/step_004_detection_analysis_advanced.json
        Random seed: 42
        Bootstrap samples: 10000
        Theil-Sen samples: 100000
✓   Results saved to step_004_detection_analysis_advanced.json
    Bootstrap r=-0.0304 [-0.0411, -0.0197]

✓  PASS  step_004_detection_analysis_advanced.py  (5.2s)

──────────────────────────────────────────────────────────────────────
 [  6/58]  Full Canonical: step_005_temporal_drift_analysis.py
──────────────────────────────────────────────────────────────────────

═══ Starting Temporal Drift Analysis...

═══ Temporal Autocorrelation Analysis:

    Linear Regression Complete (N=2595, DOF=2593):
      RSS=2.582927e+00, MSE=9.961152e-04, χ²_red=0.001
      Birge Ratio = 0.032 (Scaling factor applied: 1.000)
      Condition Number κ(R) = 1.95e+00
      Final η = -2.39835567e-04 ± 8.66412451e-05
    Linear Regression Complete (N=7067, DOF=7065):
      RSS=1.759379e+02, MSE=2.490275e-02, χ²_red=0.025
      Birge Ratio = 0.158 (Scaling factor applied: 1.000)
      Condition Number κ(R) = 2.43e+00
      Final η = -1.09837749e-03 ± 3.32534476e-04
    Linear Regression Complete (N=12323, DOF=12321):
      RSS=1.259577e+01, MSE=1.022301e-03, χ²_red=0.001
      Birge Ratio = 0.032 (Scaling factor applied: 1.000)
      Condition Number κ(R) = 1.90e+00
      Final η = -2.93221835e-04 ± 4.17949613e-05
    Linear Regression Complete (N=346, DOF=344):
      RSS=1.323291e+00, MSE=3.846776e-03, χ²_red=0.004
      Birge Ratio = 0.062 (Scaling factor applied: 1.000)
      Condition Number κ(R) = 3.40e+00
      Final η = -1.81311538e-05 ± 8.70658166e-04
    Linear Regression Complete (N=2388, DOF=2386):
      RSS=2.188557e+01, MSE=9.172492e-03, χ²_red=0.009
      Birge Ratio = 0.096 (Scaling factor applied: 1.000)
      Condition Number κ(R) = 3.06e+00
      Final η = -1.78329669e-04 ± 4.14145984e-04
    Linear Regression Complete (N=751, DOF=749):
      RSS=6.423617e+00, MSE=8.576257e-03, χ²_red=0.009
      Birge Ratio = 0.093 (Scaling factor applied: 1.000)
      Condition Number κ(R) = 3.05e+00
      Final η = -1.64470035e-03 ± 7.16420519e-04
    Linear Regression Complete (N=737, DOF=735):
      RSS=1.397850e+01, MSE=1.901837e-02, χ²_red=0.019
      Birge Ratio = 0.138 (Scaling factor applied: 1.000)
      Condition Number κ(R) = 4.15e+00
      Final η = 3.55351087e-03 ± 1.44874881e-03

═══ Autocorrelation Summary:
⚠     Stations with significant autocorrelation: 5/5

Results saved to results/outputs/step_005_temporal_drift_analysis.json
✓   Temporal Drift Analysis Complete.

✓  PASS  step_005_temporal_drift_analysis.py  (0.6s)

──────────────────────────────────────────────────────────────────────
 [  7/58]  Full Canonical: step_006_multi_ephemeris_comparison.py
──────────────────────────────────────────────────────────────────────

═══ Starting Multi-Ephemeris Comparison...
    Sigma Outlier Detection: median=-0.000, MAD=0.027, sigma=0.040
      Threshold=0.239 (6.0σ), Count=762
    Linear Regression Complete (N=25445, DOF=25443):
      RSS=9.665854e+01, MSE=3.799023e-03, χ²_red=0.004
      Birge Ratio = 0.062 (Scaling factor applied: 1.000)
      Condition Number κ(R) = 2.11e+00
      Final η = -3.17726662e-04 ± 6.05193844e-05
      Ephemeris INPOP19a summary:
        η   = -3.1773e-04 ± 6.0519e-05
        SNR = 5.25σ
        N   = 26207 (used=25445, outliers_removed=762)
    Sigma Outlier Detection: median=0.022, MAD=0.033, sigma=0.050
      Threshold=0.297 (6.0σ), Count=37
    Linear Regression Complete (N=4560, DOF=4558):
      RSS=1.416414e+01, MSE=3.107534e-03, χ²_red=0.003
      Birge Ratio = 0.056 (Scaling factor applied: 1.000)
      Condition Number κ(R) = 1.87e+00
      Final η = -7.04120478e-04 ± 1.18236800e-04
      Ephemeris DE430 summary:
        η   = -7.0412e-04 ± 1.1824e-04
        SNR = 5.96σ
        N   = 4597 (used=4560, outliers_removed=37)
Results saved to results/outputs/step_006_multi_ephemeris_comparison.json
✓   Multi-Ephemeris Comparison Complete.

✓  PASS  step_006_multi_ephemeris_comparison.py  (0.6s)

──────────────────────────────────────────────────────────────────────
 [  8/58]  Full Canonical: step_006b_de430_outlier_robustness.py
──────────────────────────────────────────────────────────────────────

═══ Step 006b: DE430 Outlier Robustness Analysis
Results saved to results/outputs/step_006b_de430_outlier_robustness.json
✓   Step 006b complete.

✓  PASS  step_006b_de430_outlier_robustness.py  (3.0s)

──────────────────────────────────────────────────────────────────────
 [  9/58]  Full Canonical: step_007_meta_analysis.py
──────────────────────────────────────────────────────────────────────

═══ Meta-Analysis of INPOP19a and DE430 Results
═══ ================================================================================
    Sigma Outlier Detection: median=-0.000, MAD=0.027, sigma=0.040
      Threshold=0.239 (6.0σ), Count=762
    INPOP19a (from step_003): η = -3.177e-04 ± 6.052e-05 (5.25σ), r = -0.03290
    DE430 (from step_006): η = -7.041e-04 ± 1.182e-04 (5.96σ), r = -0.00015
    Sign consistency: True
    INPOP19a weight: 0.968 (baseline: 35.5 years)
    DE430 weight:   0.032 (baseline: 4.5 years)
    Meta-Analysis Results:
      Combined η (statistical only): -3.302e-04 ± 5.869e-05 (5.63σ)
      Systematic uncertainty: 3.864e-04
      Combined η (total uncertainty): -3.302e-04 ± 3.908e-04 (0.84σ)
      Sign consistency: both ephemerides show same sign (qualitative check)
✓   Meta-Analysis Complete
    Primary result: η = -3.302e-04 ± 3.908e-04 (0.84σ)
Results saved to results/outputs/step_007_meta_analysis.json
✓   Step 007 Complete

✓  PASS  step_007_meta_analysis.py  (0.7s)

──────────────────────────────────────────────────────────────────────
 [ 10/58]  Full Canonical: step_008_systematic_error_analysis.py
──────────────────────────────────────────────────────────────────────

═══ Starting Systematic Error Analysis...
    Loaded 26,207 observations from data/processed/INPOP19a_all_stations_residuals.csv

    Analyzing 5 stations for systematic errors...
    Total observations: 26,207
    Residual threshold for 'clean' status: 0.15 m

    ✓ Station APO:
        N obs     = 2,595
        RMS       = 0.0316 m
        Status    = CLEAN
    ✓ Station Grasse:
        N obs     = 19,390
        RMS       = 0.0987 m
        Status    = CLEAN
    ✓ Station Matera:
        N obs     = 346
        RMS       = 0.0619 m
        Status    = CLEAN
    ✓ Station McDonald2:
        N obs     = 3,139
        RMS       = 0.0956 m
        Status    = CLEAN
    ✓ Station Haleakala:
        N obs     = 737
        RMS       = 0.1384 m
        Status    = CLEAN

═══ Systematic Analysis Summary:
      Clean stations:  5/5
      Noisy stations:  0/5
      Overall status:  PASS

═══ Generating Data-Driven Systematic Error Budget (v2: elongation-correlated)...

═══ Systematic Error Budget Table (DATA-DRIVEN):
    Source                                   Magnitude (cm)     % Contribution 
    ---------------------------------------------------------------------------
    Ephemeris modeling (cross-ephemeris scatter) 0.25               61.0           
    Atmospheric delay modeling               0.08               19.5           
    Instrumental systematic                  0.01               2.4            
    Tidal modeling                           0.01               2.4            
    Thermal expansion                        0.06               14.6           
    Unexplained residual variance            0.00               0.0            
    ---------------------------------------------------------------------------
    Total Budget (quadrature)                0.27               -              
    Total Budget (linear sum)                0.41               -              
    Observed RMS                             9.48               -              

Results saved to results/outputs/step_008_systematic_error_analysis.json
✓   Systematic Error Analysis Complete.

✓  PASS  step_008_systematic_error_analysis.py  (0.3s)

──────────────────────────────────────────────────────────────────────
 [ 11/58]  Full Canonical: step_009_ephemeris_independent_analysis.py
──────────────────────────────────────────────────────────────────────

═══ Starting Ephemeris-Independent Analysis...
═══ ═══ Starting Step 009: Systematic-Corrected Residual Analysis...
    ═══ STEP PURPOSE: Test TEP detection on residuals after systematic corrections
    ═══ METHOD: Linear regression using corrected residuals (systematic errors removed)
    ═══ DATA SUMMARY
        Dataset: N = 26,207 observations
        Data source: INPOP19a_all_stations_residuals.csv
    ═══ ANALYSIS TRACE
>>> >>> Performing linear regression on corrected residuals
        Linear Regression Complete (N=26207, DOF=26205):
          RSS = 2.353485e+02
          χ²_red = 0.008981
          Birge Ratio = 0.095
          Condition Number κ(R) = 2.12e+00
          Final η = -4.53298314e-04 ± 9.19473276e-05
    ═══ RESULTS SUMMARY
        η = -4.5330e-04 ± 9.1947e-05
        SNR = 4.93σ
        Status = SIGNIFICANT (>3σ)
    ═══ INTERPRETATION
        This test uses ephemeris-independent residuals
        Low SNR expected: systematic correction removes ephemeris-dependent signal
        Result is consistent with TEP being absorbed into ephemeris fit
    ═══ REPRODUCIBILITY
        Output file: results/outputs/step_009_ephemeris_independent_analysis.json
        Data source: INPOP19a_all_stations_residuals.csv
Results saved to results/outputs/step_009_ephemeris_independent_analysis.json
✓   Analysis Complete.

✓  PASS  step_009_ephemeris_independent_analysis.py  (0.6s)

──────────────────────────────────────────────────────────────────────
 [ 12/58]  Full Canonical: step_010_systematic_control_analysis.py
──────────────────────────────────────────────────────────────────────

═══ Starting Systematic Control Analysis...
    ============================================================
═══ SYSTEMATIC CONTROL ANALYSIS - DETAILED TRACE
    ============================================================
    [DATA] Dataset: N=26,207 observations
    [DATA] Residual range: [-1.036197, 1.554217] m
    [DATA] cos(elongation) range: [-0.999987, 0.986199]
    [DATA] JD range: [2445797.9497, 2458767.9708]

>>> TEST 1: UNCONTROLLED CORRELATION (BASELINE)
      [CALC] r_original = -3.044049e-02
      [CALC] p_original = 8.27e-07
      [CALC] Significance: 4.93σ

>>> TEST 2: CONTROLLING FOR LINEAR TIME TREND
      [CALC] Time trend coefficient: -1.967789e-02
      [CALC] r_partial (time controlled): -2.759946e-02
      [CALC] p_partial: 7.87e-06
      [CALC] Signal attenuation: 9.3%

>>> TEST 3: CONTROLLING FOR QUADRATIC TIME TREND
      [CALC] r_partial (quad controlled): -3.214879e-02
      [CALC] p_partial: 1.93e-07

>>> TEST 4: CONTROLLING FOR SEASONAL AND LUNAR CYCLES
      [CALC] Controlled for: Annual, Sidereal (27.32d), Anomalistic (27.55d)
      [CALC] r_combined (all controlled): -3.477635e-02
      [CALC] p_combined: 1.79e-08
Results saved to results/outputs/step_010_systematic_control_analysis.json
✓   Control Analysis Complete.

✓  PASS  step_010_systematic_control_analysis.py  (0.7s)

──────────────────────────────────────────────────────────────────────
 [ 13/58]  Full Canonical: step_011_noise_signal_injection.py
──────────────────────────────────────────────────────────────────────

═══ Starting Noise/Signal Injection Tests...
    ============================================================
═══ NOISE/SIGNAL INJECTION TESTS - PIPELINE VALIDATION
⚠   WARNING: INJECTION TESTS PERTURB REAL INPOP19A RESIDUALS
    PURPOSE: ALGORITHM ROBUSTNESS TESTING ONLY
    ============================================================
    [DATA] Original dataset: N=26,207 observations
    [DATA] Original RMS: 0.094809 m
    [DATA] Original residual range: [-1.036197, 1.554217] m

>>> TEST 1: NULL TEST (SHUFFLED RESIDUALS)
      Purpose: Verify that destroying phase correlation eliminates signal
      [CALC] Linear regression on shuffled data:
      [CALC]    η estimate: 3.018857e-05
      [CALC]    SNR: 0.33σ
      [CALC]    Expected: SNR < 3 (no signal in shuffled data)
✓     [RESULT] PASS ✓

>>> TEST 2: NOISE ROBUSTNESS (ADDITIVE GAUSSIAN NOISE)
      Purpose: Determine how much noise signal can survive
✓     [CALC] Noise level 0.5× RMS: η = -4.140974e-04, SNR = 4.02σ ✓
✓     [CALC] Noise level 1.0× RMS: η = -4.332443e-04, SNR = 3.33σ ✓
      [CALC] Noise level 2.0× RMS: η = -4.259049e-04, SNR = 2.05σ 
      [CALC] Noise level 3.0× RMS: η = -2.551790e-04, SNR = 0.87σ 

>>> TEST 3: SIGNAL RECOVERY (INJECTION INTO PURE NOISE)
      Purpose: Validate pipeline can recover known injected signals
      [DATA] Loaded measured η from step_003: -3.1773e-04
      [CALC] Injected signal parameters:
      [CALC]    η_injected: -3.177267e-04
      [CALC] Recovery results:
      [CALC]    η_recovered: -3.358508e-04
      [CALC]    Recovery error: 5.7%
      [CALC]    SNR: 3.66σ
✓     [RESULT] PASS ✓ (error < 20%)

>>> TEST 4: DETECTION THRESHOLD ANALYSIS
      Purpose: Compute minimum detectable η at various confidence levels
Results saved to results/outputs/step_011_noise_signal_injection.json
✓   Injection Tests Complete.

✓  PASS  step_011_noise_signal_injection.py  (0.7s)

──────────────────────────────────────────────────────────────────────
 [ 14/58]  Full Canonical: step_012_subsample_robustness.py
──────────────────────────────────────────────────────────────────────

═══ Starting Subsample Robustness Test...
    Linear Regression Complete (N=26207, DOF=26205):
      RSS=2.353485e+02, MSE=8.981055e-03, χ²_red=0.009
      Birge Ratio = 0.095 (Scaling factor applied: 1.000)
      Condition Number κ(R) = 2.12e+00
      Final η = -4.53298314e-04 ± 9.19473276e-05
    Linear Regression Complete (N=20965, DOF=20963):
      RSS=1.883914e+02, MSE=8.986854e-03, χ²_red=0.009
      Birge Ratio = 0.095 (Scaling factor applied: 1.000)
      Condition Number κ(R) = 2.11e+00
      Final η = -4.33964001e-04 ± 1.02748905e-04
    Linear Regression Complete (N=20965, DOF=20963):
      RSS=1.880137e+02, MSE=8.968837e-03, χ²_red=0.009
      Birge Ratio = 0.095 (Scaling factor applied: 1.000)
      Condition Number κ(R) = 2.12e+00
      Final η = -4.07446269e-04 ± 1.02956615e-04
    Linear Regression Complete (N=20965, DOF=20963):
      RSS=1.860187e+02, MSE=8.873668e-03, χ²_red=0.009
      Birge Ratio = 0.094 (Scaling factor applied: 1.000)
      Condition Number κ(R) = 2.12e+00
      Final η = -3.92741400e-04 ± 1.02191546e-04
    Linear Regression Complete (N=20965, DOF=20963):
      RSS=1.949134e+02, MSE=9.297975e-03, χ²_red=0.009
      Birge Ratio = 0.096 (Scaling factor applied: 1.000)
      Condition Number κ(R) = 2.12e+00
      Final η = -4.69780496e-04 ± 1.04825921e-04
    Linear Regression Complete (N=20965, DOF=20963):
      RSS=1.888057e+02, MSE=9.006619e-03, χ²_red=0.009
      Birge Ratio = 0.095 (Scaling factor applied: 1.000)
      Condition Number κ(R) = 2.12e+00
      Final η = -4.30732606e-04 ± 1.03009922e-04
    Linear Regression Complete (N=20965, DOF=20963):
      RSS=1.844065e+02, MSE=8.796762e-03, χ²_red=0.009
      Birge Ratio = 0.094 (Scaling factor applied: 1.000)
      Condition Number κ(R) = 2.11e+00
      Final η = -4.76182486e-04 ± 1.01626733e-04
    Linear Regression Complete (N=20965, DOF=20963):
      RSS=1.820666e+02, MSE=8.685140e-03, χ²_red=0.009
      Birge Ratio = 0.093 (Scaling factor applied: 1.000)
      Condition Number κ(R) = 2.12e+00
      Final η = -4.52620317e-04 ± 1.01261339e-04
    Linear Regression Complete (N=20965, DOF=20963):
      RSS=1.871124e+02, MSE=8.925839e-03, χ²_red=0.009
      Birge Ratio = 0.094 (Scaling factor applied: 1.000)
      Condition Number κ(R) = 2.11e+00
      Final η = -4.33319294e-04 ± 1.02393780e-04
    Linear Regression Complete (N=20965, DOF=20963):
      RSS=1.925336e+02, MSE=9.184450e-03, χ²_red=0.009
      Birge Ratio = 0.096 (Scaling factor applied: 1.000)
      Condition Number κ(R) = 2.12e+00
      Final η = -4.36908653e-04 ± 1.04223415e-04
    Linear Regression Complete (N=20965, DOF=20963):
      RSS=1.892642e+02, MSE=9.028488e-03, χ²_red=0.009
      Birge Ratio = 0.095 (Scaling factor applied: 1.000)
      Condition Number κ(R) = 2.11e+00
      Final η = -4.05035940e-04 ± 1.02999697e-04
    Linear Regression Complete (N=20965, DOF=20963):
      RSS=1.935534e+02, MSE=9.233098e-03, χ²_red=0.009
      Birge Ratio = 0.096 (Scaling factor applied: 1.000)
      Condition Number κ(R) = 2.11e+00
      Final η = -4.14543988e-04 ± 1.04010496e-04
    Linear Regression Complete (N=23612, DOF=23610):
      RSS=2.327587e+02, MSE=9.858480e-03, χ²_red=0.010
      Birge Ratio = 0.099 (Scaling factor applied: 1.000)
      Condition Number κ(R) = 2.14e+00
      Final η = -4.83731989e-04 ± 1.03090078e-04
    Linear Regression Complete (N=6817, DOF=6815):
      RSS=4.665247e+01, MSE=6.845556e-03, χ²_red=0.007
      Birge Ratio = 0.083 (Scaling factor applied: 1.000)
      Condition Number κ(R) = 2.48e+00
      Final η = -1.64531155e-04 ± 1.75279060e-04
    Linear Regression Complete (N=25861, DOF=25859):
      RSS=2.340236e+02, MSE=9.049987e-03, χ²_red=0.009
      Birge Ratio = 0.095 (Scaling factor applied: 1.000)
      Condition Number κ(R) = 2.11e+00
      Final η = -4.54544471e-04 ± 9.25726428e-05
    Linear Regression Complete (N=23068, DOF=23066):
      RSS=2.067142e+02, MSE=8.961856e-03, χ²_red=0.009
      Birge Ratio = 0.095 (Scaling factor applied: 1.000)
      Condition Number κ(R) = 2.05e+00
      Final η = -4.55607763e-04 ± 9.56864963e-05
    Linear Regression Complete (N=25470, DOF=25468):
      RSS=2.212218e+02, MSE=8.686264e-03, χ²_red=0.009
      Birge Ratio = 0.093 (Scaling factor applied: 1.000)
      Condition Number κ(R) = 2.09e+00
      Final η = -4.90006895e-04 ± 9.09688660e-05
    Linear Regression Complete (N=24910, DOF=24908):
      RSS=2.340162e+02, MSE=9.395221e-03, χ²_red=0.009
      Birge Ratio = 0.097 (Scaling factor applied: 1.000)
      Condition Number κ(R) = 2.13e+00
      Final η = -4.63555777e-04 ± 9.71714935e-05
    Linear Regression Complete (N=16512, DOF=16510):
      RSS=1.398042e+02, MSE=8.467852e-03, χ²_red=0.008
      Birge Ratio = 0.092 (Scaling factor applied: 1.000)
      Condition Number κ(R) = 2.18e+00
      Final η = -3.38282540e-04 ± 1.14907313e-04
    Linear Regression Complete (N=26034, DOF=26032):
      RSS=2.346336e+02, MSE=9.013278e-03, χ²_red=0.009
      Birge Ratio = 0.095 (Scaling factor applied: 1.000)
      Condition Number κ(R) = 2.11e+00
      Final η = -4.51018978e-04 ± 9.22521729e-05
    Linear Regression Complete (N=24638, DOF=24636):
      RSS=2.206141e+02, MSE=8.954947e-03, χ²_red=0.009
      Birge Ratio = 0.095 (Scaling factor applied: 1.000)
      Condition Number κ(R) = 2.09e+00
      Final η = -4.72696335e-04 ± 9.36362055e-05
    Linear Regression Complete (N=25838, DOF=25836):
      RSS=2.280040e+02, MSE=8.825049e-03, χ²_red=0.009
      Birge Ratio = 0.094 (Scaling factor applied: 1.000)
      Condition Number κ(R) = 2.11e+00
      Final η = -4.66048969e-04 ± 9.14059865e-05
    Linear Regression Complete (N=26207, DOF=26205):
      RSS=2.244278e+02, MSE=8.564311e-03, χ²_red=0.009
      Birge Ratio = 0.093 (Scaling factor applied: 1.000)
      Condition Number κ(R) = 2.46e+00
      Final η = -5.07552354e-05 ± 1.02917209e-04
Results saved to results/outputs/step_012_subsample_robustness.json
Results saved to results/outputs/step_012_station_dominance.json
✓   Robustness Analysis Complete.

✓  PASS  step_012_subsample_robustness.py  (0.7s)

──────────────────────────────────────────────────────────────────────
 [ 15/58]  Full Canonical: step_013_station_decomposition.py
──────────────────────────────────────────────────────────────────────

═══ Starting Station Decomposition Analysis...
    Linear Regression Complete (N=2595, DOF=2593):
      RSS=2.582927e+00, MSE=9.961152e-04, χ²_red=0.001
      Birge Ratio = 0.032 (Scaling factor applied: 1.000)
      Condition Number κ(R) = 1.95e+00
      Final η = -2.39835567e-04 ± 8.66412451e-05
    Linear Regression Complete (N=19390, DOF=19388):
      RSS=1.886682e+02, MSE=9.731186e-03, χ²_red=0.010
      Birge Ratio = 0.099 (Scaling factor applied: 1.000)
      Condition Number κ(R) = 2.04e+00
      Final η = -5.40178767e-04 ± 1.08752371e-04
    Linear Regression Complete (N=346, DOF=344):
      RSS=1.323291e+00, MSE=3.846776e-03, χ²_red=0.004
      Birge Ratio = 0.062 (Scaling factor applied: 1.000)
      Condition Number κ(R) = 3.40e+00
      Final η = -1.81311538e-05 ± 8.70658166e-04
    Linear Regression Complete (N=3139, DOF=3137):
      RSS=2.863186e+01, MSE=9.127146e-03, χ²_red=0.009
      Birge Ratio = 0.096 (Scaling factor applied: 1.000)
      Condition Number κ(R) = 3.06e+00
      Final η = -5.00935607e-04 ± 3.60578299e-04
    Linear Regression Complete (N=737, DOF=735):
      RSS=1.397850e+01, MSE=1.901837e-02, χ²_red=0.019
      Birge Ratio = 0.138 (Scaling factor applied: 1.000)
      Condition Number κ(R) = 4.15e+00
      Final η = 3.55351087e-03 ± 1.44874881e-03
Results saved to results/outputs/step_013_station_decomposition.json
✓   Decomposition Complete.

✓  PASS  step_013_station_decomposition.py  (0.6s)

──────────────────────────────────────────────────────────────────────
 [ 16/58]  Full Canonical: step_014_inter_station_consistency.py
──────────────────────────────────────────────────────────────────────

═══ Initiating Inter-Station Consistency Deep Scan...
    Comparing 5 independent instruments:
      APO       : η = -2.3984e-04 ± 8.6641e-05 (SNR=2.77σ)
      Grasse    : η = -5.4018e-04 ± 1.0875e-04 (SNR=4.97σ)
      Matera    : η = -1.8131e-05 ± 8.7066e-04 (SNR=0.02σ)
      McDonald2 : η = -5.0094e-04 ± 3.6058e-04 (SNR=1.39σ)
      Haleakala : η = 3.5535e-03 ± 1.4487e-03 (SNR=2.45σ)

>>> --- META-ANALYSIS SUMMARY ---
    Combined η (fixed effects): -3.5118e-04 ± 6.6335e-05
    Combined SNR:               5.29σ
    Heterogeneity Q-statistic:  12.25 (df=4)
    Heterogeneity p-value:      0.0156
    I² statistic:               67.4%

⚠   RESULT: Significant heterogeneity detected between stations (p < 0.05).
    Systematic station-specific biases must be addressed in discussion.
Results saved to results/outputs/step_014_inter_station_consistency.json
✓   Consistency Analysis Complete.

✓  PASS  step_014_inter_station_consistency.py  (0.6s)

──────────────────────────────────────────────────────────────────────
 [ 17/58]  Full Canonical: step_015_null_tests.py
──────────────────────────────────────────────────────────────────────

═══ Starting Null Tests...
    Spectral analysis complete (N_scan=400):
      Peak 1: f=2.3970 * synodic, SNR=3.59
      Peak 2: f=2.3872 * synodic, SNR=3.59
      Peak 3: f=2.4068 * synodic, SNR=3.59
      Peak 4: f=2.3774 * synodic, SNR=3.59
      Peak 5: f=2.4165 * synodic, SNR=3.59
>>> Found 5 non-physical harmonics for pre-whitening:
      Factor 2.3970 * Synodic (~12.3 days)
      Factor 2.3872 * Synodic (~12.4 days)
      Factor 2.4068 * Synodic (~12.3 days)
      Factor 2.3774 * Synodic (~12.4 days)
      Factor 2.4165 * Synodic (~12.2 days)
/Users/matthewsmawfield/www/Temporal Equivalence Principle/TEP-LLR/scripts/utils/pre_whitening_filter.py:139: RuntimeWarning: divide by zero encountered in matmul
  y_fit = X_full @ coeffs
/Users/matthewsmawfield/www/Temporal Equivalence Principle/TEP-LLR/scripts/utils/pre_whitening_filter.py:139: RuntimeWarning: overflow encountered in matmul
  y_fit = X_full @ coeffs
/Users/matthewsmawfield/www/Temporal Equivalence Principle/TEP-LLR/scripts/utils/pre_whitening_filter.py:139: RuntimeWarning: invalid value encountered in matmul
  y_fit = X_full @ coeffs
✓   Jointly whitened 5 harmonics (N_params=11)
/Users/matthewsmawfield/www/Temporal Equivalence Principle/TEP-LLR/scripts/steps/step_015_null_tests.py:127: RuntimeWarning: divide by zero encountered in matmul
  residuals_null = residuals_white - X_tep @ tep_coeffs
/Users/matthewsmawfield/www/Temporal Equivalence Principle/TEP-LLR/scripts/steps/step_015_null_tests.py:127: RuntimeWarning: overflow encountered in matmul
  residuals_null = residuals_white - X_tep @ tep_coeffs
/Users/matthewsmawfield/www/Temporal Equivalence Principle/TEP-LLR/scripts/steps/step_015_null_tests.py:127: RuntimeWarning: invalid value encountered in matmul
  residuals_null = residuals_white - X_tep @ tep_coeffs
    Linear Regression Complete (N=26207, DOF=26205):
      RSS=2.352174e+02, MSE=8.976049e-03, χ²_red=0.009
      Birge Ratio = 0.095 (Scaling factor applied: 1.000)
      Condition Number κ(R) = 1.07e+01
      Final η = 2.23502366e-07 ± 3.09559630e-04
    Linear Regression Complete (N=26207, DOF=26205):
      RSS=2.352174e+02, MSE=8.976049e-03, χ²_red=0.009
      Birge Ratio = 0.095 (Scaling factor applied: 1.000)
      Condition Number κ(R) = 8.22e+00
      Final η = 1.71528664e-07 ± 2.52024065e-04
    Linear Regression Complete (N=26207, DOF=26205):
      RSS=2.352174e+02, MSE=8.976049e-03, χ²_red=0.009
      Birge Ratio = 0.095 (Scaling factor applied: 1.000)
      Condition Number κ(R) = 6.49e+00
      Final η = 1.34049852e-07 ± 2.11123063e-04
    Linear Regression Complete (N=26207, DOF=26205):
      RSS=2.352174e+02, MSE=8.976049e-03, χ²_red=0.009
      Birge Ratio = 0.095 (Scaling factor applied: 1.000)
      Condition Number κ(R) = 5.24e+00
      Final η = 1.05997388e-07 ± 1.81130025e-04
    Linear Regression Complete (N=26207, DOF=26205):
      RSS=2.352174e+02, MSE=8.976049e-03, χ²_red=0.009
      Birge Ratio = 0.095 (Scaling factor applied: 1.000)
      Condition Number κ(R) = 4.32e+00
      Final η = 8.43166405e-08 ± 1.58603638e-04
    Linear Regression Complete (N=26207, DOF=26205):
      RSS=2.352174e+02, MSE=8.976049e-03, χ²_red=0.009
      Birge Ratio = 0.095 (Scaling factor applied: 1.000)
      Condition Number κ(R) = 3.64e+00
      Final η = 6.70746787e-08 ± 1.41377078e-04
    Linear Regression Complete (N=26207, DOF=26205):
      RSS=2.352174e+02, MSE=8.976049e-03, χ²_red=0.009
      Birge Ratio = 0.095 (Scaling factor applied: 1.000)
      Condition Number κ(R) = 3.14e+00
      Final η = 5.29968642e-08 ± 1.28033187e-04
    Linear Regression Complete (N=26207, DOF=26205):
      RSS=2.352174e+02, MSE=8.976049e-03, χ²_red=0.009
      Birge Ratio = 0.095 (Scaling factor applied: 1.000)
      Condition Number κ(R) = 2.76e+00
      Final η = 4.12118814e-08 ± 1.17615867e-04
    Linear Regression Complete (N=26207, DOF=26205):
      RSS=2.352174e+02, MSE=8.976049e-03, χ²_red=0.009
      Birge Ratio = 0.095 (Scaling factor applied: 1.000)
      Condition Number κ(R) = 2.49e+00
      Final η = 3.11045672e-08 ± 1.09463598e-04
    Linear Regression Complete (N=26207, DOF=26205):
      RSS=2.352174e+02, MSE=8.976049e-03, χ²_red=0.009
      Birge Ratio = 0.095 (Scaling factor applied: 1.000)
      Condition Number κ(R) = 2.30e+00
      Final η = 2.22274899e-08 ± 1.03109392e-04
    Linear Regression Complete (N=26207, DOF=26205):
      RSS=2.352174e+02, MSE=8.976049e-03, χ²_red=0.009
      Birge Ratio = 0.095 (Scaling factor applied: 1.000)
      Condition Number κ(R) = 2.18e+00
      Final η = 1.42460792e-08 ± 9.82184973e-05
    Linear Regression Complete (N=26207, DOF=26205):
      RSS=2.352174e+02, MSE=8.976049e-03, χ²_red=0.009
      Birge Ratio = 0.095 (Scaling factor applied: 1.000)
      Condition Number κ(R) = 2.22e+00
      Final η = -1.30910149e-08 ± 8.93119626e-05
    Linear Regression Complete (N=26207, DOF=26205):
      RSS=2.352174e+02, MSE=8.976049e-03, χ²_red=0.009
      Birge Ratio = 0.095 (Scaling factor applied: 1.000)
      Condition Number κ(R) = 2.31e+00
      Final η = -1.94913772e-08 ± 8.91575934e-05
    Linear Regression Complete (N=26207, DOF=26205):
      RSS=2.352174e+02, MSE=8.976049e-03, χ²_red=0.009
      Birge Ratio = 0.095 (Scaling factor applied: 1.000)
      Condition Number κ(R) = 2.42e+00
      Final η = -2.58764693e-08 ± 8.96831575e-05
    Linear Regression Complete (N=26207, DOF=26205):
      RSS=2.352174e+02, MSE=8.976049e-03, χ²_red=0.009
      Birge Ratio = 0.095 (Scaling factor applied: 1.000)
      Condition Number κ(R) = 2.50e+00
      Final η = -2.97036329e-08 ± 9.02998586e-05
    Linear Regression Complete (N=26207, DOF=26205):
      RSS=2.352174e+02, MSE=8.976049e-03, χ²_red=0.009
      Birge Ratio = 0.095 (Scaling factor applied: 1.000)
      Condition Number κ(R) = 2.55e+00
      Final η = -3.22483741e-08 ± 9.08278160e-05
    Linear Regression Complete (N=26207, DOF=26205):
      RSS=2.352174e+02, MSE=8.976049e-03, χ²_red=0.009
      Birge Ratio = 0.095 (Scaling factor applied: 1.000)
      Condition Number κ(R) = 2.70e+00
      Final η = -3.85407465e-08 ± 9.25194373e-05
    Linear Regression Complete (N=26207, DOF=26205):
      RSS=2.352174e+02, MSE=8.976049e-03, χ²_red=0.009
      Birge Ratio = 0.095 (Scaling factor applied: 1.000)
      Condition Number κ(R) = 2.84e+00
      Final η = -4.45928369e-08 ± 9.46591930e-05
    Linear Regression Complete (N=26207, DOF=26205):
      RSS=2.352174e+02, MSE=8.976049e-03, χ²_red=0.009
      Birge Ratio = 0.095 (Scaling factor applied: 1.000)
      Condition Number κ(R) = 2.99e+00
      Final η = -5.01213325e-08 ± 9.71040091e-05
    Linear Regression Complete (N=26207, DOF=26205):
      RSS=2.352174e+02, MSE=8.976049e-03, χ²_red=0.009
      Birge Ratio = 0.095 (Scaling factor applied: 1.000)
      Condition Number κ(R) = 3.12e+00
      Final η = -5.47034779e-08 ± 9.96502971e-05
    Linear Regression Complete (N=26207, DOF=26205):
      RSS=2.352174e+02, MSE=8.976049e-03, χ²_red=0.009
      Birge Ratio = 0.095 (Scaling factor applied: 1.000)
      Condition Number κ(R) = 3.24e+00
      Final η = -5.77967599e-08 ± 1.02026978e-04
    Linear Regression Complete (N=26207, DOF=26205):
      RSS=2.352174e+02, MSE=8.976049e-03, χ²_red=0.009
      Birge Ratio = 0.095 (Scaling factor applied: 1.000)
      Condition Number κ(R) = 3.33e+00
      Final η = -5.88265141e-08 ± 1.03910230e-04
    Linear Regression Complete (N=26207, DOF=26205):
      RSS=2.352174e+02, MSE=8.976049e-03, χ²_red=0.009
      Birge Ratio = 0.095 (Scaling factor applied: 1.000)
      Condition Number κ(R) = 3.37e+00
      Final η = -5.73536887e-08 ± 1.04970945e-04
    Linear Regression Complete (N=26207, DOF=26205):
      RSS=2.352174e+02, MSE=8.976049e-03, χ²_red=0.009
      Birge Ratio = 0.095 (Scaling factor applied: 1.000)
      Condition Number κ(R) = 3.36e+00
      Final η = -5.32768309e-08 ± 1.04951574e-04
    Linear Regression Complete (N=26207, DOF=26205):
      RSS=2.352174e+02, MSE=8.976049e-03, χ²_red=0.009
      Birge Ratio = 0.095 (Scaling factor applied: 1.000)
      Condition Number κ(R) = 3.30e+00
      Final η = -4.69561712e-08 ± 1.03744226e-04
    Linear Regression Complete (N=26207, DOF=26205):
      RSS=2.352174e+02, MSE=8.976049e-03, χ²_red=0.009
      Birge Ratio = 0.095 (Scaling factor applied: 1.000)
      Condition Number κ(R) = 3.19e+00
      Final η = -3.91550181e-08 ± 1.01427492e-04
    Linear Regression Complete (N=26207, DOF=26205):
      RSS=2.352174e+02, MSE=8.976049e-03, χ²_red=0.009
      Birge Ratio = 0.095 (Scaling factor applied: 1.000)
      Condition Number κ(R) = 3.04e+00
      Final η = -3.08095817e-08 ± 9.82379235e-05
    Linear Regression Complete (N=26207, DOF=26205):
      RSS=2.352174e+02, MSE=8.976049e-03, χ²_red=0.009
      Birge Ratio = 0.095 (Scaling factor applied: 1.000)
      Condition Number κ(R) = 2.88e+00
      Final η = -2.27614511e-08 ± 9.44932807e-05
    Linear Regression Complete (N=26207, DOF=26205):
      RSS=2.352174e+02, MSE=8.976049e-03, χ²_red=0.009
      Birge Ratio = 0.095 (Scaling factor applied: 1.000)
      Condition Number κ(R) = 2.70e+00
      Final η = -1.55900271e-08 ± 9.05100900e-05
    Linear Regression Complete (N=26207, DOF=26205):
      RSS=2.352174e+02, MSE=8.976049e-03, χ²_red=0.009
      Birge Ratio = 0.095 (Scaling factor applied: 1.000)
      Condition Number κ(R) = 2.52e+00
      Final η = -9.58324217e-09 ± 8.65487297e-05
    Linear Regression Complete (N=26207, DOF=26205):
      RSS=2.352174e+02, MSE=8.976049e-03, χ²_red=0.009
      Birge Ratio = 0.095 (Scaling factor applied: 1.000)
      Condition Number κ(R) = 2.35e+00
      Final η = -4.79881644e-09 ± 8.27934705e-05
    Linear Regression Complete (N=26207, DOF=26205):
      RSS=2.352174e+02, MSE=8.976049e-03, χ²_red=0.009
      Birge Ratio = 0.095 (Scaling factor applied: 1.000)
      Condition Number κ(R) = 2.20e+00
      Final η = -1.15123066e-09 ± 7.93571917e-05
    Linear Regression Complete (N=26207, DOF=26205):
      RSS=2.352174e+02, MSE=8.976049e-03, χ²_red=0.009
      Birge Ratio = 0.095 (Scaling factor applied: 1.000)
      Condition Number κ(R) = 2.06e+00
      Final η = 1.51507433e-09 ± 7.62970458e-05
    Linear Regression Complete (N=26207, DOF=26205):
      RSS=2.352174e+02, MSE=8.976049e-03, χ²_red=0.009
      Birge Ratio = 0.095 (Scaling factor applied: 1.000)
      Condition Number κ(R) = 1.93e+00
      Final η = 3.37786061e-09 ± 7.36315754e-05
    Linear Regression Complete (N=26207, DOF=26205):
      RSS=2.352174e+02, MSE=8.976049e-03, χ²_red=0.009
      Birge Ratio = 0.095 (Scaling factor applied: 1.000)
      Condition Number κ(R) = 1.82e+00
      Final η = 4.61123662e-09 ± 7.13549041e-05
    Linear Regression Complete (N=26207, DOF=26205):
      RSS=2.352174e+02, MSE=8.976049e-03, χ²_red=0.009
      Birge Ratio = 0.095 (Scaling factor applied: 1.000)
      Condition Number κ(R) = 1.72e+00
      Final η = 5.37425400e-09 ± 6.94469462e-05
    Linear Regression Complete (N=26207, DOF=26205):
      RSS=2.352174e+02, MSE=8.976049e-03, χ²_red=0.009
      Birge Ratio = 0.095 (Scaling factor applied: 1.000)
      Condition Number κ(R) = 1.64e+00
      Final η = 5.80727681e-09 ± 6.78800977e-05
    Linear Regression Complete (N=26207, DOF=26205):
      RSS=2.352174e+02, MSE=8.976049e-03, χ²_red=0.009
      Birge Ratio = 0.095 (Scaling factor applied: 1.000)
      Condition Number κ(R) = 1.57e+00
      Final η = 6.03149130e-09 ± 6.66232997e-05
    Linear Regression Complete (N=26207, DOF=26205):
      RSS=2.352174e+02, MSE=8.976049e-03, χ²_red=0.009
      Birge Ratio = 0.095 (Scaling factor applied: 1.000)
      Condition Number κ(R) = 1.52e+00
      Final η = 6.14867340e-09 ± 6.56443233e-05
    Linear Regression Complete (N=26207, DOF=26205):
      RSS=2.352174e+02, MSE=8.976049e-03, χ²_red=0.009
      Birge Ratio = 0.095 (Scaling factor applied: 1.000)
      Condition Number κ(R) = 1.48e+00
      Final η = 6.23948865e-09 ± 6.49109385e-05
    Linear Regression Complete (N=26207, DOF=26205):
      RSS=2.352174e+02, MSE=8.976049e-03, χ²_red=0.009
      Birge Ratio = 0.095 (Scaling factor applied: 1.000)
      Condition Number κ(R) = 1.45e+00
      Final η = 6.35930154e-09 ± 6.43914386e-05
    Linear Regression Complete (N=26207, DOF=26205):
      RSS=2.352174e+02, MSE=8.976049e-03, χ²_red=0.009
      Birge Ratio = 0.095 (Scaling factor applied: 1.000)
      Condition Number κ(R) = 1.43e+00
      Final η = 6.53093407e-09 ± 6.40548445e-05
    Linear Regression Complete (N=26207, DOF=26205):
      RSS=2.352174e+02, MSE=8.976049e-03, χ²_red=0.009
      Birge Ratio = 0.095 (Scaling factor applied: 1.000)
      Condition Number κ(R) = 1.42e+00
      Final η = 6.73421361e-09 ± 6.38710031e-05
    Linear Regression Complete (N=26207, DOF=26205):
      RSS=2.352174e+02, MSE=8.976049e-03, χ²_red=0.009
      Birge Ratio = 0.095 (Scaling factor applied: 1.000)
      Condition Number κ(R) = 1.42e+00
      Final η = 6.89259948e-09 ± 6.38107186e-05
    Linear Regression Complete (N=26207, DOF=26205):
      RSS=2.352174e+02, MSE=8.976049e-03, χ²_red=0.009
      Birge Ratio = 0.095 (Scaling factor applied: 1.000)
      Condition Number κ(R) = 1.42e+00
      Final η = 6.85771415e-09 ± 6.38459945e-05
    Linear Regression Complete (N=26207, DOF=26205):
      RSS=2.352174e+02, MSE=8.976049e-03, χ²_red=0.009
      Birge Ratio = 0.095 (Scaling factor applied: 1.000)
      Condition Number κ(R) = 1.43e+00
      Final η = 6.39318969e-09 ± 6.39504119e-05
    Linear Regression Complete (N=26207, DOF=26205):
      RSS=2.352174e+02, MSE=8.976049e-03, χ²_red=0.009
      Birge Ratio = 0.095 (Scaling factor applied: 1.000)
      Condition Number κ(R) = 1.44e+00
      Final η = 5.15976209e-09 ± 6.40996252e-05
    Linear Regression Complete (N=26207, DOF=26205):
      RSS=2.352174e+02, MSE=8.976049e-03, χ²_red=0.009
      Birge Ratio = 0.095 (Scaling factor applied: 1.000)
      Condition Number κ(R) = 1.45e+00
      Final η = 2.70385185e-09 ± 6.42719168e-05
    Linear Regression Complete (N=26207, DOF=26205):
      RSS=2.352174e+02, MSE=8.976049e-03, χ²_red=0.009
      Birge Ratio = 0.095 (Scaling factor applied: 1.000)
      Condition Number κ(R) = 1.47e+00
      Final η = -1.54817980e-09 ± 6.44487241e-05
    Linear Regression Complete (N=26207, DOF=26205):
      RSS=2.352174e+02, MSE=8.976049e-03, χ²_red=0.009
      Birge Ratio = 0.095 (Scaling factor applied: 1.000)
      Condition Number κ(R) = 1.48e+00
      Final η = -8.28836598e-09 ± 6.46150462e-05
    Linear Regression Complete (N=26207, DOF=26205):
      RSS=2.352174e+02, MSE=8.976049e-03, χ²_red=0.009
      Birge Ratio = 0.095 (Scaling factor applied: 1.000)
      Condition Number κ(R) = 1.49e+00
      Final η = -1.83171102e-08 ± 6.47596484e-05
    Linear Regression Complete (N=26207, DOF=26205):
      RSS=2.352174e+02, MSE=8.976049e-03, χ²_red=0.009
      Birge Ratio = 0.095 (Scaling factor applied: 1.000)
      Condition Number κ(R) = 1.49e+00
      Final η = -3.25247517e-08 ± 6.48750198e-05
    Linear Regression Complete (N=26207, DOF=26205):
      RSS=2.352174e+02, MSE=8.976049e-03, χ²_red=0.009
      Birge Ratio = 0.095 (Scaling factor applied: 1.000)
      Condition Number κ(R) = 1.50e+00
      Final η = -5.18654238e-08 ± 6.49570799e-05
    Linear Regression Complete (N=26207, DOF=26205):
      RSS=2.352174e+02, MSE=8.976049e-03, χ²_red=0.009
      Birge Ratio = 0.095 (Scaling factor applied: 1.000)
      Condition Number κ(R) = 1.50e+00
      Final η = -7.73243289e-08 ± 6.50046811e-05
    Linear Regression Complete (N=26207, DOF=26205):
      RSS=2.352174e+02, MSE=8.976049e-03, χ²_red=0.009
      Birge Ratio = 0.095 (Scaling factor applied: 1.000)
      Condition Number κ(R) = 1.50e+00
      Final η = -1.09879585e-07 ± 6.50189794e-05
    Deep Scan Multi-frequency Null Test Summary:
      Primary factor (1.23×) SNR: 0.00σ
      Worst clean null factor: 3.20×, SNR=0.00σ
Results saved to results/outputs/step_015_null_tests.json
✓   Null Tests Complete.

✓  PASS  step_015_null_tests.py  (1.1s)

──────────────────────────────────────────────────────────────────────
 [ 18/58]  Full Canonical: step_016_bayesian_analysis.py
──────────────────────────────────────────────────────────────────────

═══ Starting Bayesian MCMC Analysis...
    ============================================================
═══ BAYESIAN MCMC ANALYSIS - DETAILED TRACE
    ============================================================
    Applied 6σ MAD outlier cleaning: removed 762/26207 outliers
    [DATA] Dataset: N=25445 observations
    [DATA] Residual mean: -3.597882e-04 m
    [DATA] Residual std:  6.166717e-02 m
    [DATA] Mean uncertainty: 9.201876e-02 m
    [DATA] cos(elongation) mean: -0.167153
    [DATA] cos(elongation) std:  0.491130
      [CALC] OLS-derived initial position: η=-3.177267e-04, b=-1.050206e-03

>>> MCMC CONFIGURATION
      [CALC] Number of walkers: 32
      [CALC] Total steps: 3000
      [CALC] Burn-in steps: 1000
      [CALC] Thinning factor: 20
      [CALC] Initial position: η=-3.177267e-04, b=-1.050206e-03
      [CALC] Prior bounds: η∈[-0.01, 0.01], b∈[-0.1, 0.1]
      [CALC] Expected samples after burn-in/thin: 3200
    Running MCMC with 32 walkers for 3000 steps...
  0%|          | 0/3000 [00:00<?, ?it/s]  3%|▎         | 78/3000 [00:00<00:03, 771.33it/s]  5%|▌         | 163/3000 [00:00<00:03, 811.18it/s]  8%|▊         | 245/3000 [00:00<00:03, 770.38it/s] 11%|█         | 323/3000 [00:00<00:03, 673.43it/s] 13%|█▎        | 392/3000 [00:00<00:04, 635.13it/s] 15%|█▌        | 462/3000 [00:00<00:03, 653.29it/s] 18%|█▊        | 545/3000 [00:00<00:03, 704.85it/s] 21%|██        | 617/3000 [00:00<00:03, 641.91it/s] 23%|██▎       | 684/3000 [00:01<00:03, 646.94it/s] 25%|██▌       | 751/3000 [00:01<00:03, 650.25it/s] 27%|██▋       | 817/3000 [00:01<00:03, 618.45it/s] 30%|██▉       | 891/3000 [00:01<00:03, 651.17it/s] 32%|███▏      | 957/3000 [00:01<00:03, 614.77it/s] 34%|███▍      | 1020/3000 [00:01<00:03, 556.67it/s] 36%|███▋      | 1095/3000 [00:01<00:03, 604.36it/s] 39%|███▊      | 1158/3000 [00:01<00:03, 576.50it/s] 41%|████      | 1219/3000 [00:01<00:03, 581.88it/s] 43%|████▎     | 1303/3000 [00:02<00:02, 653.02it/s] 46%|████▌     | 1370/3000 [00:02<00:02, 598.85it/s] 48%|████▊     | 1432/3000 [00:02<00:02, 587.56it/s] 50%|█████     | 1511/3000 [00:02<00:02, 641.34it/s] 53%|█████▎    | 1577/3000 [00:02<00:02, 619.46it/s] 55%|█████▍    | 1640/3000 [00:02<00:02, 608.29it/s] 57%|█████▋    | 1707/3000 [00:02<00:02, 622.86it/s] 59%|█████▉    | 1770/3000 [00:02<00:02, 602.00it/s] 61%|██████    | 1831/3000 [00:02<00:01, 593.55it/s] 63%|██████▎   | 1891/3000 [00:03<00:01, 586.68it/s] 66%|██████▌   | 1966/3000 [00:03<00:01, 629.95it/s] 68%|██████▊   | 2030/3000 [00:03<00:01, 625.09it/s] 70%|██████▉   | 2093/3000 [00:03<00:01, 546.35it/s] 72%|███████▏  | 2150/3000 [00:03<00:01, 549.20it/s] 74%|███████▎  | 2207/3000 [00:03<00:01, 549.95it/s] 75%|███████▌  | 2263/3000 [00:03<00:01, 508.84it/s] 77%|███████▋  | 2315/3000 [00:03<00:01, 463.83it/s] 79%|███████▉  | 2363/3000 [00:03<00:01, 449.13it/s] 80%|████████  | 2409/3000 [00:04<00:01, 432.47it/s] 82%|████████▏ | 2463/3000 [00:04<00:01, 459.73it/s] 85%|████████▍ | 2545/3000 [00:04<00:00, 556.81it/s] 87%|████████▋ | 2603/3000 [00:04<00:00, 498.46it/s] 88%|████████▊ | 2655/3000 [00:04<00:00, 434.10it/s] 90%|█████████ | 2701/3000 [00:04<00:00, 397.60it/s] 92%|█████████▏| 2752/3000 [00:04<00:00, 424.23it/s] 94%|█████████▍| 2821/3000 [00:04<00:00, 491.02it/s] 96%|█████████▌| 2885/3000 [00:05<00:00, 529.59it/s] 98%|█████████▊| 2941/3000 [00:05<00:00, 521.41it/s]100%|█████████▉| 2999/3000 [00:05<00:00, 534.45it/s]100%|██████████| 3000/3000 [00:05<00:00, 570.21it/s]

>>> MCMC CHAIN DIAGNOSTICS
      [CALC] Acceptance fraction per walker:
      [CALC]    Walker  1: 0.720
      [CALC]    Walker  2: 0.723
      [CALC]    Walker  3: 0.689
      [CALC]    Walker  4: 0.716
      [CALC]    Walker  5: 0.706
      [CALC] Mean acceptance: 0.713 ± 0.010
      [CALC] Acceptable range: 0.2-0.5 (ensemble sampler)
      [CALC] Gelman-Rubin R̂ (convergence diagnostic):
✓     [CALC]    R̂_η = 1.0012 ✓ converged
✓     [CALC]    R̂_b = 1.0021 ✓ converged
      [CALC]    Target: R̂ < 1.1 for convergence
      [CALC] Post-burn-in chain shape: (2000, 32, 2)
      [CALC] Chain evolution (η):
      [CALC]    Step 0:   mean=-3.376661e-04, std=7.861787e-05
      [CALC]    Step 100: mean=-3.051212e-04, std=6.694349e-05
      [CALC]    Step 500: mean=-2.937661e-04, std=7.900901e-05
      [CALC]    Step 999: mean=-2.791846e-04, std=5.810490e-05

>>> POSTERIOR ANALYSIS
      [CALC] Effective samples: 3200
      [CALC] Thinning reduced samples by factor of 20.0
      [CALC] η posterior statistics:
      [CALC]    Mean:   -2.859494e-04
      [CALC]    Std:    6.504549e-05
      [CALC]    Median: -2.850811e-04
      [CALC]    68% CI: [-3.517299e-04, -2.230483e-04]
      [CALC]    95% CI: [-4.163400e-04, -1.587132e-04]
✓     [CALC]    Includes η=0? NO
      [CALC] b (intercept) posterior statistics:
      [CALC]    Mean:   -4.113824e-04 m
      [CALC]    Std:    4.850325e-04 m
      [CALC] η posterior percentiles:
      [CALC]     1th: -4.408288e-04
      [CALC]     5th: -3.957562e-04
      [CALC]    10th: -3.692787e-04
      [CALC]    25th: -3.296338e-04
      [CALC]    50th: -2.850811e-04
      [CALC]    75th: -2.417072e-04
      [CALC]    90th: -2.050570e-04
      [CALC]    95th: -1.817511e-04
      [CALC]    99th: -1.359301e-04
      [CALC] Savage-Dickey Bandwidth Sensitivity:
      [CALC]    scott_default: 5.16e+06
      [CALC]    silverman: 1.08e+06
      [CALC]    narrow_0.5x: 3.36e+01
      [CALC]    wide_2.0x: 1.26e-01
      [CALC]    Range: 1.26e-01 – 5.16e+06 (ratio 40826173.0x)
⚠     [CALC]    Verdict: Sensitive to bandwidth choice

>>> BAYES FACTOR CALCULATION
      [CALC] Savage-Dickey Density Ratio:
      [CALC]    Prior density at η=0:    5.00e+01
      [CALC]    Posterior KDE at η=0:   9.70e-06
      [CALC]    BF_SD = prior/post =    5.16e+06
      [CALC] BIC Approximation:
      [CALC]    RSS (null model):       96.7633
      [CALC]    RSS (TEP model):        96.6678
      [CALC]    BIC_0 (null):           -141769.58
      [CALC]    BIC_1 (TEP):            -141784.54
      [CALC]    ΔBIC = BIC_0 - BIC_1:   14.96
      [CALC]    BF_BIC = exp(0.5×ΔBIC): 1.77e+03
      [CALC] log₁₀(BF) = 3.25
✓     [CALC] Evidence strength: Decisive
      [CALC] P(TEP|data) with equal priors: 0.999435

    ============================================================
═══ BAYESIAN ANALYSIS SUMMARY
    ============================================================
      Posterior η: -2.859494e-04 ± 6.504549e-05
      95% CI:      [-4.163400e-04, -1.587132e-04]
✓     Bayes Factor: 1.77e+03 (Decisive evidence)
Results saved to results/outputs/step_016_bayesian_analysis.json
✓   Bayesian Analysis Complete.

✓  PASS  step_016_bayesian_analysis.py  (6.1s)

──────────────────────────────────────────────────────────────────────
 [ 19/58]  Full Canonical: step_017_leverage_diagnostics.py
──────────────────────────────────────────────────────────────────────

═══ ═══ Starting Step 017: Leverage Diagnostics Investigation...
    ═══ STEP PURPOSE: Investigate OLS/Theil-Sen factor-of-2 discrepancy and leverage influence on TEP detection
    ═══ METHOD: High-leverage point phase mapping, phased leverage removal, Cook's D excision, bootstrap influence analysis
    ═══ PARAMETERS: Cook's D threshold=4/n, Theil-Sen sample size=10000, bootstrap samples=500
Step 017: Leverage Diagnostics Investigation
    ═══ DATA SUMMARY
        Dataset: N = 26,207 observations
        Data source: INPOP19a_all_stations_residuals.csv
        Mean leverage: 7.631549e-05
        High-leverage threshold: 1.526310e-04
        High-leverage points: 1,432 (5.5%)
    ═══ ANALYSIS TRACE
>>> >>> Analyzing high-leverage point distribution across elongation phases
        Distribution pattern: distributed
High-leverage distribution: distributed
>>> >>> Testing signal persistence with phased leverage removal
>>> >>> Running bootstrap leverage influence analysis
Running bootstrap leverage analysis...
>>> >>> Executing formal Cook's D leverage excision
Executing Formal Cook's D Leverage Excision...
        Excised η (OLS): -3.305e-04 ± 5.847e-05 (SNR: 5.65σ)
Excised ETA (OLS): -3.305e-04 ± 5.847e-05 (SNR: 5.65σ)
    ═══ RESULTS SUMMARY
        Full sample η (OLS): -4.533e-04
        Full sample η (Theil-Sen): -2.041e-04
        OLS/Theil-Sen ratio: 2.22x
        Excised η (Cook's D): -3.305e-04 ± 5.847e-05
        Excised SNR: 5.65σ
        Points removed: 1,031 (3.9%)
    ═══ INTERPRETATION
        Leverage influence assessment: high
        Cook's D excision provides robust η estimate while maintaining high SNR
        Recommended for manuscript: η = -3.31e-04 ± 5.85e-05 (Leverage-Excised OLS)
    ═══ REPRODUCIBILITY
        Output file: results/outputs/step_017_leverage_diagnostics.json
        Cook's D threshold: 4/n
        Theil-Sen sample size: 10000
        Bootstrap samples: 1000
Results saved to results/outputs/step_017_leverage_diagnostics.json
Recommended reporting: η = -3.31e-04 ± 5.85e-05 (Leverage-Excised OLS)
✓   Recommended reporting: η = -3.31e-04 ± 5.85e-05 (Leverage-Excised OLS)

✓  PASS  step_017_leverage_diagnostics.py  (4.4s)

──────────────────────────────────────────────────────────────────────
 [ 20/58]  Full Canonical: step_018_station_quality.py
──────────────────────────────────────────────────────────────────────

═══ ═══ Starting Step 018: Station Quality Diagnostics...
    ═══ STEP PURPOSE: Investigate Haleakala and other station anomalies through quality metrics
    ═══ METHOD: Quality metrics comparison (RMS, outlier rate, gaps), systematic correlation analysis, quality-cut sensitivity tests
    ═══ PARAMETERS: IQR outlier threshold=3×, quality cut max residual=0.5m
Step 018: Station Quality Diagnostics
    ═══ DATA SUMMARY
        Dataset: N = 26,207 observations
        Stations: ['APO', 'Grasse', 'Haleakala', 'Matera', 'McDonald2']
        Data source: INPOP19a_all_stations_residuals.csv
    ═══ ANALYSIS TRACE
>>> >>> Analyzing station quality metrics across all stations
Analyzing station quality metrics...
>>> >>> Detailed analysis of Haleakala anomaly
Detailed analysis of Haleakala anomaly...
>>> >>> Testing Haleakala quality cuts
Testing Haleakala quality cuts...
>>> >>> Analyzing McDonald2 era split
    ═══ RESULTS SUMMARY
        Stations analyzed: 5
        Quality outliers identified: 0
        Haleakala RMS: 13.8 cm
        Haleakala n_obs: 737
        Haleakala likely causes: ['small_sample']
        Multi-station confidence: HIGH
    ═══ INTERPRETATION
        Haleakala positive η explained by: small_sample
        Station quality analysis tests for systematic biases
        Quality-cut sensitivity tests validate signal robustness
    ═══ REPRODUCIBILITY
        Output file: results/outputs/step_018_station_quality.json
        IQR outlier threshold: 3×
        Quality cut max residual: 0.5m
Haleakala RMS: 13.8 cm
Haleakala n_obs: 737
Haleakala likely causes: ['small_sample']
Results saved to results/outputs/step_018_station_quality.json

✓  PASS  step_018_station_quality.py  (0.3s)

──────────────────────────────────────────────────────────────────────
 [ 21/58]  Full Canonical: step_019_systematic_monte_carlo.py
──────────────────────────────────────────────────────────────────────

═══ ═══ Starting Step 019: Systematic Error Monte Carlo Propagation...
    ═══ STEP PURPOSE: Quantify systematic uncertainty through Monte Carlo error propagation for TEP detection
    ═══ METHOD: Ephemeris uncertainties, tidal model variations, atmospheric delay errors, instrumental calibration uncertainties
    ═══ PARAMETERS: MC iterations=500, seed=42, ephemeris position error=0.5m, tidal Love number error=0.01, atmospheric zenith error=5mm
Step 019: Systematic Error Monte Carlo Propagation
    ═══ DATA SUMMARY
        Dataset: N = 26,207 observations
        Data source: INPOP19a_all_stations_residuals.csv
    ═══ ANALYSIS TRACE
Loaded 26207 observations
>>> >>> Running ephemeris uncertainty MC
>>> >>> Running tidal uncertainty MC
>>> >>> Running atmospheric uncertainty MC
>>> >>> Running instrumental uncertainty MC
>>> >>> Running combined systematic MC
Running ephemeris uncertainty MC...
Running tidal uncertainty MC...
Running atmospheric uncertainty MC...
Running instrumental uncertainty MC...
Running combined systematic MC...
    ═══ RESULTS SUMMARY
        Statistical error: ±6.61e-05
        Systematic error: ±2.07e-04
        Total uncertainty: ±2.18e-04
        Signal/Total ratio: 2.1
        Dominant source: SYSTEMATIC
    ═══ INTERPRETATION
        Systematic errors dominate over statistical precision at LLR precision levels
        Data-driven systematic budget: 0.27 cm from step_008_systematic_error_analysis.json
        Recommendation: Report both statistical and systematic uncertainties
    ═══ REPRODUCIBILITY
        Output file: results/outputs/step_019_systematic_monte_carlo.json
        MC iterations: 500
        Random seed: 42
        Statistical error source: step_003_statistical_analysis.json
Results saved to results/outputs/step_019_systematic_monte_carlo.json
Statistical error: ±6.61e-05
Systematic error: ±2.07e-04
Total uncertainty: ±2.18e-04
Signal/Total ratio: 2.1
Dominant source: SYSTEMATIC

✓  PASS  step_019_systematic_monte_carlo.py  (3.1s)

──────────────────────────────────────────────────────────────────────
 [ 22/58]  Full Canonical: step_020_temporal_amplitude.py
──────────────────────────────────────────────────────────────────────

═══ ═══ Starting Step 020: Temporal Amplitude Evolution Analysis...
    ═══ STEP PURPOSE: Investigate whether TEP signal amplitude varies over time (secular trends, instrumental changes)
    ═══ METHOD: Sliding window correlation analysis, secular trend testing, instrumental timeline correlation
    ═══ PARAMETERS: Window size=5 years, step size=2 years, station window=7 years
Step 020: Temporal Amplitude Evolution Analysis
    ═══ DATA SUMMARY
        Dataset: N = 26,207 observations
        Data source: INPOP19a_all_stations_residuals.csv
    ═══ ANALYSIS TRACE
>>> >>> Running sliding window analysis
Running sliding window analysis...
/Users/matthewsmawfield/www/Temporal Equivalence Principle/TEP-LLR/scripts/steps/step_020_temporal_amplitude.py:57: RuntimeWarning: divide by zero encountered in matmul
  resid_fit = residuals - X @ coeffs
/Users/matthewsmawfield/www/Temporal Equivalence Principle/TEP-LLR/scripts/steps/step_020_temporal_amplitude.py:57: RuntimeWarning: overflow encountered in matmul
  resid_fit = residuals - X @ coeffs
/Users/matthewsmawfield/www/Temporal Equivalence Principle/TEP-LLR/scripts/steps/step_020_temporal_amplitude.py:57: RuntimeWarning: invalid value encountered in matmul
  resid_fit = residuals - X @ coeffs
>>> >>> Testing for secular trends
Testing for secular trends...
>>> >>> Correlating with instrumental timeline
Correlating with instrumental timeline...
>>> >>> Station-specific temporal analysis (Grasse, APO)
Station-specific temporal analysis...
    ═══ RESULTS SUMMARY
        Windows analyzed: 16
        Significant windows: 7
        Amplitude trend significant: False
        Consistency assessment: amplitude_varies_significantly
    ═══ INTERPRETATION
        Trend interpretation: amplitude_varies_instrumental
        Physical variation likely: False
        Systematic drift likely: True
    ═══ REPRODUCIBILITY
        Output file: results/outputs/step_020_temporal_amplitude.json
        Window size: 5 years
        Step size: 2 years
Results saved to results/outputs/step_020_temporal_amplitude.json
Windows analyzed: 16
Significant windows: 7
Trend interpretation: amplitude_varies_instrumental

✓  PASS  step_020_temporal_amplitude.py  (0.7s)

──────────────────────────────────────────────────────────────────────
 [ 23/58]  Full Canonical: step_021_ipw_validation.py
──────────────────────────────────────────────────────────────────────

═══ ═══ Starting Step 021: IPW Criteria Monte Carlo Validation...
    ═══ STEP PURPOSE: Validate IPW station-balance test threshold (Δη/ση < 8.0) through simulation
    ═══ METHOD: Simulate station-concentrated signals, measure Δη/ση distribution, compute false positive rate
    ═══ PARAMETERS: MC iterations=500, seed=42, station fractions matching actual LLR data
Step 021: IPW Criteria Monte Carlo Validation
    ═══ DATA SUMMARY
        Measured η from step_003: -3.1773e-04
Loaded measured η from step_003: -3.1773e-04
        Station fractions: Grasse=74%, APO=9.9%, Matera=1.3%, McDonald2=12%, Haleakala=2.8%
    ═══ ANALYSIS TRACE
>>> >>> Simulating 500 genuine signals
>>> >>> Simulating 500 null signals
Simulating 500 genuine signals...
/Users/matthewsmawfield/www/Temporal Equivalence Principle/TEP-LLR/scripts/steps/step_021_ipw_validation.py:104: RuntimeWarning: divide by zero encountered in matmul
  resid_w = yw - Xw @ coeffs
/Users/matthewsmawfield/www/Temporal Equivalence Principle/TEP-LLR/scripts/steps/step_021_ipw_validation.py:104: RuntimeWarning: overflow encountered in matmul
  resid_w = yw - Xw @ coeffs
/Users/matthewsmawfield/www/Temporal Equivalence Principle/TEP-LLR/scripts/steps/step_021_ipw_validation.py:104: RuntimeWarning: invalid value encountered in matmul
  resid_w = yw - Xw @ coeffs
Simulating 500 null signals...
    ═══ RESULTS SUMMARY
        Genuine signal pass rate at 8σ: 100.0%
        Null false positive rate: 0.0%
        Same sign consistency: 98.2%
        Expected Δσ for genuine: 0.7 ± 0.5σ
    ═══ INTERPRETATION
        8.0σ threshold captures 100.0% of genuine signals
        False positive risk: 0.0% (acceptable)
        Same sign reliability: 98.2% (highly reliable)
        IPW test valid for station-balance validation with 8.0σ threshold
    ═══ REPRODUCIBILITY
        Output file: results/outputs/step_021_ipw_validation.json
        MC iterations: 500
        Random seed: 42
        η source: step_003_statistical_analysis.json
Results saved to results/outputs/step_021_ipw_validation.json
Genuine signal pass rate at 8σ: 100.0%
Null false positive rate: 0.0%
Same sign consistency: 98.2%

✓  PASS  step_021_ipw_validation.py  (5.3s)

──────────────────────────────────────────────────────────────────────
 [ 24/58]  Full Canonical: step_022_environmental_modulation.py
──────────────────────────────────────────────────────────────────────

    Computing Earth-Sun distances via Skyfield...
    Using ephemeris: de421.bsp
    Computed distances for 25,445 cleaned observations.
    Distance range: 0.9832 AU to 1.0168 AU
    Removed 762 outliers (6σ threshold)

>>> --- DIFFERENTIAL SUPPRESSION ANALYSIS ---
    Hypothesis: Eta magnitude should scale with solar scalar gradient (varies with solar distance)
    Perihelion threshold: r <= 15th percentile
    Aphelion threshold: r >= 85th percentile

    DEEP PERIHELION (High Shear, r <= 15th percentile):
      N = 3,817
      η = -2.8082e-04 ± 1.9181e-04
      SNR = 1.46σ

    DEEP APHELION (Low Shear, r >= 85th percentile):
      N = 3,818
      η = 7.1236e-05 ± 1.5734e-04
      SNR = 0.45σ
Results saved to results/outputs/step_022_environmental_modulation.json
✓   Environmental Modulation Tests Complete.

✓  PASS  step_022_environmental_modulation.py  (0.8s)

──────────────────────────────────────────────────────────────────────
 [ 25/58]  Full Canonical: step_023_solar_cycle_correlation.py
──────────────────────────────────────────────────────────────────────

═══ ═══ Starting Step 023: Solar Cycle Correlation & Haleakala Station Anomaly...
    ═══ STEP PURPOSE: Test if TEP signal correlates with 11-year solar cycle and investigate Haleakala anomaly
    ═══ METHOD: Compare η at solar minima vs maxima, Monte Carlo permutation test
    ═══ DATA SUMMARY
        Dataset: N = 26,207 observations
        Data source: INPOP19a_all_stations_residuals.csv
        Applied 6σ MAD outlier cleaning: removed 762/26207 outliers
        Cleaned dataset: N = 25,445 observations
/Users/matthewsmawfield/www/Temporal Equivalence Principle/TEP-LLR/scripts/steps/step_023_solar_cycle_correlation.py:77: SettingWithCopyWarning: 
A value is trying to be set on a copy of a slice from a DataFrame.
Try using .loc[row_indexer,col_indexer] = value instead

See the caveats in the documentation: https://pandas.pydata.org/pandas-docs/stable/user_guide/indexing.html#returning-a-view-versus-a-copy
  df_clean['solar_activity'] = solar_idx
    ═══ ANALYSIS TRACE
>>> >>> Comparing TEP signal at solar minima vs maxima
        Low solar activity (index < 0.1): N = 10,234
        High solar activity (index > 0.9): N = 1,344
>>> >>> Investigating Haleakala station anomaly
    ═══ RESULTS SUMMARY
        Solar modulation differential: -1.8876e-03 ± 5.2704e-04
        Differential significance: 3.58σ
        Empirical p-value: 0.0000
        Haleakala η: 2.5708e-03 ± 1.1645e-03
    ═══ INTERPRETATION
        Solar cycle modulation test: SIGNIFICANT
        Haleakala anomaly: EXPLAINED by solar cycle timing
        Limitations: Solar activity index is simplified sine wave model
    ═══ REPRODUCIBILITY
        Output file: results/outputs/step_023_solar_cycle_correlation.json
        Permutations: 10000
        Random seed: 42
Results saved to results/outputs/step_023_solar_cycle_correlation.json
✓   Solar Cycle Correlation Complete.

✓  PASS  step_023_solar_cycle_correlation.py  (8.8s)

──────────────────────────────────────────────────────────────────────
 [ 26/58]  Full Canonical: step_024_thermal_array_modeling.py
──────────────────────────────────────────────────────────────────────

═══ ═══ Starting Thermal Array Modeling...
    ═══ STEP PURPOSE: Calculate theoretical thermal expansion of Apollo retroreflector housings across lunar synodic phase
    ═══ METHOD: Compare aluminum/silica coefficient of thermal expansion over lunar day-night cycle against TEP signal
    ═══ PARAMETERS: Night temp=100K, Day temp=390K, CTE aluminum=23.6e-6, CTE silica=0.55e-6, array thickness=0.15m
>>> Starting Thermal Array Modeling...
    ═══ DATA SUMMARY
        Measured η from step_003: -3.1773e-04
        Computed TEP amplitude: 4.13 mm
Loaded measured η from step_003: -3.1773e-04
Computed TEP amplitude: 4.13 mm
    ═══ ANALYSIS TRACE
>>> >>> Computing maximum aluminum housing thermal expansion
>>> >>> Computing maximum fused silica thermal expansion
>>> >>> Comparing thermal expansion to TEP signal amplitude
    ═══ RESULTS SUMMARY
        Max Aluminum Expansion: 1.027 mm
        Max Fused Silica Expansion: 0.024 mm
        Observed TEP Amplitude: 4.1 mm
        Aluminum/TEP ratio: 24.9%
    ═══ INTERPRETATION
        Is Thermal Artifact Plausible? False
        Structural thermal deformation cannot explain the TEP anomaly
        Maximum aluminum expansion is only 24.9% of TEP signal
    ═══ REPRODUCIBILITY
        Output file: results/outputs/step_024_thermal_array_modeling.json
        Temperature range: 100.0K - 390.0K
        Array thickness: 0.15m
        η source: step_003_statistical_analysis.json
    Max Aluminum Expansion: 1.027 mm
    Observed TEP Amplitude: 4.1 mm
    Is Thermal Artifact Plausible? False
✓   Thermal Array Modeling Complete.
    Saved results to results/outputs/step_024_thermal_array_modeling.json

✓  PASS  step_024_thermal_array_modeling.py  (0.4s)

──────────────────────────────────────────────────────────────────────
 [ 27/58]  Full Canonical: step_025_leverage_temporal_clustering.py
──────────────────────────────────────────────────────────────────────

═══ ═══ Starting Leverage Temporal Clustering analysis...
    ═══ STEP PURPOSE: Identify high-leverage points from OLS fit and bin into temporal epochs to investigate OLS vs Theil-Sen divergence
    ═══ METHOD: Cook's Distance calculation, temporal binning (5-year epochs), station distribution analysis
    ═══ PARAMETERS: Cook's D threshold=4/n, epoch bin size=5 years
>>> Starting Leverage Temporal Clustering analysis...
    ═══ DATA SUMMARY
        Dataset: N = 26,207 observations
        Data source: INPOP19a_all_stations_residuals.csv
/Users/matthewsmawfield/www/Temporal Equivalence Principle/TEP-LLR/scripts/steps/step_025_leverage_temporal_clustering.py:30: RuntimeWarning: divide by zero encountered in matmul
  y_pred = X @ beta
/Users/matthewsmawfield/www/Temporal Equivalence Principle/TEP-LLR/scripts/steps/step_025_leverage_temporal_clustering.py:30: RuntimeWarning: overflow encountered in matmul
  y_pred = X @ beta
/Users/matthewsmawfield/www/Temporal Equivalence Principle/TEP-LLR/scripts/steps/step_025_leverage_temporal_clustering.py:30: RuntimeWarning: invalid value encountered in matmul
  y_pred = X @ beta
/Users/matthewsmawfield/www/Temporal Equivalence Principle/TEP-LLR/scripts/steps/step_025_leverage_temporal_clustering.py:36: RuntimeWarning: divide by zero encountered in matmul
  leverage = np.sum((X @ XtX_inv) * X, axis=1)
/Users/matthewsmawfield/www/Temporal Equivalence Principle/TEP-LLR/scripts/steps/step_025_leverage_temporal_clustering.py:36: RuntimeWarning: overflow encountered in matmul
  leverage = np.sum((X @ XtX_inv) * X, axis=1)
/Users/matthewsmawfield/www/Temporal Equivalence Principle/TEP-LLR/scripts/steps/step_025_leverage_temporal_clustering.py:36: RuntimeWarning: invalid value encountered in matmul
  leverage = np.sum((X @ XtX_inv) * X, axis=1)
    ═══ ANALYSIS TRACE
>>> >>> Calculating Cook's Distance for all observations
>>> >>> Identifying high-leverage points (threshold = 1.526310e-04)
>>> >>> Binning high-leverage points into 5-year epochs
>>> >>> Analyzing station distribution of high-leverage points
    ═══ RESULTS SUMMARY
        Total High-Leverage Points: 1,031
        Cook's D threshold: 1.526310e-04
        Clustered Anomalies Detected: True
        Grasse Dominated: True
    ═══ INTERPRETATION
        High-leverage points binned into 5-year epochs
        Overrepresentation factor > 1.5 indicates specific hardware era or localized anomaly
        Station distribution analysis tests for instrument-specific effects
    ═══ REPRODUCIBILITY
        Output file: results/outputs/step_027_leverage_temporal_clustering.json
        Cook's D threshold: 4/n
        Epoch bin size: 5 years
        Data source: INPOP19a_all_stations_residuals.csv
    Total High-Leverage Points: 1031
    Clustered Anomalies Detected? True
✓   Leverage Temporal Clustering Complete.
    Saved results to results/outputs/step_025_leverage_temporal_clustering.json

✓  PASS  step_025_leverage_temporal_clustering.py  (0.4s)

──────────────────────────────────────────────────────────────────────
 [ 28/58]  Full Canonical: step_026_tep_core_density_simulation.py
──────────────────────────────────────────────────────────────────────

>>> Starting TEP Core Density Simulation...
Using ρ_T = 20.0 g/cm³ from GNSS atomic clock correlations (Paper 6, UCD) (independent prior from GNSS)
Calculating Earth and Moon shielding factors from density profiles...
    Earth shielding factor: 3.7098e-02
    Moon shielding factor: 4.9002e-03
    Measured η from LLR: -3.1773e-04 ± 6.0519e-05
    Volumetric η prediction: -9.6594e-05
    (α_0 = 0.003, shielding differential = 3.2198e-02)
    Effective coupling (diagnostic): η/Δshielding = 9.8679e-03
    Shielding differential: 3.2198e-02
    Measured / volumetric prediction ratio: 3.29
    Shielding differential: 3.22e-02
✓   TEP Core Density Simulation Complete.
    Saved results to results/outputs/step_026_tep_core_density_simulation.json

✓  PASS  step_026_tep_core_density_simulation.py  (0.4s)

──────────────────────────────────────────────────────────────────────
 [ 29/58]  Full Canonical: step_027_day_night_thermal_bias.py
──────────────────────────────────────────────────────────────────────

Computing Solar Altitude for 26,000+ observations... (Vectorized for M4 Pro)
/Users/matthewsmawfield/www/Temporal Equivalence Principle/TEP-LLR/scripts/steps/step_027_day_night_thermal_bias.py:47: RuntimeWarning: divide by zero encountered in matmul
  resid = y - X @ beta
/Users/matthewsmawfield/www/Temporal Equivalence Principle/TEP-LLR/scripts/steps/step_027_day_night_thermal_bias.py:47: RuntimeWarning: overflow encountered in matmul
  resid = y - X @ beta
/Users/matthewsmawfield/www/Temporal Equivalence Principle/TEP-LLR/scripts/steps/step_027_day_night_thermal_bias.py:47: RuntimeWarning: invalid value encountered in matmul
  resid = y - X @ beta
DAY / NIGHT THERMAL FALSE POSITIVE INVESTIGATION

  Station     N  Day_Ranged_Percent  Day_Minus_Night_Bias_mm  Spurious_Eta  Original_Eta  Cleaned_Eta_After_Solar_Modeling  Cleaned_P_Val
      APO  2595           45.741811                 6.545285      0.000503     -0.000240                         -0.000310       0.000392
   Grasse 19390           44.321815                -3.138390     -0.000241     -0.000540                         -0.000506       0.000006
   Matera   346           21.676301               -28.043038     -0.002157     -0.000018                          0.000727       0.410232
McDonald2  3139           42.179038               -16.557208     -0.001274     -0.000501                         -0.000319       0.376619
Haleakala   737           33.378562                41.637844      0.003203      0.003554                          0.003103       0.031702
GLOBAL ANALYSIS:
/Users/matthewsmawfield/www/Temporal Equivalence Principle/TEP-LLR/scripts/steps/step_027_day_night_thermal_bias.py:47: RuntimeWarning: divide by zero encountered in matmul
  resid = y - X @ beta
/Users/matthewsmawfield/www/Temporal Equivalence Principle/TEP-LLR/scripts/steps/step_027_day_night_thermal_bias.py:47: RuntimeWarning: overflow encountered in matmul
  resid = y - X @ beta
/Users/matthewsmawfield/www/Temporal Equivalence Principle/TEP-LLR/scripts/steps/step_027_day_night_thermal_bias.py:47: RuntimeWarning: invalid value encountered in matmul
  resid = y - X @ beta
Original Global Eta: -0.00045329831411731363
Solar Altitude Parameter: -3.442668500218242e-05 p-val: 0.28117598752052375
Cleaned Global Eta (Controlling for Sun Altitude/Thermal): -0.0004191017455621734
Cleaned Global P-Value for Cos(Elongation): 7.7468819137394e-06
Results saved to results/outputs/step_027_day_night_thermal_bias.json

✓  PASS  step_027_day_night_thermal_bias.py  (2.5s)

──────────────────────────────────────────────────────────────────────
 [ 30/58]  Full Canonical: step_028_geometric_elongation.py
──────────────────────────────────────────────────────────────────────

Computing True Geometric Vectors from Astropy (J2000 Ephemeris)... (Vectorized for M4 Pro)
================================================================================
GEOMETRIC VS MEAN PHASE VULNERABILITY INVESTIGATION
================================================================================
Mean Approximation Eta:  -0.00045330 (p-val: 8.2741e-07)
True Geometric Eta:      -0.00045342 (p-val: 8.2179e-07)

Partial Regression (Competing predictors):
   Coefficient for Mean: 21.31189649332284
   Coefficient for True: -21.317714090799925
   P-val for Mean: 1.1025161444151403e-06
   P-val for True: 1.095022507776616e-06
   Corr(cos_mean, cos_true): 1.000000
   VIF (two-predictor): 1.34e+07
   Condition number (design): 1.11e+04

CONCLUSION: After geometric recomputation, cos(D_mean) and cos(D_true) are nearly collinear. The two-predictor partial regression is ill-conditioned and cannot adjudicate dominance. The defensible result is that both single-predictor fits yield the same negative η at essentially identical significance, rejecting the hypothesis that the detection is an artefact of a mean-phase proxy.
Results saved to results/outputs/step_028_geometric_elongation.json

✓  PASS  step_028_geometric_elongation.py  (3.8s)

──────────────────────────────────────────────────────────────────────
 [ 31/58]  Full Canonical: step_029_station_power_analysis.py
──────────────────────────────────────────────────────────────────────

═══ Starting Step 029: Station Power & Grasse Dominance Assessment...
═══ ═══ Starting Step 029: Station Power & Grasse Dominance Assessment...
    ═══ STEP PURPOSE: Assess per-station statistical power and address Grasse dominance concern
    ═══ METHOD: Expected vs observed SNR analysis, Monte Carlo IPW simulation, precision-weighted regression
    ═══ DATA SUMMARY
        Dataset: N = 26,207 observations
        Measured global η: -3.17726662e-04
        Stations: ['APO', 'Grasse', 'Haleakala', 'Matera', 'McDonald2']
    ═══ ANALYSIS TRACE
>>> >>> Performing per-station power analysis
    ═══ RESULTS SUMMARY
        Expected powered stations: 1
        Actually powered stations: 1
        Overall verdict: CONSISTENT
    ═══ INTERPRETATION
        No individual station achieves conventional statistical significance (SNR ≥ 3σ)
        Detection relies on combined analysis with N = 25,177 observations
        Pattern of detections matches per-station power analysis expectations
    ═══ REPRODUCIBILITY
        Output file: results/outputs/step_029_station_power_analysis.json
        Analysis components: Per-station power, phase coverage, IPW simulation, precision-weighted regression
✓   Results saved to results/outputs/step_029_station_power_analysis.json
✓   Status: CONSISTENT

✓  PASS  step_029_station_power_analysis.py  (16.4s)

──────────────────────────────────────────────────────────────────────
 [ 32/58]  Full Canonical: step_030_hardware_epoch_analysis.py
──────────────────────────────────────────────────────────────────────

═══ Starting Step 030: Hardware Epoch Consistency Analysis...
═══ ═══ Starting Step 030: Hardware Epoch Consistency Analysis...
    ═══ STEP PURPOSE: Test whether temporal χ²/dof variation reflects instrumental artifacts or genuine gravitational signal
    ═══ METHOD: Per-hardware-epoch η fits, expected χ² under heteroscedastic noise, amplitude-RMS correlation, sign-consistency audit
    ═══ DATA SUMMARY
        Dataset: N = 26,207 observations
        Stations: ['APO', 'Grasse', 'Haleakala', 'Matera', 'McDonald2']
        Global η from step_003: -3.17726662e-04
    ═══ ANALYSIS TRACE
    ═══ RESULTS SUMMARY
        Epochs analyzed: 7
        Epochs with negative η: 6/7
        All powered epochs negative: True
        χ²/dof observed: 3.95
        χ²/dof expected median: 0.89
        χ² percentile in expected distribution: 100%
        Temporal χ² status: EXCESS_VARIANCE_BUT_SIGN_CONSISTENT
    ═══ INTERPRETATION
        Sign consistency across independent hardware epochs rules out instrumental systematics
        χ² percentile 100% indicates epoch-varying noise, not sign-reversing artifacts
        Limitations: Epoch boundaries are approximate; actual hardware transitions may differ
    ═══ REPRODUCIBILITY
        Output file: results/outputs/step_030_hardware_epoch_analysis.json
        Epoch definitions: Grasse (3 epochs), APO (2 epochs)
        Random seed: 42 (for χ² simulation)
✓   Results saved to results/outputs/step_030_hardware_epoch_analysis.json
✓   Temporal chi2 status: EXCESS_VARIANCE_BUT_SIGN_CONSISTENT

✓  PASS  step_030_hardware_epoch_analysis.py  (1.2s)

──────────────────────────────────────────────────────────────────────
 [ 33/58]  Full Canonical: step_031_lomb_scargle_orbital_dynamics.py
──────────────────────────────────────────────────────────────────────

Starting Lomb-Scargle Orbital Mapping...
Computing high-resolution Lomb-Scargle periodogram...
Mapping top 10 spectral peaks to Delaunay harmonics:
[1] Period: 26.83d | Power: 0.0115 | Match: 3D + -2l + 3l' + 0F (Complex Harmonic) | Err: 5.66e-05 cyc/d
[2] Period: 30.91d | Power: 0.0092 | Match: 2D + -3l + 0l' + 2F (Complex Harmonic) | Err: 6.90e-06 cyc/d
[3] Period: 30.84d | Power: 0.0080 | Match: 1D + 3l + 0l' + -3F (Complex Harmonic) | Err: 7.23e-05 cyc/d
[4] Period: 30.68d | Power: 0.0079 | Match: 0D + 3l + -1l' + -2F (Complex Harmonic) | Err: 4.45e-05 cyc/d
[5] Period: 26.76d | Power: 0.0069 | Match: 2D + -2l + 2l' + 1F (Complex Harmonic) | Err: 3.91e-07 cyc/d
[6] Period: 28.30d | Power: 0.0068 | Match: 0D + 3l + 0l' + -2F (Complex Harmonic) | Err: 4.15e-05 cyc/d
[7] Period: 27.66d | Power: 0.0063 | Match: 1D + 1l + 1l' + -1F (Complex Harmonic) | Err: 1.17e-05 cyc/d
[8] Period: 27.61d | Power: 0.0063 | Match: 0D + 1l + 0l' + 0F (Complex Harmonic) | Err: 7.25e-05 cyc/d
[9] Period: 31.83d | Power: 0.0062 | Match: -1D + 0l + -3l' + 2F (Complex Harmonic) | Err: 3.22e-06 cyc/d
[10] Period: 31.69d | Power: 0.0062 | Match: 1D + -1l + -1l' + 1F (Complex Harmonic) | Err: 2.18e-05 cyc/d
Results saved to results/outputs/step_031_lomb_scargle_orbital_dynamics.json

✓  PASS  step_031_lomb_scargle_orbital_dynamics.py  (19.5s)

──────────────────────────────────────────────────────────────────────
 [ 34/58]  Full Canonical: step_032_ephemeris_orthogonality_proof.py
──────────────────────────────────────────────────────────────────────

    Initiating Ephemeris Orthogonality Spectral Analysis (v2)...
    Step 022 empirical modulation: eta_peri=-2.8082e-04, eta_aph=7.1236e-05
    Empirical modulation depth m = 1.68
    Perihelion-aphelion differential = 1.42σ
    Loaded measured η from step_003: -3.1773e-04
>>> Computing Lomb-Scargle periodograms...
    m=0.017: D-l' power = 0.0147 (ratio to static: 1.1x), sideband fraction = 0.0%
    m=0.100: D-l' power = 0.0219 (ratio to static: 1.6x), sideband fraction = 0.5%
    m=0.500: D-l' power = 0.0776 (ratio to static: 5.8x), sideband fraction = 11.1%
    m=1.000: D-l' power = 0.1598 (ratio to static: 11.9x), sideband fraction = 33.3%
    m=1.680: D-l' power = 0.2354 (ratio to static: 17.5x), sideband fraction = 58.5%

✓   --- SPECTRAL ORTHOGONALITY DECOUPLING ---
    Primary model (m=1.0): D-l' sideband power = 0.1598
      Static model power at same frequency = 0.0134
      TEP/static power ratio = 11.9x
      Theoretical sideband fraction = 33.33%

>>> --- EMPIRICAL CALIBRATION ---
    Step 022 perihelion/aphelion data imply m = 1.68
✓   The m=1.0 model is CONSERVATIVE (empirical m > 1.0)

>>> --- GEOPHYSICAL QUIET SPACE VERIFICATION ---
    Sideband D - l' maps to exactly 32.13 days.
    This frequency is isolated from standard tidal/orbital resonances:
      - Evection limit: 31.81 days
      - Mm Ocean Tide limit: 27.55 days
✓   Result: Classical geophysics cannot natively inject power here without violating bounds.
Results saved to results/outputs/step_032_ephemeris_orthogonality_proof.json
✓   Ephemeris Orthogonality test compiled cleanly.

✓  PASS  step_032_ephemeris_orthogonality_proof.py  (1.9s)

──────────────────────────────────────────────────────────────────────
 [ 35/58]  Full Canonical: step_033_quantitative_eta_prediction.py
──────────────────────────────────────────────────────────────────────

═══ Computing Quantitative η Prediction from TEP...
    Loaded measured η from step_003: -3.1773e-04 ± 6.0519e-05
    ρ_T: 20.0 ± 8.0 g/cm³ (GNSS atomic clock correlations (Paper 6, UCD))

>>> --- THEORETICAL COMPARISON ---
    [Baseline 1] Microscopic-coupling-only η = α_0² Δ(Φ²): 4.3427e-24
        Earth compactness: Φ_⊕/c² = 6.953e-10
        Moon compactness:  Φ_☽/c² = 3.140e-11
        Compactness squared differential: 4.825e-19
    [Baseline 2] Volumetric suppression η = -α_0 Δ⟨(ρ/ρ_T)³⟩: -9.6594e-05
        Shielding differential (step_026): 3.2198e-02
    [Baseline 3] Standard scalar-tensor η ≈ 4α_0²: 3.6000e-05

>>> --- ENHANCEMENT FACTORS ---
    Measured / microscopic-coupling-only: 7.32e+19×
    Measured / standard scalar-tensor (4α_0²): 8.8×
    Measured / volumetric TEP prediction: 3.3×

>>> --- CROSS-DOMAIN COMPARISON (Jakarta v0.8 κ Framework) ---
    κ_MSP (pulsars): ~1.0e+06
    κ_Cep (Cepheids): 1.05e+06 ± 4.30e+05 mag (Paper 11)
    η (LLR): -3.1773e-04 (Solar System screened regime)
    Screening ratio: η/κ_Cep ~ -3.03e-10

>>> --- AMPLITUDE PREDICTION ---
    Measured amplitude: 0.0041 mm
    Microscopic-only amplitude: 5.645528e-23 mm
    Volumetric TEP amplitude: 0.0013 mm

>>> --- SUMMARY ---
    Measured η: -3.1773e-04
    Microscopic-only η: 4.3427e-24
    Standard scalar-tensor η: 3.6000e-05
    Volumetric TEP η: -9.6594e-05
    Amplitude: 0.0041 mm
    Screening ratio η/κ_Cep: -3.03e-10
Results saved to results/outputs/step_033_quantitative_eta_prediction.json
✓   Quantitative η Prediction Complete.

✓  PASS  step_033_quantitative_eta_prediction.py  (0.5s)

──────────────────────────────────────────────────────────────────────
 [ 36/58]  Full Canonical: step_034_static_dynamic_absorption.py
──────────────────────────────────────────────────────────────────────

═══ Initializing Static vs Dynamic Absorption Test...
    Loaded measured η from step_003: -3.1773e-04
>>> Scenario 1: Testing Static η absorption...
      Injected Static η: -3.1773e-04
      Recovered Static η:  -3.1986e-04 (100.7% recovery)
      Residual RMS:        3.98 cm

>>> Scenario 2: Testing Dynamic η (TEP) absorption...
      Injected Dynamic η (mean): -3.1773e-04
      Recovered η (Static Fit):  -3.1809e-04 (100.1% recovery)
      Residual RMS:              4.01 cm

✓   --- ABSORPTION COMPARISON SUMMARY ---
    Static Fit Efficiency:   100.7%
    Dynamic Fit Efficiency:  100.1%
⚠   CONCLUSION: Static solver absorbed the bulk of the signal.
Results saved to results/outputs/step_034_static_dynamic_absorption.json
✓   Static vs Dynamic Absorption Test Complete.

✓  PASS  step_034_static_dynamic_absorption.py  (0.5s)

──────────────────────────────────────────────────────────────────────
 [ 37/58]  Full Canonical: step_035_historical_comparison.py
──────────────────────────────────────────────────────────────────────

    Step 035: Historical Comparison Analysis
    Comparing TEP detection to Müller & Nordtvedt (1998)
    Loading data from: /Users/matthewsmawfield/www/Temporal Equivalence Principle/TEP-LLR/data/processed/INPOP19a_all_stations_residuals.csv
    Loaded 26207 observations
    Analyzing 1998-era subset (1984-1997)...
    Analyzing full sample (1984-2019)...
    Analyzing modern C-SPAD era (2009-2019)...
    Comparing to Müller & Nordtvedt (1998)...
    Results saved to: results/outputs/step_035_historical_comparison.json
    
=== Historical Comparison Summary ===
    Müller & Nordtvedt (1998) reported: 1.0 cm
    TEP 1998-era replication: 0.57 ± 0.39 cm
    TEP modern C-SPAD: 0.38 ± 0.05 cm at 8.2σ
    
Assessment: TEP provides theoretical framework for previously unexplained signal
    Step 035 completed successfully

✓  PASS  step_035_historical_comparison.py  (0.7s)

──────────────────────────────────────────────────────────────────────
 [ 38/58]  Full Canonical: step_036_full_moon_deficit_analysis.py
──────────────────────────────────────────────────────────────────────

    Step 038: Full-Moon Deficit Analysis
    Testing Murphy/Sabhlok full-moon deficit vs TEP predictions
    Loading data from: /Users/matthewsmawfield/www/Temporal Equivalence Principle/TEP-LLR/data/processed/INPOP19a_all_stations_residuals.csv
    Loaded 26207 observations
    Analyzing full-moon deficit pattern...
    Testing TEP vs thermal/dust hypothesis...
    Analyzing heliocentric geometry dependence...
    Results saved to: results/outputs/step_036_full_moon_deficit_analysis.json
    
=== Full-Moon Deficit Analysis Summary ===
    Full-moon observations: 840
    TEP correlation (r²): 0.0009
    Thermal correlation (r²): 0.0008
    Preferred model: TEP
    Step 038 completed successfully

✓  PASS  step_036_full_moon_deficit_analysis.py  (0.6s)

──────────────────────────────────────────────────────────────────────
 [ 39/58]  Full Canonical: step_037_lunar_recession_analysis.py
──────────────────────────────────────────────────────────────────────

    Step 037: Lunar Recession Analysis
    Testing lunar orbit recession anomaly vs TEP predictions
    Loading data from: /Users/matthewsmawfield/www/Temporal Equivalence Principle/TEP-LLR/data/processed/INPOP19a_all_stations_residuals.csv
    Loaded 26207 observations
    Analyzing secular recession trend...
    Testing TEP heliocentric phase dependence...
    Results saved to: results/outputs/step_037_lunar_recession_analysis.json
    
=== Lunar Recession Analysis Summary ===
    Estimated recession: -0.00 ± 0.00 cm/year
    Literature value: 3.82 ± 0.07 cm/year
    Consistency: 54.57σ
    Historical average: 1.7 cm/year (tidal rhythmites)
⚠   Discrepancy: Current rate is ~2.2× higher than long-term average
    TEP interpretation: Dynamical φ field affects orbital evolution
    Step 037 completed successfully

✓  PASS  step_037_lunar_recession_analysis.py  (0.6s)

──────────────────────────────────────────────────────────────────────
 [ 40/58]  Full Canonical: step_038_tidal_resonance_analysis.py
──────────────────────────────────────────────────────────────────────

    Step 038: Tidal Resonance Analysis
    Critiquing North Atlantic resonance explanation vs TEP
    Analyzing tidal resonance model...
    Testing predictive power...
    Results saved to: results/outputs/step_038_tidal_resonance_analysis.json
    
=== Tidal Resonance Analysis Summary ===
    Measured recession: 3.82 cm/yr
    Historical average: 1.70 cm/yr
⚠   Discrepancy: 2.25× higher
    
Resonance Model Critique:
⚠     - Ad hoc (post-hoc fit)
⚠     - Requires fine-tuned continental geometry
⚠     - No physical mechanism for Q change
⚠     - No predictive power
    
TEP Alternative:
      - Physical mechanism (dynamical φ field)
      - No fine-tuning required
      - Makes multiple testable predictions
      - Perihelion-aphelion split: Perihelion η = -2.8082e-04 versus aphelion subset; 1.42σ cosD-only differential (Step 022)
    
Verdict: TEP provides superior explanation
    Step 038 completed successfully

✓  PASS  step_038_tidal_resonance_analysis.py  (0.6s)

──────────────────────────────────────────────────────────────────────
 [ 41/58]  Full Canonical: step_039_dust_sensitivity_analysis.py
──────────────────────────────────────────────────────────────────────

    Step 039: Dust Model Sensitivity Analysis
    Formal parameter sweep of Sabhlok et al. thermal/dust model
    Loaded measured η from step_003: -3.1773e-04
    Computed observed signal amplitude: 4.13 mm
    Running parameter sweep (thermal conductivity, dust coverage)...
    Analyzing logical structure...
    Testing robustness of 4.0× mismatch...
    Results saved to: results/outputs/step_039_dust_sensitivity_analysis.json
    
=== Dust Model Sensitivity Analysis Summary ===
    Sabhlok et al. (2024) Model Critique:
      - Claimed dust coverage: ~50%
⚠     - Actual range (sensitivity analysis): 22% - 95%
⚠     - Model is underdetermined (4 parameters, 2 constraints)
    
Quantitative Mismatch:
      - Observed signal: 4.13 mm
      - Maximum thermal (best case): 2.24 mm
⚠     - Mismatch factor: 1.8×
✗     - Thermal mechanism CANNOT explain signal
    
Logical Analysis:
⚠     - Circular reasoning: Affirming the consequent
      - Alternative (TEP): Makes independent predictions
      - Perihelion-aphelion split: Perihelion η = -2.8082e-04, aphelion subset non-significant; 1.42σ cosD-only differential (Step 022)
    
Verdict: Dust attribution unreliable; TEP superior
    Step 039 completed successfully

✓  PASS  step_039_dust_sensitivity_analysis.py  (0.7s)

──────────────────────────────────────────────────────────────────────
 [ 42/58]  Full Canonical: step_049_eop_systematic_analysis.py
──────────────────────────────────────────────────────────────────────

═══ Starting EOP Systematic Analysis (Step 049)...
    Working with 25445 observations after 6-sigma cleaning
>>> Loading IERS B polar motion data...
    Polar motion range: x=-0.225 to 0.313 arcsec, y=0.022 to 0.597 arcsec
>>> Computing Moon positions for range geometry...
>>> Computing pole tide range effects...
    Pole tide range effect: -8.25 to 10.31 mm
>>> Testing correlations with residuals...
    Pole tide vs residuals: r=0.0682, p=1.3621e-27
    Pole tide cos(D) component: η=-2.4674e-05 (7.99σ)
    Annual part of pole tide cos(D): η=-1.4190e-05 (6.25σ)
    Residual part of pole tide cos(D): η=-1.0483e-05 (5.01σ)
>>> Testing TEP signal with and without EOP corrections...
    Original:              η=-3.1773e-04 (5.25σ)
    After pole tide:         η=-2.9305e-04 (4.85σ)
    After annual pole tide:  η=-3.0354e-04 (5.03σ)
    After Chandler pole tide: η=-3.0724e-04 (5.08σ)
>>> Testing balanced subsample...
    Balanced original:       η=5.5102e-05 (0.18σ), N=1725
    Balanced after pole tide: η=7.3975e-05 (0.24σ), N=1725
>>> Per-station analysis after pole tide removal...
          Grasse: orig=-3.7818e-04(5.73σ)  no_pole=-3.5818e-04(5.45σ)  pole_rms=2.89mm
             APO: orig=-2.3984e-04(2.77σ)  no_pole=-2.5884e-04(3.00σ)  pole_rms=2.07mm
       McDonald2: orig=-8.7928e-05(0.29σ)  no_pole=-6.3606e-05(0.21σ)  pole_rms=4.50mm
          Matera: orig=3.8459e-04(0.46σ)  no_pole=3.7687e-04(0.46σ)  pole_rms=3.89mm
       Haleakala: orig=2.5708e-03(2.21σ)  no_pole=2.3574e-03(2.02σ)  pole_rms=3.37mm
>>> Randomization test for spurious correlation...
    Randomized pole tide cos(D): mean=4.4690e-07, std=3.1894e-06
    Actual vs random Z-score: -7.88
✓   Results saved to /Users/matthewsmawfield/www/Temporal Equivalence Principle/TEP-LLR/results/outputs/step_049_eop_systematic_analysis.json
Results saved to results/outputs/step_049_eop_systematic_analysis.json

✓  PASS  step_049_eop_systematic_analysis.py  (1.4s)

──────────────────────────────────────────────────────────────────────
 [ 43/58]  Full Canonical: step_050_corrected_tep_analysis.py
──────────────────────────────────────────────────────────────────────

═══ ═══ Step 050: Corrected TEP Analysis ═══
    Dataset: N=25,445 (removed 762 outliers)
    --- Model 1: cosD only (baseline) ---
      η = -3.1773e-04 ± 6.0519e-05 (5.25σ)
    --- Model 2: cosD + annual ---
      η = -2.6887e-04 ± 6.0534e-05 (4.44σ)
      Annual amplitude = 6.4688e-03
    --- Model 3: cosD + annual + monthly ---
      η = -3.0945e-04 ± 6.1314e-05 (5.05σ)
      Monthly amplitude = 4.6579e-03
    --- Model 4: cosD + cos(2D) + annual ---
      η = -3.7731e-04 ± 6.4893e-05 (5.81σ)
      cos(2D) coeff = -3.5076e-03
    --- Model 5: FULL (cosD + cos2D + monthly + annual) ---
      η = -4.0612e-04 ± 6.5778e-05 (6.17σ)
    --- AIC Comparison ---
      Model 1: AIC = -141803.27, RSS = 96.6585
      Model 2: AIC = -141951.50, RSS = 96.0820
      Model 3: AIC = -142014.02, RSS = 95.8311
      Model 4: AIC = -141970.89, RSS = 96.0013
      Model 5: AIC = -142028.43, RSS = 95.7694
      Best model by AIC: Model 5
    --- Cluster-Robust SEs (Model 5) ---
          cosD: coeff=-5.2795e-03, cluster-SE=8.0920e-04 (6.52σ)
         cos2D: coeff=-3.0852e-03, cluster-SE=7.2102e-04 (4.28σ)
         sin_m: coeff=-1.5927e-04, cluster-SE=6.4846e-04 (0.25σ)
         cos_m: coeff=4.4953e-03, cluster-SE=6.3096e-04 (7.12σ)
         sin_y: coeff=7.1233e-03, cluster-SE=6.1034e-04 (11.67σ)
         cos_y: coeff=1.7391e-03, cluster-SE=6.4322e-04 (2.70σ)
         const: coeff=-3.4110e-03, cluster-SE=5.2286e-04 (6.52σ)
    --- Station Block Bootstrap (Model 5) ---
Traceback (most recent call last):
  File "/Users/matthewsmawfield/www/Temporal Equivalence Principle/TEP-LLR/scripts/steps/step_050_corrected_tep_analysis.py", line 596, in <module>
    run_corrected_analysis()
    ~~~~~~~~~~~~~~~~~~~~~~^^
  File "/Users/matthewsmawfield/www/Temporal Equivalence Principle/TEP-LLR/scripts/steps/step_050_corrected_tep_analysis.py", line 292, in run_corrected_analysis
    seed=TEP_CONFIG.get("RANDOM_SEED", 42),
         ^^^^^^^^^^
NameError: name 'TEP_CONFIG' is not defined

✗  FAIL  step_050_corrected_tep_analysis.py  rc=1  (0.7s)

  ⚠  Pipeline stopped at step_050_corrected_tep_analysis.py (stop_on_failure=True)

╔════════════════════════════════════════════════════════════════════╗
║  Full Canonical — COMPLETE                              ║
╠════════════════════════════════════════════════════════════════════╣
║  ✓ step_000_llr_data_ingestion.py                        PASS       0.0s  ║
║  ✓ step_001_data_preprocessing.py                        PASS       7.5s  ║
║  ✓ step_002_de430_preprocessing.py                       PASS       0.9s  ║
║  ✓ step_003_statistical_analysis.py                      PASS      10.6s  ║
║  ✓ step_004_detection_analysis_advanced.py               PASS       5.2s  ║
║  ✓ step_005_temporal_drift_analysis.py                   PASS       0.7s  ║
║  ✓ step_006_multi_ephemeris_comparison.py                PASS       0.6s  ║
║  ✓ step_006b_de430_outlier_robustness.py                 PASS       3.0s  ║
║  ✓ step_007_meta_analysis.py                             PASS       0.7s  ║
║  ✓ step_008_systematic_error_analysis.py                 PASS       0.3s  ║
║  ✓ step_009_ephemeris_independent_analysis.py            PASS       0.6s  ║
║  ✓ step_010_systematic_control_analysis.py               PASS       0.7s  ║
║  ✓ step_011_noise_signal_injection.py                    PASS       0.7s  ║
║  ✓ step_012_subsample_robustness.py                      PASS       0.7s  ║
║  ✓ step_013_station_decomposition.py                     PASS       0.6s  ║
║  ✓ step_014_inter_station_consistency.py                 PASS       0.6s  ║
║  ✓ step_015_null_tests.py                                PASS       1.1s  ║
║  ✓ step_016_bayesian_analysis.py                         PASS       6.1s  ║
║  ✓ step_017_leverage_diagnostics.py                      PASS       4.4s  ║
║  ✓ step_018_station_quality.py                           PASS       0.3s  ║
║  ✓ step_019_systematic_monte_carlo.py                    PASS       3.1s  ║
║  ✓ step_020_temporal_amplitude.py                        PASS       0.7s  ║
║  ✓ step_021_ipw_validation.py                            PASS       5.3s  ║
║  ✓ step_022_environmental_modulation.py                  PASS       0.8s  ║
║  ✓ step_023_solar_cycle_correlation.py                   PASS       8.8s  ║
║  ✓ step_024_thermal_array_modeling.py                    PASS       0.4s  ║
║  ✓ step_025_leverage_temporal_clustering.py              PASS       0.3s  ║
║  ✓ step_026_tep_core_density_simulation.py               PASS       0.4s  ║
║  ✓ step_027_day_night_thermal_bias.py                    PASS       2.5s  ║
║  ✓ step_028_geometric_elongation.py                      PASS       3.8s  ║
║  ✓ step_029_station_power_analysis.py                    PASS      16.4s  ║
║  ✓ step_030_hardware_epoch_analysis.py                   PASS       1.2s  ║
║  ✓ step_031_lomb_scargle_orbital_dynamics.py             PASS      19.5s  ║
║  ✓ step_032_ephemeris_orthogonality_proof.py             PASS       1.9s  ║
║  ✓ step_033_quantitative_eta_prediction.py               PASS       0.5s  ║
║  ✓ step_034_static_dynamic_absorption.py                 PASS       0.5s  ║
║  ✓ step_035_historical_comparison.py                     PASS       0.7s  ║
║  ✓ step_036_full_moon_deficit_analysis.py                PASS       0.6s  ║
║  ✓ step_037_lunar_recession_analysis.py                  PASS       0.6s  ║
║  ✓ step_038_tidal_resonance_analysis.py                  PASS       0.6s  ║
║  ✓ step_039_dust_sensitivity_analysis.py                 PASS       0.7s  ║
║  ✓ step_049_eop_systematic_analysis.py                   PASS       1.4s  ║
║  ✗ step_050_corrected_tep_analysis.py                    FAIL       0.7s  ║
╠════════════════════════════════════════════════════════════════════╣
║  PASS 42/43 (97%)   FAIL: 1   Total: 1m56s                                  ║
║  AUDIT: results/audits/RESEARCH_AUDIT_20260513_112952.json          ║
╚════════════════════════════════════════════════════════════════════╝
