23825.699490    0.04321	5120150326164716328590825462182877449301910037002793631 086390+0707510642a0660
23825.708890    0.04389	5120150326170048362346925498203946792101910022001391715 086401+0677610642a0456
23825.719720    0.03738	5120150326171623620909525476947595263401910031001991212 086420+0657710642a0617
23825.733530    0.03589	5120150326173617046582125483815986095401910055001642834 086426+0607710642a0671
23825.891140    0.01484	5120150326212314578676925684416620290301910053002452999 086522+0567310642a0951
23825.901890    0.04138	5120150326213843509557025738425352869101910012000803999 086521+0567110642a0545
23825.946420    0.04982	5120150326224250316809425797554183054301910046002446999 086548+0477210642a0899
23825.955130    0.05196	5120150326225523474397825825295381407401910026001883261 086555+0497310642a0626
23825.966180    1.80924	5120150326231118215479525872642690576101910041001473999 086559+0496910642a0692
23825.982460    1.88067	5120150326233444660515125883976339148401910018002044187 086560+0496710642a0653
23826.584420    0.05939	5120150327140133655248225927265523371401910044001741329 086721+1283010642a0710
23826.593800    0.05600	5120150327141504657628525941775427807101910028001285830 086732+1352610642a0663
23826.602230    0.01517	5120150327142712590556325898730047674301910024002819138 086721+1382810642a0572
23826.615430    0.03418	5120150327144613295241025893501254284401910097001618774 086742+1392310642a0677
23826.632170    0.05217	5120150327151019095137125903248901122101910176001419999 086741+1411310642a0970
23826.654690    0.03776	5120150327154245265446325852422018070301910057003165338 086755+1421810642a1044
23826.674960    0.03645	5120150327161156431003825849440863921401910075001556414 086773+1432110642a0834
23826.690190    0.04641	5120150327163352076654825868126908268101910058001158913 086791+1314110642a1103
23826.703000    0.02719	5120150327165219291807325831404986786301910035003257212 086803+1094610642a0662
23826.723040    0.06538	5120150327172110643945425829657263005301910035002792248 086825+1064710642a0684
23826.732430   -0.00839	5120150327173441589862325830315371670301910022003505153 086832+1073810642a0866
23826.743040    0.03416	5120150327174958347637025832209466623301910029002914275 086863+0994710642a0638
23826.760750    0.02744	5120150327181528650013125838106258326301910027002591362 086875+0855510642a0630
23826.787120    0.05727	5120150327185327013746225853205900499301910039002589382 086903+0774510642a0668
23826.793100    0.09659	5120150327190203557900925863229481147201910008001862252 086928+0793810642a0551
23826.826870    0.04339	5120150327195041416816925889837319407301910029003014344 086973+0705310642a0689
23826.850310   -0.00192	5120150327202426489654725918761722765301910023002997320 087027+0606710642a0700
23826.860510    0.12392	5120150327203908176552425938329705026201910009001691683 087046+0566710642a0558
23826.874430   -0.00127	5120150327205910738204225953656109862301910018003123218 087065+0587110642a0625
23826.901610    0.10909	5120150327213819149090125998460785939301910014003144249 087096+0575910642a0618
23826.910490    0.04524	5120150327215106443990726023659185184401910046002000332 087096+0585810642a0745
23826.917270    0.07621	5120150327220051843397226058959952412101910022001426999 087126+0634610642a0765
23826.931400    0.06412	5120150327222112933167326053091382614301910026003431438 087117+0644310642a0644
23826.949180    0.18159	5120150327224649495513026093190943590201910013002123999 087133+0604510642a0561
23826.956810    0.03295	5120150327225748023231826112707170711401910020001100324 087141+0544610642a0665
23826.964480    0.04882	5120150327230851400762526151057544335101910012000877999 087140+0524610642a0439
23826.982690    0.05109	5120150327233504096627526156353974507301910013004183208 087163+0534610642a0701
23827.838060    0.04852	5120150328200648704554526168675796744301910054002662043 087219+0794810642a0554
23827.846260    0.03089	5120150328201836665199726175863828393301910086002895117 087216+0814810642a0712
23827.856900    0.01820	5120150328203355891977526186222656392301910031003350023 087192+0794810642a0637
23827.995330    0.06691	5120150328235316336945126437545646127101910017001276465 087134+0845010642a0655
23830.916410   -0.01389	5120150331215937432403926631629494762301910035003532025 086915+0922910642a0530
23837.974990   -0.02314	5120150407232359072363225997848389053301910053003103041 088353+0176210642a0606
23837.981950    0.10127	5120150407233400418993926013273862502101910022002413022 088347+0176010642a0601
23838.026580    0.07331	5120150408003816684804925936083711042301910072002887066 088357+0183910642a0704
23838.034620    0.04908	5120150408004951368569925926498456701001910045002001087 088350+0203610642a0702
23838.061760    0.06408	5120150408012856161187625908973123266301910073003292071 088322+0193210642a0476
23838.084880    0.06764	5120150408020213227715725898358338514301910043003520017 088303+0243010642a0651
23838.099590    0.07032	5120150408022324491107225894647958807301910068002790073 088288+0272910642a0560
23838.107460    0.09403	5120150408023444844959925918202966681101910023001846026 088279+0302910642a0539
23838.115180    0.03549	5120150408024551623006125912569033736401910032001903046 088273+0282910642a0606
23838.121910    0.03971	5120150408025533081016125891577940348001910033001514171 088280+0272910642a0324
23838.127020    0.08968	5120150408030254846945725878701380677201910035001570078 088279+0252910642a0452
23838.160730    0.06741	5120150408035127169996025904373563849301910047002945076 088277+0263010642a0313
23838.164950    0.05621	5120150408035731385785125904632947878001910040001356280 088276+0253010642a0280
23838.168930    0.11026	5120150408040315645322125893133758211201910024002205042 088278+0253010642a0300
23838.174310    0.14148	5120150408041100758837725936060712703101910013002010032 088271+0252910642a0309
23838.180160    0.05267	5120150408041925826074425935055699194401910011002248030 088272+0272910642a0390
23838.189930    0.10615	5120150408043329826901725922561982876301910035004101020 088272+0272910642a0532
23838.199960    0.05444	5120150408044756469043125930648910777301910071003018067 088272+0272910642a0647
23839.169210    0.06053	5120150409040340155292825647918056695301910067002896071 088278+0724310642a0708
23839.179410    0.07039	5120150409041821399051825650172088336301910148002910161 088278+0675210642a0681
23839.189830    0.06517	5120150409043321737453925653586911257301910227002842168 088284+0625610642a0780
23839.201530    0.04973	5120150409045011894777925658724783780301910124003141073 088294+0585810642a0670
23839.211830    0.05247	5120150409050501998636425664364592890301910249002949198 088304+0585910642a0690
23839.220910    0.03791	5120150409051806849401025667950103548001910057001465191 088313+0595810642a0649
23839.229720    0.03756	5120150409053047753434125674322685849001910054001426224 088328+0645610642a0620
23839.242450    0.04274	5120150409054907496762325684737147488001910153001526438 088335+0735510642a0739
23839.257130    0.03684	5120150409061015693992625700579680689301910081003214058 088355+0845310642a0642
23840.091060    0.07191	5120150410021107165139625422518229957301910110002593152 088208+0764410642a0644
23840.099780    0.03004	5120150410022340656910125410590546993001910079001436999 088204+0744510642a0660
23840.108990    0.08281	5120150410023657096560625387906939203201910062001828084 088191+0714610642a0608
23840.119750    0.02479	5120150410025226001784925415507559855401910061001624539 088190+0704710642a0710
23840.128950    0.11071	5120150410030541299423225413687189745101910030001958037 088188+0694810642a0627
23840.138540    0.06078	5120150410031929977382525383140710902301910215002888309 088180+0664810642a0664
23840.147390    0.03176	5120150410033214204682025375566014249001910124001651999 088179+0654910642a0674
23840.155390    0.09510	5120150410034345861775825357682888051201910044001639079 088178+0665010642a0697
23840.166420    0.02695	5120150410035938416846225390779646275401910056001509999 088183+0704710642a0616
23840.194250    0.06003	5120150410043943112897925367379211113301910038003446031 088186+0646610642a0631
23840.202350    0.09866	5120150410045122631666925392002070193101910039001772068 088188+0666410642a0569
23840.212130    0.01748	5120150410050528377475625366696486503001910042001516536 088188+0686010642a0691
23840.231810    0.07323	5120150410053348036285925357952999024201910072001752094 088204+0755410642a0665
23840.240680    0.01311	5120150410054634844618525399301540239401910066001345687 088209+0775310642a0609
23840.261000    0.09381	5120150410061550604898125415213809790101910064001624095 088203+0855010642a0682
23840.270180    0.03871	5120150410062903777075025397945129235301910159003095170 088203+0884910642a0713
23840.277210    0.00879	5120150410063910881716225400972373495001910023001783042 088220+0924710642a0613
23840.296090    0.03417	5120150410070622043652825440602820128401910063002004188 088225+0954310642a0699
23841.114060    0.02282	5120150411024414554939425153910370865401910015001620289 087996+0445610642a0588
23841.138560    0.04257	5120150411031931461463625126778934426401910038001669418 087972+0455610642a0718
23841.163100    0.07077	5120150411035452053037725086075963296301910270002707312 087957+0465910642a0687
23841.176240    0.02731	5120150411041347284049825074166952101001910174001646439 087957+0475810642a1135
23841.204170    0.05879	5120150411045400331026225064679038903301910199002899078 087971+0475410642a1220
23842.171570    0.06515	5120150412040703404868624789657235104301910009003058036 088265+0805910642a0511
23842.204550    0.13202	5120150412045432773829124785417900754101910064001810153 088284+0835510642a0636
23842.212700    0.08818	5120150412050617573587724738136934604201910020001742047 088294+0785410642a0641
23842.228870    0.03251	5120150412052934661954724746223447932301910071003113105 088311+0775710642a0687
23842.238400    0.00425	5120150412054317381387924739237775762001910016002035088 088326+0875410642a0649
23842.260750    0.01019	5120150412061528445739924756727087459401910076001572510 088355+0985310642a0537
23842.266170    0.10813	5120150412062316897817824761697155971101910075001624123 088367+1035010642a0622
23842.289590    0.07224	5120150412065700190605224738804165085301910044003010125 088396+1114710642a0658
23842.298660    0.08839	5120150412071003831988324724002958763201910070001912127 088403+1144510642a0817
23842.308080    0.02942	5120150412072337906112924741295248581001910037001705176 088408+1204510642a0669
23842.316870    0.00938	5120150412073617661304024767703793763401910045001577160 088409+1234810642a0655
23842.354500    0.05603	5120150412083028757039824772902988314301910056002561156 088463+1254110642a0621
23842.362540    0.09621	5120150412084203240142524804261355274101910028001955049 088478+1245110642a0616
23843.191430    0.08501	5120150413043539242291824486998897122301910020002616093 088454+0885410642a0534
23843.202950   -0.01495	5120150413045214723176224470090615972001910012002065048 088454+0875510642a0656
23843.211350    0.05806	5120150413050420507263324448771589126201910016002246046 088457+0895610642a0588
23843.221500   -0.00255	5120150413051857333247224472999945656401910038001552148 088459+0915510642a0685
23843.228860    0.09960	5120150413052933160620424473480964756101910059001456089 088457+0905410642a0642
23843.237800    0.05568	5120150413054225663860124440601860382301910060002974033 088465+0935410642a0659
23843.246200    0.00909	5120150413055431721672024431327046064001910022001881017 088467+0975410642a0668
23843.255510    0.00312	5120150413060756383059124447506181315401910068001412103 088490+1035410642a0621
23843.262720    0.08657	5120150413061819378255024450546809114101910167001496249 088495+1125410642a0475
23843.270380    0.05315	5120150413062920756675824421588183741301910210002741140 088498+1165010642a0643
23843.277230    0.07828	5120150413063912632820624403292063261201910057002044046 088503+1204610642a0668
23843.287030    0.04107	5120150413065319579868824416384423005301910090002867052 088498+1234510642a0688
23843.297120    0.00904	5120150413070750767767224411564444807001910052001125101 088491+1264510642a0633
23843.304640   -0.00547	5120150413071840649726124433030087488401910157001550165 088497+1304410642a0633
23843.314060    0.08915	5120150413073215088629124439824570758101910078001391121 088496+1344510642a0613
23843.322320    0.06201	5120150413074408615986624415462881795301910105002911067 088500+1394610642a0693
23843.332060    0.03978	5120150413075809682733224417583010027301910057002986028 088492+1394610642a0649
23843.349520   -0.00039	5120150413082318725130124442790643398401910036002236035 088509+1434710642a0618
23843.364080    0.05796	5120150413084416385801624431476287623301910053002888031 088515+1424910642a0668
23843.373080   -0.01273	5120150413085713915745224456170020995401910035002409052 088519+1445010642a0677
23843.383570    0.08969	5120150413091220130716324470010350733101910057001531173 088519+1484910642a0631
23843.390880    0.02948	5120150413092252081297724450740580949301910057002505128 088520+1494810642a0675
23843.398430   -0.00004	5120150413093344518323424476329776609401910015002110029 088509+1485010642a0662
23843.408720    0.03944	5120150413094833597659824467047694127301910046002999060 088515+1455110642a0566
23844.182930    0.05516	5120150414042325286466924252151153674301910015003751057 088204+1233410642a0579
23844.193030    0.04446	5120150414043757373883324236276372575301910019002786058 088208+1213310642a0753
23844.203680    0.02039	5120150414045318106674924220410958039301910051002468094 088211+1223210642a0704
23844.221130    0.01488	5120150414051825555403424196562473437301910055002668057 088221+1223210642a0684
23844.243750   -0.03397	5120150414055100408463224166627790098001910020002779012 088235+1233510642a0628
23844.280050    0.09707	5120150414064316228062624155811234849401910026002923018 088248+1473010642a0737
23844.297170   -0.02816	5120150414070755134806024145755266893401910092001553377 088255+1612710642a0367
23844.306520    0.01703	5120150414072123248420124123756742164301910098002194102 088252+1662710642a0717
23844.319180   -0.02695	5120150414073936867374224137634874674401910052001680182 088258+1692710642a0370
23844.324880   -0.01454	5120150414074749271841224115393808282001910048001361120 088259+1722610642a0512
23844.332420    0.04607	5120150414075840723033024103361022744201910067001604128 088269+1742610642a0665
23844.340950    0.06181	5120150414081058411038924143267151953101910032002265038 088278+1712810642a0617
23844.351960   -0.03096	5120150414082649741681324114585838610001910020002096045 088288+1732910642a0592
23844.362910    0.02062	5120150414084235049751324119607409385301910027002707053 088292+1753210642a0644
23844.374920    0.02622	5120150414085952873976024123257067951301910025002676061 088305+1723710642a0610
23844.381310    0.05595	5120150414090905226338524125825384185301910025002756072 088313+1703910642a0513
23844.401110    0.02590	5120150414093736240879624136456415057301910044002593086 088315+1714110642a0513
23844.407580    0.04065	5120150414094655164512624126526892604201910031001594097 088317+1684010642a0539
23845.203620    0.03734	5120150415045312390572924028392135482301910045002188181 088015+1123610642a0322
23845.209590    0.05515	5120150415050148872755424046124289945101910031001665100 088021+1113610642a0346
23845.215930    0.02302	5120150415051056121990224008104075554301910022002892026 088027+1113810642a0389
23845.230730    0.00914	5120150415053215138613123985215437867301910029003279025 088032+1113910642a0578
23845.239750   -0.02052	5120150415054514741972723988738390401401910031001330184 088041+1183810642a0475
23845.247870    0.04231	5120150415055656321998423949458073905201910027001742077 088051+1263710642a0572
23845.257730    0.02293	5120150415061107559381123948211015404301910081002527167 088057+1353710642a0594
23845.275370    0.00812	5120150415063632188100423927671102797301910069002137205 088071+1473510642a0466
23845.285790    0.04787	5120150415065132366017923944556147057101910099001552293 088076+1553410642a0757
23845.294420   -0.02747	5120150415070358228698123905977147257001910061001291240 088069+1583310642a0685
23845.304130    0.03673	5120150415071756874961423889381149179201910069001287181 088065+1563110642a0722
23845.312970   -0.06096	5120150415073040951572823911272100629401910104001587287 088063+1573010642a0684
23845.322190   -0.00168	5120150415074357042119023888749242488301910242001808618 088065+1603110642a0680
23845.330410   -0.02757	5120150415075547167321523881414653398001910081001362253 088065+1622810642a0656
23845.338930    0.04512	5120150415080803398995423869009480541201910106001609304 088073+1642510642a0643
23845.349420   -0.04695	5120150415082310076311223894038501015401910069001715213 088082+1662810642a0684
23845.356280    0.02263	5120150415083302263293423903024838408101910031002001091 088084+1662710642a0639
23845.370120   -0.00988	5120150415085258715259023874118510368301910106002115248 088084+1652710642a0660
23845.378000   -0.04353	5120150415090419180359823871320684924001910048001391156 088092+1652610642a0647
23850.418970    0.00731	5120150420100318779726824253795275944301910061002712042 087595+1056410642a0684
23850.478190    0.01703	5120150420112835772278724211722432670301910044002823057 087580+1077310642a0351
23850.562420   -0.01163	5120150420132953370167324213377088026301910020003017088 087586+0997510642a0163
23850.596980    0.05439	5120150420141939421193724236569839085301910023002709018 087560+1156610642a0649
23850.670730    0.01285	5120150420160551471285024326712878178301910044003271022 087545+1136710642a0854
23851.411350    0.00297	5120150421095220233038924659834195157301910027002862043 088166+1403810642a0542
23851.444750    0.04614	5120150421104026714768724656355227214101910024001286060 088179+1375210642a0568
23851.463750   -0.01208	5120150421110748038633324614661049129401910058001565133 088173+1395010642a0660
23851.485990    0.00521	5120150421113949883211124588689414109301910052003139032 088153+1443710642a0675
23851.495230    0.11051	5120150421115307780210324587411248204201910039002286101 088153+1444010642a0655
23851.510540    0.01959	5120150421121510295551224575278397936301910038002863042 088145+1484310642a0794
23851.520020    0.04500	5120150421122850125749924604803819128101910055001074254 088142+1483610642a0697
23851.532990   -0.01293	5120150421124730594457724577470600993401910051001714130 088141+1493610642a0784
23851.552260    0.03212	5120150421131515155248624566206338436301910019003353022 088128+1533910642a0655
23851.583910   -0.01959	5120150421140049863210124571665052862301910017003399026 088098+1484810642a0574
23851.613000   -0.00674	5120150421144243111288224586332259714301910077002624140 088075+1503910642a0657
23851.655540   -0.00988	5120150421154358649911624624101455495301910020002670040 088076+1503610642a0738
23851.666250    0.04916	5120150421155923993516624669182799998101910014001615079 088070+1473810642a0534
23851.683600   -0.08615	5120150421162423228004624658988065026301910016003366035 088065+1474310642a0651
23853.709800    0.00949	5120150423170206732350725413782072632301910022002631021 087207+1107510642a0549
23853.722610    0.03666	5120150423172033356925625426134191336301910041002578133 087205+1107510642a0626
23853.730420    0.06321	5120150423173147946874125467239624467101910043001124288 087201+1127310642a0666
23853.740660    0.01546	5120150423174632835299525455629632517401910059001509249 087201+1107210642a0681
23853.757790    0.01266	5120150423181112747599725468441477469301910032003864039 087209+0997510642a0596
23853.785660    0.08307	5120150423185121004922125542510966108101910038001569376 087216+0868110642a0994
23853.799310    0.13986	5120150423191100443264225532602592751301910010002306030 087228+0838010642a0770
23853.828880    0.09863	5120150423195335329221425586068319745301910016002301031 087236+0818110642a0742
23853.864160    0.02455	5120150423204423696897925665742717216401910039001406226 087234+0887510642a0580
23853.873880    0.08404	5120150423205823316034825708667011377101910021001623181 087232+0877410642a0634
23854.546670    0.09129	5120150424130712083397525823172617464301910019003067033 087294+1257610642a0472
23854.806160    0.00475	5120150424192052369731525868884734662401910046001773212 087319+0868610642a0717
23854.817240   -0.00782	5120150424193649804985825885506725404401910022001644135 087327+0848710642a0612
23858.668930   -0.01413	5120150428160315810817826698749282196301910042003164035 086683+1167610642a0695
23858.695580    0.03220	5120150428164138040319226662160687285301910047002801048 086740+1166710642a0603
23858.736010    0.00386	5120150428173951298944926617797309440301910060002722056 086783+1195410642a0544
23858.751440    0.00982	5120150428180204777910626604942013489301910055002676054 086804+1115810642a0402
23858.761140    0.00321	5120150428181602582698126598116454630301910058002574034 086830+1085910642a0781
23858.768750    0.06775	5120150428182700097591926623451840537101910063001190224 086854+1045910642a0615
23858.779200   -0.04965	5120150428184202482093526600908922955401910024001931038 086871+1016010642a0622
23858.793320   -0.05830	5120150428190222627219526595620666166401910030002083031 086904+1015810642a0660
23858.800920    0.07990	5120150428191319838945926610615007114101910037001122999 086925+1005810642a0498
23858.856560    0.08040	5120150428203326517781026616147472649101910081000975999 087047+0965810642a0665
23858.864960   -0.00755	5120150428204532714578026590551710626301910069003114066 087058+0916110642a0665
23858.886870    0.09651	5120150428211705815566026633860536510101910048001251249 087091+0906110642a0674
23858.957390    0.09011	5120150428225838825763226711076616228101910021001054478 087135+0906010642a0538
23859.920280    0.00608	5120150429220512253057026609231253488301910036002321049 087384+0618410642a0677
23859.942960    0.01009	5120150429223751927941426628376141754301910022002624018 087377+0598410642a0421
23867.052920    0.05366	5120150507011612347720525407023185900301910053003042036 087396+1172510642a0625
23867.080570    0.04883	5120150507015600865934725396803542516301910067003117042 087375+1082410642a0675
23867.094080    0.01911	5120150507021528902470625391418457256001910030001704041 087350+1132310642a0582
23867.101690    0.09302	5120150507022626302179625394561080142301910046002517036 087353+1122410642a0557
23867.135840   -0.01877	5120150507031536500346525397709250101001910020001961032 087351+1052510642a0590
23867.142610    0.07990	5120150507032521179060425403713028134301910043003158034 087338+1032410642a0485
23869.089200    0.04546	5120150509020826773471824972629642477301910072002439076 087363+1025910642a0660
23869.098050   -0.04007	5120150509022111122980924983141136964401910030001453963 087359+1025810642a0682
23869.128520    0.10258	5120150509030503895924724944227871710301910050002564058 087392+1035710642a0682
23869.146110    0.01876	5120150509033024131362424955271355344401910008001179467 087417+1065410642a0715
23869.160730    0.06769	5120150509035127171090024933241532483301910066002359088 087429+1105310642a0644
23869.202930    0.06349	5120150509045212737498124935852641959301910120002900112 087484+1234710642a0661
23869.216440    0.04358	5120150509051140391733224940671259090301910030002546045 087486+1274810642a0332
23870.145060   -0.03006	5120150510032852998570924746232725715401910042001451999 087955+1294510642a0521
23870.154630    0.03571	5120150510034240163281924721697847622301910045002172107 087959+1264610642a0638
23870.224100    0.05065	5120150510052242490315824703716246740301910062002606074 088009+1354310642a0560
23870.248670    0.01467	5120150510055804714603224706195179235001910014002080034 088052+1513910642a0623
23870.274420   -0.00194	5120150510063510055956724723205768033301910027003079035 088084+1603710642a0667
23871.190860    0.06914	5120150511043449961376124502606812468301910011002072093 088247+1365210642a0695
23871.222290    0.04560	5120150511052005714400224487856851697301910054002736183 088253+1484910642a0678
23871.229120   -0.01609	5120150511052955822676024482468487006001910055001414256 088257+1534910642a0676
23871.237140    0.07822	5120150511054129203510124470762686002201910049001587083 088265+1574810642a0656
23871.247110   -0.03230	5120150511055550639394924501560620319401910033001711091 088275+1604910642a0716
23871.344150    0.04383	5120150511081534406764924532286634992301910042002609049 088309+1844510642a0669
23872.182850    0.01590	5120150512042318494661424341948083005301910147001918780 088184+1255110642a0676
23872.192340   -0.01721	5120150512043658319823824328637306783001910026001199119 088190+1304410642a0564
23872.212460    0.08117	5120150512050556904095824314057849597301910028002759023 088209+1384410642a0593
23872.276320    0.04675	5120150512063754229623424286332756554301910018002451051 088286+1704010642a0648
23872.315050    0.05468	5120150512073340187804424291900552892301910029001792105 088303+1893110642a0687
23872.327000    0.03141	5120150512075053089405324296960766196301910010002191119 088307+1883810642a0278
23872.354340    0.00732	5120150512083014979809224314159598162301910044002285095 088326+1855010642a0653
23872.363310    0.11945	5120150512084309940412324348644414401101910026002395035 088336+1865010642a0650
23872.373730    0.02355	5120150512085810411636724330834069680301910031002828035 088333+1875110642a0623
23873.183050    0.02323	5120150513042335586223224221608146749301910013003361033 088033+1673110642a0257
23873.221510    0.02691	5120150513051858274914524174635070476301910076002009087 088055+1753310642a0695
23873.231190    0.02022	5120150513053254848433924165057565219301910084002165092 088065+1793310642a0649
23873.321340   -0.02210	5120150513074243478809224124975391603301910038003140023 088114+2163010642a0737
23888.710500   -0.00775	5120150528170307271263226523784554819301910048003197027 087509+1366710642a0660
23888.719510   -0.00202	5120150528171605274036126512096889871301910075001850058 087505+1366910642a0659
23888.727690    0.07837	5120150528172752739023326530064957715101910091001299318 087498+1347010642a0659
23888.740120   -0.05972	5120150528174546612022526486901041159001910052001525058 087500+1366910642a0648
23888.749490    0.09273	5120150528175915758959826471330400160201910039001926043 087496+1366910642a0636
23889.833440   -0.07163	5120150529200009001756526283794096418301910031003244009 087340+1168010642a0629
23889.866790    0.32555	5120150529204810532011126275420525231301910025003554006 087365+1187410642a0663
23889.901640   -0.03036	5120150529213821537718926278961573959001910038001495032 087378+1177310642a0689
23889.940390    0.02934	5120150529223410124742726300841450159301910037003285011 087369+1157110642a0665
23889.951290    0.01166	5120150529224951743668026299261255386201910016002582006 087365+1137110642a0586
23899.074710   -0.01702	5120150608014734802647924451894182431301910027002905019 087886+1616110642a0650
23899.093470    0.25736	5120150608021435622543024426385245218001910010002313025 087859+1665910642a0653
23899.107410    0.01077	5120150608023440502254824417019514364301910021003520010 087853+1695710642a0662
23899.175410   -0.04874	5120150608041235702440124395991540848401910115001554999 087800+1665710642a0668
23899.183010    0.11313	5120150608042332210975224407624822096101910036002068036 087805+1675610642a0692
23899.205300   -0.01145	5120150608045538168459124380020820863301910036003214035 087814+1705610642a0665
23900.057850    0.06532	5120150609012317829893224445238214178301910062002629107 087521+1564810642a0700
23900.118030    0.05027	5120150609024957783018124361732023595301910131001817220 087496+1535010642a0658
23900.127110   -0.02419	5120150609030302436740624366863753994401910087001613384 087491+1554910642a0736
23900.136830    0.13184	5120150609031702098494724371421331804101910083001779077 087491+1564910642a0683
23900.145480    0.05084	5120150609032929299253624334206127525301910081001921114 087490+1564910642a0701
23900.177850    0.04242	5120150609041606103987224311724560104301910086002424065 087495+1466510642a0733
23900.211100    0.02147	5120150609050358744722924300681688300301910103002693050 087498+1407110642a0685
23900.235300    0.01863	5120150609053850217032224300561771262301910112001880058 087503+1497110642a0703
23901.118480   -0.05528	5120150610025036259337424374676053003401910021001374202 087615+1178110642a0679
23901.129850    0.02399	5120150610030658820124024344937780903301910024001310199 087596+1188010642a0546
23901.146080   -0.04283	5120150610033021620420524338899165747401910014001351126 087633+1177910642a0418
23902.185570   -0.00000	5120150611042713499348224313196666954301910064001908199 087750+1466410642a0663
23902.191470    0.01810	5120150611043542791802224306843984680301910111001801195 087746+1476110642a0717
23902.202960   -0.00535	5120150611045215324871724295412503849301910078001937270 087746+1506110642a0690
23902.216310    0.08998	5120150611051129172303624313932787365101910072001661182 087741+1566210642a0707
23902.223310   -0.06897	5120150611052133578039124291943155173401910108001493314 087741+1596410642a0709
23902.233480   -0.03534	5120150611053612365182224269287834767001910052001299338 087741+1646410642a0647
23902.241330    0.08293	5120150611054731031803024262290436143201910086001485341 087738+1686210642a0644
23902.250490    0.07129	5120150611060042280341324292559498065101910122001093349 087734+1706210642a0676
23902.258590   -0.07648	5120150611061222371901624272951404950401910104001434425 087734+1726010642a0669
23902.268820   -0.04141	5120150611062705984831224254227100206001910046001538231 087740+1735810642a0661
23902.276660    0.08597	5120150611063823104629824250192214075201910108001222583 087740+1765610642a0675
23902.284920   -0.00161	5120150611065016756146924254164531767301910080002778048 087751+1795210642a0690
23902.296070    0.08444	5120150611070620161460324284315005638101910061001364220 087765+1824910642a0558
23902.303060   -0.07915	5120150611071624306964524268979593611401910021001719145 087758+1845010642a0498
23902.337290    0.04470	5120150611080541856656724267457233629301910010002423031 087770+1895010642a0644
23902.358040   -0.10357	5120150611083534748883924295056523597401910014002203041 087770+1895710642a0649
23902.364190   -0.00713	5120150611084425875474824286119160682301910020002325022 087767+1885510642a0640
23902.373680    0.07890	5120150611085805607955924324221366646101910011001074081 087760+1915710642a0379
23902.381450   -0.05684	5120150611090917550237824300124571484001910017001152077 087760+1925710642a0599
23902.393880    0.07714	5120150611092710933115124310339872278201910027001737074 087759+1935510642a0577
23902.403450   -0.00717	5120150611094058160887824326527595314301910021002872037 087766+1935510642a0534
23915.668040   -0.01369	5120150624160158330710626550706026725301910052002413045 087797+1645310642a0684
23915.675970   -0.08501	5120150624161323532063826559616230398401910057001543054 087800+1625610642a0682
23915.684820    0.10339	5120150624162608123166126565873743685101910071001160210 087796+1605710642a0662
23915.695980   -0.06261	5120150624164212568542826529842999086001910042002157036 087809+1566110642a0707
23915.854010   -0.02973	5120150624202946676223026582966836448301910046002882080 087982+1284810642a0671
23915.873360    0.01995	5120150624205738599425426606725062442301910042002221095 088000+1264610642a0495
23918.797040   -0.04275	5120150627190743831133525971921929268301910027003080016 087639+1984610642a0562
23918.813910    0.11364	5120150627193202199204725987955936464101910017001691043 087638+2004410642a0627
23918.828900   -0.00220	5120150627195336581529325956540577154301910102002842074 087651+1974410642a0694
23918.843100    0.10413	5120150627201404159996425978764488148101910025001158145 087654+1964410642a0631
23918.914150   -0.03783	5120150627215622453556925970197371212301910028002762023 087641+1834710642a0591
23927.075470    0.05854	5120150706014840693314124140526536659301910096002127095 088071+2035010642a0667
23927.156190   -0.07158	5120150706034455095316124120770585015001910024002217034 088061+1905610642a0596
23927.163800    0.03884	5120150706035552021854624127270873267301910038002339020 088066+1925610642a0664
23927.186880    0.04065	5120150706042906831277724138306997912301910029003747007 088072+2015310642a0615
23927.211620    0.04802	5120150706050443821422624156498235416301910110001758087 088080+2105310642a0681
23927.218580   -0.04579	5120150706051445384091324177618949717401910034001812058 088084+2145210642a0640
23927.231700    0.00836	5120150706053338544619224175831105696301910071002975035 088077+2215610642a0637
23927.239110    0.11201	5120150706054419078895124174592503938201910039001888034 088082+2265210642a0640
23927.265000    0.02216	5120150706062136422032124216074356083301910093002247074 088103+2376210642a0694
23929.103210   -0.04756	5120150708022837749896824286215376793401910027001995730 087454+2204010642a0639
23929.121200    0.02660	5120150708025431586597924257091524906301910035002771034 087432+2174610642a0628
23929.131880   -0.02288	5120150708030954862990724245693707270001910019001972076 087421+2204710642a0572
23929.141970   -0.06083	5120150708032426501954524254796588491401910080001480632 087421+2194910642a0658
23929.149930    0.00948	5120150708033553968992024237529996988301910038002416049 087416+2175010642a0668
23929.167980   -0.00228	5120150708040153617061424229771044004301910067002706057 087401+2145210642a0667
23929.176230   -0.05487	5120150708041346395099824224392453879001910026001948038 087402+2165010642a0602
23929.183730   -0.06103	5120150708042434398903324238792917673401910068001949112 087392+2194910642a0683
23929.194560    0.09654	5120150708044010208643124220791733759201910032001482053 087390+2195010642a0614
23929.203150    0.09321	5120150708045232112000224256258915228101910054001744072 087389+2205110642a0663
23929.212030    0.03045	5120150708050519420487124226271953320301910058002152036 087384+2225010642a0649
23929.222070   -0.03277	5120150708051946887801724225631489218001910060001758096 087388+2274910642a0659
23929.228800    0.07450	5120150708052928011221724226487779516201910083001895109 087394+2304610642a0673
23929.237970   -0.06983	5120150708054240193695424247558460140401910112001551379 087391+2354310642a0680
23929.246160    0.07944	5120150708055428233931624269767333023101910040001420074 087384+2394110642a0654
23929.255780   -0.00101	5120150708060819586869724244729847206301910057002887025 087380+2453710642a0605
23929.264210    0.01200	5120150708062027987899224250737663214301910234001738285 087384+2473910642a0799
23929.276390   -0.05330	5120150708063800125933824257905443748001910072001766151 087385+2463810642a0603
23929.286700    0.08498	5120150708065251308897424266035997334201910087001496136 087388+2513310642a0679
23929.294480   -0.08250	5120150708070403410745624291564529092401910131001666254 087390+2553110642a0647
23929.305670    0.08650	5120150708072010199247624321843282456101910026001664025 087391+2592910642a0729
23929.313080    0.00113	5120150708073049931747124300032941129301910041002545025 087396+2622910642a0663
23929.322740    0.01491	5120150708074444794381824312484749006301910138002550065 087390+2652910642a0908
23929.335360   -0.05044	5120150708080255175883524327203583745001910032001481056 087384+2692910642a0747
23929.355020   -0.01070	5120150708083113434573924356941028462001910038002181053 087370+2702810642a0666
23929.372500    0.11886	5120150708085623725857824383834821602201910019002723014 087373+2752510642a0518
23929.380780    0.02336	5120150708090819343158424402588778676301910041002827032 087377+2772410642a0676
23930.221580   -0.56614	5120150709051904326639924344916392918301910035003733011 087183+1935510642a0621
23930.235380   -0.00212	5120150709053856782811624344697891597301910100002460069 087203+2055510642a0599
23930.243050    0.00099	5120150709054959092713824345514865132301910291002145262 087192+2085310642a0675
23930.252360   -0.01117	5120150709060324113395824347411123034301910086002274111 087200+2165010642a0800
23930.277060   -0.00439	5120150709063858144126424357205641697301910095002256102 087232+2184710642a0715
23930.286880   -0.07835	5120150709065306368955924375219452963401910039001432115 087241+2224610642a0562
23930.297750   -0.01079	5120150709070845520499424370638157846301910073001834061 087253+2284510642a0819
23930.305890   -0.05006	5120150709072029196709724375096536209001910104001750391 087270+2284810642a0529
23930.313970    0.08258	5120150709073206792188724382295259046201910065001700139 087273+2234910642a0542
23930.322870    0.05972	5120150709074455584776424424224454554101910094001211170 087276+2204810642a0576
23930.329400   -0.01304	5120150709075420196038124399977234285301910118002258092 087283+2204710642a0646
23930.369570    0.00007	5120150709085210455322624451077855551301910033003223031 087338+2125910642a0845
23931.159810    0.02241	5120150710035007771791424553948217140301910017003440025 087660+1756310642a0670
23931.166900   -0.01462	5120150710040019987327724546654976442301910028003267030 087666+1786110642a0663
23931.200940   -0.02757	5120150710044920992577624518030169849301910034002881049 087690+1796110642a0545
23931.218430   -0.44844	5120150710051432333521224519054682813401910011001609024 087696+1826310642a0614
23931.231160   -0.03504	5120150710053252495651924502325489787301910019003365013 087697+1916110642a0746
23931.359400    0.01144	5120150710083732525572224547454234847301910047002435047 087853+1977010642a0789
23932.202450    0.03664	5120150711045131308785724754577715467101910016002009037 087820+1746710642a0577
23932.235300   -0.00556	5120150711053849727026424695535914307301910054002106114 087827+1836510642a0672
23932.242160    0.01365	5120150711054842358600024723155158441101910011001698021 087834+1886510642a0585
23932.344210    0.00369	5120150711081540046421824686049852818301910020002826029 087891+2135510642a0655
23932.352670    0.01444	5120150711082751050936324690764489141301910090002261137 087892+2115610642a0669
23932.379200    0.00695	5120150711090602647068124710504401797301910066002611101 087911+2115710642a0640
23932.385470    0.08232	5120150711091504334065824747707705710101910020001905041 087903+2135610642a0634
23947.752110   -0.02040	5120150726180302535962125642934428680301910029002695018 087195+1966710642a0602
23947.761310    0.08231	5120150726181617188185725659097111555101910026002246058 087198+1926810642a0671
23947.770350   -0.00177	5120150726182918051910825626901906498301910045003064038 087219+1867010642a0630
23947.783610   -0.01039	5120150726184824245536225617451027894301910021002970012 087203+1777210642a0647
23947.795730   -0.04154	5120150726190551487798725610476441057301910027003491014 087204+1717410642a0669
23947.806170   -0.01726	5120150726192052702786725605755336675301910043003202038 087195+1697510642a0561
23947.820520   -0.02191	5120150726194132686995325601203107453301910051002890046 087195+1667710642a0678
23947.874780   -0.06786	5120150726205941234749025604024289469301910024003265010 087196+1863710642a0560
23947.884970   -0.04059	5120150726211421096563125607951159325301910053003490040 087202+1833810642a0667
23956.969480   -0.00250	5220150804231602895417224189368536473301910040003508025 087595+2015010642a0635 
23956.986810    0.08635	5220150804234100483405024164052256030301910074002184110 087604+2015010642a0627 
23957.005170    0.02262	5220150805000726740857924139174663336301910051003364036 087595+2005010642a0610 
23957.033050    0.04875	5220150805004735690692324105984899677301910035002414021 087584+1965110642a0555 
23957.043770   -0.02299	5220150805010301429220624091853691381001910019001532049 087584+1965010642a0674 
23957.054400    0.04107	5220150805011820469223424084920183643301910079002389054 087584+1984910642a0720 
23957.068420   -0.04338	5220150805013831187878824084774641001401910036001934120 087625+2014710642a0598 
23957.080290    0.01946	5220150805015537365692024065120575437301910028003468011 087625+1974810642a0686 
23957.089360   -0.01081	5220150805020840913092624056793501934001910031001617054 087604+1924910642a0686 
23957.108930   -0.02850	5220150805023651917833524062720689348401910026001820089 087634+2074310642a0637 
23957.122510    0.03873	5220150805025624827581424047791319819301910050002968029 087625+2014610642a0644 
23957.133750    0.01042	5220150805031236071478424043576201939001910028001984045 087625+2024710642a0730 
23957.143920    0.10170	5220150805032714830317724044866369678201910025002197017 087595+1974810642a0648 
23957.152500   -0.03357	5220150805033936293715624059107354524401910144001336722 087584+1954910642a0690 
23957.165050    0.02538	5220150805035740467001524050475390684301910077002611042 087575+1924910642a0805 
23957.174710   -0.02351	5220150805041134830082324051120802399001910067001589162 087584+1885110642a0684 
23957.193170    0.03399	5220150805043809791745624063584279191301910056002624033 087604+1805410642a0631 
23957.199540   -0.03775	5220150805044720396816624079477415913401910130001845215 087604+1825510642a0527 
23957.210160    0.02362	5220150805050238035250224075793760390301910072002391046 087604+1825510642a0707 
23957.220910    0.03276	5220150805051806648023624085132438209301910236001909292 087634+1885510642a0686 
23957.230300   -0.03527	5220150805053138264220324106046323035401910231001510999 087654+1935510642a0685 
23957.238530   -0.00809	5220150805054329352169124100332085498001910104001442396 087684+2015410642a0679 
23957.245230    0.10301	5220150805055307994295224108793659802201910059001654094 087704+2135410642a0382 
23957.253510    0.06782	5220150805060503546149524152584973305101910025002635026 087735+2155610642a0584 
23957.262600    0.03185	5220150805061808840987024132500302788301910153002084168 087746+2205710642a0671 
23957.271040   -0.04349	5220150805063017957097224155924686427401910201001480649 087751+2225910642a0699 
23957.280590   -0.02240	5220150805064403009604424155299551038001910067001737167 087753+2226010642a0680 
23957.289520    0.06893	5220150805065654156981024169632946728201910031001722037 087757+2256010642a0664 
23957.320660   -0.04559	5220150805074144914661924235629202968401910060001640180 087773+2305710642a0568 
23957.332110    0.02276	5220150805075813904039624244457774633301910057002465050 087784+2325610642a0653 
23958.199130    0.02409	5220150806044644408752624277993574050301910049002473101 087838+1906710642a0681 
23958.205270    0.02271	5220150806045534964244424280167302028301910292002227320 087836+1936810642a0659 
23958.215620    0.01598	5220150806051029988606624284798549020301910347002104419 087840+1956910642a0770 
23958.226500   -0.01318	5220150806052609646261524288743312604001910092001805378 087840+1986910642a0677 
23958.235730    0.09226	5220150806053926716239824297756267806201910093001667130 087850+2056710642a0672 
23958.243030   -0.04069	5220150806054958045098324313615105260401910304001538541 087860+2136510642a0783 
23958.255230    0.06238	5220150806060731521343824345834691574101910072001568078 087864+2206210642a0671 
23958.264670    0.02992	5220150806062107158479124322751997700301910238002330143 087871+2236110642a1037 
23958.278220   -0.02669	5220150806064037821145924335590535401001910122001550357 087871+2275910642a0665 
23958.285610    0.08317	5220150806065116437386024347054561491201910044002207051 087872+2285910642a0581 
23958.294210   -0.04442	5220150806070339553914724368538168868401910112001665325 087878+2295810642a0686 
23958.310390    0.02744	5220150806072657735157324380151646837301910083002449050 087879+2355610642a0803 
23958.333480   -0.01887	5220150806080012820925924427082453071401910059001719126 087891+2425510642a0917 
23958.345210   -0.00650	5220150806081706412329024435863253696301910064002002074 087900+2455410642a0728 
23958.353920   -0.03441	5220150806082938440118024462166022138401910049001210144 087904+2415510642a0695 
23958.363280    0.01680	5220150806084307609235124468087083581301910034003029023 087908+2415510642a0628 
23959.124950   -0.02565	5220150807025955752537024580930114542401910035001861151 087789+2055910642a0549 
23959.133940    0.00050	5220150807031252448045224573919079241401910023001945090 087785+2056210642a0656 
23959.189090    0.08840	5220150807043217284413024538479931684301910007002465032 087802+2076210642a0463 
23959.198870   -0.04649	5220150807044622338805324537260263285301910015003637020 087801+2066310642a0698 
23959.250740    0.01928	5220150807060104291424924548525533771301910014003105028 087826+2315510642a0461 
23959.262320   -0.03279	5220150807061744476945224553507057607001910034002160090 087833+2375310642a0771 
23959.270260    0.10899	5220150807062910226615924562977719136201910038001616066 087834+2415110642a0611 
23959.291700    0.05429	5220150807070002986513724611006415100101910033001856039 087832+2445110642a0679 
23959.299660   -0.04776	5220150807071130662239324596423500508401910111001539364 087842+2465010642a0687 
23959.311020    0.01137	5220150807072752178618224598562013602301910173002717136 087859+2504910642a0954 
23959.321600   -0.00534	5220150807074306281849424609704103338001910044001519200 087865+2504810642a0653 
23959.338000   -0.02690	5220150807080642937824824643052577608401910105001700216 087878+2524810642a0803 
23959.347270    0.06276	5220150807082004243071724678485974262101910079001621129 087880+2554310642a0744 
23959.356540    0.11063	5220150807083325334532124662345097261201910036001886062 087883+2583910642a0555 
23959.391740    0.03058	5220150807092406442275224718887166719301910047002987027 087890+2644510642a0831 
23959.404390   -0.06450	5220150807094219719845124752403141398401910022002274034 087892+2584810642a0635 
23960.316910   -0.01828	5220150808073621428171324857757248853401910119001792103 087995+2573610642a0747 
23960.327500    0.03715	5220150808075136324826024857363960923301910076003092026 088007+2614010642a0648 
23960.332030    0.05925	5220150808075807786368424894380983442101910064001482292 088015+2613710642a0187 
23960.334340    0.02414	5220150808080127247910824862984587066001910025001988206 088013+2623910642a0146 
23960.338100    0.12381	5220150808080652231729524871638302648201910031001792103 088015+2633610642a0250 
23964.278780    0.02126	5220150812064126328325125927594386764301910095003126052 087946+2094810642a0603 
23964.296880    0.02765	5220150812070730044507125909403832043301910137002712075 087959+2164510642a0683 
23964.305060   -0.04374	5220150812071917611807825911559508439401910107001413113 087964+2194410642a0682 
23964.314520    0.03916	5220150812073254355944725927003439853101910106001854081 087969+2194410642a0681 
23964.337980    0.01108	5220150812080641245273025878662665655301910064003139030 087982+2254310642a0570 
23964.349600    0.01794	5220150812082325082204925872905721833301910041002899013 087982+2303810642a0766 
23964.357540   -0.03740	5220150812083451079282925879450844130401910026002372015 087984+2333710642a0641 
23964.407140   -0.00267	5220150812094616700275625865340180196301910058003349021 087965+2423610642a0721 
23964.477890    0.00675	5220150812112809867575725905429657832301910044003357022 087966+2513610642a0621 
23969.679030    0.00000	5220150817161748592743226725745577580301910077002554034 086965+1955110642a0770 
23969.695000    0.06951	5220150817164048419172226775112836944101910039001561050 086954+1925210642a0680 
23969.700810   -0.08215	5220150817164910133427226769672180416401910047001713061 086954+1905310642a0677 
23969.713430   -0.03819	5220150817170720066585126773311785948301910055003081022 086955+1865610642a0732 
23969.724370   -0.06571	5220150817172305738271326805293067309401910037001665055 086945+1825710642a0697 
23971.777930   -0.00134	5220150819184013447636426736947891301301910022001907140 087486+1368510642a0517 
23971.786050    0.08982	5220150819185155033071526774835880594101910029001173234 087490+1338410642a0550 
23971.798330   -0.03820	5220150819190935657686026784288055197401910028001419254 087509+1308510642a0558 
23971.802000   -0.00216	5220150819191452460825226771211735083001910005001178999 087517+1288610642a0195 
23971.810870    0.02770	5220150819192739237428926786501769743301910012001633544 087530+1298610642a0651 
23972.679920    0.01301	5220150820161904864545326503935739411301910088002366048 087865+1905410642a1085 
23972.757520    0.03450	5220150820181049691166326544375246322301910074002573065 087880+1706210642a0859 
23972.768060    0.08282	5220150820182600354166726579884231420101910059001071273 087884+1636310642a0668 
23972.774650   -0.03890	5220150820183529431434726579535359862401910043001824111 087886+1576810642a0660 
23972.784520    0.08857	5220150820184942637806426559130641051201910016000745999 087895+1527010642a0605 
23972.791720    0.01761	5220150820190004518795326578933223814001910030001723118 087904+1497010642a0575 
23972.798480    0.03641	5220150820190948367113226588738929740301910016002703080 087910+1467110642a0553 
23972.809490   -0.04519	5220150820192540087593626621262202868401910014001922045 087919+1447310642a0393 
23972.816690    0.03783	5220150820193601948641026612523232316301910038002771415 087930+1457210642a0686 
23973.594610   -0.00602	5220150821141614636158526369962190165301910038002301037 087963+1845710642a0677 
23973.610140    0.01164	5220150821143835955500726352180280779301910045003437028 087955+1845610642a0696 
23973.646520    0.00906	5220150821153059206850126320047083969301910081002707081 087944+1806210642a0678 
23973.740630    0.01106	5220150821174630201207626303827072411301910063002659055 087947+1626610642a0705 
23973.750170    0.08724	5220150821180014300982226332312795859101910107001749153 087942+1586910642a0679 
23973.774740    0.09918	5220150821183537750256926346086005810101910037001650119 087965+1527010642a0576 
23973.780770   -0.04415	5220150821184418443224726344898204809401910224001792311 087978+1497110642a0684 
23973.786020   -0.00140	5220150821185151804611126329790223142301910005001333992 087982+1477110642a0091 
23973.791900    0.00918	5220150821190019912019926334597420982301910029003679059 087984+1467110642a0613 
23973.813700    0.10194	5220150821193143718634026379476953964101910066002026115 088000+1407110642a1352 
23973.829390   -0.00175	5220150821195419255684226372067321600301910064002636185 088015+1386910642a0943 
23974.753300    0.01269	5220150822180445455142826013724114351301910135002564134 087595+1497310642a0786 
23974.763700    0.08541	5220150822181943867962026038923594289101910047001923098 087596+1467210642a0749 
23974.776990   -0.00429	5220150822183851551560126017856008930301910180002624469 087590+1457110642a0696 
23974.786110   -0.04474	5220150822185159762651526040757555320401910100001648094 087588+1437010642a0766 
23974.792840   -0.00917	5220150822190141322996626021863763234001910020001780048 087597+1407110642a0459 
23974.798110   -0.00234	5220150822190916363147426026420304951301910027002939325 087592+1397110642a0189 
23974.817350   -0.05441	5220150822193658884877126038001348225301910049003062064 087603+1357310642a0749 
23974.827970    0.07536	5220150822195217029076926029362105038201910049001585999 087600+1357410642a0762 
23974.835840    0.08042	5220150822200336777260926076072078211101910076001345882 087592+1377510642a0676 
23974.842950   -0.03298	5220150822201350494961026078482169034401910059001724121 087585+1397510642a0350 
23976.769110   -0.04549	5220150824182731065879625290903464507401910031001683032 087258+1469010642a0493 
23976.793600    0.02020	5220150824190246611418425258247827317301910049003329030 087266+1439010642a0624 
23976.800670    0.10575	5220150824191258120786025279536022781101910009000886202 087280+1439010642a0279 
23976.825640    0.08363	5220150824194855689472025275120329053101910080001511964 087298+1419010642a0630 
23976.833150    0.09690	5220150824195944163180725275089503457101910020001275581 087309+1409010642a0521 
23976.856420   -0.03335	5220150824203314553594625255212693051301910016003354021 087328+1449110642a0502 
23976.872240    0.04174	5220150824205601107345225260821808308301910063003371042 087321+1449110642a0649 
23976.893150    0.01370	5220150824212608185556125271857000673301910043003277022 087311+1439010642a0729 
23976.910990    0.10737	5220150824215149867783825307598274632101910035001921310 087294+1428810642a1009 
23978.729520    0.10099	5220150826173030319229624556285662649301910052003942012 087801+1816910642a0731 
23978.741660    0.02489	5220150826174759140665724535865524256301910122002974050 087801+1856810642a0691 
23978.754790    0.03689	5220150826180653643915824515068568295301910136002763054 087801+1786710642a0733 
23978.764420    0.07405	5220150826182045483292724484394721997201910047001923038 087805+1706910642a0563 
23978.791860    0.02132	5220150826190016545494224464426420489301910041003532012 087835+1557410642a0678 
23978.801940    0.02870	5220150826191447935634824452888362799301910071003051029 087853+1537510642a0668 
23978.822650    0.04935	5220150826194436592850324432422744632301910100003367038 087877+1557610642a0690 
23978.832630    0.05043	5220150826195859444088324424144913637301910081002949030 087883+1567610642a0667 
23978.841680    0.04794	5220150826201201209396424401093532720201910038002325021 087877+1557610642a0647 
23978.851220    0.02928	5220150826202545244641324395086811006201910040002546022 087880+1567610642a0659 
23978.869230    0.05420	5220150826205141493524724386437591335201910082001889054 087877+1567510642a0668 
23978.886970    0.04061	5220150826211714529606824397955876053301910058003323019 087878+1537410642a0694 
23987.078200    0.04699	5220150904015236161658024455620029710301910073003085042 087165+1265710642a0856 
23987.099240    0.04609	5220150904022254591157124476774687694101910040001526040 087144+1235710642a0677 
23987.109500    0.04538	5220150904023740842805424436462197796001910023002079166 087133+1285410642a0734 
23987.118540    0.03518	5220150904025042204117724435119809616301910091002990041 087145+1275410642a0819 
23987.133890    0.01494	5220150904031248143153624440500697910401910086001569613 087135+1225310642a0762 
23987.150910    0.02393	5220150904033718960703924430717409864301910076003117061 087119+1145610642a0609 
23987.190080    0.04050	5220150904043342762301024440667284590301910041003547015 087129+1185210642a0703 
23987.198940    0.08824	5220150904044628346300824445271130369301910033003380011 087141+1205110642a0629 
23987.224170    0.03322	5220150904052248640556724463082667409301910090002758062 087184+1185010642a0647 
23987.232060    0.01419	5220150904053410146703824479194621640401910208001557577 087197+1224910642a0682 
23987.240180    0.03526	5220150904054551678220524511305864466101910051002403040 087198+1264710642a0684 
23987.248940    0.04136	5220150904055828838427724485591438709001910034001973092 087213+1324610642a0643 
23987.260490    0.04756	5220150904061506599978924500493441563301910218002629190 087203+1404310642a0700 
23987.304730    0.02530	5220150904071849053482024563091749371301910092003003077 087221+1663510642a0676 
23987.323890    0.02509	5220150904074624161351924604573547034401910106001591434 087222+1733110642a0697 
23987.332970    0.04296	5220150904075928832096924644479309477101910040001739036 087247+1753210642a0669 
23987.351280   -0.00005	5220150904082550631080324654869511776401910029001738076 087266+1814110642a0470 
23987.357060    0.03797	5220150904083409682460824656622103776301910040003717027 087272+1774510642a0466 
23990.144370    0.07631	5220150907032753208516825571547335807301910045002900097 087664+1085210642a0638 
23990.155530    0.04441	5220150907034357743912925594251171803101910088001643108 087650+1085210642a0580 
23990.169100    0.04870	5220150907040330542771325547209417056301910093003025315 087647+1085210642a0729 
23990.177860    0.05267	5220150907041607470834125539723821093301910069002980200 087648+1085310642a0675 
23990.185690    0.02444	5220150907042723384786625541589899650401910060001456318 087642+1075310642a0753 
23990.202610    0.07998	5220150907045145567340225522137419379301910022003149052 087653+1085410642a0725 
23990.213780    0.03990	5220150907050750480395025516037328220301910302002646999 087660+1075410642a0662 
23990.233580    0.01018	5220150907053621360280125516387418791401910475001291999 087678+1115410642a0660 
23990.242050    0.06430	5220150907054832762629425504783791058001910131002213576 087685+1165210642a0673 
23990.250100    0.03475	5220150907060008971311325538679360909101910305001214747 087696+1205110642a0683 
23990.260700    0.13020	5220150907061524160589325510206447317201910056001925185 087703+1255010642a0682 
23990.267190    0.03378	5220150907062445009335125504196142927301910451002761999 087707+1304810642a0673 
23990.289620   -0.00238	5220150907065702898575225516624746254401910305001436999 087726+1374910642a0674 
23990.297110    0.03328	5220150907070750630971725509679305913001910066002105266 087723+1394910642a0619 
23990.307580    0.01438	5220150907072254655628525549123374383101910087001751150 087729+1394710642a0647 
23990.316550    0.01149	5220150907073550279941525520343658538301910144002845349 087728+1414610642a0654 
23990.337860    0.00260	5220150907080631052339125543997176690401910171001593682 087745+1474310642a0685 
23990.349410    0.04640	5220150907082309257949425544645293970001910045002298152 087759+1504310642a0626 
23990.359410    0.12357	5220150907083733406818725561401500030201910047002054124 087771+1494210642a0676 
23990.367240    0.02403	5220150907084849787184125597409708506101910078001475147 087785+1494210642a0679 
23990.376620    0.02563	5220150907090220055307425574882720763301910051003033112 087797+1524210642a0651 
23990.417240   -0.01453	5220150907100049713132225640076855226401910049001321190 087810+1624110642a0655 
23991.183160    0.02543	5220150908042345016597925875887840575301910018003275043 087728+1027110642a0653 
23991.190560    0.03451	5220150908043424313243425867980610558301910034002574131 087727+1037010642a0668 
23991.199060    0.02709	5220150908044639182064225867690136348401910038001436254 087734+1017110642a0652 
23991.208670    0.02191	5220150908050029300288525884309231095101910026002150043 087745+1007310642a0632 
23991.216910    0.03476	5220150908051221089255825877144764549101910012001552039 087748+1027310642a0585 
23991.235420    0.03347	5220150908053859892293625829349963108301910118002692174 087763+1067110642a0654 
23991.273580   -0.01462	5220150908063357021747225819565439719401910025001770038 087765+1237010642a0535 
23991.294270    0.03051	5220150908070344819729225840908888790101910089001285165 087772+1316910642a0631 
23991.302810    0.01693	5220150908071602696425925807099312881301910028003373024 087771+1307110642a0674 
23991.312130    0.03071	5220150908072927702926225807789461672301910083002872093 087773+1337110642a0676 
23991.389210    0.00728	5220150908092027764472125849747062385301910034003204045 087852+1406910642a0542 
23992.181090    0.03234	5220150909042045756193526187392446763301910050003138999 087497+1076210642a0632 
23992.197830    0.00643	5220150909044452603554326174009150501401910060001374999 087494+1056210642a0547 
23992.226530    0.08776	5220150909052612390750926131259230650301910037003647009 087500+1056410642a0666 
23992.257100    0.04345	5220150909061013312632126101927583479301910031003330016 087520+1176310642a0591 
24001.714010    0.06557	5220150918170810861356926381123754171101910035001965032 087585+1664410642a0578 
24001.723270    0.02564	5220150918172130604623526362558787908301910022003053025 087578+1614610642a0599 
24001.742200    0.01750	5220150918174846253084226377811976943301910040002565137 087588+1485010642a0519 
24001.753820    0.03867	5220150918180530271912126388725877924301910035002810993 087605+1415210642a0366 
24001.760480    0.03621	5220150918181505281503426395474878719301910006001315999 087608+1395410642a0110 
24003.643080    0.06388	5220150920152602282400925817262691366101910044001640239 087620+1774010642a0678 
24003.657240    0.01902	5220150920154625700184025780416633022301910067002818162 087615+1764110642a0631 
24003.665510   -0.00298	5220150920155820121007825771253790370001910032001898031 087614+1754310642a0668 
24003.674460    0.02034	5220150920161113738069025750224604728201910019002166070 087620+1734410642a0688 
24003.683900   -0.01637	5220150920162448661741625782202515431401910142001679167 087621+1694710642a0652 
24003.691890    0.06276	5220150920163618933280525782138450096101910138001470672 087626+1664810642a0670 
24003.699900    0.01120	5220150920164751219598025754942060025301910056002754150 087621+1635010642a0617 
24003.737610    0.06650	5220150920174209562324525772424781297101910058001706726 087614+1375410642a0613 
24003.743910    0.03839	5220150920175113723101225731406505085201910046001552999 087615+1315610642a0643 
24003.768880    0.06671	5220150920182711342932925778528555335101910026001815152 087596+1286110642a0513 
24003.775250    0.04333	5220150920183621211330825739583311173201910032001777157 087607+1316110642a0646 
24003.783740    0.03230	5220150920184835238038425761408150001301910053003091124 087615+1306010642a0689 
24004.698170    0.00965	5220150921164521824445925394300694481301910073003398037 087290+1485210642a0691 
24004.708370    0.07501	5220150921170003392404225410181233271101910076001755232 087284+1454810642a0639 
24004.718990   -0.00453	5220150921171521122126725399753928896401910107002045083 087279+1434810642a0677 
24004.725180    0.04992	5220150921172415541155325358083855307201910033001887115 087279+1414910642a0617 
24004.735940    0.00656	5220150921173944840634025370930879265301910118002960085 087283+1365010642a0681 
24004.755610    0.06885	5220150921180804809786025388313569766101910167001756999 087270+1285110642a0761 
24004.765780   -0.01045	5220150921182243354220025383706431034401910129001724089 087280+1265110642a0705 
24004.773580    0.01236	5220150921183356982254525360527152316001910024002047018 087282+1245310642a0535 
24005.727180    0.01439	5220150922172707997853724979144721905301910056003227034 086709+1404410642a0651 
24005.739540    0.08052	5220150922174456235856424992157557973101910051001583829 086705+1334010642a0676 
24007.738780    0.02084	5220150924174350901482524210749174159301910084003373027 087338+1125110642a0746 
24007.749720    0.05400	5220150924175935900624224219634481105101910022001788027 087353+1075410642a0530 
24007.757000    0.00044	5220150924181005218761424184251717407301910090003332031 087357+1065410642a0656 
24007.767140   -0.02070	5220150924182441251069024168630475061001910046002142027 087365+1045510642a0600 
24007.775060    0.02415	5220150924183605288364724161030518859301910105002830035 087373+1045510642a0688 
24007.826410    0.04516	5220150924195002137420224113160504878301910073003028029 087407+1035510642a0629 
24007.832090    0.08958	5220150924195812555115224134507679442101910014003052024 087415+1015710642a0479 
24007.947240   -0.01555	5220150924224401715036324113861852672301910028003622010 087434+1034910642a0449 
24007.955430   -0.00090	5220150924225549444195324117499774382001910096001762074 087433+1014510642a0571 
24007.962190    0.07233	5220150924230532921801124124365704392301910056003355024 087436+0984610642a0528 
24007.979710    0.03332	5220150924233046951261924139163056349301910047003264016 087434+0994810642a0540 
24008.869470    0.00578	5220150925205201922974023761538649311301910094003053033 087558+1275310642a0678 
24008.877790    0.02161	5220150925210400664670123757491227394301910055002860015 087564+1275410642a0658 
24008.887770   -0.02459	5220150925211823349251823751815525621001910070002148044 087560+1265510642a0654 
24008.895260   -0.00762	5220150925212910415742623749701398381001910077001253078 087558+1275510642a0664 
24008.904670    0.03392	5220150925214243488346023737414909405201910164001546119 087555+1284710642a0688 
24008.912720    0.03239	5220150925215419278552223736680889060201910088001839060 087553+1294610642a0658 
24008.936120    0.00063	5220150925222800684246723751089114958301910062003213019 087547+1224810642a0657 
24008.981600    0.00527	5220150925233330073408023771880944085301910043003561008 087536+1274710642a0627 
24008.991510   -0.01142	5220150925234746405847923766660501188201910030002360009 087539+1314510642a0619 
24010.958860    0.00804	5220150927230045418854423395252402580301910071003328016 088065+0939010642a0709 
24010.968930    0.01298	5220150927231515422237123394258903529301910075002800022 088073+0959010642a0644 
24010.986130    0.05963	5220150927234001344143723395266191657301910063003636014 088071+0969010642a0658 
24011.004270    0.02831	5220150928000609202066223400005151458301910066003238016 088084+0959010642a0673 
24011.060310    0.00641	5220150928012650658490323437489961930301910058002619057 088080+0909010642a0589 
24011.069780    0.02372	5220150928014028791095323447011720426301910024001644528 088069+0929010642a0616 
24011.103450    0.03753	5220150928022857833218523487447027156301910013001699218 088072+0949010642a0769 
24011.114120    0.01407	5220150928024419671875723502206925104301910018001958823 088073+0949010642a0453 
24011.121200    0.02914	5220150928025431390458923512463702789301910077001829999 088064+0939010642a0365 
24011.129980    0.00497	5220150928030710124170623525664126522301910089001605986 088053+0908910642a0536 
24011.140780    0.03260	5220150928032243030366623542567519314301910089001873931 088060+0879010642a0649 
24011.150570    0.02513	5220150928033649160688023558481876504301910195001833999 088064+0868910642a0673 
24011.158690    0.03716	5220150928034830668403123572054318870301910144001753999 088055+0838910642a0635 
24011.168520    0.01207	5220150928040240508081223588904662201301910061001734999 088055+0849010642a0625 
24011.175170    0.03436	5220150928041214912233623600518183020301910067002389119 088053+0849010642a0498 
24011.182620   -0.02892	5220150928042258056607923613709094479301910043003374027 088050+0839010642a0518 
24012.836490    0.06144	5220150929200432527955423770777505227301910044004212013 088047+0755910642a0553 
24012.846140    0.02743	5220150929201826897104923755812407664301910100002617041 088053+0735910642a0713 
24012.862770    0.04383	5220150929204223205445323729405605353001910030002489014 088051+0715910642a0631 
24012.897360    0.07597	5220150929213211555902923683841107862301910123002338063 088058+0755810642a0596 
24012.948490    0.04615	5220150929224549746253523629994605903301910224002330099 088047+0725810642a0651 
24012.956580    0.03939	5220150929225728317534623622086835419001910046002088035 088041+0715810642a0671 
24012.976340    0.04237	5220150929232556115248423610563734356301910177002513074 088034+0735710642a0646 
24012.993650    0.06257	5220150929235051494439123603130282661201910077001850042 088032+0745710642a0663 
24013.006140    0.05445	5220150930000850173952923597191809197001910107001784080 088020+0755510642a0720 
24013.015410    0.04493	5220150930002211281876623596872952957301910345002133180 088021+0755510642a0706 
24013.053310    0.04079	5220150930011646347496023599754121915301910209002159096 087998+0705310642a0687 
24013.062100    0.03527	5220150930012925555745023601394382385001910179001683145 087997+0725310642a0663 
24013.071130    0.06195	5220150930014225280136323607237305695201910045002156023 087986+0745310642a0670 
24013.201440    0.03649	5220150930045004110052923757426164699301910095002118044 087888+0635010642a0697 
24013.211320    0.05635	5220150930050418188013823775161269923201910070002139035 087895+0645110642a0675 
24013.221590    0.02116	5220150930051905411284123792306936643001910047002260029 087904+0685010642a0701 
24013.240330    0.02731	5220150930054604749037323828835930133301910116002548038 087890+0635210642a0658 
24013.248760    0.05789	5220150930055812906035823845750487258201910046002441019 087900+0685210642a0661 
24020.124060    0.00658	5220151007025838444328926268067732660301910073002583999 086811+1116510642a0752 
24020.133870   -0.01860	5220151007031246587335826289171009053101910061001417196 086802+1076710642a0647 
24020.156240    0.00072	5220151007034459219677126226535884547301910032002991176 086790+1146110642a0595 
24020.166390    0.03629	5220151007035936302003626212344217980001910018002246507 086786+1186010642a0597 
24020.176210    0.00285	5220151007041344159163826212629995175401910096001402999 086803+1146010642a0672 
24020.185470    0.05337	5220151007042704913200426199023215801201910048001699785 086809+1136210642a0784 
24020.196270   -0.01868	5220151007044237916964426218807880957101910210001316416 086817+1106410642a0892 
24020.206130    0.00193	5220151007045649276875426210454155504101910038001862062 086830+1106210642a0647 
24020.215290    0.02069	5220151007051001093129526169353760507301910036002886113 086828+1116110642a0583 
24020.223150    0.08919	5220151007052120467613026168214391317201910017002068077 086823+1136110642a0530 
24020.232540   -0.00133	5220151007053451639569826167174720053401910105001475999 086834+1136110642a0834 
24020.246350   -0.02010	5220151007055444874155326151831147641301910079002813093 086840+1116110642a0802 
24020.253360   -0.01924	5220151007060449935761926149233638763301910098003077078 086848+1116110642a0686 
24020.264930   -0.00767	5220151007062129584954926146079642059301910068002842077 086857+1136110642a0828 
24020.272220   -0.02585	5220151007063159753765226178698893594101910060001184133 086872+1176010642a0770 
24020.285180   -0.01201	5220151007065039308539226153000021114401910139001489856 086882+1235910642a0780 
24020.291310    0.01549	5220151007065929340167826142247243384001910021001588224 086894+1355610642a0573 
24020.301750   -0.03075	5220151007071430997037926179489982401101910135001254357 086909+1445210642a0686 
24020.311020   -0.02106	5220151007072751860376726157113387530401910398001386999 086930+1485110642a1277 
24020.339240   -0.01524	5220151007080830238049326160947113133301910104002500360 086964+1534810642a0842 
24020.347150    0.06490	5220151007081953459722726169910055360201910049002169057 086965+1554910642a0705 
24020.355990   -0.02615	5220151007083237848116626206216330198101910118001284209 086963+1574510642a0745 
24020.466990   -0.05860	5220151007111227716276126329329569624401910022002476025 086982+1745510642a0623 
24021.144970    0.04102	5220151008032845295786626527366521319301910040003094117 087161+1087410642a0606 
24021.155670    0.00319	5220151008034409749826426520785046823401910220001316999 087173+1067310642a0647 
24021.161190    0.02080	5220151008035206795733626537311044158101910068001626199 087171+1057210642a0680 
24021.175880    0.01718	5220151008041315632929926483048012403301910022002530075 087176+1007210642a0644 
24021.227390    0.01050	5220151008052726365224126422721338899301910038002287326 087215+0849010642a0413 
24021.240810    0.00150	5220151008054646216371226410524729146301910019002216451 087246+0829010642a0060 
24021.307270   -0.02811	5220151008072227992415826386201553295401910070001770115 087340+0999210642a0532 
24021.320280   -0.00926	5220151008074112351358126375224575557301910106002461110 087354+1059210642a0747 
24021.330030   -0.01841	5220151008075514768662026408742937093101910046001514120 087364+1089210642a0665 
24021.339000   -0.02871	5220151008080809182792426386898409857401910116001297583 087361+1119210642a0645 
24021.346880    0.01046	5220151008081930747299926376658168139001910045002048151 087365+1189110642a0665 
24021.357490    0.06127	5220151008083447534755826384459837422201910023002160052 087377+1268410642a0591 
24021.365650   -0.01325	5220151008084631827515126419143618701101910028001876047 087390+1356910642a0646 
24021.377660   -0.02749	5220151008090349538127726403105539840401910033001928066 087394+1357510642a0875 
24021.387650   -0.03207	5220151008091813222764026399832487886301910019002865031 087402+1387410642a0198 
24044.053090    0.04418	5220151031011627238872624542455488633301910131003384056 088021+0986810642a0601 
24044.067280    0.08871	5220151031013652894533624540494794401301910079003584026 088016+1006710642a0663 
24044.962080    0.05146	5220151031230524114999425074210525807301910097003255045 088445+0823010642a0677 
24044.992360    0.10003	5220151031234900159271125038352811899001910034001975055 088442+0803210642a0667 
24045.014950    0.04643	5220151101002131264608725018454074052301910164003220085 088451+0812910642a0672 
24045.023430    0.11035	5220151101003344497862325017827109302201910037002243017 088453+0803010642a0590 
24045.218590    0.05589	5220151101051446053887125036192422907301910042003342020 088394+0972410642a0652 
24045.226660    0.05292	5220151101052623192542125045786190530301910124003043068 088396+0962510642a0622 
24045.252110    0.08030	5220151101060302107135425086091567715201910059002106031 088411+0972510642a0687 
24045.263400    0.08588	5220151101061917833437725095953083244001910029002425049 088417+1002510642a0643 
24045.271400   -0.03610	5220151101063049379936125143738628208101910039002719022 088421+0992710642a0667 
24045.280600    0.04777	5220151101064403586362325133676210598401910032001761065 088434+0923110642a0615 
24046.071900    0.03581	5220151102014331830512925430344039334301910095003452059 088434+0457610642a0707 
24046.081010    0.10456	5220151102015639517792925421566270508001910026001340335 088429+0447310642a0734 
24046.094680    0.04776	5220151102021620063420025423121565574401910111001396999 088415+0397110642a0666 
24046.107050    0.04055	5220151102023409425147625409281468859301910125003132100 088395+0455610642a0669 
24046.145690    0.06275	5220151102032947673732325399930239553301910069002786053 088400+0495110642a0654 
24046.155890    0.07412	5220151102034428723083725397985106047001910031001690486 088413+0475010642a0688 
24046.167400    0.05412	5220151102040103616245125409522237114401910219001379999 088407+0455110642a0663 
24046.176970   -0.01338	5220151102041450499459525438354951537101910051002420039 088411+0465010642a0666 
24046.184870    0.01838	5220151102042612528624825406584113249301910080003466053 088409+0475010642a1346 
24046.201930    0.08316	5220151102045047093708525412798504675001910033002196476 088422+0454910642a0603 
24046.210180    0.04882	5220151102050239676963025427938906527401910120001305999 088430+0454810642a0672 
24046.220180    0.01730	5220151102051703176029825461237014670101910039001627029 088414+0474710642a0620 
24046.228580    0.08068	5220151102052909620400125433805588453301910040003793022 088409+0504510642a0676 
24046.236750    0.12594	5220151102054054817183425439345784135001910021002091326 088396+0534410642a0577 
24046.248760    0.04739	5220151102055813181524325461536031712401910229001363999 088394+0554310642a1096 
24046.259220    0.00859	5220151102061316313194825499119339041101910040001746028 088410+0563710642a0629 
24046.267310    0.02159	5220151102062455649074625474828757338301910107002970077 088405+0533710642a0693 
24046.280820    0.09629	5220151102064422652331725490940896858001910009001291134 088411+0583610642a0411 
24046.289040    0.04900	5220151102065612692880325512666120921401910196001570999 088415+0623710642a0675 
24046.297770   -0.00076	5220151102070847651064925551297296186101910062001934047 088426+0663610642a0670 
24046.305970    0.04238	5220151102072035943765725530154796041301910118003096081 088435+0703710642a0673 
24046.319640    0.10068	5220151102074016933583725551178854365001910023002354151 088451+0753610642a0670 
24046.328990    0.04706	5220151102075344306042225577506870012401910096001404459 088467+0793910642a0763 
24046.363060    0.04871	5220151102084248009276925641729302865401910030001830116 088504+0834510642a0563 
24046.369440    0.01059	5220151102085159289241425645912344192301910047002956028 088509+0824910642a0634 
24049.344610    0.02741	5220151105081614459208526414538071586401910125001181536 087905+1027610642a0686 
24049.365410    0.00903	5220151105084611374039226424770195067301910166002182200 087908+1107110642a0768 
24050.255920    0.01165	5220151106060831629926926566658851534401910191001452999 088048+0916910642a0608 
24050.264380    0.01689	5220151106062042592635926551638545850301910174002060278 088051+0906910642a0672 
24062.612780    0.08043	5220151118144224425135824846442373196301910086002686240 087884+1693510642a0831 
24062.630080    0.05950	5220151118150719164319824825112542048301910096002751347 087884+1654210642a0623 
24062.638250    0.08352	5220151118151904465145524841288788312101910186001751999 087884+1654010642a0672 
24062.646380    0.02833	5220151118153047524549724826285298878401910172001581247 087884+1604610642a0690 
24062.655640    0.03301	5220151118154407109465724785099975350201910065001565628 087891+1504910642a0678 
24062.665410    0.04237	5220151118155811640255224788964305898001910037001937051 087885+1425110642a0679 
24062.677250    0.05393	5220151118161514695733924782269658943301910094002359636 087896+1325310642a0727 
24062.685460    0.06596	5220151118162703537464724802297051107101910155001751999 087897+1255910642a0681 
24062.819990    0.05753	5220151118194047536279424799560925625301910178002797766 087951+1225110642a0978 
24062.828960    0.03054	5220151118195342201795724832086789282101910011001219837 087951+1215010642a0436 
24063.643170    0.02387	5220151119152610027825524560897809425301910041002745053 087829+1047510642a0696 
24063.650670    0.04078	5220151119153658158941924576318622787101910017001132241 087842+0967510642a0688 
24063.663190    0.02558	5220151119155459608125924535276426294301910036002380047 087834+0897810642a0802 
24063.675150    0.03449	5220151119161212923761824539980582559401910028001551034 087847+0887710642a0547 
24063.683870    0.05869	5220151119162446718995924512941773275301910022002698041 087844+0857610642a0562 
24063.692180    0.04910	5220151119163644501545824530546761934101910010001137601 087846+0817610642a0435 
24063.702640   -0.01789	5220151119165148229260624514762894173401910023001944022 087859+0847510642a0605 
24063.712640    0.04261	5220151119170612408192424489364540702301910036002804067 087852+0837110642a0668 
24063.743390    0.03708	5220151119175028598227524499438152398101910025001156999 087857+0875810642a0613 
24063.752870    0.03546	5220151119180407626000124496911082953101910024001284999 087872+0955210642a0653 
24063.767290    0.01381	5220151119182454272488424469950077009301910034002622053 087871+0994610642a0613 
24071.841420    0.05180	5220151127201138477745324688509036066301910054002939014 086614+0312810642a0872 
24071.851290    0.07847	5220151127202551253940424675199297678301910060003345022 086622+0352710642a0711 
24071.860560    0.04857	5220151127203912501976424663000920825301910067003223023 086619+0372710642a0714 
24071.875230    0.04145	5220151127210020010317124644433080933301910059002671021 086616+0342710642a0694 
24071.908830    0.03755	5220151127214842713286624606189714618301910069003348023 086603+0242910642a0730 
24071.919410   -0.01318	5220151127220357415324024595627554651301910055003235019 086604+0223010642a0766 
24071.933900    0.02333	5220151127222448564102224582518776535301910052002881021 086597+0233110642a0680 
24071.942240    0.03949	5220151127223649668466624575715977511301910046003362014 086603+0253110642a0654 
24071.967190    0.02841	5220151127231245086478724558946595792301910149002582098 086607+0223010642a0592 
24071.979330    0.08393	5220151127233014271696024552110074733001910068001979059 086603+0233010642a0702 
24071.987050    0.06638	5220151127234120927920224554949610174201910054001902034 086596+0243010642a0681 
24071.996070    0.01772	5220151127235420427074324546797429716301910203002556111 086592+0243010642a0647 
24072.006110    0.01196	5220151128000848216646024553707688120401910028001995014 086594+0213010642a0646 
24072.015710    0.00324	5220151128002237454652024543334857220301910089002828041 086596+0203010642a0672 
24072.031920    0.06620	5220151128004558178557924542899199665001910069002018061 086583+0213010642a0640 
24072.051100    0.00618	5220151128011334750933424547431669317301910084002654039 086578+0232810642a0653 
24072.068820   -0.01956	5220151128013906135384624554586426269301910103002926049 086595+0242910642a0673 
24072.075230    0.07571	5220151128014819734942424563007027405201910071001713053 086578+0242910642a0666 
24072.083860    0.05922	5220151128020045291172324562815075586001910050001841040 086580+0242810642a0664 
24072.098730   -0.00711	5220151128022210555708724574362609590301910160002594081 086571+0252810642a0676 
24074.042400    0.05012	5220151130010103639546225348967918498301910049003068023 088058+0494410642a0646 
24074.054580    0.02607	5220151130011835787438925343096327155301910033002972013 088036+0544010642a0631 
24074.092980    0.02121	5220151130021353661395725334361783118301910032002794016 088042+0563710642a0649 
24074.109640    0.03392	5220151130023752699039625335429725112301910031003750014 088015+0603210642a0675 
24075.338850    0.00426	5220151201080756636896525948358115266401910045001319389 088078+1131710642a0696 
24075.347430    0.02907	5220151201082017617775025955619953732301910053002381046 088091+1131710642a0672 
24075.355850    0.05664	5220151201083225516290825970599715418001910015001999121 088089+1141810642a0323 
24075.361440    0.02360	5220151201084028544666525993698071434401910040001395391 088090+1181610642a0455 
24075.368570    0.00884	5220151201085044352822526008455178232401910092001273999 088103+1261610642a0363 
24075.374680   -0.01098	5220151201085932422447426011544665322301910055002806085 088117+1321610642a0373 
24075.381510    0.06078	5220151201090922037219926024009421486001910030001791088 088115+1361510642a0592 
24075.392770    0.02492	5220151201092535345806926059744685697401910056001054274 088119+1431410642a0708 
24075.402390   -0.01481	5220151201093926568223826070759674168301910052003589034 088126+1521210642a0659 
24075.992680    0.01640	5220151201234927500342726203711896222301910037003516030 088360+1061210642a0732 
24076.003560    0.04104	5220151202000507215677226197302839980401910023001696860 088358+1051210642a0760 
24076.014040    0.03582	5220151202002013287735826173675069396301910080002543090 088348+1061210642a0633 
24076.024430    0.08019	5220151202003510739725526156385987313001910050001610999 088350+1061210642a0786 
24076.034370    0.04637	5220151202004929886943926147100838706301910122002603211 088341+1051110642a0643 
24076.045140    0.11109	5220151202010500375799126135969486756201910056001859059 088351+1061110642a0742 
24076.054300    0.04482	5220151202011811339927926132711895028401910265001240999 088352+1111110642a0771 
24076.065790    0.02105	5220151202013444171362026111091188539301910289002164400 088361+1131110642a0682 
24076.075570    0.06637	5220151202014849602652126098009875202001910114001594999 088361+1131110642a0750 
24076.105700    0.03773	5220151202023212701001726076525405842301910060002635112 088336+1061110642a0720 
24076.112510    0.09273	5220151202024200734805826073813536173201910102001586132 088328+1031110642a0672 
24076.121220   -0.01687	5220151202025433184592426100980365104101910031001819039 088325+1011210642a0547 
24076.131130    0.02554	5220151202030849532047226071755258019401910068001263999 088321+1011210642a0718 
24076.139760    0.05312	5220151202032115432157626058889848535301910024003411025 088305+1011210642a0679 
24076.355600   -0.00926	5220151202083204045091126235193533477301910278001951349 088414+1101610642a0711 
24076.367530    0.00518	5220151202084914896524126267663259696401910246001269866 088426+1171510642a1169 
24076.380450    0.00701	5220151202090750889323326282161168718301910048002013167 088441+1241510642a0241 
24076.385530   -0.03499	5220151202091509675066026325022318465101910074001381090 088446+1251510642a0657 
24076.394800    0.05133	5220151202092830684169226308279109728001910032001936202 088454+1261510642a0558 
24076.405620   -0.01374	5220151202094405551269526343190004637401910063001571224 088458+1281410642a1024 
24078.080790    0.02176	5220151204015620433985526641909855845301910035001433999 088579+0219310642a0565 
24078.159620    0.03570	5220151204034950957703126543559182252301910032001348877 088573+0369210642a0942 
24078.165370    0.03101	5220151204035807622255526538395995481301910141001511999 088560+0409210642a0388 
24078.172440    0.03496	5220151204040818811125826543947757734401910194001314999 088547+0439210642a0677 
24078.180450    0.00827	5220151204041950501205326558985445734101910297001138565 088545+0469110642a0687 
24078.189020    0.07411	5220151204043211484216626517791977524201910186001359556 088548+0449010642a0677 
24078.196770    0.06027	5220151204044321205195626512168218906001910120001142999 088546+0427010642a0675 
24078.206360   -0.00693	5220151204045709216301626543694339424101910069001336148 088540+0456310642a0629 
24078.214050    0.08430	5220151204050814239676726505233632337201910036001124290 088540+0426410642a0399 
24078.218510    0.01397	5220151204051439187740226539018713039101910057000995453 088533+0425910642a0316 
24078.222620    0.02734	5220151204052034531940426517082048570401910128001222999 088532+0425510642a0314 
24078.226270    0.00270	5220151204052550125538326536891678687101910108001279562 088546+0425610642a0320 
24078.234250    0.02364	5220151204053718944025326503080733314301910169001676999 088548+0415410642a0851 
24078.243830    0.05145	5220151204055107158072126498655494839001910050001268999 088560+0434810642a0687 
24078.252090   -0.01181	5220151204060300559791926534739845397101910081001449134 088565+0464610642a0665 
24078.259820    0.01479	5220151204061408320995126503378450757301910104001510999 088564+0414710642a0664 
24078.270020    0.01874	5220151204062849476410926517461027014401910068001302999 088565+0423810642a0682 
24078.278030    0.01550	5220151204064021586465226508171577302301910052001545641 088577+0483910642a0726 
24078.298190    0.00010	5220151204070924039853126517892003741301910078001619478 088557+0583010642a0990 
24078.312710   -0.00852	5220151204073018326129726559636481259101910071001285125 088554+0692810642a0746 
24078.320880    0.01394	5220151204074204425087526546309125319401910203001235999 088563+0772510642a0597 
24078.325960   -0.02165	5220151204074923179423226570521798081101910109001247438 088566+0813210642a0302 
24078.330310    0.00382	5220151204075538919087126554762009493401910037001372457 088575+0783410642a0340 
24078.335500   -0.00272	5220151204080306896182726579497778616101910027001394133 088582+0743510642a0371 
24078.339130   -0.00835	5220151204080820720313426583162988883101910042001495211 088584+0733710642a0319 
24078.344340    0.01753	5220151204081551253468926569038494495401910068001211999 088595+0744010642a0338 
24078.348530   -0.01919	5220151204082153274860126593266761055101910045001031290 088602+0744010642a0307 
24078.352240    0.00351	5220151204082713839935126577938054735401910074001176999 088609+0733910642a0301 
24078.355910   -0.01804	5220151204083230273328826601791371026101910032001002196 088610+0724010642a0335 
24078.360980    0.01751	5220151204083948507500526588471723699401910053001260999 088616+0724010642a0298 
24078.365040   -0.00616	5220151204084539837973426581376006528301910110001285999 088621+0743910642a0316 
24078.369040    0.00698	5220151204085125365882726598822944519401910128001243999 088628+0763810642a0311 
24078.372940   -0.01031	5220151204085702243861626623425841653101910083001362310 088633+0803610642a0324 
24078.377530    0.01690	5220151204090339010894726594867499319001910028001428317 088635+0853710642a0282 
24078.381950   -0.00496	5220151204091000617396826616576896861401910079001331999 088630+0913810642a0354 
24078.386880   -0.00901	5220151204091706159589226611403719339301910141001432622 088639+0943810642a0364 
24078.392570   -0.03038	5220151204092517626329826651455933899101910041001149139 088665+0833710642a0319 
24078.396490    0.00723	5220151204093056326145826625857524704301910052001977111 088675+0813910642a0308 
24096.757470    0.81396	5220151222181045555014424235252046227301910045003267017 088715+0487810642a0642 
24096.767000    0.82485	5220151222182429196667324224449921491301910044002645017 088715+0457710642a0755 
24096.775240    0.85376	5220151222183620944608024215736035169301910079002557040 088725+0497510642a0680 
24096.786400    0.95859	5220151222185224662330324206172782229001910026002156015 088822+0498110642a0634 
24096.795480    0.93540	5220151222190529055074424196927413964301910043002743013 088704+0457710642a0653 
24096.809580    0.97562	5220151222192547648841124186123461398301910058002139030 088725+0467810642a0682 
24096.841130    1.04328	5220151222201113630952024169297633423301910053003109031 088725+0487710642a0546 
24096.950640    0.05008	5220151222224855377002024194841208932301910068002785029 088665+0407710642a0695 
24096.959150    0.02576	5220151222230110423271724202187388854301910113002407057 088816+0427910642a0691 
24096.967220    0.08304	5220151222231247599852824211403434018001910029001862023 088675+0407910642a0640 
24096.980430    0.05010	5220151222233149254347724223641058157301910086002634043 088654+0358110642a0676 
24096.988450    0.04932	5220151222234322044419624232811913501301910091002381042 088645+0378010642a0723 
24096.997750    0.07624	5220151222235645430175024244152043824301910053002297069 088654+0377910642a0345 
24097.004590    0.07171	5220151223000636602501224252961408664301910052002678024 088654+0377910642a0661 
24097.013100    0.06294	5220151223001852089303624264447003269301910066002246033 088634+0358010642a0659 
24097.024060    0.07654	5220151223003438998263324280047836077301910047002705015 088615+0358010642a0724 
24097.033210    0.04136	5220151223004749325923724293726049707301910062003166020 088625+0377810642a0745 
24117.657390    0.04115	5220160112154638064179324508102318742401910020001038130 086534+0235510642a0457 
24117.668740    0.08769	5220160112160259405878624499862539775301910024002086069 086540+0215610642a0603 
24117.685790    0.08776	5220160112162732512109624542301958600101910029001655327 086567+0156110642a0666 
24117.698970    0.04034	5220160112164630893596724546952746230401910070001311999 086578+0136210642a0602 
24117.708160    0.07027	5220160112165945017460624540226103710301910059001767999 086590+0146310642a0479 
24117.714540    0.09691	5220160112170855894051924574550087341101910067001015999 086596+0126610642a0431 
24117.721030    0.04054	5220160112171816859955024553953718683001910044001008999 086603+0126410642a0680 
24117.730350    0.04490	5220160112173142612443024556601802704201910037001287999 086605+0126410642a0633 
24118.550050    0.04346	5220160113131204062896224382113375498401910040001301312 087297+0552010642a0557 
24118.555060    0.07234	5220160113131917477393624389700829215101910048001236499 087296+0572810642a0374 
24118.562980    0.01332	5220160113133041169414724354837915382001910036001477145 087300+0542610642a0603 
24118.570510    0.01949	5220160113134132242705824342908481087201910026000932217 087309+0512810642a0629 
24118.579740    0.05147	5220160113135449499469524347402255698301910087001740353 087303+0492710642a0671 
24118.585610    0.03724	5220160113140316526262824361167305140401910039001255675 087297+0472610642a0251 
24118.590340    0.07308	5220160113141004980506724370615382028101910045001055791 087291+0462610642a0286 
24118.594690    0.01218	5220160113141621591386824339995716112001910036000775796 087295+0462510642a0342 
24118.598580    0.01541	5220160113142157495611024331439394839201910064000911999 087303+0452310642a0285 
24118.602170    0.05130	5220160113142707791197824339903326942301910139001721999 087308+0462310642a0313 
24118.606680    0.02819	5220160113143337564817924355412433512401910088001201999 087309+0472410642a0314 
24118.611530    0.06742	5220160113144035885962024365859441296101910095001158999 087314+0482310642a0366 
24118.619810    0.01178	5220160113145231358516024336296457395001910047001031331 087323+0492410642a0686 
24118.625910    0.02494	5220160113150118505831124328848014236201910050000948852 087328+0472310642a0332 
24118.630680    0.04757	5220160113150811055143524338627337136301910073001605287 087327+0442410642a0586 
24118.641680    0.05697	5220160113152401384936824340603149733301910090001568336 087323+0432510642a0742 
24118.652990    0.04388	5220160113154018622464324344050401726301910067001637242 087326+0462510642a0814 
24118.659740    0.02928	5220160113155001725672124346782523118301910075002117221 087321+0442510642a0676 
24118.670700    0.05169	5220160113160548153094224352273817564301910083001740531 087323+0382710642a0658 
24118.678640    0.07327	5220160113161714359795024384254032943101910040001257489 087328+0342710642a0688 
24118.708070    0.05521	5220160113165937560677824380435913816301910011002232425 087325+0044110642a0580 
24118.718150    0.07118	5220160113171408023730624390373361765301910018001833858 087325+0014110642a0737 
24118.728950    0.07848	5220160113172941132024724402049129644301910015001191999 087328+0014010642a0779 
24118.739850    0.02499	5220160113174523380733224414858283737301910027001750999 087328+0033910642a0663 
24118.751180    0.04774	5220160113180142296257024429184534861301910013002209999 087301+0033810642a0688 
24119.784320    0.04507	5220160114184925364600524360581545842301910025001351999 086473+0238510642a0478 
24119.792170    0.03765	5220160114190043210635524371359508165301910026001577910 086445+0258210642a0631 
24119.802470    0.02257	5220160114191533179584124402060827501401910043001303478 086432+0277610642a0609 
24119.809360    0.05905	5220160114192528674326124423939395751101910050001118999 086451+0267410642a0669 
24119.818640    0.01907	5220160114193850911323424403661240994201910017001250999 086453+0257210642a0574 
24120.604700    0.03984	5220160115143046289905424279117196720301910043001936210 086564+0153110642a0630 
24120.613300    0.03640	5220160115144309114425824271933198580301910127001752742 086555+0113210642a0570 
24120.623310    0.03061	5220160115145734117142724260134855026201910101000995999 086546+0093110642a0911 
24120.631850    0.02977	5220160115150951620324924273718221254401910222001195648 086542+0063110642a0647 
24120.641940    0.03027	5220160115152423859525524282018329282101910278000940999 086534+0033110642a0804 
24120.652130    0.02225	5220160115153903890209424249007519166001910065001413312 086530-0003210642a0709 
24120.667530    0.03451	5220160115160114866662624245010574097301910135001640999 086525-0053010642a0766 
24120.723560    0.01623	5220160115172155910933824252224851635301910074001696999 086514-0163210642a0836 
24120.732880    0.00310	5220160115173520688649624256873706954301910024001693652 086526-0173010642a0591 
24120.743530    0.03608	5220160115175040700748824263354640397301910142001548999 086521-0193210642a0666 
24120.751640    0.02543	5220160115180221311828424284032847143401910084001018429 086503-0202910642a0666 
24120.760940    0.02640	5220160115181545511749924304577447914101910071000738999 086490-0213010642a0780 
24120.770060    0.00371	5220160115182853515900724284625549446001910060001272410 086504-0213010642a0628 
24120.777240    0.03522	5220160115183913360533324286978420439201910052001187999 086525-0243110642a0673 
24120.787230    0.01912	5220160115185336370414824302311897155301910079001592999 086521-0253210642a0680 
24120.795730    0.01869	5220160115190551430187024327064672407401910097001355276 086528-0303710642a0665 
24120.803520    0.03005	5220160115191703773398724349430499058101910064001133999 086508-0323610642a0657 
24120.813310    0.03478	5220160115193110244234624334149460454001910029001361164 086477-0323510642a0639 
24120.821280    0.03122	5220160115194238334447624340228213395201910021000970999 086478-0323210642a0649 
24120.830560    0.03137	5220160115195600411940724358309656380301910055001765999 086469-0313210642a0642 
24126.931810    0.03463	5220160121222148638192624886184526760301910090002614030 087850-0049110642a0787 
24126.940250    0.01753	5220160121223357553042524890336403214301910220002397122 087871-0019110642a0687 
24126.949240    0.08333	5220160121224654679324324896069931293001910083001963067 087871-0029110642a0667 
24126.957920    0.11754	5220160121225924705180224905279884751201910082001623066 087878-0039110642a0674 
24126.970320    0.02549	5220160121231715455971224911262045380301910126002410055 087900-0039110642a0742 
24126.988000    0.03621	5220160121234242912413424927879382010301910095002487090 087904-0039110642a0418 
24128.875990   -0.00419	5220160123210125489533125392859360589301910052003326012 088650+0324510642a0685 
24128.883430    0.05548	5220160123211207966609725386801349791301910038003057008 088665+0364410642a0512 
24128.892960    0.03514	5220160123212551426117025379767620932301910053003394013 088667+0384310642a0650 
24128.902060   -0.01861	5220160123213858396996425373840663749301910043003475007 088667+0324610642a0648 
24128.910810    0.09830	5220160123215133865165825368906735023301910048003330010 088682+0324510642a0666 
24128.920190    0.03223	5220160123220504025787725364462459054301910062002785019 088678+0354510642a0686 
24128.927950    0.04047	5220160123221614844621125361461989928301910061002794015 088694+0364210642a0677 
24128.940230    0.02549	5220160123223355971372925358002079694301910069002885022 088717+0364210642a0678 
24128.948960    0.01821	5220160123224629890460225356519800901301910073002518025 088726+0374110642a0665 
24128.958470    0.03554	5220160123230011760483625355842425391301910074002966027 088730+0384110642a0662 
24130.910130    0.04231	5220160125215035400760125970275366109301910070002961029 088578+0477510642a0664 
24130.918870    0.04272	5220160125220310748131225960531551052301910062002397028 088571+0517510642a0597 
24130.928000    0.03946	5220160125221618923449525950994940328301910108001949071 088577+0567310642a0659 
24130.936240    0.02047	5220160125222811088571025942962983369301910079002319039 088578+0576410642a0639 
24130.948650    0.02917	5220160125224603173104725931978669653301910066002579028 088579+0447210642a0600 
24130.956200    0.01581	5220160125225655687924025925975464047301910107002748043 088578+0407510642a0741 
24131.074570    0.02973	5220160126014722475916425909777332721301910056002581026 088510+0406810642a0609 
24131.082390    0.02467	5220160126015838262097225914206918733301910087002246040 088515+0356910642a0698 
24131.091080    0.00350	5220160126021109327153425919931092100301910087002667032 088502+0377010642a0782 
24131.101780    0.01872	5220160126022634198792725928124229350301910047002489020 088498+0456710642a0688 
24131.109590    0.02646	5220160126023748744521425934883808313301910038003189011 088489+0486110642a0700 
24131.893420    0.00405	5220160126212631851802426293118739456301910019002952016 088471+0953910642a0367 
24131.900520    0.02071	5220160126213645078138826282771471696301910026002656020 088465+0934010642a0354 
24131.914850    0.01299	5220160126215722864341426262661717061301910038003290017 088466+0913910642a0574 
24131.928940    0.00712	5220160126221740800752126244033869161301910079002379060 088469+0904010642a0595 
24131.948190    0.02421	5220160126224523738141926220756789226301910054002384031 088460+0943910642a0640 
24131.964650    0.01488	5220160126230906127584226203090208347301910077002156046 088464+0924310642a0714 
24131.976920    0.00941	5220160126232646088338026191412452526301910065002162043 088453+0934310642a0601 
24131.992530    0.00592	5220160126234914407594826178539562611301910095002045052 088442+0924410642a0676 
24131.997140    0.05710	5220160126235552612086726171700401251001910016001537073 088434+0934510642a0204 
24132.005450   -0.00428	5220160127000750498114426169664223373301910071002370040 088428+0934510642a0649 
24132.012720    0.02183	5220160127001818624576826161972836407001910020001523042 088428+0954410642a0462 
24132.020180   -0.01063	5220160127002903120511126161616114770301910071001919043 088419+0944410642a0623 
24132.040110   -0.03656	5220160127005745352222126154401203661301910059002876031 088403+0974210642a0602 
24132.047560    0.04303	5220160127010828872005526149498460425001910048001378076 088402+0974210642a0589 
24132.055150    0.00984	5220160127011924685712626151856622623301910040002299024 088394+0974010642a0561 
24132.061560    0.03408	5220160127012839203440826148267238856001910015002133026 088392+0983910642a0395 
24132.069030   -0.02631	5220160127013924529936926151774084491301910037003400013 088383+0973910642a0529 
24132.994370   -0.02813	5220160127235153936039826424388187284301910048002661025 088342+0725610642a0670 
24133.004430    0.01083	5220160128000622552150226414123465205301910160001778101 088328+0745510642a0666 
24133.014180    0.01806	5220160128002025281929026405032430336301910334001469217 088314+0745410642a0688 
24133.022370    0.03693	5220160128003212452995826394108230518001910025001655040 088308+0745410642a0636 
24133.147320    0.01152	5220160128033208724876026381440243761301910068002091037 088250+0686010642a0642 
24133.155930   -0.00390	5220160128034432730822226386801915927301910076002135045 088250+0686110642a0660 
24133.167180   -0.01956	5220160128040043935948926395040158579301910058002612031 088239+0676110642a0683 
24133.176900    0.07306	5220160128041444571685226398598470467201910073001399059 088234+0695910642a0679 
24133.184710    0.04204	5220160128042558700216326407200415693001910049001318097 088234+0705910642a0604 
24133.207560   -0.03415	5220160128045852993356026435700909217301910029002314013 088238+0755510642a0628 
24133.218550   -0.00141	5220160128051443151355126449585939518301910030002434014 088241+0725610642a0681 
24134.006740    0.02544	5220160129000942072893026609460722400301910036001701052 088384+0387710642a0666 
24134.151730   -0.02680	5220160129033829877121726526480876038301910026003056026 088282+0506710642a0681 
24134.158820   -0.01260	5220160129034841892202526528330650326301910023002645017 088273+0496610642a0624 
24151.667260    0.01011	5220160215160051456853124517032532233301910019002322029 086103+0467310642a0839 
24151.678300    0.00810	5220160215161645060347724510790580580301910022002808044 086134+0437410642a0612 
24151.701660    0.03138	5220160215165023555928924501678310968301910032002327181 086196+0367410642a0627 
24151.710890    0.05110	5220160215170341030641424510336657956401910057001430076 086223+0317510642a0652 
24151.717570    0.03193	5220160215171317898657624530056243549101910028001239982 086260+0267610642a0650 
24151.738090    0.01999	5220160215174251203092424499101992681301910027002874174 086323+0207810642a0655 
24151.751460    0.03366	5220160215180206132168224501806616045301910044001975527 086367+0207910642a0655 
24151.759710    0.04778	5220160215181359084342624515275159009401910030001963045 086395+0198010642a0644 
24151.770820    0.03254	5220160215182959099312124509214783412301910053002332745 086414+0187910642a0726 
24151.842450    0.04500	5220160215201307482719224571101194569301910051002038595 086551+0227910642a0656 
24151.849840    0.02255	5220160215202346532401824611205189943101910035001037999 086563+0217810642a0708 
24151.878380    0.13268	5220160215210451984531224620457442444301910007003343035 086584+0177710642a0670 
24151.890980    0.13053	5220160215212300389274524640184436974301910005002416058 086611+0147710642a0581 
24151.968770    0.01941	5220160215231501317816124782047857498301910034002431198 086740+0227010642a0776 
24151.975650   -0.00225	5220160215232456294747724826289604557101910053001109999 086765+0237010642a0728 
24155.731700    0.03418	5220160219173338626237025559900001414301910038003204014 087219+0105210642a0790 
24155.741260    0.02984	5220160219174725106224325547911015927301910046002889015 087240+0065210642a0797 
24155.761040    0.01965	5220160219181554056742325525023767233301910048002830016 087252+0035210642a0706 
24155.777020    0.02288	5220160219183854364929125508634914475301910037003361009 087270-0005110642a0721 
24156.774840   -0.01086	5220160220183545783693925787272511742301910032003455012 087895+0455510642a0596 
24156.886370    0.03475	5220160220211622254558025698246987482301910053002543022 087916+0775310642a0660 
24156.894720    0.04033	5220160220212824151734425696444584220301910062002202032 087915+0825210642a0678 
24156.902640    0.12226	5220160220213947984677325697785300315201910026002315015 087920+0855210642a0612 
24156.911750    0.03215	5220160220215254814932125695131221898301910045002890019 087898+0935010642a0654 
24156.928840    0.00527	5220160220221731567237425697041580639301910062002940022 087894+0954910642a0603 
24156.936440    0.11287	5220160220222828671512825701177730211201910030001991014 087879+0944910642a0633 
24156.951340    0.02999	5220160220224955908866025704526581702301910043002800014 087879+1004710642a0639 
24156.959200    0.07882	5220160220230114912945625710635884617201910028002476011 087895+1074510642a0636 
24157.010070   -0.01350	5220160221001429824715225750032370779301910038003361016 087894+1154110642a0623 
24157.871830   -0.05338	5220160221205526069870425952442972246301910041003331016 087951+1273110642a0646 
24157.881720    0.02243	5220160221210940315144325945328937689301910049003215017 087957+1282810642a0647 
24157.902720    0.03831	5220160221213954824956625933455146195301910046002658018 087971+1223310642a0654 
24157.912630    0.02121	5220160221215411571802625929441754617301910044002816016 087978+1233710642a0683 
24160.169020    0.05590	5220160224040323285573726472448757994301910039002628012 086872+0555410642a0691 
24167.297470   -0.01695	5220160302070821426174926109717271682301910014002414029 086847+0405110642a0698 
24167.310760    0.07354	5220160302072729354738326114450772321301910030002840069 086834+0474910642a0645 
24167.319750    0.03650	5220160302074026016890526138274404129401910015002028056 086834+0564610642a0536 
24167.344850    0.04279	5220160302081635227130526154117457444401910029001681066 086840+0614710642a0647 
24167.359860    0.05871	5220160302083811814194926166245821870401910042001426212 086836+0704510642a0669 
24167.367970    0.04675	5220160302084952226345226178040580092101910030001999044 086830+0694510642a0694 
24169.195770    0.04150	5220160304044154443694125477906420009301910054003083999 086104+0003210642a0543 
24169.212580    0.07234	5220160304050606806974625472507182268401910024001171999 086128+0023110642a0590 
24169.221670    0.01457	5220160304051912255994025422860914653201910035001441999 086142+0032710642a0582 
24169.227920    0.04907	5220160304052812320724325429273505534001910025001405999 086151+0042510642a0418 
24175.620550    0.00634	5220160310145335481541523597249310099301910075002417037 086575+0684910642a0657 
24175.659130    0.05623	5220160310154908939124623638359204043301910047002719025 086601+0595410642a0590 
24175.666160    0.03448	5220160310155915849043623662286200591401910081001315079 086614+0585410642a0731 
24175.693430    0.05554	5220160310163831998822823685768124401301910038003100014 086642+0525910642a0761 
24179.637870    0.05992	5220160314151831830424524394164748327301910081002518198 087490+0426510642a0620 
24179.644590    0.01535	5220160314152812202760024424833433709101910474001140999 087494+0416510642a0683 
24179.653460    0.06772	5220160314154058568302124399950670744401910276001194925 087491+0426610642a0684 
24179.661770    0.08586	5220160314155257161357624389285148356001910068001639294 087494+0456310642a0681 
24179.672060    0.09433	5220160314160745961733824394525909764201910128001798646 087498+0446510642a0705 
24179.681030    0.04935	5220160314162041326031424390295697063301910037002680169 087498+0466610642a0668 
24179.692350    0.02726	5220160314163659047600724425027032485101910042001281261 087501+0426610642a0642 
24179.803540    0.04705	5220160314191705537664124487683483075301910020002337952 087560+0167510642a0632 
24179.835670    0.00921	5220160314200321534248624536979375328301910020002365373 087570+0137310642a0235 
24179.840800    0.05218	5220160314201045019003524545586982827301910081002489999 087575+0137310642a0686 
24179.850030    0.01326	5220160314202402469190224593471656357101910074001226999 087578+0137310642a0665 
24179.859070    0.05103	5220160314203703949331924587651722138401910047001441231 087590+0147210642a0679 
24179.870770    0.04019	5220160314205354705225524599283012943301910009002319371 087601+0147310642a0528 
24179.898140    0.05854	5220160314213319361539324652518163290301910042002608999 087629+0127310642a0754 
24179.907850    0.07518	5220160314214718514529424676869109646201910030001683999 087630+0137410642a0805 
24179.931860    0.03365	5220160314222152468054224721738256794301910025002515999 087634+0177310642a0846 
24183.663200   -0.01295	5220160318155500866263525845546874419101910099001104834 087234+0616610642a0756 
24183.671680    0.00409	5220160318160713562566125799889681238301910099002931071 087234+0616610642a0786 
24183.740160   -0.01088	5220160318174549902083525760069960207101910025001003909 087246+0447310642a0674 
24183.752140   -0.00525	5220160318180304916485725716742979880301910065002690061 087254+0417410642a0651 
24183.763430   -0.02868	5220160318181920053670425709360762889301910037002504039 087265+0377410642a0718 
24183.782050   -0.02931	5220160318184609269077125699897339648301910023002447026 087266+0367510642a0639 
24183.791610    0.00489	5220160318185955410040425696407855570301910076002606067 087271+0367410642a0685 
24183.799430   -0.01995	5220160318191111169941225728239092606101910084000995999 087270+0357410642a0831 
24183.809080    0.05477	5220160318192504226671825696145310228201910021001916027 087272+0357510642a0608 
24183.822360    0.00325	5220160318194411581929825691765503767301910040002921023 087278+0357710642a0682 
24183.829860    0.03326	5220160318195459817239125689872556303001910022001721027 087280+0357710642a0591 
24183.839380    0.00348	5220160318200842205213125702711311704401910065001921057 087279+0357810642a0695 
24183.847850    0.06989	5220160318202053993487125699250900162201910038001790096 087288+0367710642a0601 
24183.856380   -0.00030	5220160318203311306908325698702785388301910040002824031 087286+0367510642a0641 
24183.865200   -0.01267	5220160318204553525681325736286682882101910033000974999 087290+0377310642a0518 
24183.884630   -0.02142	5220160318211352117796025714186889151301910036003112021 087301+0387010642a0650 
24183.898010   -0.00112	5220160318213307724376725733836184641401910041001915028 087301+0386810642a0702 
24183.910100   -0.00128	5220160318215032546468925735519365292301910061002988045 087301+0366710642a0662 
24183.921080   -0.01983	5220160318220621061089725780240171825101910065000993999 087294+0366710642a0720 
24183.929780    0.09149	5220160318221852760130825759828827497201910021002006035 087301+0366710642a0595 
24183.947750    0.00431	5220160318224445913219925779062975950301910062002919033 087298+0336710642a0882 
24184.708040   -0.01383	5220160319165934938864226062988183483301910036003085021 087284+0438810642a0648 
24184.805610   -0.01989	5220160319192004379362525966614808713301910029002595016 087315+0298910642a0622 
24184.812670   -0.01343	5220160319193015060518625996838994552101910031001066209 087332+0318910642a0638 
24184.823440   -0.00100	5220160319194545276968625958309757912301910087002362057 087326+0328910642a0688 
24184.843630    0.01336	5220160319201449519118725950012626669001910038002050036 087328+0318910642a0587 
24184.852910    0.04667	5220160319202811632035225953910722034201910022002247021 087327+0298910642a0638 
24184.887120   -0.05041	5220160319211727368419425956787977442301910030003021016 087317+0318910642a0662 
24186.943750   -0.02679	5220160321223859774623626368147371065301910058002948017 086740+0487610642a0796 
24186.952610   -0.01760	5220160321225145162071026370334045229301910067002567027 086729+0477710642a0688 
24189.973620   -0.02542	5220160324232200371991726726472462061301910042002474014 087040+0378210642a0698 
24189.981060    0.00187	5220160324233243719142426722372857154301910046002725018 087042+0388110642a0717 
24189.995080   -0.02329	5220160324235254788231226716309065845301910026003034009 087052+0398110642a0646 
24190.006450   -0.00943	5220160325000917540022326713004148556301910026003263011 087053+0398110642a0576 
24190.014610   -0.01220	5220160325002102605927626711536899571301910049002859027 087061+0388010642a0654 
24190.028490    0.01097	5220160325004101967093826710789949336301910075001557047 087065+0357910642a0669 
24190.036400    0.03586	5220160325005225330096326706651152516001910040001223044 087066+0357810642a0669 
24190.047610    0.01625	5220160325010833532277126713377415333301910065001953038 087065+0307710642a0678 
24190.056050    0.03598	5220160325012042334029626706217258622201910030001541020 087076+0287810642a0676 
24190.064200    0.00306	5220160325013227138949326719000969358301910062001715047 087075+0337810642a0657 
24190.072830    0.02966	5220160325014452148412326718581920857001910056001307072 087078+0337510642a0650 
24190.080690    0.05107	5220160325015611502583626717931459929201910022002111023 087082+0317610642a0342 
24190.088820   -0.00404	5220160325020753772542326733001771548301910059002182031 087090+0317710642a0708 
24190.922810    0.06034	5220160325220851160786326836445479569301910052002622021 087203+0209110642a0650 
24190.930480    0.01471	5220160325221953132680926826050273014301910074001845042 087208+0189210642a0661 
24190.964810    0.00689	5220160325230919804432726785466323013301910044002719019 087211+0179210642a0675 
24190.991650    0.02100	5220160325234758385797426761396634032301910063002015045 087203+0199210642a0626 
24191.019230    0.02720	5220160326002741138584126744420589591301910052002677024 087170+0209210642a0661 
24191.029620    0.02338	5220160326004239333122526735329948852001910022001757024 087173+0199210642a0674 
24191.037200    0.02142	5220160326005333846138326726189127299201910046002004031 087166+0219210642a0628 
24191.054260    0.01607	5220160326011808346451626734928770389301910123001795086 087165+0269210642a0675 
24191.063020    0.05664	5220160326013045359418626730014358589001910032001681031 087173+0299110642a0665 
24191.070870    0.03347	5220160326014202883630626723527050708201910040001632029 087176+0259110642a0661 
24191.124260    0.01989	5220160326025855875915726757297279033301910054001875056 087179+0329010642a0670 
24191.180940    0.01914	5220160326042033167752726812871791598301910048002439025 087225+0327610642a0605 
24191.188330    0.04447	5220160326043111372657426817956155000001910023001510036 087228+0297710642a0631 
24209.810590    0.05390	5220160413192715327442425090926396140301910033002927999 086669+0518210642a0756 
24209.821640    0.08463	5220160413194309715798425105858488980301910014002312484 086626+0518210642a0637 
24209.834220    0.03762	5220160413200116506065225124197068764301910020002508482 086628+0557610642a0694 
24209.845790    0.00128	5220160413201756491103525176287562579101910067001406999 086653+0577110642a0678 
24209.853590    0.06735	5220160413202910205128725160269911639201910009001778865 086663+0596810642a0485 
24209.899200    0.02898	5220160413213450514824025238286450337301910013002386413 086607+0606110642a0645 
24211.811010    0.09213	5220160415192751124817325773058549893301910012003596044 087136+0677510642a0673 
24211.821090    0.05219	5220160415194222554863725813456870525101910011002135418 087146+0707210642a0659 
24211.848600   -0.00943	5220160415202158988685525834659930720101910018001039999 087147+0677010642a0489 
24211.967410    0.05254	5220160415231304480546026009028850288101910021001763622 087121+0675110642a0584 
24211.980090    0.01990	5220160415233120039795326033703214772101910009001919313 087110+0675110642a0521 
24214.766410   -0.03549	5220160418182338251565926562972110361301910043002772025 086896+0473810642a0673 
24214.782070   -0.07683	5220160418184610492053926546671858660301910047003166025 086917+0434310642a0665 
24214.800090   -0.00974	5220160418191207944534026530684505439301910037002407017 086920+0354710642a0665 
24215.024160   -0.00113	5220160419003447742959026624818068446301910060003068032 087094+0533510642a0679 
24223.052390    0.05301	5220160427011526809050226203053385166301910027003139030 086275+0375910642a0618 
24223.082220    0.05878	5220160427015823518935026173779843847301910018002442018 086270+0355710642a0797 
24223.093000    0.04301	5220160427021355415255426165390811907301910034003207031 086250+0385310642a0637 
24226.170990    0.04526	5220160430040613264001225178323553655301910012003409205 087327+0328010642a0414 
24226.180600    0.06612	5220160430042004248389125187950610240401910017001238601 087311+0308010642a0479 
24226.187760    0.01807	5220160430043022595146225160327174981301910012003047032 087316+0298110642a0606 
24242.934180    0.01770	5220160516222512977308826639784666369101910010001354229 087310+0717310642a0415 
24242.966820    0.00408	5220160516231213190459126685220481877101910009000999262 087311+0637510642a0622 
24243.771450    0.04993	5220160517183053359462326695118598787301910043002825025 087453+0857110642a0643 
24243.780380    0.01368	5220160517184344553816526687475157902301910050002419035 087450+0817210642a0630 
24243.793770    0.02635	5220160517190302122017926671258335608001910053001737057 087454+0767310642a0671 
24243.802390    0.08808	5220160517191526642289126665341918421201910040001871050 087455+0737310642a0664 
24243.810660   -0.00838	5220160517192721177457326679822599358401910027001743028 087459+0707110642a0649 
24243.819320    0.01426	5220160517193949446107926663803702308301910094002082077 087467+0707010642a0645 
24243.828170    0.03211	5220160517195234316130026654596401472001910049001394061 087470+0697410642a0638 
24243.836080    0.06334	5220160517200357377271026651858570548201910049001514059 087473+0737610642a0657 
24243.871860   -0.00595	5220160517205528452594226658599072550301910029002779020 087492+0737510642a0631 
24243.880350    0.02715	5220160517210741846686126660728232374301910030002436021 087478+0707710642a0614 
24243.890090    0.00480	5220160517212144102817726664189093127301910024002556017 087484+0717810642a0660 
24254.129300    0.09519	5220160528030611163085825154816243178301910033002908044 087453+1316310642a0677 
24254.137080    0.03245	5220160528031723699892525166904055917401910063001310999 087454+1316410642a0736 
24254.146350    0.05933	5220160528033044998454925139210740097301910062003022065 087448+1296510642a0821 
24271.776050    0.01470	5220160614183730872111826628384394020301910033002894045 086215+1475310642a0627 
24271.782350    0.02090	5220160614184635425472226626913035132301910029001722061 086209+1425310642a0624 
24271.898990    0.01796	5220160614213432963197926680270852718301910026002430021 086253+1164910642a0593 
24271.918570    0.00174	5220160614220244418907626735191913730101910006000618596 086259+1164910642a0450 
24294.574090    0.02120	5220160707134641623134125357831572352101910030001425121 087953+2266010642a0595 
24298.635230    0.04175	5220160711151443783071426515219911962301910017001305172 087671+2315610642a0665 
24298.643750    0.04243	5220160711152700428815126542433043247101910019001995161 087659+2285710642a0577 
24298.652980    0.01747	5220160711154017500311726502960625880301910026001535241 087655+2255810642a0623 
24298.662530    0.02995	5220160711155402888827126531136156759101910018001082252 087640+2235810642a0591 
24300.751660    0.03525	5220160713180223199467326619251818221301910027001968092 086757+1513510642a0676 
24300.758160    0.04563	5220160713181145300445726648345709027101910017001612561 086750+1463710642a0608 
24314.074250    0.00396	5220160727014655411781124340698961947301910038002208999 087751+1736810642a0603 
24314.080750    0.00471	5220160727015616917402124330602156637301910133002383999 087745+1716910642a0671 
24314.090260   -0.01176	5220160727020958595434924319151195008001910058001566999 087742+1717010642a0653 
24314.098750    0.04129	5220160727022212401075724303809213656201910083001501352 087739+1726910642a0664 
24314.106120    0.02167	5220160727023249011894824321074297737101910066001209330 087741+1746910642a0579 
24314.116960   -0.02930	5220160727024825387139724294306592979401910165000983999 087734+1736810642a0666 
24314.125750    0.04836	5220160727030105207026224269120673359301910029002340999 087735+1716810642a0598 
24314.133310    0.00665	5220160727031157634356124260444132708301910055002422999 087738+1696910642a0586 
24314.145760   -0.02464	5220160727032953424813424261782487324401910062001313999 087735+1666910642a0672 
24314.186490   -0.03844	5220160727042832821597624229600136745401910027001384377 087723+1617310642a0665 
24314.201880   -0.00029	5220160727045042290873524210332494130001910044001752114 087730+1627410642a0575 
24314.221850    0.03213	5220160727051927469191224200816665819201910019000945159 087734+1777210642a0656 
24314.235740    0.02239	5220160727053927881121124226715037369101910033001439066 087741+1866910642a0663 
24314.243570   -0.00950	5220160727055044091471124200048086245301910023001543204 087740+1926910642a0619 
24314.256330    0.02606	5220160727060906572209124201717952433301910030002222350 087740+1996610642a0600 
24314.263630   -0.00370	5220160727061937242464424218267736925401910035001047849 087740+2016410642a0636 
24314.331310    0.04478	5220160727075704898744624247273322817301910013001804112 087751+2205710642a0367 
24314.339380    0.01292	5220160727080842239003924270508416908401910053001500588 087745+2215710642a0614 
24314.348380    0.01382	5220160727082140336652524291969852036101910038001207151 087744+2225610642a0661 
24314.365880   -0.02102	5220160727084652293688724301812588700401910022001465134 087747+2225710642a0660 
24315.278250   -0.00532	5220160728064040777556124195499751455301910039001928477 087657+1915910642a0407 
24315.284030   -0.01846	5220160728064900082556424209826260265401910010000840352 087667+1915910642a0654 
24315.295280    0.01482	5220160728070512255406324225803706791101910016001454092 087666+1955910642a0614 
24315.305360   -0.00027	5220160728071943224022324201346621656301910046001786808 087670+1985810642a0567 
24315.325530   -0.01934	5220160728074845430086624224780106878401910073001008999 087683+2045110642a0665 
24315.335260    0.01860	5220160728080246740903224244538586101101910062001524282 087678+2075210642a0683 
24315.342710   -0.00637	5220160728081329837440724236365314753401910136001358999 087690+2085310642a0683 
24315.360700   -0.02000	5220160728083924282672224265133368776101910025001785129 087700+2145210642a0566 
24315.370110    0.02705	5220160728085257805496624246994658819301910036002720170 087700+2175410642a0576 
24315.382810   -0.00512	5220160728091114360451924274747418000401910032001224306 087705+2155710642a0547 
24316.256810   -0.00578	5220160729060947988848424249791951898301910056002001626 087651+1966210642a0948 
24316.269240   -0.03011	5220160729062742568441424256520041827401910140000997999 087659+2055810642a0651 
24316.276310   -0.00728	5220160729063753351768024270014042265101910068001360860 087663+2055810642a0801 
24316.286910    0.02911	5220160729065309261435924240603328067001910028002018549 087660+2045810642a0637 
24316.296480   -0.00130	5220160729070655831555424236677482847301910101002292999 087664+2075610642a0813 
24316.306540   -0.02088	5220160729072124642347724248812110113401910084001272999 087665+2115810642a0680 
24316.315610   -0.01797	5220160729073428634232824265131714564101910100001178999 087673+2145810642a0669 
24316.346180   -0.03070	5220160729081830156428224257310920890401910017001078360 087705+2046310642a0455 
24316.356410   -0.01061	5220160729083314059464624277932725372101910071001004931 087714+2036610642a0678 
24316.364220    0.05173	5220160729084428974927724255956137191201910013001371180 087721+2066410642a0336 
24316.377890    0.07032	5220160729090409702741224265347692629201910017002077144 087735+2086010642a0574 
24323.409300   -0.04435	5220160805094923094757925923121074268401910021001669083 087151+2093710642a0629 
24323.417220   -0.08337	5220160805100047962310725938132759215101910012002236027 087155+2103710642a0618 
24323.484610   -0.03118	5220160805113749918863225838745324058301910040002538023 087159+2303010642a0831 
24326.582160   -0.02386	5220160808135818606652426559041578769401910021001641071 088073+2373610642a0618 
24326.590450    0.07472	5220160808141015220023826573255582516101910012001802061 088067+2403510642a0607 
24326.803780    0.00539	5220160808191726215830326645395916594301910023000791999 087951+1864910642a0650 
24326.818880   -0.01009	5220160808193910920083426683086650824401910020001325338 087854+1885110642a0681 
24326.828330    0.04347	5220160808195247316280026717014289115101910011001081999 087946+1905410642a0444 
24329.819870   -0.07934	5220160811194036874348826537428838098301910010002905020 088019+1237910642a0767 
24329.839420    0.03237	5220160811200846087147126578857310357101910023001469804 088057+1198110642a0476 
24329.848070   -0.01865	5220160811202112914145026557224118615301910089002061175 088046+1158010642a0635 
24329.856390    0.02326	5220160811203312493563926592939714476101910046001457999 088047+1138110642a0685 
24330.827740    0.00539	5220160812195156539227426342660349132301910086002483048 088350+1406810642a0862 
24330.838580    0.04312	5220160812200733539232726373182469438101910058001495999 088364+1466610642a0645 
24330.847650   -0.01196	5220160812202036713272626349087295486301910033002640022 088372+1506410642a0610 
24330.856060   -0.00955	5220160812203243876717226370442489607401910027002175025 088384+1526310642a0544 
24330.875140    0.00561	5220160812210012229953226364514143730301910071002554068 088389+1506310642a0678 
24330.884750    0.03322	5220160812211402451210226398902763890101910073001542999 088386+1436410642a0673 
24330.891740   -0.00725	5220160812212406625234326394827117435401910049001834051 088380+1386710642a0657 
24330.901540   -0.00311	5220160812213813113425226370369653879201910022001395104 088389+1396910642a0539 
24330.907890    0.01341	5220160812214722046378026391990187349301910056002159078 088396+1446710642a0631 
24342.044010    0.02701	5220160824010322049125924236676592681301910013002497021 088314+1884710642a0361 
24342.055590    0.04908	5220160824012002748133724221893073122301910207002269451 088309+1805010642a0638 
24342.061730    0.04363	5220160824012853604791424214467924500301910066002333152 088303+1735310642a0665 
24342.073280    0.02082	5220160824014531172800024214063551116401910155000544999 088300+1715410642a0635 
24342.081110    0.02950	5220160824015647554870824195122147085001910136001539999 088286+1765210642a0681 
24342.087930    0.03183	5220160824020637031000724188205749604201910016001273084 088278+1715310642a0190 
24342.124910    0.03015	5220160824025952025917324157525628023301910143002295380 088261+1675510642a0668 
24342.134840    0.03999	5220160824031409824526824153879571378201910064001994126 088265+1705410642a0602 
24342.143340    0.04097	5220160824032624168987224177111597060101910026001585222 088255+1695410642a0176 
24342.151900   -0.00865	5220160824033844439564824174076280395101910014001919045 088250+1685510642a0607 
24342.158430    0.02984	5220160824034808558561824156495942308401910096001077999 088254+1715510642a0643 
24342.166820    0.02566	5220160824040013529168124170711709629101910033000932267 088252+1705410642a0331 
24342.202230    0.03901	5220160824045112332344024144074031424301910017001478169 088252+1685510642a0541 
24342.209790    0.01145	5220160824050206209707124146327951828301910039002296161 088260+1685510642a0632 
24342.218220    0.03901	5220160824051414032915024151785816554001910023001609978 088254+1705510642a0538 
24342.226400    0.02137	5220160824052601080686824166558558837401910483001037999 088259+1735410642a0644 
24342.233920    0.02155	5220160824053650465111524186213005875101910115000978600 088265+1745410642a0614 
24342.356140    0.02870	5220160824083250539049224315618779368401910048001270577 088276+2284110642a0638 
24342.364230    0.01834	5220160824084429144533624315900763792301910068002372133 088273+2304210642a0686 
24342.372240    0.00536	5220160824085601348613824357873740691101910032001725050 088277+2284310642a0651 
24342.387640    0.04486	5220160824091811726494824359571019977001910013002291062 088283+2264310642a0642 
24342.399410    0.02637	5220160824093509254422924391962386644401910020000973199 088325+2304110642a0622 
24342.413460    0.06817	5220160824095522944284324433000351868101910018002344016 088263+2324410642a0621 
24343.139430    0.04384	5220160825032046685264124292797920141301910132002376999 088045+1725810642a0561 
24343.148860    0.01955	5220160825033421154637024285858315128301910290002178999 088046+1735810642a0679 
24343.157630    0.01064	5220160825034658899003824309958398046101910115001484223 088044+1725810642a0680 
24343.166000    0.01306	5220160825035902609295524287327760800401910313001000999 088047+1705910642a0695 
24343.174750    0.03869	5220160825041138786150524273041609436001910063001941999 088050+1685910642a0683 
24343.249820   -0.01547	5220160825055944428579724299401999908101910105001378209 088053+1716010642a0570 
24343.258650    0.01429	5220160825061227659905724273777362545301910425002225999 088050+1765810642a0782 
24343.285970    0.00526	5220160825065147901795424291092660156301910249002137999 088072+1935310642a0647 
24343.293970    0.04952	5220160825070318584369324297631245215301910051002219399 088071+1985310642a0652 
24343.304020   -0.00193	5220160825071747744895824336122504891101910267001167651 088070+2055110642a0852 
24343.313620   -0.00169	5220160825073136464274424345733065832101910038001440103 088061+2104910642a0661 
24343.326220    0.00754	5220160825074945505274524342642618807401910036001097858 088077+2204710642a0669 
24343.335080    0.00599	5220160825080230973719924370348027790101910042001395105 088086+2244510642a0661 
24344.069830    0.03737	5220160826014033521458524584944033555401910207001177999 087985+1776710642a0626 
24344.078830    0.02160	5220160826015330513605424560881743567301910268002269999 087988+1786710642a0676 
24344.087780    0.05692	5220160826020624463366924548956979060001910102001754999 087984+1776710642a0752 
24344.096990    0.06039	5220160826021939842598924539373146564201910072001543366 087965+1726410642a0695 
24344.103190    0.00667	5220160826022835569067224557738667264101910042001234147 087980+1746710642a0588 
24344.115720    0.03066	5220160826024638427980124521430053635401910256001076999 087971+1756710642a0639 
24344.141250    0.00482	5220160826032323907114624480996057399301910066002193999 087970+1766510642a0721 
24344.148520    0.04308	5220160826033352184836924474419214669001910039001793999 087966+1746610642a0752 
24344.158440    0.07926	5220160826034809266671224467916383273201910057001656300 087964+1676910642a0596 
24344.165590    0.00012	5220160826035826747042224488362727129101910190001147793 087970+1667010642a0697 
24344.174960    0.02535	5220160826041156359817524460787276341401910146001177999 087971+1636810642a0662 
24344.342340    0.00813	5220160826081258183705724476871059604401910061001235471 088042+2195810642a0918 
24344.397250   -0.00665	5220160826093202130029424544031894529401910040001182263 088071+2137010642a0778 
24344.405470   -0.02456	5220160826094352299243724574845369088101910043001270119 088076+2157010642a0716 
24344.415560   -0.01845	5220160826095823987687324560288832499301910019003067044 088078+2166910642a0542 
24345.118450    0.01193	5220160827025033888098424739134041385301910039002006999 088102+1596710642a0458 
24345.130760    0.00219	5220160827030817923098624721965219457301910013002383999 088095+1596710642a0516 
24345.154750    0.01724	5220160827034250354197024690919647537301910135002354999 088095+1606810642a0625 
24345.161810    0.08089	5220160827035300680854724682510885179001910037001829999 088096+1616810642a0649 
24345.171880    0.00164	5220160827040730780094824702890810713101910111001452622 088094+1606810642a0682 
24345.179360    0.08469	5220160827041816322912624667304890967201910044001709999 088098+1606910642a0660 
24345.189080    0.03236	5220160827043216909273124663426000421401910078001260999 088101+1597110642a0657 
24345.199500    0.01373	5220160827044716950077824643724686048001910010001994320 088107+1587410642a0761 
24345.207940    0.02274	5220160827045926342750524636582799652301910084002217538 088119+1587510642a0665 
24345.213790   -0.02771	5220160827050751393606224663836181096101910061001412223 088123+1597610642a0436 
24345.236890    0.00038	5220160827054107296869124617302209899301910042002482097 088129+1667610642a0637 
24345.245410   -0.05010	5220160827055323514790424644878831975101910051001847096 088134+1707510642a0616 
24345.252170    0.02653	5220160827060307576949124620770339943401910045001464226 088134+1737410642a0456 
24346.134900    0.00750	5220160828031415001112624983446526294401910032001120999 088046+1617510642a0506 
24346.143190   -0.03083	5220160828032611450641224994510529479101910082001100999 088046+1627510642a0665 
24346.149040    0.07211	5220160828033436675773524957324979175201910010001754999 088041+1647510642a0231 
24346.171870    0.00836	5220160828040729579412624921464985273301910029002332999 088036+1667510642a0500 
24346.185490    0.05154	5220160828042706104127624902811894332001910044001557999 088034+1677510642a0544 
24346.202350    0.07187	5220160828045123172033724887624324112201910094001734999 088039+1667510642a0599 
24346.208440   -0.03637	5220160828050009110994924909603199717101910065001215422 088047+1667610642a0616 
24346.218550    0.00221	5220160828051442421206824866119287358301910105002152299 088047+1667610642a0636 
24346.228230   -0.03759	5220160828052839388653524889344154919101910020001999077 088055+1677510642a0352 
24355.626570   -0.01563	5220160906150215700177926681593327516301910056001776133 087635+2105510642a0665 
24355.633800   -0.00747	5220160906151240023972926711991289820101910034001480186 087645+2075510642a0643 
24355.644100   -0.03602	5220160906152730460808826696721081345401910016002471052 087642+1985710642a0614 
24356.791320   -0.01136	5220160907185929675587526743469111946301910025001740999 087765+1526710642a0523 
24356.800050   -0.02081	5220160907191203958652726754119411545301910028001699999 087777+1526710642a0613 
24356.807800   -0.01660	5220160907192313937228826764059366827301910016001464999 087785+1516710642a0657 
24357.684760   -0.01258	5220160908162603038644426569371756470301910031001779113 087511+1916310642a0610 
24357.693570   -0.01282	5220160908163844142805726595258859239101910023002023069 087507+1896310642a0618 
24367.874340    0.11246	5220160918205903271710223875915463892301910059003577026 087039+1007610642a0651 
24367.885610    0.04681	5220160918211516981256423857202776645301910105002170063 087041+0977710642a0672 
24367.893030    0.06734	5220160918212557792200223859523168399401910021002094015 087042+0997810642a0558 
24367.903360    0.04459	5220160918214049909414123829203530446301910095002626047 087044+1027710642a0672 
24367.924470    0.03367	5220160918221113992714123798611900983301910026002979024 087060+1067110642a0367 
24367.954730    0.04249	5220160918225448340909023760884295874301910204002601104 087061+1026910642a0664 
24367.964760    0.05824	5220160918230915688302223764471659669401910033001893030 087055+1027010642a0645 
24367.972150    0.04042	5220160918231953472608823745053710195001910093001485092 087025+1066110642a0685 
24368.008290    0.03055	5220160919001156001936023715228720656301910125002520044 087036+1066610642a1112 
24368.034470    0.02970	5220160919004938005828823703981579956301910162002418090 087040+1225810642a0650 
24368.050560    0.04268	5220160919011248488015823703149155742001910083001630110 087021+1215510642a0679 
24368.061540    0.03102	5220160919012836941222223700484803547301910259002256137 087022+1195410642a0683 
24368.070110    0.02129	5220160919014057436708023700025333477201910116001471082 087026+1205410642a0651 
24368.078740    0.04841	5220160919015323203099423704904165673001910179001512207 087033+1165610642a0690 
24368.116430    0.01466	5220160919024739865887523718941360116301910110002334065 087026+1185810642a0639 
24368.125220    0.01212	5220160919030019040532323727338092650001910064001780072 087020+1205710642a0684 
24368.133340    0.00365	5220160919031200402083723730066219457201910096001524071 087016+1215510642a0683 
24368.140900    0.04114	5220160919032254158805223737777967722301910115002390074 087015+1215510642a0686 
24368.150140    0.00842	5220160919033611795702023745225192515201910051001686037 087017+1215510642a0659 
24368.165680    0.02304	5220160919035834639774623762970078281301910155002370089 087026+1205410642a0684 
24370.071800    0.01881	5220160921014323100154623942372540092301910035002391026 087178+1118510642a0513 
24370.084290    0.03756	5220160921020122919092223948048633339401910022001866070 087172+1128510642a0772 
24370.092750    0.02256	5220160921021333972954023933499321229301910078002745063 087175+1108410642a0701 
24370.119580    0.03385	5220160921025211915100723928996707641301910077002652062 087176+1098410642a0702 
24370.300130   -0.04619	5220160921071210891081824094353125609301910024002180028 087203+1327910642a0652 
24370.308420   -0.00576	5220160921072407116253924108653126274301910173002331160 087209+1367610642a0687 
24370.316660    0.02458	5220160921073559164444524135225811718401910056001583086 087215+1407410642a1039 
24370.328530   -0.18632	5220160921075304796740724146567284892001910010001937036 087227+1417310642a0242 
24371.213850   -0.00579	5220160922050756759270024176527482011301910017002789020 087665+0987810642a0580 
24371.222100    0.00073	5220160922051949800022024182074853986301910057002208099 087679+0987810642a0670 
24371.232670    0.00749	5220160922053502971184224190226305435301910113002570134 087685+0997810642a0708 
24371.241810    0.01792	5220160922054812502426024198205075230301910204002366348 087696+1007810642a0702 
24371.251000    0.05253	5220160922060125994438024207794844322001910067001535839 087701+1047810642a0679 
24371.261260    0.02331	5220160922061612758475724222032529353201910068001766075 087705+1077710642a0637 
24371.268640   -0.03573	5220160922062650284634124257488075094101910111001455159 087708+1117710642a0684 
24371.278910    0.04333	5220160922064138242060024239819176683001910076001860620 087713+1157610642a0686 
24371.287400    0.02261	5220160922065351131925224254188608740201910112001831116 087732+1187610642a0685 
24371.296800   -0.04044	5220160922070723582072824294211362075101910099001584123 087751+1187510642a0712 
24371.306060    0.03688	5220160922072043443318624287581754123401910146000940999 087772+1187710642a0774 
24371.318800    0.06112	5220160922073904024682324297357495680001910036001870275 087789+1187910642a0712 
24371.325980    0.02982	5220160922074924754907824312132666019201910123001679167 087804+1227910642a0699 
24371.337950   -0.05811	5220160922080639068061724359222124766101910079001523090 087830+1277610642a0705 
24371.347040    0.03182	5220160922081944489131424355083193660401910219001066999 087844+1297510642a0748 
24371.354680    0.05655	5220160922083044462144024358855048632001910018001971135 087848+1337310642a0435 
24371.363820   -0.01019	5220160922084353677478324374749950173301910041002498038 087857+1367110642a0623 
24372.018350    0.05849	5220160923002625128502324570747928766301910057002587167 088090+1128810642a0518 
24372.026090    0.07048	5220160923003733792872824569295948873401910262001155999 088091+1098810642a0639 
24372.032670   -0.02822	5220160923004702558123924584014257099101910069001523120 088094+1098810642a0668 
24372.042180    0.06127	5220160923010044468720724544014781870201910069001783103 088090+1098710642a0663 
24372.049320    0.10250	5220160923011101126550324529148658088001910024001601560 088094+1088710642a0669 
24372.064040    0.03471	5220160923013213124398524511900751948301910087002992118 088090+1088710642a1102 
24372.073640    0.06358	5220160923014602883732324510322592275401910177001122999 088091+1078510642a0672 
24372.252830    0.04730	5220160923060404636601224460315491489401910335001016999 088144+1117010642a0658 
24372.259960   -0.04886	5220160923061420695169724487781527807101910250001118366 088153+1156910642a0682 
24372.268830    0.08119	5220160923062706694939024462040335144001910033001945142 088160+1177010642a0906 
24372.277720    0.04280	5220160923063955353094424474540967880201910070001891091 088182+1217110642a0556 
24372.288700    0.04612	5220160923065543680161724490363601886401910457001163999 088185+1237210642a0660 
24372.295180   -0.03739	5220160923070503825352424519524969352101910205001331234 088194+1277210642a0752 
24372.318980    0.02675	5220160923073919619927124515691097829301910110002357170 088207+1376910642a0601 
24372.328030    0.05205	5220160923075221582060024532301205506201910063001862072 088215+1367010642a0755 
24372.344770    0.06344	5220160923081628415526024562041983413401910145001096973 088233+1446810642a0727 
24372.355130   -0.03991	5220160923083123277084624600212147278101910052001349083 088234+1466710642a0666 
24372.374330    0.05989	5220160923085902174868024600036396898301910062002288122 088236+1516610642a0600 
24375.374250    0.00390	5220160926085855308806425343208672250401910078001290473 087901+1516010642a0516 
24375.395810   -0.08032	5220160926092957760359525387105437723101910089001524237 087903+1565810642a0668 
24375.404560    0.02641	5220160926094234010922125358377996553001910024001517050 087907+1565110642a0638 
24375.413060    0.02685	5220160926095447971578225373359170575201910015002014026 087907+1565310642a0534 
24377.241500    0.02770	5220160928054745208991225940679875372401910073001599181 088629+1215410642a0540 
24377.268170   -0.05760	5220160928062609910343925935316726232101910145001332237 088641+1285410642a0689 
24377.278310    0.04204	5220160928064046226100425883624416521001910115001739169 088653+1315510642a0645 
24377.285110    0.03811	5220160928065033923725725882012208650201910083001354166 088659+1375410642a0644 
24377.293230   -0.03376	5220160928070214793326025875373219165301910104002367119 088670+1455310642a0679 
24377.303400   -0.07332	5220160928071654121745425902168698864101910050001345126 088682+1475210642a0607 
24377.365250    0.00027	5220160928084557510022025847698519822401910027001800044 088746+1624910642a0605 
24377.372720   -0.03811	5220160928085643435562725837538084228301910040002210045 088765+1654410642a0786 
24377.397700   -0.01424	5220160928093241701337225849451812615401910039001498070 088766+1655410642a0800 
24377.408120   -0.08296	5220160928094741713989425877684046141101910061001308109 088759+1685510642a0675 
24377.449380   -0.01544	5220160928104706248467625876884622970401910039001493050 088760+1665610642a0720 
24396.918880    0.07177	5220161017220311611112623539762404798301910029002762038 087986+0817910642a0275 
24399.092090    0.03802	5220161020021236956793423933075412851301910045002932030 086907+0648910642a0661 
24399.110810    0.01085	5220161020023934309975523933437516649301910037002969024 086892+0648810642a0662 
24399.118920    0.03935	5220161020025114852080423934767671176301910045002694031 086880+0648810642a0653 
24399.127940    0.00736	5220161020030413904973623937085654560301910045003042026 086869+0638710642a0697 
24399.135570    0.02963	5220161020031513108289223939737943460301910061002987039 086863+0628710642a0691 
24399.146370    0.04065	5220161020033046733320123944576491728301910029002816016 086864+0628610642a0649 
24399.172930    0.02041	5220161020040901386591323961805562489301910113002721099 086863+0618710642a0557 
24399.180940   -0.07839	5220161020042033341735124000637397370101910030001863028 086857+0608710642a0687 
24399.189630    0.03468	5220161020043304305197423976437773137301910176002263163 086853+0608710642a0711 
24399.198260    0.08311	5220161020044529470528923995021834561401910025001276073 086854+0598710642a0646 
24399.207010    0.01430	5220161020045805271491323994648718900301910120002635107 086853+0608710642a0689 
24399.214700    0.04605	5220161020050910307983224008125243807201910040001959038 086840+0598710642a0686 
24399.223260    0.04244	5220161020052129388297924014318229230301910033002629032 086835+0608810642a0566 
24399.232660    0.04022	5220161020053501979727324026807276532301910110002536113 086840+0608810642a0629 
24400.059160    0.04965	5220161021012511708135624313827141805301910032002754027 086871+0489210642a0633 
24400.076100    0.02070	5220161021014934639902824302483971707301910046002635049 086854+0469210642a0689 
24400.085750   -0.08245	5220161021020328630544024331161195523101910041001372054 086855+0489210642a0623 
24400.093090    0.07441	5220161021021402618503824302221533159401910091001068999 086850+0479210642a0857 
24400.104540    0.09218	5220161021023031934288024287683946060001910020001928166 086840+0469210642a0645 
24400.112940    0.01568	5220161021024238354592624292213961276201910028002112030 086832+0469210642a0555 
24400.120660    0.00936	5220161021025345446783624285524195491301910068002410079 086825+0499210642a0680 
24400.129370   -0.06990	5220161021030617283338524318423825486101910027001417043 086828+0539210642a0667 
24400.140560    0.06618	5220161021032224745496724293088726273401910337001156999 086832+0549210642a1236 
24400.154320    0.08535	5220161021034213031165024284566147476001910026001635206 086826+0479210642a0625 
24400.165980    0.01711	5220161021035900709470824289270888130301910067002742065 086828+0449210642a0677 
24400.178080   -0.12911	5220161021041625896816724327741123201101910022002543031 086840+0469210642a0627 
24400.188100    0.06558	5220161021043052208111924307899376510401910156001013999 086846+0449110642a0749 
24400.201460    0.01856	5220161021045005890219424307654452180301910080002522093 086854+0469110642a0692 
24400.214550    0.06541	5220161021050857547812524326675991900401910159001180999 086858+0479110642a0688 
24400.223100    0.07326	5220161021052115984687024323966225353001910021001430309 086852+0489010642a0684 
24400.232420    0.01324	5220161021053441519480224339451923348201910070001791083 086851+0509010642a0610 
24400.240920   -0.07378	5220161021054655463992024377269288693101910047001402054 086851+0499010642a0671 
24400.248130    0.08198	5220161021055718023153824360931841035401910256001051999 086734+0418210642a0674 
24400.257530    0.02051	5220161021061050389355024363568439284301910142002621161 086863+0458910642a0685 
24400.264700    0.10365	5220161021062109711393224371523699729001910021001980176 086864+0468910642a0604 
24400.272340    0.07442	5220161021063210573063524392405349706401910114000898999 086877+0478910642a0673 
24400.297370    0.03252	5220161021070812625271924421269189862301910064002540158 086884+0558910642a0677 
24400.303580   -0.08569	5220161021071709329163424464810363646101910042001630074 086891+0608710642a0561 
24400.312790    0.06206	5220161021073024774003924456064995841401910214001092999 086904+0668410642a0680 
24400.319380    0.11466	5220161021073954516100824457238848444001910033002109206 086915+0708110642a0599 
24400.329110    0.03016	5220161021075354777648624476059699012301910129002807157 086916+0727910642a0665 
24400.337150    0.01236	5220161021080529480349024495672135285201910019001656033 086919+0737910642a0496 
24400.344550    0.05961	5220161021081609248285424514120272289401910050001446500 086923+0737910642a0675 
24400.353050    0.02565	5220161021082823912550424521529665949301910062002676089 086929+0767910642a0610 
24406.346070   -0.00652	5220161027081820605794626285734356172301910025002204101 088284+1385610642a0681 
24406.353030   -0.10750	5220161027082821844820126320493368815101910052001144363 088288+1405510642a0601 
24406.378600   -0.03368	5220161027090511011482126287540941177301910014001859081 088288+1525210642a0665 
24406.409370    0.04245	5220161027094929543813126310553362993401910024001836123 088326+1575010642a0573 
24406.416620   -0.09350	5220161027095956209550726340152063886101910052000945418 088335+1575010642a0648 
24406.539710   -0.00123	5220161027125711134930426474099600132401910026001970052 088288+1546810642a0656 
24406.546660   -0.09050	5220161027130711013611926510739510508101910028001584058 088286+1527110642a0674 
24417.626610    0.06182	5220161107150219336842825594350474422301910033003113057 086078+0562110642a0578 
24417.632830    0.09160	5220161107151116402343825585546479834301910099002889136 086067+0542210642a0634 
24417.656510    0.01008	5220161107154522829257925555320940893301910022002791032 086064+0472710642a0544 
24417.669470    0.01109	5220161107160402243688025563496248048101910074001055985 086046+0353310642a0688 
24417.678870   -0.00463	5220161107161734722290625517868422699201910024001345327 086046+0283710642a0673 
24417.686750    0.00229	5220161107162854911532025510843622848201910030001059878 086048+0223910642a0695 
24417.709990    0.03583	5220161107170223511345825508112350064301910050003368082 086065+0154110642a0665 
24417.747600    0.02853	5220161107175632337335525493524502052301910091002887288 086078+0084210642a0586 
24417.756420    0.04558	5220161107180914605160525493457463334001910051001665072 086086+0074310642a0683 
24417.829980    0.01981	5220161107195510455488225514409485730301910056002771172 086096+0123210642a0570 
24417.850900    0.06644	5220161107202517359717125551017663615401910097001553113 086115+0083210642a0687 
24417.858500   -0.00970	5220161107203614021298325558263175810101910046001042999 086121+0103110642a0715 
24417.868280    0.01527	5220161107205019087983125567376711120101910034001353999 086129+0093010642a0639 
24417.877940    0.03437	5220161107210413838951425555547842962301910069003177140 086126+0102910642a0535 
24420.723030    0.07626	5220161110172110161877224287340696621301910044003438020 086823+0416310642a0674 
24421.721120    0.05949	5220161111171824989412023958937863339301910036003363010 086704+0203910642a0581 
24421.736990   -0.03122	5220161111174115753099923930968342045301910041003239012 086850+0214310642a0635 
24421.763780   -0.02863	5220161111181950810409723888341630542301910045003166014 086829+0283810642a0673 
24424.880160    0.05232	5220161114210725777300223378174533536301910049002608013 088071+0258910642a0688 
24424.889210    0.06158	5220161114212027843210423368806193131301910066002751017 088078+0258810642a0726 
24424.902420    0.00781	5220161114213928904204623356486169771301910049003122010 088073+0248810642a0693 
24424.912200    0.07722	5220161114215334153010823348435403920301910051003259011 088076+0238810642a0676 
24424.928210    0.08028	5220161114221637015946923337323303746301910057003156014 088078+0238810642a0671 
24424.947000    0.10366	5220161114224340593217623330423464086001910035002249013 088079+0228710642a0639 
24424.955310    0.01549	5220161114225538837853723324601268970301910070002835017 088085+0238710642a0721 
24426.983290    0.05397	5220161116233556565654623737909556024301910080002849032 087465+0307810642a0664 
24428.040610    0.02153	5220161118005829077956824089278828525301910086002744045 087390+0587610642a0697 
24428.052380    0.10010	5220161118011525662356624093638285110401910044001733059 087390+0508110642a0660 
24428.059860    0.10228	5220161118012612054803624080851047155001910071001951098 087390+0478110642a0666 
24428.067970    0.01318	5220161118013752394850024086184322929201910050002070030 087378+0478210642a0641 
24428.085430   -0.00788	5220161118020301343800524080997313988301910039002920020 087365+0488410642a0677 
24428.105250    0.01055	5220161118023133534537724084060742834301910068003208039 087333+0618410642a0648 
24428.235240    0.01198	5220161118053845001586724206592458319301910100002495088 087303+0627110642a0640 
24428.242570    0.10701	5220161118054918056488124216247719821001910041002218076 087215+0606510642a0734 
24428.301140    0.00343	5220161118071338559195124325124868807301910089002678055 087300+0727510642a0680 
24428.309760    0.07901	5220161118072603177743124351517081842401910029002007043 087313+0717610642a0625 
24440.514360    0.04644	5220161130122040316445526670769315517301910073002733020 088472+0863010642a0697 
24440.529340   -0.00956	5220161130124215168787726700335751356101910046001993025 088442+0883410642a0649 
24440.546990    0.12191	5220161130130740210894926692354217184401910055001985022 088465+0853210642a0746 
24440.556150    0.05246	5220161130132051751760226679324747893301910066002969021 088465+0853210642a0683 
24440.593190    0.04972	5220161130141411457727626701981681140301910083002823021 088359+0765310642a0739 
24441.508430    0.01340	5220161201121208526767726549747542625301910019002301024 087836+1081610642a0652 
24441.518270    0.11658	5220161201122618525444626562676130606401910033002048043 087826+1071710642a0668 
24441.532260    0.05024	5220161201124627304102726541124185157301910026003096013 087815+1031710642a0595 
24441.551470    0.07784	5220161201131406770701026538625767013301910021002854008 087808+0991810642a0579 
24442.540310    0.06432	5220161202125802978776626372865433566301910125002369202 087042+1223710642a0691 
24442.550350    0.11693	5220161202131230665733026385937069400401910101001305293 087039+1204410642a0583 
24442.558790    0.00644	5220161202132439218905926390397874798101910121001483341 087029+1214310642a0684 
24442.567610    0.07802	5220161202133721331861026358598770838001910047001284149 087028+1184710642a0698 
24442.575280   -0.02596	5220161202134824445633826345358139923201910048001399163 087028+1125010642a0684 
24442.585240    0.06046	5220161202140244589736126358610935656301910191002288421 087028+1094810642a0668 
24442.592940    0.00191	5220161202141349966119726384189230073101910193001322758 087026+1074910642a0676 
24442.602250    0.11242	5220161202142714700177526377238675625401910112001304474 087019+1074910642a0658 
24442.610090    0.07525	5220161202143832048299826357201355222001910032001456102 087017+1054910642a0582 
24442.639920    0.03864	5220161202152129222263526370358985296301910115002451253 087022+0885610642a0642 
24442.647680   -0.00695	5220161202153239631747526400067522105101910027001149132 087021+0785910642a0506 
24442.658240    0.10007	5220161202154752359770426399660070512401910043001575238 087019+0706610642a0567 
24442.671540    0.04882	5220161202160701452872026390883606506301910073002238394 087015+0616810642a0664 
24446.732460    0.04858	5220161206173444187959725159232727448301910073003087599 088220+0388710642a0638 
24446.741490   -0.00255	5220161206174744994973025179930655900101910086000976999 088165+0348710642a0669 
24446.749740    0.08327	5220161206175937852119725179433781216401910279001143453 088233+0378710642a0676 
24446.761390    0.04397	5220161206181624131911025160581361200301910082003441530 088244+0388710642a0898 
24446.769810   -0.02861	5220161206182831667348225151307985509201910076001432999 088252+0418810642a0684 
24446.777880    0.06952	5220161206184008786726525168781934122001910058001587139 088258+0438810642a0682 
24446.788410   -0.00640	5220161206185518842753625191071292821101910092001160999 088265+0428710642a1063 
24446.803980    0.07144	5220161206191743748937725199409626817401910041001203101 088259+0418710642a0546 
24447.676130    0.03541	5220161207161337248721124828290072404301910282003091409 088694+0622810642a1039 
24447.687090   -0.00390	5220161207162924573697724837658423705101910121000963999 088696+0522810642a0819 
24447.699840    0.06823	5220161207164746479952124808655442251001910097001358207 088702+0522710642a0648 
24447.708410    0.07625	5220161207170006411668124817330254411401910304000925613 088701+0533110642a0737 
24447.717850   -0.03167	5220161207171342645277224780772421335201910102001556999 088717+0522810642a0609 
24447.744530    0.07402	5220161207175206980056824780526685881001910032001607056 088746+0592710642a0633 
24447.752870   -0.01174	5220161207180408129702524763784967486201910048001582999 088758+0592910642a0575 
24447.762060    0.02538	5220161207181721728201724771216607208301910180003005298 088779+0613010642a0713 
24447.771460   -0.01490	5220161207183054264926824790941112970101910392001037999 088791+0603010642a0782 
24447.780450    0.07921	5220161207184350512502024790241441038401910349001041423 088792+0593110642a0718 
24447.789190    0.06444	5220161207185626249482424775098689960001910098001673148 088807+0593310642a0701 
24447.800300    0.03939	5220161207191225515191024772646116179301910245003133422 088816+0593410642a0696 
24448.623320   -0.02028	5220161208145734730159124572055969913301910087002988056 088850+1143010642a0887 
24448.638260   -0.03701	5220161208151905975941524565926069361101910057001188620 088840+1062910642a0877 
24448.652570    0.07775	5220161208153942086332524539087378161401910033001832022 088840+1003210642a0735 
24448.671100    0.07281	5220161208160623139903824494996991663001910107001730139 088839+0923010642a0645 
24448.676890   -0.02008	5220161208161443382325324473893880009201910089001446641 088836+0863210642a0646 
24448.686580    0.02037	5220161208162840316191024467418834218301910217002898284 088829+0813110642a0604 
24448.696600   -0.02742	5220161208164305883767924475444893776101910162001076999 088834+0773010642a0661 
24448.704700    0.08132	5220161208165446219680424463699628925401910164001341210 088844+0772710642a0593 
24448.722320    0.00351	5220161208172008350433224424648744348301910037003195028 088846+0772610642a0676 
24448.729970    0.07656	5220161208173109110203224422479652269001910167001566234 088840+0792610642a0670 
24448.738830   -0.01800	5220161208174354845603124402022420283201910190001479999 088858+0782710642a0676 
24448.749550    0.03184	5220161208175921232950424401235981116301910206003055228 088866+0752710642a0663 
24448.766540   -0.03633	5220161208182349290722224411968347815101910640001142999 088871+0742710642a1968 
24448.790770    0.07583	5220161208185842890633524401598736200401910624001074237 088876+0732910642a1733 
24448.806140    0.06076	5220161208192050116111724384885324203001910194001511133 088867+0683010642a1255 
24448.821680   -0.03976	5220161208194313321367924372280431353201910054001500115 088864+0613410642a0947 
24448.839560   -0.01988	5220161208200858137949024376047775685201910458001507463 088859+0563710642a1858 
24448.852520    0.02840	5220161208202737454082924388666666160301910051003126038 088873+0613210642a0706 
24448.861580    0.00081	5220161208204040895584624393138977413301910013001663091 088869+0643110642a0224 
24448.894300    0.01723	5220161208212747455837824415939350719301910111003128090 088858+0563310642a0568 
24448.906650    0.00294	5220161208214534291523924427053694676301910446003102133 088863+0553410642a1764 
24448.922440    0.07864	5220161208220818443346324463147402423401910200000965215 088859+0583210642a0682 
24448.930210   -0.03606	5220161208221929842033024472280801494101910125000895999 088865+0583210642a0667 
24448.939330    0.07097	5220161208223238084245624482304335332401910097001347092 088858+0603110642a0648 
24448.945420   -0.03836	5220161208224123882043424490186494740101910016000976574 088854+0622910642a0215 
24449.632180    0.09837	5220161209151020060582424254043150742301910033003074021 088490+1064010642a0612 
24449.639070    0.00658	5220161209152015672379424240271115550301910042003316024 088465+0964010642a0642 
24449.654630   -0.01326	5220161209154240281736424210162432827301910070003123032 088445+0834110642a0984 
24449.669550    0.05088	5220161209160409212188224182746458322301910051003037042 088491+0823610642a0672 
24449.678100    0.04466	5220161209161628040807324186404454389401910025001450024 088485+0764210642a0688 
24449.687730   -0.01265	5220161209163019528756024151531771138301910039003304030 088484+0714510642a0644 
24449.956320   -0.01027	5220161209225705983328824082554309910301910155003087096 088447+0861710642a0637 
24449.963240   -0.07907	5220161209230703999928824111686265936101910025000938289 088444+0881910642a0557 
24452.769560   -0.00249	5220161212182809849603623567226451899301910055003046020 087771+0554310642a0696 
24452.829630    0.03577	5220161212195439690182223487200953829301910065002800031 087784+0593210642a0533 
24452.836860    0.02302	5220161212200505035060323479542506011301910148002533065 087859+0633410642a0692 
24452.855120    0.01251	5220161212203122150059723462398025379301910189002561083 087878+0533610642a0662 
24452.864350    0.00511	5220161212204439698017123455876192071201910089001644063 087886+0503610642a0657 
24452.871730   -0.01526	5220161212205517466421123450526838756201910070001927032 087896+0513510642a0738 
24452.923060   -0.01165	5220161212220912232365823428475583658301910165002566067 087923+0573510642a0623 
24452.931510    0.08118	5220161212222122148310223431256366549001910062001613044 087935+0583410642a0651 
24453.025740   -0.04354	5220161213003704074093223471645743189301910087002816029 087923+0543110642a0746 
24453.032880   -0.00664	5220161213004720419716823478622071806301910203002508094 087927+0533210642a0642 
24453.041910   -0.13810	5220161213010020793293723514765278062101910035001733015 087933+0523310642a0894 
24453.089450    0.00087	5220161213020848557623123548980414415301910106003041041 087959+0523210642a0624 
24453.896780    0.03395	5220161213213121969105723507836925037301910044002782015 088104+0335710642a0781 
24453.904700   -0.00580	5220161213214246227049523502467754178301910087002821038 088104+0325510642a0889 
24453.915340    0.01442	5220161213215805617571823496231779222301910044002829015 088108+0325310642a0651 
24453.924810    0.01799	5220161213221143776078423491648582685301910060002600026 088107+0314910642a0655 
24453.941060    0.00176	5220161213223507338733523485960146804301910071002715017 088004+0304210642a0993 
24453.951500    0.09761	5220161213225009210026423485532838048001910041001944035 088102+0374810642a0705 
24453.968140   -0.04984	5220161213231407092574623482743981086301910075002920018 088096+0345710642a0648 
24454.007340   -0.00333	5220161214001034131487823492193087338301910078003045016 088072+0327310642a0679 
24454.018190    0.10009	5220161214002611415973523499557883794001910080001893033 088061+0327010642a0673 
24454.026720   -0.01020	5220161214003828548165323504911614238201910083001714026 088059+0327010642a0667 
24454.042270    0.00295	5220161214010052043270823514429181329301910075002804020 088053+0306310642a0571 
24454.060670    0.07966	5220161214012721980999523533000356414001910051001887018 088058+0277810642a0761 
24454.070180    0.02624	5220161214014103151610823542888042303201910048002003011 088054+0247610642a0633 
24454.094910   -0.02953	5220161214021639819944623570534715821301910071003523011 088030+0265510642a0662 
24454.103260    0.10818	5220161214022841651621823583606897963001910050001885018 088021+0265110642a0653 
24454.128020   -0.00154	5220161214030420918462423617765578365301910104002805024 088003+0284410642a0687 
24454.141570   -0.00645	5220161214032351377914823641118445388201910072002026023 087990+0275510642a0629 
24454.159780   -0.00330	5220161214035004627755623669843850489301910069003173007 087884+0274410642a0865 
24454.830800    0.00600	5220161214195620787607123803064556901301910051003078020 087920+0424210642a0668 
24454.839430   -0.03068	5220161214200846982899823791303582653301910050002838021 087930+0404210642a0601 
24454.848400   -0.00097	5220161214202141764616623779485747179301910082002552029 087921+0405110642a0673 
24454.855870   -0.04380	5220161214203227254143223769975572525301910047002887015 087930+0375310642a0718 
24454.873500   -0.02210	5220161214205750258177323748883735025301910063002862023 087941+0375310642a0686 
24454.898120    0.01409	5220161214213317460108323723037813969301910092002681035 087952+0386810642a0698 
24454.911190    0.00765	5220161214215206685431023711246298954301910092002887033 087946+0387310642a0682 
24456.929360    0.01813	5220161216221816632702424460967126551301910317002395206 088472+0038810642a0679 
24456.956030    0.02439	5220161216225641061437424432384227100301910085002870068 088480-0068910642a0589 
24458.119310    0.00893	5220161218025148446081324818731135093301910040003067020 088702+0312610642a0728 
24458.137550   -0.00139	5220161218031804036565224824625118341301910063002399098 088689+0242710642a0467 
24458.145040    0.10050	5220161218032851700886124822209161216001910034001504114 088673+0252810642a0576 
24458.257440   -0.04892	5220161218061042708058524952740585251301910072002907054 088621+0352110642a0684 
24458.264110    0.01125	5220161218062018987315624964808483933201910073001631044 088619+0362110642a0915 
24458.274950   -0.03379	5220161218063555361691824982955231553301910096002379103 088623+0362210642a0486 
24458.291910   -0.00589	5220161218070021139040325014435035651301910043003272026 088626+0362310642a0739 
24462.155360   -0.02666	5220161222034342905579626397735337340301910125001774999 088427+0635710642a0570 
24462.164320   -0.09973	5220161222035636968327526426183837720101910044001607108 088421+0626110642a0645 
24462.180030    0.04444	5220161222041914260413926387114786027401910067001873999 088426+0606110642a0665 
24462.187010    0.05849	5220161222042917366730526363387646485001910057001262999 088432+0596310642a0639 
24462.197130   -0.01454	5220161222044352317943326366968849334301910151001790999 088428+0606110642a1026 
24462.209280   -0.03975	5220161222050121945745826355239659376201910054001219207 088435+0636110642a0783 
24462.235920   -0.02034	5220161222053943838996926354593473819301910141001880999 088457+0626010642a1232 
24462.253990    0.05670	5220161222060545002698326345349160477001910062001130999 088469+0606210642a0619 
24462.260540   -0.04902	5220161222061510424096226349230632077201910126001411469 088471+0596210642a0677 
24462.269850   -0.11874	5220161222062834757908326393574239766101910113001346318 088472+0576210642a0678 
24462.277400    0.03441	5220161222063927430331526370078723727401910188001541999 088477+0566210642a0683 
24462.285430   -0.01396	5220161222065101138116726363426492158301910063001965999 088478+0566210642a0668 
24462.294830    0.00498	5220161222070433036837926368273816221301910029001591461 088354+0535610642a0528 
24462.319620   -0.02647	5220161222074014928242826385824549617301910121001774573 088509+0635610642a0915 
24462.329620    0.05383	5220161222075439131504126385887477832001910058001158765 088525+0625610642a0668 
24462.339360   -0.04175	5220161222080840576133126398113461232201910105001305335 088533+0605910642a0698 
24462.348340   -0.11839	5220161222082136888475926450063335565101910250001379494 088545+0645910642a0676 
24462.357380    0.04295	5220161222083437773939326435555009883401910160001645861 088555+0725910642a0687 
24462.368360   -0.03040	5220161222085026373380626439381463222301910399001664740 088566+0845610642a1383 
24462.381050    0.05056	5220161222090842366758926448340986661001910019000953190 088586+0915310642a0468 
24462.390930   -0.02264	5220161222092256741737226471894931336301910012002040047 088585+0915210642a0550 
24462.401930   -0.00836	5220161222093846543322626489279580881301910019002168053 088592+0915210642a0766 
24462.413620   -0.00128	5220161222095536871816626508786076536301910024002027094 088590+0945110642a0638 
24462.422480    0.06320	5220161222100821937515626534728244626401910019001927083 088585+0935110642a0664 
24462.433460    0.04488	5220161222102410800178726554581117335401910048001723165 088585+0965210642a0844 
24462.444570   -0.06169	5220161222104010886606126564798550374301910018002997042 088567+1005110642a0473 
24477.737760    0.07825	5220170106174222773276624276580348810401910101001306120 087719-0377410642a0661 
24477.746430   -0.02176	5220170106175451716155824276740932916101910049001216999 087728-0387310642a0668 
24477.756030    0.06400	5220170106180841353951724250606423697301910046002713068 087732-0377310642a0672 
24477.763600    0.10630	5220170106181934879543924254292640328001910017002015021 087753-0347310642a0647 
24477.776170   -0.00878	5220170106183741308391624242508161541201910015001496352 087753-0337210642a0621 
24477.782090    0.07510	5220170106184612361618124264046983563401910070001545080 087754-0367010642a0754 
24477.792220   -0.00885	5220170106190047672255024268444091019101910014001290937 087761-0387110642a0551 
24477.800610    0.05766	5220170106191252557950224247216276540301910022002039034 087625-0436810642a0358 
24477.914640    0.09667	5220170106215704874886224350997472415401910030001753026 087838-0356910642a0584 
24488.052900   -0.04519	5220170117011610515420125643717083902301910019002224022 086334-0643010642a0576 
24488.061760   -0.01582	5220170117012856323152425638271521616301910022003241014 086335-0653010642a0537 
24488.208530   -0.07173	5220170117050017321407225672156816481301910031002563026 086350-0663310642a0627 
24488.260180   -0.03832	5220170117061439813022825740184906624301910032002463021 086395-0663510642a0662 
24489.148140   -0.03215	5220170118033319324102825990962291149301910041002185050 086913-0213510642a1033 
24489.162680    0.04407	5220170118035415558129426001443407418401910011001473387 086834-0273210642a0797 
24491.374840    0.01805	5220170120085946122643126642293850915301910029002450146 087964+0085310642a0529 
24491.383370    0.07699	5220170120091202906586126667758891783401910042001906281 087979+0115110642a0673 
24491.389940   -0.00636	5220170120092130733152026656284173408201910027001713064 087986+0154810642a0586 
24492.170670    0.03274	5220170121040546056717526698936583842301910030001331999 087775+0084310642a0546 
24492.181570    0.06084	5220170121042127280289826701282926284401910020001547999 087760+0054410642a0599 
24492.186610   -0.05087	5220170121042843095361326718486259312101910051001691161 087747+0054410642a0659 
24492.203630    0.03351	5220170121045313809750826672240441049301910016001780768 087752+0054310642a0584 
24492.220520    0.06733	5220170121051732506788626675312766371401910044001777999 087729+0044210642a0536 
24492.227350    0.05648	5220170121052723367696326650919321427001910027001569999 087726+0064110642a0670 
24492.236150   -0.04086	5220170121054003389310626645944791695201910035001261269 087721+0044110642a0651 
24492.244060   -0.05332	5220170121055126564519426688284079154101910039001558109 087722+0024110642a0677 
24492.254070    0.02684	5220170121060551555853526653234522385301910021001439999 087719+0034110642a0679 
24492.282400   -0.02648	5220170121064639037869026643879587340201910032001330233 087715+0054010642a0630 
24492.289740    0.05867	5220170121065713686975326648095552501001910014001123781 087715+0073910642a0664 
24492.328280    0.02301	5220170121075243436005026676441410436301910019002243060 087729+0163610642a0629 
24492.337880   -0.05127	5220170121080632626146026716785550721101910019001591041 087741+0213410642a0664 
24492.346050    0.04483	5220170121081818902697826703837753760401910027002289122 087740+0243310642a0622 
24492.355140    0.07635	5220170121083123672301626690953034725001910014001776084 087748+0273210642a0587 
24492.364000   -0.07517	5220170121084409454845426697250299300201910020002111038 087746+0303210642a0686 
24508.634340    0.00310	5220170206151326977335624297187872770301910056002585042 086184+0974110642a0663 
24508.659220   -0.02652	5220170206154916557239024257466089500301910056002796039 086215+0854510642a0629 
24508.667120   -0.07385	5220170206160039543434224273561736204101910063001127999 086230+0804710642a0663 
24508.695830    0.01802	5220170206164159796622024218770501350401910029001798020 086254+0535010642a0645 
24508.730820   -0.03579	5220170206173222920728324164921542074301910030003100014 086358+0455510642a0648 
24508.753900   -0.08883	5220170206180537033947624172013212872101910051000943999 086409+0544910642a0685 
24508.763480    0.02337	5220170206181924260428124138244071160201910024001272078 086435+0505110642a0681 
24508.854770   -0.04077	5220170206203052524139224116917560573301910033002949017 086634+0416110642a0702 
24508.864010   -0.02232	5220170206204410277943124119893365864301910097002745049 086657+0406110642a0840 
24508.874700   -0.01857	5220170206205934139153824125444870946201910018001431041 086673+0396310642a0646 
24508.919110   -0.00844	5220170206220331233489724155988662547301910032002754016 086734+0406310642a0742 
24509.747600   -0.04042	5220170207175632610118424224925066734301910067002583046 086913+0247910642a0648 
24509.774430   -0.03584	5220170207183510542568424197211382710301910044002514031 086921+0297610642a0642 
24509.779670   -0.09936	5220170207184243658672024222109963760101910010000987065 086920+0287510642a0503 
24509.790580    0.00835	5220170207185826038093824183600078021301910084002792037 086927+0277410642a0925 
24509.823360   -0.08549	5220170207194538342814724163756340288301910036003565012 086909+0197810642a0628 
24509.831160   -0.01751	5220170207195652092191824173165333228401910032001915016 086898+0187810642a0664 
24509.839940   -0.02474	5220170207200931169924724170454447382401910050001886022 086896+0177810642a0772 
24509.849350   -0.10192	5220170207202304108184924185308493311101910026001409077 086892+0137810642a0668 
24509.858940   -0.10718	5220170207203652763365024184204545754101910026001239084 086889+0128110642a0573 
24509.868770    0.07152	5220170207205102088094624155988148757001910023002227014 086875+0128110642a0614 
24519.063920    0.05256	5220170217013202575490426573936850518401910009001953278 088188+0417010642a0505 
24519.074560   -0.01403	5220170217014722287220826551109518181301910042002671025 088172+0426810642a0842 
24519.090790    0.04755	5220170217021044288234426527372403816001910016001677315 088146+0416710642a0717 
24519.100250    0.00945	5220170217022421393030126529304538881301910044001930049 088095+0375810642a0713 
24519.114940    0.04835	5220170217024530855577626531933215215401910117001760999 088101+0386810642a0779 
24519.126820    0.05285	5220170217030237190433126504489033363001910027001064927 088086+0397010642a0680 
24519.134640    0.01025	5220170217031352672776226510366025761301910064002181071 088069+0397010642a0678 
24519.145580    0.03974	5220170217032937926330626519312556091401910054001745999 088055+0406710642a0651 
24519.152300    0.04746	5220170217033918729242326496547146349001910019001225735 088040+0446510642a0494 
24519.161350   -0.00313	5220170217035220947132626504399383740301910046002071042 088029+0446510642a0762 
24519.182560   -0.00936	5220170217042252752752126505330222758301910067001771099 088014+0367010642a0675 
24519.190560    0.03801	5220170217043424017468526519526323836401910053001931999 087995+0376410642a0665 
24519.200220    0.02940	5220170217044819219854926501182800246001910016000950842 087979+0436010642a0653 
24519.207930   -0.01117	5220170217045925120491726513099730772301910070001542095 087967+0455810642a0681 
24519.226080   -0.01152	5220170217052533632280326523061437589301910057001922055 087970+0425710642a0800 
24519.234810    0.01890	5220170217053807177739726541838754023401910017001363999 087965+0396510642a0506 
24519.243220   -0.01973	5220170217055014634199926535750743795301910043001819053 087960+0366610642a0685 
24519.251180    0.01753	5220170217060141642352926534093281092001910020001216917 087946+0386610642a0561 
24519.262820   -0.01111	5220170217061827437247726554010989632301910095001814065 087941+0355810642a1157 
24519.283600   -0.01910	5220170217064823027046826577515531029301910054002277038 087946+0346710642a0913 
24519.290630    0.02853	5220170217065830508487026599305550540401910008001792099 087953+0376710642a0242 
24519.301500   -0.02465	5220170217071409437625726600919119233301910073002375054 087955+0426610642a0826 
24520.125740    0.01724	5220170218030104163038526666071964276301910039001521263 087572+0277710642a0575 
24520.134240    0.03316	5220170218031318254995926672383698198401910038001736999 087567+0267810642a0707 
24520.148100    0.00471	5220170218033315680320326649414915128301910030001165255 087566+0317410642a0797 
24520.153800    0.03023	5220170218034127920480526637426731243001910012001153322 087564+0297310642a0640 
24520.165610    0.00023	5220170218035829104295926639921147397301910051001280264 087565+0287410642a0832 
24520.187820   -0.00716	5220170218043027290626826632594117911301910043002344157 087584+0277410642a0893 
24520.198110    0.02710	5220170218044517125752526644513094072401910053001702999 087590+0257410642a0751 
24521.319130   -0.00332	5220170219073933168644626689224162106301910011002803035 087923+0116910642a0576 
24521.326240    0.00325	5220170219074946865535826694908387550301910041001403224 087929+0126910642a0688 
24521.333970   -0.04434	5220170219080054859811926716685823063401910011002971032 087938+0186910642a0389 
24521.343730   -0.02043	5220170219081458246215826710942288472301910017003712029 087938+0256610642a0556 
24521.350070    0.00007	5220170219082405686504426732538959713401910009001349064 087941+0296310642a0448 
24521.366070    0.02675	5220170219084708043819226735361315591301910023002531058 087915+0325810642a0639 
24523.270330    0.04235	5220170221062916857513426450648295294301910054001495494 087573+0276510642a0692 
24523.278210    0.03261	5220170221064037286454026446054540536301910024003052049 087571+0296310642a0646 
24523.286970    0.01846	5220170221065314569617326441713300570301910043002015138 087571+0316010642a0667 
24523.295380    0.05749	5220170221070520602279926455048650767401910014002152055 087579+0345910642a0657 
24523.314340    0.03205	5220170221073238970404526433456688315301910022002513073 087589+0446110642a0549 
24523.323610    0.02175	5220170221074559850219226432489603128301910038001956151 087585+0485910642a0543 
24523.330470    0.04130	5220170221075552949662326432368957500301910059001751258 087595+0466010642a0665 
24531.587330    0.03382	5220170301140545063188024263400390095301910041003167090 086895+0823210642a0635 
24531.597030    0.05279	5220170301141943732578424262354370670301910030002787129 086873+0833310642a0637 
24532.454930   -0.00231	5220170302105506318480424341583263300301910027002577087 087177+1144810642a0595 
24532.530520    0.05043	5220170302124356542617924234743475926301910027003836019 087129+1314110642a1002 
24532.544840    0.05117	5220170302130433811882924235768476013401910024001417089 087130+1314010642a0763 
24532.555690    0.03858	5220170302132011337811124235264238245101910018001077055 087095+1253410642a0639 
24532.578640    0.04958	5220170302135314732600624209230931337401910064000852175 087111+1263710642a0729 
24532.643010    0.05647	5220170302152556023419724177424951414301910077002656329 087117+1223210642a0698 
24532.652680    0.05833	5220170302153951272424624195124551009401910084000845587 087127+1194010642a0727 
24532.660550    0.03874	5220170302155111295677724206066213572101910076000971819 087133+1164110642a0636 
24532.683110    0.03723	5220170302162340770901024191118747202301910027002934151 087139+1134610642a0648 
24532.689810    0.06887	5220170302163319184835424211243747645401910022000640664 087151+1094810642a0661 
24537.656590    0.01361	5220170307154529401308024598426765323301910045002976031 086710+0503910642a0649 
24537.667060   -0.04162	5220170307160033713951824615931962454101910020000977386 086709+0474010642a0883 
24537.702610    0.00604	5220170307165145106667324542618828198301910025002991013 086811+0404310642a0633 
24537.710830   -0.03033	5220170307170335718629224565673510050101910040000972999 086839+0374210642a0677 
24537.718180    0.07848	5220170307171410773567424529109379722201910011001027092 086860+0334610642a0561 
24537.758240   -0.01801	5220170307181151759288024498036957686301910059003152054 086944+0185010642a0706 
24537.780930   -0.03801	5220170307184432744218424519618144920101910042001246999 086971+0273810642a0682 
24537.788950    0.01350	5220170307185605190100724497672702761401910047001769036 086996+0263810642a0633 
24537.834390   -0.05782	5220170307200131642555424518379590757101910036001443569 087059+0243510642a0618 
24537.856500   -0.01603	5220170307203321810747324495951120323301910037002909024 087094+0233410642a0676 
24537.909220   -0.05786	5220170307214916558863224567793839411101910010000883816 087165+0223110642a0513 
24538.656920    0.03604	5220170308154557501284124817114934416301910038003093021 087653+0954310642a0686 
24538.678960   -0.00678	5220170308161742494503624784527397096301910048003555012 087636+0934610642a0888 
24539.761000    0.01157	5220170309181550133923824922426258672301910034002327018 087471+1333910642a0565 
24539.792430   -0.03907	5220170309190106177901424890190249789301910036002673023 087459+1273810642a0670 
24539.805390   -0.05033	5220170309191945678540524879351269714301910036003169014 087465+1243810642a0661 
24539.818680   -0.00966	5220170309193853930537124869856712334301910048003007020 087463+1213810642a0792 
24539.826880   -0.01119	5220170309195042348545424864854771435301910058002692022 087461+1193810642a0709 
24539.834120   -0.03278	5220170309200107996145724860997368403301910038003321015 087455+1193710642a0692 
24539.868680   -0.06170	5220170309205053727500524850136529539301910051003395017 087463+1313110642a0698 
24539.878530   -0.01805	5220170309210504709303124849401596700301910092002728039 087461+1293010642a0780 
24539.891690   -0.03524	5220170309212402372414324850093665269301910079002688035 087469+1293110642a0695 
24539.900850   -0.04114	5220170309213713841743324851712317749301910077002876034 087469+1283110642a0694 
24539.916730   -0.03481	5220170309220005664057024856731547449301910088002519038 087452+1263110642a0676 
24539.927930   -0.06214	5220170309221613307150524861953492094301910049003148022 087451+1273010642a0685 
24539.936870   -0.05977	5220170309222905512456324867109386651301910048002970018 087453+1283010642a0661 
24541.056420   -0.05887	5220170311012115074679825190365295446301910042003450008 087653+0824310642a0674 
24541.064500   -0.06034	5220170311013253226569425202684096508301910047003599010 087646+0814510642a0753 
24544.915190   -0.08119	5220170314215752315735026237885485608301910050003576012 088307+0686410642a0726 
24544.928370    0.02878	5220170314221651111808026222221798271301910076002560026 088327+0576810642a0676 
24544.938050    0.03389	5220170314223047929911426211555872271301910106002555040 088319+0586910642a0670 
24544.953620    0.02624	5220170314225312521696526196043879089301910115002062048 088313+0616710642a0692 
24544.968870    0.02042	5220170314231510044543926182936754903301910074002476027 088295+0666810642a0654 
24544.986760    0.01009	5220170314234056361371526170397022527301910096002534036 088286+0706610642a0698 
24545.004670    0.01163	5220170315000643481013926161118881578301910156002192058 088290+0746610642a0751 
24545.019210    0.01886	5220170315002739444316126156107108106301910111002240046 088294+0756510642a0646 
24545.036280    0.02463	5220170315005214340783626153205171726301910084002564032 088278+0746510642a0683 
24545.051800    0.00223	5220170315011435104766426153425367933301910078002874026 088278+0716310642a0676 
24545.065320   -0.00946	5220170315013403864520526155865064059301910148002422061 088272+0726210642a0678 
24545.078560   -0.01660	5220170315015307489595126160284991445301910105002518038 088258+0736110642a0738 
24545.093800   -0.01644	5220170315021504513188926167854105132301910070002468025 088252+0815510642a0659 
24545.104130   -0.00306	5220170315022956535510026174471488041301910071002282029 088236+0845310642a0685 
24545.115120   -0.03403	5220170315024546349641826182819525036301910100002912034 088222+0834810642a0664 
24545.125020   -0.03021	5220170315030001752390126191465356955301910067003441018 088228+0844710642a0658 
24545.136080   -0.00972	5220170315031557527321326202359471076301910073002195027 088204+0833210642a0665 
24546.060070   -3.26701	5220170316012630125441926385769501478301910041003353002 088153+0924610642a0647 
24546.068800   -6.32865	5220170316013904528036526384520970021301910049003885003 088140+0924210642a0725 
24546.116670    0.01340	5220170316024759985631426392976996319301910027003774011 088103+0894910642a0645 
24546.126280    4.93257	5220170316030150691002026397799635527301910021002441009 088089+0875310642a0592 
24546.137420   -0.00487	5220170316031752743979526404669342127301910028004111008 088085+0865110642a0611 
24546.145580   -0.27648	5220170316032937771714026410567069648301910025003109005 088085+0864910642a0718 
24546.176440    0.34952	5220170316041404674471726472471524668101910016002367007 088065+0795210642a0614 
24547.057670    0.02682	5220170317012302689354726578279747820301910129002313064 087675+0795410642a0785 
24547.102900    0.01771	5220170317022810846379826561869473742301910062002436038 087646+0835710642a0661 
24547.134850    0.01496	5220170317031410799581626563844805622301910059002615039 087642+0735810642a0665 
24547.163300    0.00621	5220170317035509135050926575190009941301910053002420036 087604+0695210642a0622 
24547.181380    0.00894	5220170317042111055960826586991614648301910037002551025 087611+0735510642a0593 
24552.237290    0.00277	5220170322054142191936226201080663585301910026002048326 086715+0497610642a0637 
24552.244820    0.04625	5220170322055232750493126213474615198401910043001694414 086753+0498110642a0852 
24552.254510    0.03533	5220170322060629408950426213610429442101910031001633095 086765+0488010642a0658 
24552.266770    0.04064	5220170322062409240621126180836257071301910039002852141 086766+0507910642a0583 
24552.274500    0.02330	5220170322063517027808926195600867281401910056001288282 086745+0467010642a0665 
24552.282680    0.03133	5220170322064703311698526199057140109101910076001435174 086782+0517610642a0695 
24552.291440   -0.00210	5220170322065940541099626156773444997201910040001501156 086788+0637410642a0640 
24552.299930    0.01462	5220170322071154234447526167032622739001910034001222153 086796+0756910642a0743 
24552.310290    0.02431	5220170322072649025495526167929031980301910085002521167 086798+0796610642a0655 
24552.319060    0.02085	5220170322073926839565926186517453461401910073001456264 086800+0836510642a0610 
24552.327120    0.04435	5220170322075102949123826193457458604101910104001340284 086810+0886210642a0664 
24552.336210    0.01039	5220170322080408909349426155496838814201910032002018081 086825+0935810642a0687 
24552.345000   -0.03996	5220170322081648279145226170176480122001910021002511052 086830+0966110642a0588 
24552.354560    0.02752	5220170322083034117268126175480688773301910045002595089 086836+0965910642a0687 
24560.463280    0.05063	5220170330110707337806123877679799973301910033003192025 088359+1453510642a0772 
24560.479340    0.03860	5220170330113015178762123859695495284301910038002982036 088347+1493810642a0731 
24560.487680    0.01492	5220170330114215882322823866338623300401910029002015061 088345+1483610642a0597 
24560.541700    0.09575	5220170330130002507011723814097988710301910041003409049 088303+1453710642a0780 
24560.549610    0.04594	5220170330131126535485123837117365038101910040001547101 088298+1453410642a0722 
24560.560470    0.04638	5220170330132704983355723823731142044401910053001436119 088295+1453410642a0585 
24560.568210    0.06277	5220170330133813484221123811582620879001910015001962040 088284+1433410642a0598 
24560.620460    0.01112	5220170330145328008491123843100247035101910011002466027 088271+1413810642a0517 
24560.668970    0.04898	5220170330160318817128123853122748426301910026002626052 088245+1353610642a0664 
24560.680380    0.04071	5220170330161945255844823890443640867101910116001147332 088247+1343510642a0631 
24560.689940    0.03879	5220170330163331033655523891105426576401910132000999361 088248+1333410642a0648 
24560.698400    0.06882	5220170330164541866385323885383282299201910039001782081 088252+1313510642a0684 
24560.704830    0.09203	5220170330165457488055523898341487528001910015001765038 088254+1293510642a0427 
24560.714190    0.03744	5220170330170826306814223906459457822301910135002634120 088257+1273410642a0670 
24560.723370    0.03218	5220170330172139073363223944749594019101910038001242054 088257+1253410642a0720 
24560.736890    0.03030	5220170330174107671116223954730675471401910027002043040 088253+1213410642a0682 
24561.781390    0.05612	5220170331184512367078023996363874857301910046002123999 087671+0695210642a0599 
24561.787190    0.03294	5220170331185333384397624032857766885101910030001009999 087667+0684810642a0568 
24564.660730    0.02222	5220170403155126780936724396533005994301910063002149287 087590+1354610642a0504 
24564.686120    0.00213	5220170403162800439851324417729366223101910041001056374 087577+1304910642a0632 
24564.693970    0.08508	5220170403163918904594624386018990889201910027001655180 087570+1285010642a0708 
24564.702370    0.02149	5220170403165124453780624392494494622401910060001313101 087559+1265110642a0671 
24564.713020   -0.01263	5220170403170644530221624413268353052101910138000957999 087554+1225110642a0766 
24564.723210    0.02317	5220170403172125679413624392085263596401910234001326430 087551+1185310642a0675 
24564.751620   -0.00222	5220170403180220239218224420397504831101910117000964999 087553+1025710642a0630 
24564.760330    0.02683	5220170403181452853205624402958066889401910164001286258 087553+0995810642a0678 
24564.769070    0.06970	5220170403182727911942124396127075573001910031001734110 087525+0955510642a0689 
24564.775820    0.03424	5220170403183710677443524401169025766301910053001818999 087560+0955910642a0670 
24564.811160    0.00527	5220170403192804217537824441533377735401910013002027018 087591+0946010642a0642 
24564.836540    0.03637	5220170403200436685202424470367507222401910022001761065 087565+0916010642a0357 
24564.842820   -0.00342	5220170403201339978572724499229701139101910045001242999 087584+0936510642a0699 
24564.851950   -0.00112	5220170403202648049165824490696048809401910025001869052 087588+0926510642a0632 
24564.873280   -0.00557	5220170403205731487393124522034591633401910068001501124 087608+0916610642a0768 
24564.882010   -0.01442	5220170403211005717198824556486794615101910091000934999 087614+0896610642a0758 
24564.891310    0.01920	5220170403212329429996924551110091953401910037001709069 087615+0886610642a0742 
24564.909360   -0.02387	5220170403214928434611024582263478675401910033001799080 087615+0886510642a0696 
24564.921470   -0.02777	5220170403220655069042724624721204106101910064001139999 087610+0876410642a0769 
24564.931760    0.00296	5220170403222143947867724623315596514401910034001922058 087614+0856410642a0717 
24564.939050    0.00768	5220170403223213582816624637136494825401910060001914122 087613+0886310642a0689 
24564.950500   -0.01008	5220170403224843389468124679752850260101910035001712999 087607+0896210642a0736 
24564.959820    0.00360	5220170403230208847931524677501197909401910057001409165 087600+0886110642a0693 
24564.969010   -0.07643	5220170403231522718738524684698065912301910007000798623 087565+0916010642a0401 
24565.711480    0.00917	5220170404170431884272024644013451653301910114002501237 087338+1273910642a0661 
24565.720170   -0.01262	5220170404171702427880724674015301926101910053001095590 087335+1243810642a0639 
24565.731730    0.07397	5220170404173341684357724639110862432201910042001687382 087330+1194010642a0683 
24565.740310    0.06873	5220170404174602649043624633295997849001910021001914030 087328+1144410642a0582 
24565.752310    0.00309	5220170404180319324707424635044688788301910028002633095 087334+1055110642a0636 
24565.761980   -0.00110	5220170404181715447096224668746092138101910021001175999 087338+1005410642a0618 
24565.776170    0.06989	5220170404183741090647024639643003584201910009001135701 087341+0965410642a0773 
24565.786030   -0.02739	5220170404185153242423124641114290042301910020002381047 087346+0955210642a0973 
24565.794290    0.01470	5220170404190347079174424654574838741401910080001220165 087354+0945010642a0659 
24565.806020    0.00650	5220170404192040402803424650555532060301910036002474123 087361+0924410642a0759 
24565.815140   -0.01965	5220170404193348432286724689334836358101910028001192999 087370+0943710642a0628 
24565.822960    0.06806	5220170404194503720239924663364849107201910043001689999 087371+0963710642a0566 
24565.850120   -0.01956	5220170404202410271703724686343128988301910101002549180 087376+0953410642a0914 
24565.858810   -0.01128	5220170404203640777233724728610438944101910081001229999 087371+0933010642a0733 
24565.866120    0.07982	5220170404204712704565424705512063828201910010001195999 087565+0916010642a0586 
24565.894500    0.00299	5220170404212804952741324741512587480301910074001859242 087351+0982810642a0661 
24565.902350   -0.01886	5220170404213922953826724763409914363401910132001479173 087565+0916010642a0650 
24565.910770    0.05350	5220170404215130553388024763758579578001910085001771147 087353+1002610642a0681 
24565.919150   -0.02769	5220170404220334746361024812064577370101910058000939999 087355+0992610642a0681 
24565.928170    0.08789	5220170404221633599058224795507743903201910038001219999 087347+0962710642a0676 
24565.958410   -0.00781	5220170404230006789370324847965654743301910036002195085 087325+0942710642a0657 
24565.967610   -0.02133	5220170404231321612819024897921071841101910060001164999 087316+0932710642a0672 
24565.974150    0.07146	5220170404232246615943124878988511178201910025001812999 087308+0932910642a0625 
24565.982700   -0.01364	5220170404233505574244024904830865364401910094001290139 087296+0863110642a0701 
24565.994680   -0.00799	5220170404235220228885524918016285758301910111002085440 087279+0823610642a0681 
24567.707970   -0.05842	5220170406165928939436125271279596193101910007001639059 087332+1115510642a0275 
24567.723260   -0.10276	5220170406172129734112625254829002244101910007002021042 087333+1085210642a0453 
24567.745300   -0.04488	5220170406175313868309025199313688705301910035002571025 087360+0985510642a0651 
24567.751870   -0.04320	5220170406180241739713625229176137876101910065000926999 087371+0925810642a0828 
24567.762190    0.04890	5220170406181732876838325185790342097201910048001451114 087382+0876010642a0693 
24567.771430    0.00623	5220170406183051634879525175320578478001910029002105023 087390+0846110642a0575 
24567.782940   -0.04512	5220170406184726237996925174892701317301910036003525021 087397+0806110642a0689 
24567.789900   -0.06007	5220170406185727518438625206899968223101910022000774999 087414+0796310642a0657 
24567.798760    0.04602	5220170406191012485510625167896566085201910048001588118 087426+0816210642a0618 
24567.805140   -0.05065	5220170406191924249042825202132527212101910014000611999 087444+0806110642a0194 
24567.812660    0.02253	5220170406193014113631525160338398767001910026001869042 087458+0796210642a0309 
24568.989760   -0.02710	5220170407234514954251125519827031596301910054003172021 087742+0927110642a0694 
24568.997830   -0.04669	5220170407235652182071125531314752519301910043002404038 087715+0867010642a0386 
24569.008660   -0.03139	5220170408001228425827525547623415518301910148002508078 087746+0907110642a0731 
24569.017170   -0.10243	5220170408002443129281425571305648914401910028002523011 087741+0877110642a0600 
24569.026580    0.02193	5220170408003816181603325570443057773001910064001426053 087740+0857110642a0671 
24569.043220   -0.02322	5220170408010214219839025605703835904301910104002502060 087740+0887010642a0639 
24569.049910    0.04124	5220170408011152065920825614649611157201910030001557033 087740+0916810642a0619 
24569.061030   -0.03725	5220170408012752823710325638707782230301910088002432044 087734+0936810642a0718 
24569.070060    0.02625	5220170408014053258511925649951383064001910049002032039 087729+0966510642a0670 
24569.076700   -0.03805	5220170408015026868687825703655742577101910013000921061 087732+0996410642a0450 
24569.092740   -0.01510	5220170408021332818323425701342501939301910076002875028 087730+1016410642a0838 
24571.968080    0.58371	5220170410231401956555526159270610801301910014003348005 087661+1005410642a0511
24572.030550   -7.42743	5220170411004359373361326188293371367301910013002010023 087605+0895910642a0599
24572.925800   -0.01678	5220170411221308938736026390962977504301910025002719021 087586+0956010642a0671
24572.934220    0.02327	5220170411222516779926126385313624287301910031003431028 087603+0985910642a0702
24572.963300   -0.07892	5220170411230708878457326371518919139301910026003520021 087634+1015510642a0581
24572.971130   -0.03156	5220170411231825695171126369369913039301910025003359016 087642+1015410642a0761
24572.981540    0.00176	5220170411233325178191826367572806782301910034003176032 087650+1015210642a0641
24572.990720   -0.01569	5220170411234638215503226367001811646301910026003143023 087645+1035010642a0598
24574.007030    0.04093	5220170413001007475490926544021981150301910037003441008 087290+1035210642a0658
24574.023660    0.04278	5220170413003404495290026542109435818301910045003384009 087269+1055010642a0673
24574.043660   -0.00291	5220170413010252433852526543924579878301910050003408009 087240+1045010642a0690
24574.051320    0.01362	5220170413011354363111026545814572422301910053003639012 087234+1045010642a0747
24575.045220    0.02141	5220170414010507127801526672611734529301910139002304062 087077+0945810642a0666
24575.051450    0.01793	5220170414011405046044626659627052190201910078002000042 087072+0955710642a0677
24575.060360    0.02417	5220170414012654930757426663226103873001910081001688087 087069+0975410642a0660
24575.068860    0.02626	5220170414013909552286626671516249987301910237001544139 087065+1025210642a0685
24575.088290    0.02426	5220170414020708515899626675261408548301910193001726102 087058+0985110642a0618
24575.102790    0.02019	5220170414022801009900126672978107759001910066001825067 087048+0975210642a0569
24575.111150    0.00809	5220170414024003713723426672718276218201910072001764052 087047+0985110642a0556
24575.174120    0.03441	5220170414041043764529426739888890593301910070002541029 087053+1035110642a0666
24575.181930    0.02819	5220170414042158663313926749326506242301910130002000080 087048+1075110642a0590
24576.071670    0.05668	5220170415014312601152426744435108423301910068002609028 087103+0796210642a0654
24576.080520    0.04411	5220170415015557136705226742250329490301910058002414025 087104+0776210642a0688
24576.108810    0.04078	5220170415023641179128626727901519709201910052001970023 087088+0755710642a0665
24576.117440    0.02918	5220170415024906954644426735441052177001910087001485121 087084+0715910642a0680
24576.128070    0.03185	5220170415030425156733626745146467163301910072002294037 087092+0676510642a0641
24580.285920    0.03902	5220170419065143685592326210261052960301910053002274204 087294+0353010642a0606
24580.309210    0.02459	5220170419072515508301226218985551358301910047002701196 087296+0432710642a0644
24580.316690    0.00337	5220170419073602157485726242532484592401910009000862160 087300+0462410642a0384
24580.334420    0.02737	5220170419080133829824526234344570345301910031002562125 087300+0512110642a0659
24581.183340    0.03071	5220170420042400799163125937396952417301910018002590402 087642-0245310642a0526
24581.192330    0.03825	5220170420043657056777825926541715379301910016002485184 087652-0235110642a0690
24581.202290    0.03413	5220170420045117680727425915428135649301910019003187116 087665-0245110642a0661
24581.226230    0.00515	5220170420052546390605425892838342151301910017002822070 087690-0235010642a0741
24581.238150   -0.00231	5220170420054256249619425903780949595401910016000902215 087713-0184910642a0664
24581.247740    0.01982	5220170420055645113329425897682103356401910014001126138 087725-0155010642a0868
24581.311190    0.01697	5220170420072806486256425862419779125301910044002838215 087826+0044810642a0700
24581.318350   -0.00172	5220170420073825634233025883660518809401910085000885935 087840+0084610642a0706
24581.327300    0.05140	5220170420075118743021425887779553114101910098000728701 087846+0124310642a0676
24581.336180    0.00493	5220170420080406217816325869410435231001910039001504375 087855+0154510642a0608
24581.344110    0.00411	5220170420081531437808225857907125441201910055001377428 087870+0174310642a0655
24581.353300    0.02717	5220170420082845141286025875872291236301910039002885174 087877+0224210642a0680
24581.363510    0.00294	5220170420084327059565525902135238804401910049001097542 087880+0263810642a0649
24581.370400    0.04883	5220170420085322951458625908433757077101910034000729220 087888+0303610642a0638
24581.381580   -0.02223	5220170420090928660896425894486785421301910048002849199 087895+0342810642a0620
24581.387350    0.02940	5220170420091747219007825921238094618101910038001168198 087894+0382510642a0588
24581.396890   -0.01348	5220170420093131395607725927898740323401910016000757201 087889+0423110642a0545
24581.405540    0.11854	5220170420094358409253225915547342346301910014003517030 087895+0443210642a0505
24582.231770    0.01574	5220170421053344560036225518706809694301910046003026174 088127+0273710642a0668
24582.239650    0.05413	5220170421054505661828325531573451195101910142000696921 088135+0313810642a0684
24582.247670   -0.00366	5220170421055638501414025521686353598401910178000744999 088144+0353610642a0687
24582.255850   -0.00764	5220170421060825031355625495911460526001910038001429271 088151+0393510642a0678
24582.264290    0.01725	5220170421062034529991625473952542970201910066001335595 088161+0443210642a0676
24582.274160    0.03098	5220170421063447167247825478354165671301910101002984500 088167+0473310642a0680
24582.282070    0.06615	5220170421064611011017125494561737866101910106000878820 088178+0503410642a0676
24582.290800   -0.01841	5220170421065844801352725488306270052401910057000663943 088184+0553010642a0694
24582.297050   -0.02754	5220170421070744859617825467252699080001910020001216201 088192+0592910642a0611
24582.306020    0.01835	5220170421072039755150625448675011024201910033001341350 088197+0602710642a0559
24582.314770    0.05918	5220170421073316503831225479500881457101910056000941393 088198+0622610642a0649
24582.329090   -0.01225	5220170421075353202817225475878378151401910065000761727 088201+0672810642a0631
24593.899060    0.00739	5220170502213439138524024818595625406301910016001789793 087323+0357710642a0427
24593.912680   -0.00532	5220170502215415413160824879599950592101910017000751999 087328+0377310642a0643
24593.922190   -0.01088	5220170502220757509271924873466588582401910018001043090 087330+0387110642a0519
24593.929770    0.00184	5220170502221852288437324879600245086301910015001908560 087333+0397210642a0612
24593.939430   -0.01502	5220170502223246415873324934044006742101910030000807999 087336+0377210642a0462
24593.947280   -0.00784	5220170502224404660546424925332566263401910036001297245 087329+0327510642a0669
24593.960900   -0.00549	5220170502230341712798224944902461939301910014002286410 087320+0297710642a0595
24593.968170   -0.04032	5220170502231409867825524994928233614101910017001153999 087311+0277710642a0665
24593.975730    0.00830	5220170502232502961114424985995082161401910013001173059 087304+0277710642a0645
24594.825840   -0.00459	5220170503194912311690225015010539990301910032001980221 087340+0509010642a0678
24594.832910   -0.00533	5220170503195923225460925058101185067101910022000826999 087342+0488910642a0505
24594.843380   -0.00859	5220170503201427708239625034536195070301910052002137340 087344+0458910642a0635
24594.852330    0.07694	5220170503202721334855825045446446790201910023001139710 087348+0468910642a0673
24594.859700    0.01476	5220170503203758168886025049673255178001910022002090030 087344+0478910642a0660
24594.871340   -0.03048	5220170503205443743946125080816367792401910094001124204 087347+0458910642a0687
24594.880600   -0.01244	5220170503210804249029225121252054874101910059000718999 087353+0438910642a0674
24594.909420    0.08420	5220170503214933575587625133255654971201910068001213999 087319+0398810642a0667
24594.917960    0.06838	5220170503220151990208625143291432802001910076001621132 087303+0418810642a0662
24594.927360   -0.01167	5220170503221523922828825175439223179401910040000969084 087308+0428710642a0678
24594.934340    0.01955	5220170503222526783665025179667868567301910034002524190 087309+0398510642a0595
24595.919010    0.00922	5220170504220322758935325439736108336301910022002097034 087198+0577210642a0641
24598.736420    0.03821	5220170507174026478289826277875151214301910063002754030 087050+1016110642a0685
24598.751010    0.01333	5220170507180127575301126259472310126301910100001993064 087051+0966410642a0666
24598.774740    0.00277	5220170507183537443584726232980753734301910136002372073 087064+0906110642a0695
24598.782690    0.05149	5220170507184704342199726218441451991201910049001359044 087083+0866210642a0722
24598.792000    0.00384	5220170507190028757106126216704066974301910071002574034 087089+0836310642a0717
24598.804730    0.05176	5220170507191849058909526199705854275201910063001381068 087096+0786410642a0697
24598.813970   -0.01539	5220170507193206948502826236209849386101910017001009075 087090+0776410642a0537
24598.823840    0.04833	5220170507194620056651526187321283135201910085001338092 087090+0766510642a0653
24598.840930   -0.00931	5220170507201055942515926186337932805301910091002213049 087103+0706910642a0663
24598.848700   -0.00962	5220170507202207869216126219854485786101910013001341052 087115+0657110642a0546
24598.861470   -0.01172	5220170507204031148527226181199202523301910241001962136 087097+0697310642a0745
24598.870620    0.04044	5220170507205341618894326173508185089201910057001152072 087084+0697510642a0672
24598.885780    0.00331	5220170507211531776155926171913829940001910069001590065 087090+0807210642a0660
24598.899720   -0.00873	5220170507213536038191526184405429916301910121002208071 087086+0836910642a0673
24598.908210    0.03855	5220170507214749184096126180365638600201910096001189129 087096+0856910642a0678
24598.914030    0.01466	5220170507215612006005226180659840029001910046001216122 087100+0856710642a0358
24598.925960   -0.02239	5220170507221322931053826196325923895301910178001924112 087100+0806910642a0663
24598.933270    0.02870	5220170507222354434470526193937655696201910060001355065 087100+0786910642a0663
24598.941720    0.01308	5220170507223604837338126198065466143001910110001396119 087095+0767110642a0681
24607.074530    0.06203	5220170516014719330800326533683906740301910057002504066 088451+1196110642a0359 
24607.088800    0.07500	5220170516020751988136326520890441090301910052003471036 088446+1206110642a0644 
24607.096890    0.03239	5220170516021931254436326532910648173401910071001337999 088441+1186210642a0649 
24607.116420    0.06480	5220170516024739033929326488653142476201910083001782072 088448+1126410642a0681 
24607.125500    0.02786	5220170516030043619566726495894385608001910050001484333 088446+1126410642a0661 
24607.136120    0.03858	5220170516031600538110426511986565348401910040001779696 088440+1116710642a0700 
24607.149150    0.07305	5220170516033446412903626490090017556301910056002472095 088440+1106610642a0642 
24607.156690    0.08338	5220170516034538117487126514016306451101910039002088036 088441+1096610642a0675 
24607.164020    0.03605	5220170516035611371523026474984498899201910065002038042 088444+1066710642a0755 
24607.208170    0.02716	5220170516045945718442626497596946582301910044003664016 088475+1266110642a0631 
24607.243050    0.01121	5220170516054959823882526517456645406001910038001633035 088500+1465310642a0435 
24607.253690    0.04337	5220170516060518800006826527368766165301910081003064041 088498+1495410642a0666 
24608.178150    0.04049	5220170517041632302715926240149857633301910063003092081 088264+1176610642a0715
24608.185430    0.03091	5220170517042700906807426257762466183401910141001484923 088265+1186610642a0649
24608.193640    0.02211	5220170517043850301077026237047685639001910102001254889 088265+1206610642a0678
24608.200570    0.05519	5220170517044849089632326222846454168201910088001807090 088261+1256510642a0681
24608.209290    0.09444	5220170517050122466531226259046378753101910066001695064 088261+1306310642a0657
24608.217710    0.01573	5220170517051330104422126256132878638401910149001387868 088257+1326310642a0670
24608.225120   -0.03349	5220170517052410433030126238092373836001910014002351062 088263+1366310642a0699
24608.238440    0.04553	5220170517054321629730926227926707628201910084001660082 088263+1456310642a0664
24608.249280    0.11099	5220170517055858045719026268450631564101910056001617054 088269+1596110642a0675
24608.258580    0.03521	5220170517061221398047426249986939095301910147003071198 088265+1645510642a0673
24608.267230    0.01139	5220170517062448619830026274865056748401910117001570430 088263+1605510642a0691
24608.275230   -0.00661	5220170517063620238839826260877252988001910054001347357 088258+1605210642a0666
24611.222760   -0.02866	5220170520052046402575825138349811886301910040003118182 087309+0778210642a0696
24611.230480   -0.02030	5220170520053153258690725151172419622401910171001239999 087321+0838210642a0732
24611.239590   -0.01030	5220170520054500468254925126902672642001910032001541336 087329+0888110642a0694
24611.248520   -0.05216	5220170520055751715669925119332621397001910019001776134 087334+0927710642a0651
24611.257290    0.02959	5220170520061030128139725097652408613201910036001965176 087351+0957510642a0636
24611.266260    0.08546	5220170520062325226945025121539669804101910017001784058 087359+0987410642a0482
24611.275270   -0.03397	5220170520063623592534625117652063178401910021001057179 087360+1047410642a0395
24620.615650    0.03463	5220170529144631981372624072505804026301910111002717196 087800+2004510642a0675
24620.624280    0.00315	5220170529145857952367724083206230786401910259001535815 087790+2004710642a0674
24620.632050    0.02332	5220170529151009361605324110720590326101910298001259746 087791+2004710642a0687
24620.640840    0.05106	5220170529152248390300924075381588925001910140001731361 087782+1974810642a0742
24620.652140    0.04722	5220170529153905318167424080726288054001910088001630175 087777+1954910642a0809
24620.659130    0.10848	5220170529154908755903724090009812351201910043001547170 087765+1964910642a0675
24620.675810    0.02518	5220170529161309949890624100302782808301910075002628131 087755+1955010642a0536
24620.683120    0.12183	5220170529162341455373924107640185202201910043001706133 087748+1934810642a0708
24620.692510    0.01034	5220170529163712688565024124233464637401910039001907091 087744+1944610642a0722
24620.702600    0.01613	5220170529165144925568924159509877782101910034001739084 087740+1924710642a0739
24620.713400    0.00929	5220170529170717756907324146610805163401910133001431407 087738+1924710642a0764
24620.721450    0.00285	5220170529171853466506624181310767163101910071001246204 087738+1924410642a0709
24620.733020    0.00999	5220170529173532588483924162106046026301910094002498178 087740+1894110642a0678
24620.741410    0.06376	5220170529174737811771124170048919440001910014002465039 087738+1864210642a0625
24620.762290    0.09796	5220170529181742231185724206803437392201910229001732999 087739+1784310642a0762
24620.769780    0.00074	5220170529182828638439424227349628943401910426001601999 087736+1714410642a0831
24620.784780    0.02146	5220170529185004861153724277896651450101910246001466999 087734+1634610642a1001
24620.795530    0.03560	5220170529190533827925524259475687043001910077001723999 087735+1554910642a0863
24621.613450    0.01957	5220170530144322149417024479262364797301910091002186490 087775+1965610642a0544
24621.620620   -0.00686	5220170530145341571224324485840488946401910072001647207 087778+1965410642a0688
24621.629640    0.02856	5220170530150641113755124512429666120101910064000955203 087775+1955310642a0668
24621.637110    0.10154	5220170530151726512957024476416039121201910038002011099 087771+1985310642a0711
24621.655890   -0.01576	5220170530154429127002724485726693548401910035001469119 087771+1975510642a0381
24621.663140    0.03634	5220170530155455454833124473032354349001910046002082133 087771+1965710642a0684
24621.670940    0.01812	5220170530160609621645124517442333452101910090001448275 087772+1935510642a0694
24621.682690    0.09348	5220170530162304518590124486768873852201910049001861234 087755+1935510642a0586
24621.689240    0.04325	5220170530163230679196324483784384614001910077001889298 087754+1925610642a0680
24621.698210   -0.00567	5220170530164525342022624503589349720401910149001652624 087753+1915610642a0719
24621.706070    0.01649	5220170530165644824981524536504114731101910246001355999 087750+1905510642a0684
24621.716120    0.10125	5220170530171112660428424508943862871201910068001768274 087759+1875610642a0692
24621.723750    0.04789	5220170530172211738494924509511059303001910055001749144 087760+1835810642a0658
24621.732830   -0.00688	5220170530173516574180424532802256282401910143001531456 087775+1815810642a0682
24621.738990    0.00755	5220170530174408466920524566552879952101910123001256501 087780+1775910642a0680
24621.748270    0.01664	5220170530175730610908824541308097716301910245002409658 087780+1745910642a0676
24622.730710    0.00768	5220170531173213380292824919404450859301910110002466166 087976+1695910642a0675 
24622.739310   -0.00609	5220170531174436657020624933293610314401910102001645153 087980+1646110642a0686 
24622.748880    0.01856	5220170531175823198163624969349352442101910166001229999 087984+1606410642a0677 
24622.756440    0.05202	5220170531180916694652724931565026658001910083001982324 087972+1566610642a0670 
24622.765430    0.09209	5220170531182213474575324946632340043201910105001441999 087980+1556610642a0672 
24622.773380   -0.00629	5220170531183340411333824964167068839401910127001585343 087990+1516810642a0783 
24622.784050    0.01075	5220170531184901723652425004809469890101910036000952851 087995+1467010642a0719 
24622.796980    0.02412	5220170531190738703952324977025842062001910027001901128 087985+1377910642a0651 
24622.805370    0.11786	5220170531191944261503424994806657620201910037001293999 087990+1357810642a0557 
24622.816860   -0.00616	5220170531193617121807125012665224869301910131002185999 087992+1337510642a0665 
24622.823700   -0.01245	5220170531194607366878025031584838503401910081001720395 088000+1366610642a0667 
24622.833290   -0.00331	5220170531195956166780325075270589251101910081001292999 088009+1366410642a0660 
24622.842790    0.03621	5220170531201337014132525047516139328001910074001602593 088015+1366310642a0661 
24622.850320    0.11095	5220170531202427600886225066911028351201910067001578999 088026+1346310642a0667 
24622.858740   -0.01777	5220170531203635492162025091853136621401910029001679155 088035+1336110642a0555 
24622.867660    0.02838	5220170531204926146791425136681619754101910039001593999 088039+1326110642a0614 
24622.875360    0.10987	5220170531210031470953925113909626068201910014001536999 088036+1345810642a0555 
24622.887920    0.03264	5220170531211836107759525132944291884001910041001732206 088039+1335610642a0601 
24622.902320   -0.02374	5220170531213920768983525178471241500401910040001615196 088041+1325610642a0627 
24622.918300    0.02004	5220170531220220869096425204073305381301910038002532999 088038+1255610642a0637 
24623.802660    0.01323	5220170601191549726221025366220842676301910272002405999 087917+1447110642a1240 
24623.810150    0.02489	5220170601192637259223125411379137253101910095001364999 087925+1436610642a0661 
24623.819130    0.09842	5220170601193932716471625381886543382201910021001792999 087928+1396410642a0505 
24623.827310   -0.02985	5220170601195119268676525402986991490401910048002002132 087925+1386410642a0586 
24623.837710    0.05224	5220170601200618515753625399886821566001910067001703191 087923+1396410642a0631 
24623.854620   -0.00475	5220170601203039439812625433201661601301910239002195999 087941+1357510642a0852 
24623.862090    0.03295	5220170601204124696999325481958538558101910038001520999 087955+1317510642a0407 
24623.893330    0.10191	5220170601212623344522525496256737037201910073001522999 087953+1257210642a0678 
24623.900690   -0.02799	5220170601213659741704725521386698747401910214001740407 087954+1257310642a0684 
24623.908270    0.04267	5220170601214754132420825518972525494001910067001572282 087947+1277310642a0648 
24624.896170    0.00336	5220170602213029324655525826029504472301910057002443196 087734+1337510642a0650
24624.904320    0.01521	5220170602214213586154825876241462023101910060001242999 087734+1317810642a0635
24624.914460   -0.00833	5220170602215649574199325847138927234001910028001913039 087717+1307910642a0822
24624.923560   -0.01472	5220170602220955904446725881502716434401910022001880025 087710+1317910642a0560
24624.938520    0.06901	5220170602223128086518625895816392836201910021001627695 087708+1317910642a0583
24628.822120    0.03368	5220170606194350918245726703607561040301910058002483022 086919+1373410642a0687
24628.880290    0.04078	5220170606210737130491426679265387327301910037003837011 086935+1421810642a0642
24628.943160    0.01733	5220170606223809349442526694947743706301910076002564026 087035+1162610642a0679
24629.899890   -0.69116	5220170607213550552934026776150104809301910037004033005 087634+1066110642a0648
24629.919100   -0.04610	5220170607220330146038026772783647584301910033003949005 087636+1105810642a0652
24629.928970   -7.47895	5220170607221743100516826772635213560301910032003874004 087640+1115610642a0813
24635.082270    0.05128	5220170613015828389210026423664560395301910031002405050 087578+1816410642a0457
24635.107720    0.01760	5220170613023506657746426436870775956401910030001459066 087566+1786310642a0643
24635.123570    0.05587	5220170613025756029946126418580792576301910183002784101 087569+1835810642a0726
24635.133440    0.96943	5220170613031209609942726444791427915101910026002635015 087558+1835610642a0671
24635.150840    0.05177	5220170613033712922273026425256938710301910122002807083 087567+1785810642a0671
24635.167420    0.04096	5220170613040105132619926433066649798301910117003045070 087570+1776410642a0667
24635.186350    0.03940	5220170613042821048624826445284969636301910105003178058 087580+1776710642a0684
24635.194600    0.05339	5220170613044013016131126451649710798301910149002973084 087594+1836610642a0702
24635.204070    0.03222	5220170613045351807693526459717620281301910100002683063 087595+1915910642a0683
24636.094480    0.04312	5220170614021602820453926198353432406301910082002751084 087579+1937110642a0681
24636.101980    0.13345	5220170614022650707160726217290778144101910032001530058 087580+2026610642a0619
24636.110900    0.01127	5220170614023941549703726208735099864401910032001799186 087582+2046610642a0661
24636.118430   -0.00336	5220170614025032657234626187446752857001910046001341291 087578+2046510642a0629
24636.126450    0.07114	5220170614030204987845326171995842682201910037001882039 087579+2046410642a0593
24637.137260    0.04819	5220170615031739316115825900978508042301910135002973186 087646+1925210642a0647
24637.143930    0.00792	5220170615032715393259225917378015529401910128001356999 087644+1915210642a0602
24637.169940    0.05734	5220170615040442799291525887856407456301910027003627035 087654+1935310642a0640
24637.180450   -0.01645	5220170615041950707011725906341137936401910010000809204 087666+1945410642a0413
24638.105460    0.03248	5220170616023151623401325621249898416301910080003356245 087860+1795110642a0662
24638.113420   -0.01215	5220170616024319680914425631416257855401910193001021999 087848+1785010642a0651
24638.122050   -0.00614	5220170616025545139467825605347628488001910020001797710 087853+1725210642a0589
24638.183440   -0.01734	5220170616042408845087825570930339548401910018001668197 087844+1765210642a0692
24638.209800   -0.03123	5220170616050206999254225562241433808401910066001248553 087841+1845110642a0699
24642.150750   -0.00723	5220170620033705167806124199263965486301910108003083952 088046+1605810642a0654
24642.159190   -0.03717	5220170620034913929932924189802473912001910059002029581 088045+1615910642a0667
24642.169120    0.03550	5220170620040332030715824160077983375201910053001617386 088046+1635810642a0733
24642.177620    0.03206	5220170620041546511995124168592118675101910064001885212 088047+1665710642a0661
24642.188590   -0.00296	5220170620043134435423124127632351850301910037003536080 088040+1685710642a0582
24642.241510   -0.02736	5220170620054746855057224045451102664301910135003302277 088047+1964910642a0630
24642.247470   -0.07076	5220170620055621493382624056611249358401910187001133996 088053+1974610642a0660
24642.256870    0.03845	5220170620060953208031924022927637996201910052002117212 088063+1994510642a0579
24642.267490   -0.02568	5220170620062510859288524021923537019001910041001544199 088070+2024410642a0617
24642.274020    0.03257	5220170620063435634115824028969026659101910161001571727 088070+2054510642a0678
24642.282860   -0.06081	5220170620064718750417724018603165899401910149001364785 088071+2074410642a0671
24642.293080   -0.03462	5220170620070202085560623998501607822001910067001805311 088079+2074610642a0727
24642.300210    0.03800	5220170620071218340676223982333291780201910054001638299 088079+2094710642a0669
24642.309830    0.03682	5220170620072609283292124000657601125101910080001476561 088078+2114710642a0689
24642.320090   -0.05916	5220170620074056142076423993272731626401910141001282882 088077+2154510642a0728
24642.351450   -0.05109	5220170620082605258194023984095863189401910018001488102 088070+2194310642a0534
24642.379370   -0.02845	5220170620090617328606623985247551713401910015002399045 088088+2184410642a0637
24642.396800   -0.09021	5220170620093123531105323990287605696401910014002275048 088082+2184510642a0679
24642.405140   -0.04595	5220170620094324351944823993832599947401910056001121420 088086+2204510642a0639
24642.413580    0.02033	5220170620095533384956923999611453500101910041001202204 088091+2244510642a0654
24642.488800   -0.08022	5220170620114352202538724065010580406401910026002156040 088065+2354210642a0480
24642.497980    0.03521	5220170620115705880155924056843870390301910022002718021 088058+2354210642a0693
24642.506990    0.05233	5220170620121003514164024088693863293101910030002106040 088051+2374010642a0677
24642.513940   -0.04127	5220170620122004245573324096599658138401910018002142021 088055+2404110642a0640
24643.341360   -0.06537	5220170621081133276466523693018525948401910032001686054 087822+2205610642a0625
24643.349180    0.00927	5220170621082249047865223693790878692101910067001611092 087819+2205910642a0658
24643.371880   -0.07870	5220170621085530222218523680531607835401910108001816136 087838+2136810642a0687
24643.378920    0.04256	5220170621090538791290823659301002966201910026002035027 087847+2146710642a0645
24643.396540   -0.06127	5220170621093101418253023660356178407301910055002996035 087855+2186510642a0611
24644.335260   -0.06215	5220170622080246569455623517824373449401910078001924105 087978+2443610642a0676
24644.343550    0.02427	5220170622081442965701823519238769076101910030002243042 087979+2463410642a0639
24644.360470   -0.05648	5220170622083904696416423497047977906401910092001784094 087989+2444310642a0715
24644.368810   -0.01467	5220170622085104782198023475713504780301910112003347049 087994+2435310642a0682
24644.376640    0.00759	5220170622090221383389123496066459770101910100001363112 088001+2385810642a0677
24647.445340   -0.03065	5220170625104117236005523691939939665401910020002473020 087522+2552510642a0560
24647.459370   -0.00985	5220170625110129238945523704527011881101910048001870046 087535+2602410642a0654
24647.467100   -0.00510	5220170625111237214181323667575581574301910057003170040 087525+2622510642a0658
24647.480150   -0.05554	5220170625113124567362023672193655111401910027001856038 087515+2632310642a0661
24647.489140    0.01443	5220170625114421753920823690857409506101910041001742065 087502+2652210642a0580
24647.503980   -0.02808	5220170625120543583489723654921079304301910035002876029 087484+2702010642a0656
24647.513490   -0.04075	5220170625121925697447223664699950549401910045001756049 087480+2742110642a0649
24647.522450    0.02038	5220170625123219692566223686367687871101910035001663069 087478+2742110642a0608
24651.837310    0.03221	5220170629200543556649325434548037536301910026002338999 086803+1176010642a0619
24651.845500    0.04684	5220170629201731273497025487466536642101910031001584999 086815+1166210642a0570
24651.854760   -0.01749	5220170629203051353444725476877324019401910018001735145 086830+1156410642a0683
24651.859930    0.13294	5220170629203817693721425474782932055201910006001790617 086829+1126710642a0238
24652.775630    0.02406	5220170630183654489151325711840232014301910071002308642 086989+1405510642a0589
24652.783630    0.04916	5220170630184825488714625757582021380101910042001354999 086984+1316110642a0615
24652.792050    0.03470	5220170630190033015368225737825908341401910016002026036 086992+1216510642a0576
24655.722770    0.14142	5220170703172047025198126627356886209101910015002073118 087942+2054010642a0616
24655.729880    0.05274	5220170703173101404090726585595940274301910034003327029 087944+2033910642a0630
24655.740260    0.00644	5220170703174558293333826588806261710401910018002200020 087946+2003910642a0625
24655.748810    0.07292	5220170703175816771873626609415608421101910014002184145 087951+1974110642a0531
24655.756900    0.06835	5220170703180955991306626569173600169301910074002565075 087948+1954210642a0758
24655.770850    0.06438	5220170703183001797024126554422216923201910016002676039 087955+1894410642a0468
24655.780670    0.03779	5220170703184409611520826561069304302301910038002758025 087957+1834610642a0712
24656.828770    0.08349	5220170704195325596736926703455889817301910053002378036 088058+1725210642a0669
24656.834260    0.10627	5220170704200120343484726737696968941101910019001692132 088069+1715310642a0652
24656.844060    0.05965	5220170704201526661440226703347010227301910056002200034 088078+1705410642a0659
24656.896700    0.04892	5220170704213114825479426722713469474301910037003629022 088098+1665610642a0676
24656.965600    0.03991	5220170704231028254802626791209432605301910130001605116 088078+1634110642a0669
24656.972870    0.10510	5220170704232055579240826834786871432101910033001505277 088072+1633810642a0686
24669.294610   -0.08153	5220170717070414177251324483314104211401910017001261127 088203+1665210642a0821
24669.315860   -0.06992	5220170717073450631056924491259067191401910038001285208 088211+1785010642a0750
24669.325270   -0.06325	5220170717074823243971524496273001069401910038000934281 088215+1825110642a0700
24669.337110   -0.06339	5220170717080526144376524503835125491401910013001440072 088214+1845310642a0572
24669.345990   -0.05176	5220170717081813220780224510387034613401910016001094122 088214+1855310642a0551
24669.357440   -0.07056	5220170717083442550391124519902289422401910027001329123 088211+1895210642a0751
24669.370410   -0.07735	5220170717085323526261224532056326448401910018002182049 088215+1945110642a0576
24670.109160   -0.08207	5220170718023711267122224372749058968401910122000954999 088021+1496410642a0686 
24670.117440   -0.01397	5220170718024906626657724339358037291301910061002610999 088029+1476410642a0686 
24670.128180   -0.08623	5220170718030435079931124338103744877401910135001029999 088030+1466410642a0687 
24670.138100   -0.08417	5220170718031851431758024321003309796401910066000933999 088021+1466410642a0654 
24670.145520    0.03472	5220170718032932529717324312445285113101910119001462510 088016+1456310642a0690 
24670.153330   -0.03515	5220170718034047773786624285094224087001910007001286999 088025+1456310642a0534 
24670.160740    0.00631	5220170718035127797645824264290759039201910018001834828 088021+1456310642a0426 
24670.172510   -0.08373	5220170718040824528764424267522873657401910092001178999 088021+1446410642a0685 
24670.180190    0.03533	5220170718041928254391224260640595722101910113001460387 088034+1456310642a0822 
24670.188720   -0.00142	5220170718043145763026224227744317364301910041003219254 088033+1476210642a0730 
24670.198780   -0.09052	5220170718044614207216824233715810546401910046001475412 088045+1506110642a0631 
24670.208500    0.03979	5220170718050014746030124226466511693101910034001798110 088048+1546010642a0644 
24670.217120   -0.02687	5220170718051238991772824195943628347301910033003120209 088039+1595910642a0688 
24670.225160   -0.09443	5220170718052414053588324206644745382401910082001516694 088034+1665710642a0685 
24670.235870    0.02513	5220170718053939038183024201194535405101910028001830103 088030+1745310642a0698 
24670.245890   -0.08711	5220170718055404988065824172303657547301910037003341108 088045+1795010642a0697 
24670.255040   -0.07287	5220170718060715270036124184958141294401910036001541259 088050+1844910642a0663 
24670.260960    0.01678	5220170718061546852005824185149021526101910011001062065 088047+1865010642a0409 
24670.292900   -0.09835	5220170718070146833797624171758296798401910021001352077 088057+1914910642a0634 
24670.298820    0.03286	5220170718071018078201624174273924727101910066001488115 088072+1944810642a0718 
24670.313960   -0.07468	5220170718073205947066424171383456621401910055001523126 088080+1994810642a0728 
24670.323210    0.02731	5220170718074525502916224175762613624101910042001432067 088079+2024710642a0761 
24670.333940   -0.09113	5220170718080052543223124175539678006401910035002012070 088084+2024710642a0698 
24670.351590    0.03769	5220170718082617421897624185593428082101910017001343052 088082+2064610642a0601 
24670.364150   -0.11369	5220170718084422314774824189804472932401910018002624047 088083+2044810642a0632 
24670.373250    0.05714	5220170718085728945526624198638806033101910026002075052 088084+2064710642a0529 
24678.531120   -0.08806	5220170726124448648309724800095173909401910009002330035 086892+2123610642a0473
24678.551930    0.00431	5220170726131446516710824823212998321101910009001442087 086898+2123310642a0565
24678.561820   -0.20909	5220170726132901279648424793804008838401910007002418038 086886+2123310642a0614
24678.588200   -0.02369	5220170726140700708028324824966429308101910013001604072 086869+2133110642a0592
24678.598320   -0.06901	5220170726142134862775924799911142818401910009002760058 086865+2153110642a0461
24680.606190   -0.07376	5220170728143254822913625641350692848401910008001736106 087469+2604210642a0441
24680.619390   -0.00029	5220170728145155713767325638351705614401910011002655053 087465+2574410642a0588
24680.629940   -0.03115	5220170728150706721062125637333233561401910026002012207 087459+2574310642a0853
24680.638880   -0.01477	5220170728151959003878825637444934828401910012001948158 087454+2454810642a0407
24680.650730    0.03177	5220170728153702983552525667970641280101910016002293167 087447+2514510642a0637
24680.658440   -0.03405	5220170728154809206243125640859663075401910027002007265 087445+2534510642a0671
24680.673430   -0.07287	5220170728160944030702625646447402225401910023001942157 087444+2514710642a0576
24680.679730   -0.03532	5220170728161848711363225640746958373301910020002496159 087444+2504710642a0657
24680.687260    0.06560	5220170728162938952008325682584930437101910010000986188 087448+2494510642a0578
24683.628250    0.09292	5220170731150440582622826642207637423101910028001585166 087942+2762410642a0504
24683.653010    0.08896	5220170731154019802410926616305121307101910032002179109 087941+2732310642a0635
24683.692590    0.09058	5220170731163719729097826586327396764101910017002028088 087917+2632510642a0661
24683.768340    0.02614	5220170731182624445022626538978673082301910074001747317 087917+2452910642a0527
24683.781860    0.07261	5220170731184552419304326578922084327101910046001794999 087917+2373010642a0667
24683.799500   -0.02030	5220170731191117008395526542343979498001910011001442066 087938+2233110642a0640
24683.807590    0.04584	5220170731192255707604526557907622798301910031002319394 087941+2193210642a0604
24683.816790    0.08881	5220170731193610310465226599908081941101910019001516999 087953+2183310642a0531
24683.829510    0.01870	5220170731195429953403426575682811765301910023002580238 087961+2153310642a0587
24683.836650    0.05016	5220170731200446721321526572435609487201910010001213999 087970+2133210642a0520
24683.846120   -0.00513	5220170731201824528578426603774236187401910029001673076 087976+2153110642a0638
24686.792490    0.03994	5220170803190110968508426711663056490301910095001526107 087890+2443410642a0673
24686.803490    0.05486	5220170803191701867999526704089191687301910217001656189 087896+2423310642a0683
24686.814840    0.05434	5220170803193322578639526686067324245201910055001821088 087909+2433310642a0688
24686.822430    0.13551	5220170803194417561267826725151325530101910031001720209 087925+2423510642a0669
24686.830310   -0.04496	5220170803195538958400226705179003231401910031002688022 087927+2433610642a0627
24686.839300   -0.02459	5220170803200835281289126681431410610001910098001680125 087921+2443610642a0667
24686.848000    0.04934	5220170803202107043738026686311648847301910145001971134 087925+2443610642a0729
24686.855410    0.03756	5220170803203147337293226673782180105201910032001424072 087928+2423610642a0557
24686.872630    0.10665	5220170803205635370565126716475041028101910037001496319 087922+2393710642a0611
24686.887930   -0.02643	5220170803211837352403526681914729075001910076001232148 087910+2413310642a0602
24691.896440    0.11590	5220170808213052567439525828811084260301910046003428017 087491+1628210642a0613
24691.980860   -0.28002	5220170808233226551886525730548050692301910017002960017 087480+1638010642a0625
24691.990040    0.00983	5220170808234539498376325724215152480301910038003712013 087471+1638010642a0622
24692.004350   -0.10725	5220170809000615729755325718599523199001910019002066012 087464+1638010642a0522
24692.014260   -0.02761	5220170809002031752637325703296816745201910030002373013 087446+1628010642a0647
24692.042070    0.04487	5220170809010034730868225706012068363301910048003865010 087421+1598010642a0659
24692.051390   -0.03871	5220170809011400369293325708502868123001910026001696019 087413+1578010642a0596
24692.059600    0.01700	5220170809012549792895325697893531054201910043002456009 087401+1558010642a0724
24693.096320    0.04568	5220170810021842372230925447046732884301910069003710022 087497+1484410642a0601
24693.102340    0.05792	5220170810022721922664325448328922967301910124003414041 087480+1484510642a0757
24699.312250   -0.01491	5220170816072938677101624105164551485301910182002788285 088019+2402310642a0650
24699.319470    0.04089	5220170816074002381338824132245234834101910334001300548 088019+2442310642a0697
24699.328300   -0.06520	5220170816075244825580324127888349068401910192001038773 088020+2492310642a0677
24699.336310    0.02731	5220170816080417046183924121058149858001910037001704089 088021+2492310642a0737
24699.344810    0.09335	5220170816081631393570924120106476094201910027001812053 088034+2492510642a0573
24699.353750    0.08263	5220170816082924019548624151785598455101910044002101057 088039+2492410642a0626
24699.363190   -0.08106	5220170816084259896512124151102739559401910023001848028 088040+2512510642a0658
24699.372070    0.01255	5220170816085547067964024142553159948301910039003229018 088038+2542510642a0850
24699.382250    0.03302	5220170816091026172004824176575272997101910086001534073 088038+2602210642a0654
24699.389830   -0.06504	5220170816092121082269024176391612245401910118001230172 088039+2602310642a0683
24699.404420    0.02789	5220170816094221993067624200642524394101910072001607062 088042+2553010642a0685
24699.413760   -0.06541	5220170816095548674773424204011746017401910068001622102 088040+2533010642a0658
24700.152400   -0.01628	5220170817033926978542724121548319619301910214002149999 087926+1874610642a0689
24700.157430   -0.02343	5220170817034642293138724117275164444001910127001553999 087939+1874610642a0671
24700.166950    0.09789	5220170817040024728396624099655768962201910287001492999 087944+1874610642a0685
24700.177950    0.01231	5220170817041615262679324110854683029101910283001041999 087946+1874610642a0679
24700.186200   -0.07325	5220170817042808004757524087951905124401910332001088999 087948+1824710642a0682
24700.194070   -0.02091	5220170817043927557305024063245113847301910283002342999 087958+1784810642a0627
24700.305580   -0.10326	5220170817072001901920123998977527994401910159001127307 088030+2214810642a0692
24700.313110   -0.00452	5220170817073053113898524009631295538101910192001008499 088030+2234810642a0693
24700.323130    0.08059	5220170817074518156064923982720593154201910106001632205 088035+2274510642a0674
24700.330540   -0.04353	5220170817075558815431023987584284000001910063001731087 088038+2284510642a0681
24700.339560   -0.03306	5220170817080858074959623985764882747301910185002606221 088044+2314610642a0707
24700.347670   -0.09459	5220170817082038294789624003079878192401910198001163516 088046+2314510642a0667
24700.356590   -0.00111	5220170817083329119078924017470612170101910146001265321 088053+2324410642a0687
24700.364000   -0.09932	5220170817084409315207024009742967201401910095001560176 088057+2334310642a0677
24700.372520   -0.04002	5220170817085626041550123999186014814301910031003235021 088059+2364310642a0633
24700.396010   -0.09611	5220170817093014844274324030614819466401910097001159351 088063+2404210642a0560
24700.490860   -0.06771	5220170817114650367552924143379352931401910052002422029 088033+2444310642a0659
24701.135800   -0.08253	5220170818031532715706224165056268745401910154001236999 087932+1915610642a0623
24701.143860    0.01056	5220170818032709610399024166231123543101910125001172999 087934+1935510642a0687
24701.152290   -0.00067	5220170818033917811531924125014927726001910197001634999 087934+1935410642a0650
24701.159920    0.11507	5220170818035017281336824110728854181201910198001413999 087934+1925410642a0677
24701.168730   -0.00918	5220170818040258380847024096507216593301910851002100999 087940+1945410642a0825
24701.176190   -0.00027	5220170818041342403588124086176894115001910114001578999 087939+1935410642a0290
24701.207620   -0.09190	5220170818045858187669724051822109180401910455001256999 087944+1915610642a0850
24701.216910    0.00527	5220170818051220834712124054331320451101910818001201999 087947+1945510642a0748
24701.226100    0.09501	5220170818052534630668024013817223544201910375001552919 087952+1975410642a0771
24701.236820   -0.02679	5220170818054101323064924001273250702301910442002012872 087953+2015310642a0713
24701.254900   -0.09565	5220170818060703193273123995406303225401910072001290103 087959+2115110642a0764
24701.263640   -0.08627	5220170818061938884874223987045223989401910943001330999 087964+2204810642a0975
24701.277460   -0.00577	5220170818063932427077623990064824908101910149001340247 087972+2274510642a0766
24701.293310   -0.00307	5220170818070222042505823951877906862001910058001543185 087979+2354410642a0752
24701.299680    0.10266	5220170818071132217311323946071749181201910182001545789 087982+2364310642a0671
24701.308370   -0.02698	5220170818072403426454923942109299280301910421002070999 087980+2364210642a0689
24701.317490   -0.00991	5220170818073711187161923966542042852101910423001224999 087976+2374210642a0678
24701.329440   -0.09976	5220170818075423301771223948228973712401910253001342880 087986+2404210642a0674
24701.339070   -0.02178	5220170818080815458017023934039975840001910140001707487 087986+2424210642a0677
24701.346680    0.09499	5220170818081912730259423931019887176201910138001638449 087985+2434210642a0755
24701.356550   -0.04044	5220170818083326275580223931605851845301910415002111885 087994+2414310642a0686
24701.364280   -0.01568	5220170818084434074385823960439533687101910268001286919 087997+2384510642a0752
24701.374390   -0.10658	5220170818085907314075223947934774384401910136001363461 087998+2374410642a0686
24701.400110   -0.03310	5220170818093609150870223943551285021301910105002409133 087996+2434210642a0637
24701.407650   -0.02130	5220170818094700919506423975720936872101910085001360153 087994+2454210642a0555
24701.413560   -0.10374	5220170818095531922616723965235810339401910140001493409 087984+2444210642a0522
24701.452010   -0.06356	5220170818105053983852923983074336115301910055002481064 087960+2484310642a0655
24701.462590   -0.02335	5220170818110608192173924022148056267101910055001664062 087954+2494410642a0680
24701.467960   -0.10071	5220170818111351420446324014281811002401910030001583024 087941+2474410642a0590
24706.419190    0.00741	5220170823100338100721524955604990752301910072002948015 087872+2065210642a0691
24706.428160   -0.01481	5220170823101633443453124947445180656301910090003308032 087877+2075310642a0688
24706.436420   -0.03881	5220170823102826615469824940553650813301910075003229015 087873+2085410642a0701
24706.492940    0.00159	5220170823114949821490124911018676928301910059002844017 087861+2125710642a0675
24706.500740   -0.07604	5220170823120103868509024918915506102401910044002607017 087857+2125610642a0707
24706.509520   -0.01103	5220170823121342635690424945178144162101910034002239016 087846+2165510642a0616
24706.523860   -0.02153	5220170823123421241213924909246894078301910042003003016 087853+2145610642a0585
24706.533990   -0.11322	5220170823124856730940824920469580927401910039002618007 087859+2185510642a0640
24707.611190   -0.02171	5220170824144007029748925308394135340301910052002387023 088021+2037510642a0560
24707.631860   -0.04025	5220170824150952588565225326327740692301910066002823049 088011+2176410642a0425
24708.478640   -0.01033	5220170825112914454260425713079596071301910045003593007 088150+2186410642a0699
24708.509630   -0.01214	5220170825121352289578325686318938772301910048003357013 088146+2226510642a0670
24708.524450    0.02831	5220170825123512201036825676622270812301910052003335014 088140+2226710642a0644
24708.542030   -0.03552	5220170825130031482462325667948409406301910053002939031 088128+2176910642a0684
24708.559200    0.02457	5220170825132514947503325699749798725101910028002186021 088123+2296510642a0654
24708.567420    0.02394	5220170825133704821224825661186018164301910036003632014 088108+2355710642a0681
24708.577920   -0.04931	5220170825135211886827325660460611156301910050003456022 088096+2375710642a0643
24708.594960   -0.01357	5220170825141644597805625661934515494301910040002919019 088096+2316110642a0618
24708.601680    0.04744	5220170825142625487470525700388233542101910057001905061 088097+2336010642a0623
24711.608890    0.14349	5220170828143648446570626587995499012101910033001741036 087694+2723710642a0743
24711.620960    0.01511	5220170828145411106095026543523193156301910064002867056 087688+2733610642a0671
24711.629040    0.00736	5220170828150549225423126549436584505401910048002192046 087682+2723610642a0677
24711.637850    0.09900	5220170828151830286640926567854798379101910031002236029 087666+2733610642a0676
24711.645980    0.04024	5220170828153012824122626528732089686301910048003003026 087658+2733810642a0706
24711.654970   -0.02829	5220170828154309212735926536460138208401910045002179035 087640+2763610642a0654
24711.664850    0.00484	5220170828155722715106426533363881731401910078002147063 087636+2723810642a0699
24711.676590    0.09867	5220170828161417363139026554285776800101910027001623058 087638+2654210642a0727
24711.685490    0.02532	5220170828162706349758426518690191784301910040002643038 087634+2584510642a0759
24711.697090   -0.01931	5220170828164348173370526530622800409401910059001849059 087639+2554610642a0798
24711.705780    0.09347	5220170828165619277458126554795611329101910120001525286 087646+2504910642a0616
24711.714290    0.02000	5220170828170834766116626522115140937301910241001901308 087641+2474810642a0768
24711.724500   -0.03176	5220170828172316992824426537302993598401910115001875159 087655+2435110642a0675
24711.734500    0.02488	5220170828173741065665626529979613193301910136001966224 087676+2375510642a0728
24711.743020    0.05087	5220170828174956607904626524082441818201910036001192108 087676+2315610642a0620
24711.767130    0.04644	5220170828182439841552826551955649491301910008000792999 087700+2205810642a0253
24711.794000    0.02226	5220170828190321770810626578229699018301910048001896999 087723+2085910642a0647
24711.803140    0.06438	5220170828191631623562926622885167564101910020001383999 087732+2045910642a0651
24711.811000   -0.07767	5220170828192750462735526610502069865401910014002146027 087744+2005710642a0605
24711.827000   -0.03551	5220170828195052466626426631806843430401910035002561083 087757+2085110642a0673
24718.905330    0.02231	5220170904214340570333525687013813933301910078003531026 087866+1346510642a0636
24718.914330    0.05789	5220170904215637741776125681638744580301910104003160032 087865+1346410642a0696
24718.962130    0.05425	5220170904230527705279025668178289913301910057003460012 087861+1246810642a0648
24718.971920    0.05235	5220170904231933651418325668557494024301910055003790008 087853+1256710642a0742
24718.981530    0.01878	5220170904233324144637625669949968600301910101003533027 087853+1216610642a0684
24718.990380    0.03510	5220170904234609117262925672114416414301910112003142033 087848+1196810642a0683
24719.004860    0.03082	5220170905000659477378925677434715958301910110003122029 087839+1166810642a0692
24719.013480    0.03474	5220170905001924665332325681631090267301910100003253030 087845+1157010642a0705
24719.022850    0.05638	5220170905003254562796225677686568273201910117001905055 087845+1147310642a0704
24719.030640    0.06524	5220170905004407454494725682802278602201910074002163038 087835+1117310642a0624
24720.920290    2.10431	5220170906220512790059825141637801370301910036003835003 087534+1348510642a0658
24720.959220    0.17278	5220170906230116720927025103148425794301910044003727007 087523+1247810642a0686
24720.983140   -6.11685	5220170906233543594382525087686883386301910037003726005 087492+1308310642a0658
24721.020380   -2.73171	5220170907002920918704025076585354145301910044003476006 087442+1368310642a0690
24721.049360    0.00687	5220170907011104762319025078896677239301910073003907011 087415+1288410642a0765
24721.058900    0.02215	5220170907012449285506325081709443813301910129003305030 087414+1268510642a0671
24721.068450    0.01617	5220170907013834141507025085512543920301910145003087049 087405+1238410642a0660
24721.078090    0.01061	5220170907015226888596125090333423300301910142003333036 087402+1238510642a0673
24721.087280   -0.08043	5220170907020540639244225100557446078001910091001971047 087401+1238510642a0645
24721.097150    0.05496	5220170907021953387723925096205212724201910053001935022 087394+1248510642a0641
24721.105950    0.01042	5220170907023233956054825109560763775301910190003099053 087390+1238510642a0695
24721.114440   -0.07436	5220170907024447967276925121684530065001910134002002082 087378+1228610642a0686
24721.138760    0.01037	5220170907031948818004825141398783262301910094003115027 087361+1268710642a0650
24721.147460   -0.06537	5220170907033220506060825156152252512001910081002215057 087346+1228710642a0661
24721.156970   -0.00438	5220170907034602339875225156228200495201910034002320011 087342+1228710642a0656
24721.166590    0.05034	5220170907035952968515225175034337875301910064003214027 087325+1228710642a0652
24721.908250    0.04863	5220170907214752515717624943883328290301910063003313022 087241+1415810642a0658
24721.916170   -0.03878	5220170907215916895195024936866618169001910067002070041 087233+1385910642a0657
24721.924780    0.05932	5220170907221140599350724914652601544201910067002136027 087228+1405610642a0651
24721.933380    0.04284	5220170907222404068356424906909253608301910236002929090 087232+1405810642a0691
24721.941440   -0.02965	5220170907223540278468524901512763759001910080001839051 087229+1385910642a0672
24721.964940    0.04641	5220170907230931153452024864379417655201910053002021022 087221+1355810642a0666
24727.080430    0.01827	5220170913015549484383724291221160092301910009002223077 087514+1135110642a0623
24727.098950    0.00498	5220170913022228989229824266931606792301910452002256999 087511+1105310642a0678
24727.107930   -0.01568	5220170913023524738780624259187700935001910131001498999 087508+1145110642a0688
24727.116510    0.10135	5220170913024746489071724246870759942201910054001865080 087520+1115110642a0661
24727.127610   -0.00813	5220170913030345755388224234773379492301910122002342999 087525+1135210642a0672
24727.135620    0.03872	5220170913031517886774024254247831360101910152001442187 087528+1135110642a0679
24727.144490   -0.05596	5220170913032803773921124233481391315401910092001136999 087528+1125110642a0666
24727.154230   -0.01085	5220170913034205088584624214666725316001910016001414999 087523+1165010642a0603
24727.164610    0.08254	5220170913035702507702524204708000620201910023001954028 087542+1135110642a0528
24727.173240   -0.00688	5220170913040927664765924199282847171301910082002155999 087545+1105110642a0652
24727.182560    0.04230	5220170913042253193040924221669736082101910062001284136 087551+1055410642a0670
24727.192540   -0.05638	5220170913043715560381824204958373966401910042001087999 087559+1035410642a0658
24727.201210   -0.01638	5220170913044944778362124191171879909001910014001546840 087578+1015510642a0601
24727.210220    0.06476	5220170913050242910902924186341017513201910017002487018 087579+1015510642a0633
24727.221010   -0.02503	5220170913051815005503924185160762296301910062002423370 087596+1035410642a0650
24727.230320    0.02862	5220170913053139467861824212195975521101910090001301161 087594+1075210642a0673
24727.238470   -0.08350	5220170913054323879420824200598888249401910059001639304 087604+1135210642a0549
24727.258970    0.10053	5220170913061255107396224191488039354201910024002572029 087619+1165110642a0655
24728.029780    0.04687	5220170914004253072562324427784687119301910017001578999 087683+1566110642a0723 
24728.067830    0.02427	5220170914013740683283224363688791771301910110002038999 087641+1466510642a1111 
24728.077520    0.06172	5220170914015138035297424376985667759101910141001178308 087608+1446610642a0684 
24728.085620   -0.04511	5220170914020317695617524348633188321401910287001168999 087590+1456710642a0677 
24728.094070    0.00527	5220170914021527828531624324131591378001910034001724999 087579+1466710642a0894 
24728.103930    0.11356	5220170914022939812639224308646304845201910148001628541 087571+1466610642a0678 
24728.112360    0.00565	5220170914024147728353724296277531019301910134002387999 087558+1476710642a0675 
24728.121260    0.05001	5220170914025436454469524313015084071101910342001238600 087561+1476710642a0690 
24728.144510   -0.05952	5220170914032806022713924268558003369401910226001249999 087548+1446910642a0696 
24728.153070    0.00638	5220170914034025301787924247240627627001910027001750999 087545+1436910642a0770 
24728.162850    0.10984	5220170914035430210384424235911199912201910050001408211 087541+1446910642a0669 
24728.174660   -0.00674	5220170914041130527566224224527422438301910107001794999 087521+1456810642a0687 
24728.182340    0.02996	5220170914042234037236424246687513524101910141001339250 087508+1456710642a0660 
24728.190830   -0.00185	5220170914043447489891324211391312590301910114002070999 087503+1486610642a0682 
24728.199550   -0.07795	5220170914044720755313824218686008484401910356001268999 087503+1476610642a0584 
24728.204320   -0.01090	5220170914045413177490724203832536267001910108001415999 087501+1466710642a0485 
24728.224950    0.09874	5220170914052355706459124192185080653201910289001523611 087490+1436810642a0661 
24728.231960   -0.02644	5220170914053401284558824189699427189301910261002460999 087491+1436810642a0673 
24728.242010    0.01483	5220170914054829747919524215633450846101910294001419443 087492+1476610642a0693 
24728.248650   -0.08487	5220170914055803219082024199400656300401910107001291999 087483+1506510642a0559 
24728.258490   -0.01855	5220170914061213330801724186649890859001910041001707391 087479+1486710642a0638 
24728.266560    0.10020	5220170914062350628417824185117767504201910059001543276 087477+1456910642a0670 
24728.274030   -0.02478	5220170914063436326680424185966406918301910182002229999 087471+1467010642a0686 
24728.283390    0.00459	5220170914064805006088124216156375317101910109001444238 087467+1506910642a0670 
24728.291710   -0.09034	5220170914070003513589324203655819894401910151001187999 087465+1566510642a0683 
24728.305440   -0.03316	5220170914071949735442324197165121392001910046001566129 087465+1616310642a0491 
24728.374810   -0.04094	5220170914085943417944324252058003484301910029002261046 087508+1785510642a0655 
24728.393860   -0.03847	5220170914092709751596724275117492917301910065002314307 087490+1895010642a0673 
24728.401580    0.00564	5220170914093816409455124313364069185101910113001394213 087485+1904810642a0669 
24728.409280   -0.09787	5220170914094921442035624309607895724401910158001194999 087477+1954510642a0680 
24728.418170   -0.03392	5220170914100209589130024310219889951001910032001750127 087466+2014410642a0706 
24728.452310   -0.03709	5220170914105119295526524361335792061301910044002614112 087427+2025210642a0757 
24729.126570   -0.01925	5220170915030215528305424370112161458301910076001849999 087075+1066110642a0480 
24729.131670   -0.01917	5220170915030936355421924362109590038001910073001511999 087065+1076210642a0590 
24729.141470   -0.07762	5220170915032343262136924360648622839401910069001090999 087053+1056110642a0636 
24729.150790   -0.01552	5220170915033708167295324365895141305101910106001557148 087065+1016610642a0694 
24729.159370    0.10955	5220170915034929979316124323865451548201910036001227999 087071+1006810642a0687 
24729.172500   -0.02980	5220170915040823706448024307574368228301910175001593999 087079+1007210642a1061 
24735.415110    0.00164	5220170921095745890788525524109927577301910031003396017 087747+1512710642a0614
24735.481830   -0.03007	5220170921113349705334025491363261254301910067002174050 087748+1464310642a0677
24735.497340   -0.07725	5220170921115609976381525490635044586301910034003467021 087729+1474310642a0610
24742.714180    0.04612	5220170928170825342516026602420763707301910031002819042 088278+1317010642a0669
24742.725650    0.03050	5220170928172456045857926597703451090301910066001375437 088284+1277210642a0518
24742.732670   -0.01800	5220170928173503101070126611436219001401910061001599123 088284+1257210642a0662
24742.739940    0.12475	5220170928174530645009726622446788404101910077001270999 088285+1227310642a0684
24742.749290    0.05689	5220170928175858371485726580755563967201910026000857999 088296+1197410642a0643
24742.755620    0.00451	5220170928180805550167726587846066002001910008001161076 088290+1187410642a0520
24743.716740    0.03907	5220170929171206752847526448781757864301910194001912218 087998+1298210642a0663
24743.734100    0.11635	5220170929173706538040826462130410937101910068001177999 088008+1218410642a0672
24743.742660   -0.04177	5220170929174925919140226446354153549401910079001927062 088009+1188410642a0673
24743.798130   -0.00481	5220170929190918328385526411794821945301910065002583065 088041+1168510642a0577
24743.818250    0.04173	5220170929193817038747226402044796439201910019001345166 088046+1188310642a0537
24746.911890    0.00327	5220171002215306908818925456652969842301910165003189047 088041+0948610642a0961
24746.923620    0.00456	5220171002221000391661325457261334476301910155002845066 088046+0938610642a0763
24746.933310    0.02522	5220171002222357907504125449985013373201910081001982066 088038+0948710642a0680
24746.940690   -0.05931	5220171002223435515438125464197166102001910104001853079 088019+0938610642a0794
24746.957350    0.00148	5220171002225835349589725467243143829301910147003307068 088010+0938610642a0803
24746.967280    0.03472	5220171002231253348784525463399864065201910083001808077 088007+0938710642a0674
24746.975890   -0.05954	5220171002232516465121525481118874297001910128001587141 088000+0958710642a0690
24746.984160   -0.00863	5220171002233711408912825483372614917301910105003227079 087994+0958710642a0638
24753.960050    0.34065	5220171009230228659018824151934570559301910022003602007 087535+0907210642a0614
24753.971690   -0.00214	5220171009231913960061524148056359738401910045001212173 087527+0917110642a0676
24753.980300   -0.00261	5220171009233137883013324135726134298401910026001796115 087528+0907010642a0621
24753.987990    0.04941	5220171009234242321760024111613301022301910046002855033 087532+0917010642a0589
24754.008640    0.00578	5220171010001226189241324098688393356401910034001373154 087532+0886910642a0681
24754.085000    0.02059	5220171010020224339139324019041591768301910050002359044 087513+0807810642a0654
24754.090330    0.01139	5220171010021004479182524019210716551001910022001730116 087515+0807810642a0608
24754.100620    0.09976	5220171010022453714986424013396276649201910056002205029 087527+0797710642a0587
24754.109860    0.06229	5220171010023811655989024037738129776101910059002026047 087519+0777710642a0610
24754.119960   -0.03963	5220171010025244611382824021980012766401910040001377180 087515+0757910642a0650
24754.126270    0.02167	5220171010030149576199024007667817622301910086002660065 087515+0768010642a0614
24755.174050    0.03266	5220171011041038345237124088259097243301910056001737127 087950+0808210642a0465 
24755.179730    0.00926	5220171011041848656149824088882320077301910098002057146 087947+0818310642a0681 
24755.187290   -0.01374	5220171011042941912902024119593347794101910024002315023 087948+0838410642a0610 
24755.195380   -0.00134	5220171011044120949511524092400001217301910140002186194 087950+0858310642a0649 
24755.205490   -0.04852	5220171011045554701414024108878332867401910137001274999 087954+0858310642a0697 
24755.213310   -0.01246	5220171011050709996122124100715596607001910030001461740 087953+0858410642a0612 
24755.222310    0.10020	5220171011052007535246724105130500887201910044001925036 087959+0858310642a0594 
24755.268040   -0.02165	5220171011062558340067824142165233363301910311002135350 088000+0848410642a0661 
24755.273920    0.01548	5220171011063426881221324177554222500101910166001201178 088009+0868410642a0672 
24755.324810   -0.01557	5220171011074743803252224214805642945301910127002255152 088057+1187010642a0731 
24755.336710    0.02559	5220171011080451500857024262004102007101910066001335047 088063+1197110642a0810 
24755.344080   -0.05910	5220171011081528289769524257823486466401910185000985999 088079+1186910642a0699 
24755.352190    0.01666	5220171011082709496778624259271213920001910033001527300 088082+1227010642a0655 
24755.362430    0.10264	5220171011084154360199224275565442278201910062001651062 088084+1236710642a0553 
24755.370130   -0.01339	5220171011085259353235324288467275004301910052002270053 088090+1276410642a0670 
24755.378290    0.00381	5220171011090444187324024331717407896101910037001867037 088095+1306310642a0659 
24755.388210   -0.04644	5220171011091901630162324333599051502401910068001323428 088097+1356210642a0677 
24755.399390   -0.04303	5220171011093507465411824342109650851001910017002711074 088107+1386610642a0651 
24755.407970   -0.02748	5220171011094728719540024356609467574301910041002992035 088114+1386710642a0665 
24756.005870    0.00509	5220171012000826766715624397679254846301910020003655043 088098+1156010642a0555 
24756.014880    0.02946	5220171012002125203436824382984842962001910028001378999 088102+1126110642a0583 
24756.023450    0.12034	5220171012003346311965924371897193954201910025003092021 088107+1096210642a0684 
24756.036750    0.02674	5220171012005255152466224351589515883301910055001701194 088102+1106110642a0922 
24756.068040    0.02327	5220171012013758875268424309622949827301910055002613124 088077+1076210642a0614 
24756.075800   -0.02155	5220171012014909113200124311624518224401910105001058999 088078+1006210642a0672 
24756.090060    0.03962	5220171012020941085916824282919945235001910012001793454 088079+0956710642a0627 
24756.096910    0.13585	5220171012021933147827324277262579509201910027001924029 088070+0946710642a0547 
24756.105310    0.01997	5220171012023138672466924268170483850301910038002284097 088063+0936810642a0569 
24756.114380   -0.03412	5220171012024442040816224271294273604401910083001171999 088057+0906810642a0650 
24756.122690    0.05026	5220171012025640816775624251711917827001910009001272999 088057+0906910642a0565 
24756.136940    0.00742	5220171012031711838322424241955183143301910090002355198 088057+1055510642a0641 
24756.146140    0.03762	5220171012033026207601524267259319123101910050001341067 088060+1115110642a0665 
24756.153810   -0.03397	5220171012034128907095024243432701915401910174001119999 088066+1124910642a0669 
24756.160790    0.01279	5220171012035132086830824227497563396001910023001354999 088065+1124810642a0621 
24756.171240    0.12329	5220171012040635099971724224673516934201910059001388096 088059+1134710642a0637 
24756.178660    0.00393	5220171012041716281980624222010104064301910132001973390 088063+1144610642a0680 
24756.322540    0.00275	5220171012074427039864424292887412901301910147001770588 088190+1364910642a0605 
24756.330220    0.01237	5220171012075531048147024301777702140001910127001621959 088203+1405110642a0658 
24756.336870    0.07864	5220171012080505203163424310989905788201910073001951063 088209+1434810642a0684 
24756.350620    0.02209	5220171012082453966989324360614335241101910151001416132 088213+1524210642a0666 
24756.359840   -0.05065	5220171012083809988982524355630193348401910185001119999 088209+1584110642a0686 
24756.367530   -0.03495	5220171012084914925457324355207006736301910022002084051 088214+1624910642a0679 
24757.082360    0.01551	5220171013015835679642324507172180889301910222002003999 088334+1293810642a0679 
24757.091280    0.03420	5220171013021126525192924527941362993101910388001027653 088334+1313710642a0651 
24757.099500   -0.02645	5220171013022316534197024495068137589401910592001210999 088334+1323610642a0677 
24757.108950    0.02696	5220171013023653707182524469697003990001910112001421999 088328+1333710642a0677 
24757.125530    0.00350	5220171013030045496329424453320485433301910275001832999 088322+1293910642a0595 
24757.135040    0.12601	5220171013031427105771924443012566161201910131001429347 088321+1323810642a0690 
24757.142520    0.02704	5220171013032513683019824468489236528101910077001111186 088314+1343710642a0683 
24757.151750   -0.05693	5220171013033831453467224437937449328401910025001283999 088313+1343810642a0844 
24757.167650    0.01597	5220171013040124566593924411285251357001910074001263999 088309+1293910642a0680 
24757.174430   -0.00762	5220171013041110335641424409283676036301910170001720999 088311+1253910642a0652 
24757.185990    0.01594	5220171013042749862752224434681588695101910273001167530 088311+1244010642a0689 
24757.194620   -0.05760	5220171013044014956860724408357485046401910285001339999 088315+1224810642a0684 
24757.205990    0.00836	5220171013045637468746724389787090434001910075001522999 088319+1165010642a0677 
24757.218460   -0.01261	5220171013051435355422424388783544173301910537001816999 088321+1134710642a0697 
24757.226710    0.00654	5220171013052627992172324419709661359101910603000979999 088317+1104610642a0686 
24757.235910   -0.06486	5220171013053942776810324397241201503401910212001154999 088315+1104610642a0674 
24757.243810   -0.00055	5220171013055105240360324383401783541001910073001171999 088321+1124710642a0644 
24757.251890   -0.01499	5220171013060243234071524386751021102301910129002111999 088329+1134810642a0634 
24757.261030    0.00594	5220171013061552595178724420729471222101910119001368228 088333+1164810642a0662 
24757.272380    0.00393	5220171013063214032706724423881209150101910089001502186 088347+1214510642a0662 
24757.283260   -0.06994	5220171013064753285762824407004185761401910207001130999 088361+1264310642a0697 
24757.298070   -0.00004	5220171013070913565864524401206853091001910113001499999 088375+1374110642a0679 
24757.304050   -0.01685	5220171013071749853027224407709656925301910329001735999 088380+1424010642a0673 
24757.353920   -0.03174	5220171013082938972154324454133299260301910163001719999 088433+1653410642a0725 
24757.361830   -0.02851	5220171013084102126351824463661940848301910102001824614 088435+1633710642a0699 
24757.371990   -0.02944	5220171013085539551165724476698560471301910048002054222 088442+1623710642a0681 
24757.380580   -0.01136	5220171013090802230217224488405057974301910037001666453 088446+1643910642a0633 
24760.308740   -0.04472	5220171016072435018547525033714793974301910152001936343 088607+1376410642a0519 
24760.316310   -0.02670	5220171016073529301657725066532374056101910103001469286 088621+1456010642a0662 
24760.325280   -0.08260	5220171016074824531004125038061412210401910415001662999 088629+1515810642a0697 
24760.334820   -0.01642	5220171016080208270414125018689116434001910035001421258 088640+1545610642a0652 
24760.341950    0.05713	5220171016081224667525525021471052158201910032001043223 088640+1585410642a0541 
24760.352460   -0.04169	5220171016082732548634625025916542420301910077002003314 088645+1625010642a0646 
24760.359890   -0.01937	5220171016083814661736025062235834822101910057001181466 088653+1664710642a0650 
24760.379200   -0.07529	5220171016090602987432825041711538941401910044001683259 088659+1854310642a0656 
24760.388940   -0.02087	5220171016092004555728625028242018980001910023001111253 088665+1854310642a0610 
24760.399620    0.07038	5220171016093527126556125037176021061201910020001383162 088661+1864510642a0575 
24760.411130   -0.04151	5220171016095201601019225049349425201301910051001906209 088663+1894510642a0622 
24760.461600   -0.06358	5220171016110442181539025099647527434301910054002372060 088658+1984310642a0633 
24760.467530   -0.03380	5220171016111315017551825142379811895101910041001408131 088644+1994310642a0652 
24760.476150   -0.09272	5220171016112539237805525129078079557401910048001811120 088636+1994210642a0713 
24760.488830   -0.08444	5220171016114354932329725137136446029301910022003069020 088629+2034010642a0636 
24760.499930   -0.01854	5220171016115953612465225154243131380301910028002609037 088620+2034310642a0650 
24760.506920   -0.03251	5220171016120957486954425200549886399101910048001923065 088615+1994910642a0686 
24760.515470   -0.07194	5220171016122216556282925190118244524401910028002377040 088609+1935210642a0587 
24760.523020   -0.05113	5220171016123308867348925192850567918301910032002733021 088604+1905410642a0629 
24762.396080   -0.10158	5220171018093021498754525530495720354301910081003703014 087807+1424210642a0667
24762.501410   -0.08280	5220171018120201812090425576091286409301910084002926016 087744+1455610642a0657
24767.539350    0.06151	5220171023125639408581826655912766012301910041001722117 087310+1521910642a0667
24767.548210    0.07866	5220171023130925179017726685183482948101910020002003069 087307+1521910642a0664
24767.555920    0.02740	5220171023132031313666426662909220070401910016001949050 087305+1512010642a0655
24767.571050    0.01070	5220171023134218527282226646873351586301910018003149021 087305+1512110642a0716
24767.579620    0.07908	5220171023135439116793226678968283383101910022001595068 087307+1542110642a0701
24767.590170   -0.02815	5220171023140950348132826659836969997401910041001591180 087309+1502110642a0669
24767.598800    0.03777	5220171023142216574280426647833370482301910071001845148 087309+1472410642a0672
24767.606380    0.11259	5220171023143311203961926682091713052101910041001571182 087315+1422610642a0676
24767.614120   -0.00365	5220171023144420395324226665253805384401910044002013166 087315+1422610642a0686
24767.622520    0.02983	5220171023145625720664126655278558782301910057001991095 087315+1422810642a0645
24767.630780    0.06942	5220171023150819280160426691694507830101910022001245090 087314+1342910642a0532
24767.639680   -0.01787	5220171023152108604678826677833686711401910014002532041 087325+1273210642a0271
24768.605850    0.03758	5220171024143225129922426730512124893301910033003232011 087860+1452510642a0667
24768.650600    0.00475	5220171024153651855385526733828275658301910063003045021 087883+1392810642a0655
24768.668540    0.01635	5220171024160241715281726741158405875301910045002400041 087889+1323010642a0354
24768.677390   -0.00896	5220171024161526794320626760605192981401910073001827062 087892+1293010642a0645
24768.684240    0.08719	5220171024162518736965226780988695318101910090001453370 087902+1273110642a0601
24768.693220    0.02878	5220171024163814026008926756668095045301910213001276999 087904+1233110642a0646
24768.699870    0.09171	5220171024164748463334726792471625334101910071001410999 087920+1183210642a0514
24768.708800    0.01322	5220171024170040061465026784279304229401910011001326993 087935+1133310642a0370
24768.716530    0.02819	5220171024171147947442426776800540611301910013001143999 087945+1153310642a0498
24769.580180    0.06896	5220171025135527713701226764114879894301910054002748030 088236+1822510642a0652
24769.588890    0.13116	5220171025140800355564526786683596581101910046001858039 088242+1812610642a0661
24769.611090    0.00826	5220171025143957963248626757941801734401910050002149049 088246+1772710642a0684
24769.620000    0.03744	5220171025145247661917126738136279584301910042003448016 088251+1742710642a0649
24769.689340    0.04104	5220171025163239181465526732436193196301910063001078510 088297+1453310642a0758
24769.698260    0.09360	5220171025164529943852926764373799369101910021001447521 088315+1423410642a0811
24769.708290    0.00570	5220171025165955927559326755553662348401910037001920290 088327+1393410642a0670
24769.717890    0.04861	5220171025171345553699226744853697497301910024001526999 088330+1363310642a0794
24769.735650    0.02668	5220171025173920006056126756714520453301910029001376999 088330+1363110642a0583
24770.604230    0.05762	5220171026143005694779226687398638505301910024002326106 088288+1773110642a0592
24770.613290    0.13545	5220171026144308273229226706207966282101910033001404223 088289+1763210642a0708
24770.621450   -0.02972	5220171026145452888916226687638805924401910022002984020 088288+1733410642a0635
24770.629690    0.06614	5220171026150645181125026664333753200301910025002724082 088282+1693610642a0640
24770.637910    0.12126	5220171026151835687303026685823404909101910028001942213 088277+1693710642a0680
24770.647800   -0.01605	5220171026153249934785226668452291106401910038001937059 088278+1693810642a0674
24770.655610   -0.02205	5220171026154404662767526644625035116001910025001213083 088270+1683510642a0631
24770.664640    0.05884	5220171026155705274977226631913345863201910021000943562 088265+1683910642a0601
24770.673860    0.04218	5220171026161021360734526639785436551301910043001516420 088265+1643410642a0675
24770.681940    0.11726	5220171026162159876234226664841874453101910096001272953 088257+1603410642a0669
24770.690240   -0.00806	5220171026163357088089426652729759410401910099001492178 088254+1583010642a0688
24770.697590   -0.03552	5220171026164432183432226632452651388001910049001462162 088244+1592810642a0655
24770.706400    0.03602	5220171026165713027190326623471420352201910020000508999 088241+1602710642a0664
24770.715120    0.03350	5220171026170946375608126635540624688301910085002000999 088238+1602710642a0670
24770.724040    0.11101	5220171026172236779137726664097512735101910042001160999 088234+1582710642a0679
24770.732970   -0.02379	5220171026173528352257826656324482256401910061001789119 088236+1572710642a0689
24770.739690   -0.03196	5220171026174509116262726639116750681001910048001325150 088247+1582710642a0653
24770.746320    0.05163	5220171026175441768950126632738227282201910016000805999 088246+1572710642a0580
24770.755980    0.03390	5220171026180836828413026649073369779301910059001913999 088244+1562710642a0680
24771.647520    0.03749	5220171027153225332075526496859016348301910070002465305 087316+1643410642a0747
24771.654830    0.11367	5220171027154257327759226515346961080101910047001234500 087329+1623510642a0742
24771.664960   -0.02269	5220171027155732574830626498121394656401910099001561093 087340+1613510642a0678
24771.673320   -0.05405	5220171027160934452580626472772607441001910022001899030 087350+1603610642a0609
24771.688130    0.05273	5220171027163054028441926463303697746301910018002204097 087336+1553710642a0603
24771.697140    0.10502	5220171027164353316702226483677961329101910037001313999 087344+1523710642a0651
24771.705110   -0.05009	5220171027165521094893526472236209786401910027002261028 087363+1483810642a0566
24771.739280    0.03767	5220171027174433541273826445737590466301910014002859123 087411+1186110642a0630
24771.748570    0.10682	5220171027175756794176026470802955170101910039001200999 087433+1156310642a0701
24771.755750   -0.04234	5220171027180817119518126464185283774401910035001751038 087459+1086410642a0588
24771.763630    0.05791	5220171027181937691100426447281051983301910015003112113 087469+1126210642a0587
24774.809170   -0.03778	5220171030192512466115625413717786595301910177003212088 087503+0708410642a0694
24774.817560    0.07105	5220171030193717391586425430323871610101910069001050236 087522+0708410642a0636
24774.837050   -0.00188	5220171030200521386013625402059679772301910084003482028 087548+0668510642a0845
24774.848050   -0.08733	5220171030202111683469925420003246508401910047002218017 087567+0718610642a0807
24774.855570   -0.03257	5220171030203201221629125399169324325301910065003230027 087578+0738610642a0574
24774.892980   -0.01604	5220171030212553295878225404840163186301910092003265042 087627+0698510642a0703
24774.902280    0.06502	5220171030213917094638225429242861610101910068001067223 087632+0698510642a0759
24774.912320   -0.04886	5220171030215344732181725413519770201301910099003037048 087639+0688510642a0678
24774.919300   -0.11456	5220171030220347721909125437885228680401910029002386026 087650+0688510642a0404
24774.934980   -0.02825	5220171030222622606638925428277703160301910050003390011 087652+0688510642a0867
24774.955250    0.06320	5220171030225533843568725465837636086101910023000892221 087673+0718510642a0658
24775.939620   -0.07553	5220171031223303507473024996279593929401910033002054015 087979+0498910642a0654
24775.967020    0.01980	5220171031231230443570324993003680151301910060003541018 087975+0518910642a0686
24775.976390   -0.00535	5220171031232600230974924992913352320201910077002320039 087971+0528910642a0805
24776.004970   -0.02641	5220171101000709039750425027389990423301910121003499040 087955+0528910642a0754
24776.016800   -0.08433	5220171101002411552975625046666076053001910055002130038 087955+0518910642a0649
24785.069860    0.01933	5220171110014035549488024413786444731301910129002429178 087578+0247510642a0682 
24785.080760    0.02880	5220171110015618019943824437662909842101910078001569069 087575+0287510642a0681 
24785.088950   -0.02180	5220171110020805534799824404356134470401910109001418999 087569+0287110642a0666 
24785.096030    0.02994	5220171110021816915116324383537993559001910023001318999 087559+0277110642a0408 
24785.138000    0.01771	5220171110031843016312924360874288159301910081002272127 087577+0277110642a0659 
24785.147430    0.01213	5220171110033218356986124391708357597101910089001351080 087584+0287010642a0685 
24785.154700   -0.02240	5220171110034246393203824364002744484401910162001419999 087594+0286910642a0728 
24785.164060    0.02267	5220171110035614902177324347003344488001910041001254999 087602+0296810642a0643 
24785.172250   -0.00227	5220171110040802684435724350863356920301910064001987431 087609+0276810642a0208 
24785.175540    0.00259	5220171110041246656025924385258527887101910036000894251 087617+0276910642a0163 
24785.179100   -0.03277	5220171110041753960927824359929842328401910111001074999 087619+0296910642a0493 
24785.187910    0.01673	5220171110043035241957224345301062260001910035001568806 087626+0306810642a0647 
24785.200630    0.10014	5220171110044854794499424351210652641201910035001774028 087634+0276810642a0575 
24785.208990    0.00178	5220171110050056671773224353988108046301910119002205172 087642+0276910642a0706 
24785.218600    0.00027	5220171110051446704043824391809422301101910097001360088 087640+0306910642a0715 
24785.229650   -0.03205	5220171110053041675852024371960095112401910054001397999 087615+0316810642a0621 
24785.239430    0.02296	5220171110054446579032624362749311590001910021001483999 087603+0316810642a0587 
24785.248320    0.10203	5220171110055734922990524372757886650201910039001891023 087590+0326810642a0687 
24785.257030   -0.01086	5220171110061007448323724380271833189301910119002423145 087604+0336910642a0684 
24785.266500    0.01131	5220171110062345898437724422792228466101910053001580050 087604+0346510642a0662 
24785.273730   -0.02865	5220171110063410091134224405024147506401910174001385999 087596+0296610642a0671 
24785.288080    0.01322	5220171110065450381026624444600432660101910032001837027 087640+0286910642a0572 
24785.297990   -0.03577	5220171110070906547137224431733550388401910182001226999 087641+0306810642a0766 
24785.305310    0.01140	5220171110071938594794924465279319416101910072001553061 087646+0356610642a0676 
24785.316290   -0.00401	5220171110073527048118224445601175520301910237002104323 087660+0396410642a0685 
24785.324810   -0.03686	5220171110074743999067624467671787167401910094001341999 087670+0416410642a0746 
24785.340740    0.00066	5220171110081039705007024481904374989301910148001926196 087686+0466410642a0762 
24785.356520    0.00413	5220171110083323600681524507811317724301910158001946161 087672+0566110642a0749 
24785.365590   -0.01435	5220171110084627236056524533512274093401910070001621169 087673+0586210642a0671 
24785.375030   -0.01116	5220171110090002901219524540349923154301910186002121185 087682+0606110642a0685 
24785.383340    0.11528	5220171110091200615315624554518527049201910070001602065 087686+0616210642a0625 
24785.390460    0.01496	5220171110092215941222224569017526846301910063002521062 087685+0636310642a0604 
24785.423800   -0.00041	5220171110101016006764124634687793069301910032002760036 087685+0796010642a0444 
24789.213340   -0.00892	5220171114050712382831525644104642994301910060001911999 086673+0262310642a0544
24789.221440   -0.01238	5220171114051852668910925635392046375301910064002323999 086692+0252310642a0626
24789.232020   -0.00194	5220171114053406490661625662425480757101910041001387999 086717+0232310642a0648
24789.241250   -0.02883	5220171114054724337315125625148279243401910031002073999 086730+0222310642a0708
24789.255740   -0.01494	5220171114060816059023625604759341672301910015002893504 086778+0182310642a0693
24789.365380   -0.04010	5220171114084609242630725588536378934301910104001893552 086944+0462010642a0684
24789.376140   -0.07200	5220171114090138387173725603467477938401910058001696327 086964+0502110642a0739
24789.385440   -0.02981	5220171114091502096983825637279335124101910050001469320 086967+0542110642a0598
24789.394530   -0.00094	5220171114092807173331025596905586880001910014001435111 086996+0602010642a0628
24789.402720    0.05282	5220171114093954625345525607776596927201910019001499129 087002+0602010642a0665
24789.410290   -0.03019	5220171114095048914670025657984295091101910030001348271 087023+0592210642a0686
24789.422130   -0.03581	5220171114100752174707225633361795060301910042002234183 087053+0602210642a0661
24789.430390    0.03635	5220171114101946037637125636450424378201910023002066121 087046+0602310642a0618
24789.439110   -0.08204	5220171114103218684817125662851427830401910031001899219 087065+0602410642a0628
24789.447540   -0.01461	5220171114104427628955025654443485800001910013001141114 087060+0632410642a0614
24789.457100   -0.05092	5220171114105813234723825677801732383301910030002175136 087028+0652610642a0650
24789.519050   -0.09880	5220171114122726336548825782153120310301910018003858030 087035+0732510642a0650
24790.229730   -0.01253	5220171115053048390598625934440330989301910023001912999 087189+0642210642a0627
24790.235800   -0.01442	5220171115053933501150325927037296650301910034001911999 087190+0692310642a0565
24790.244200    0.01258	5220171115055139196689225954754917138101910053001562999 087200+0692210642a0677
24790.253370   -0.02063	5220171115060450916122925916245762232401910094001913999 087215+0652210642a0834
24790.262520    0.01010	5220171115061801351975925886641801516001910028001216629 087220+0612510642a0691
24790.270160    0.05867	5220171115062902190724125883434418257201910056001327411 087235+0632410642a0683
24790.277950   -0.00742	5220171115064014756331025883730782457301910116002267291 087250+0642310642a0862
24790.288860   -0.00815	5220171115065557341441125912431756641101910068001609305 087266+0672310642a0634
24790.298770   -0.04382	5220171115071013463773825877416473658401910075001959377 087273+0692510642a0631
24790.306240   -0.01710	5220171115072058769893025852655451909001910053001637209 087278+0732510642a0602
24790.314780    0.04272	5220171115073316785386625852041616576201910063001356292 087289+0782510642a0679
24790.324010   -0.02462	5220171115074634859386025855341174318301910115002141211 087309+0842410642a0669
24790.332070    0.00215	5220171115075811193578225889835481164101910019002156044 087316+0892410642a0393
24790.353550   -0.04636	5220171115082906457640225858422941187401910076002281099 087319+0952410642a0728
24790.366510   -0.03355	5220171115084746561241625849396304639301910168002479046 087342+1062310642a0859
24790.385100   -0.01048	5220171115091432511436625890201411004101910180001558251 087363+1091910642a0649
24790.392940   -0.04975	5220171115092550134694625865608133114401910116001704231 087370+1101910642a0679
24790.408380   -0.03991	5220171115094803844706225863707334337301910080002721026 087392+1151810642a0669
24790.430960    0.04500	5220171115102035092736925872204592498201910043001297145 087395+1181910642a0647
24790.437820   -0.03014	5220171115103027826054825875084007423001910019002229041 087403+1191910642a0288
24790.456780   -0.02495	5220171115105746173472625894264054772001910024001588095 087378+1222110642a0619
24790.493700   -0.02153	5220171115115056046918925952301750131301910096002237119 087346+1222310642a0564
24790.526080   -0.04142	5220171115123733067126226003803896353301910066002060088 087330+1242310642a0611
24790.533870   -0.04328	5220171115124845990575026027345384744401910036002050051 087317+1202510642a0657
24790.542320    0.02919	5220171115130056171767026068876508650101910027002756028 087322+1222710642a0669
24791.312400   -0.00026	5220171116072951373498426128401450189301910035002240037 087520+0693410642a0621
24791.370880   -0.02173	5220171116085403743684826097086815677301910168002003256 087544+0863210642a0670
24791.378320   -0.00839	5220171116090447032512226095727377621301910090002295153 087542+0912910642a0675
24791.387950   -0.00058	5220171116091838553676726131500115094101910172001392586 087544+0922810642a0687
24791.395000   -0.03785	5220171116092848295155126104892018647401910113001817281 087538+0942910642a0759
24791.417920   -0.01787	5220171116100148015234526099036161652301910204002102260 087559+1032710642a0879
24791.428010   -0.01115	5220171116101620276775526091966002328001910030001403081 087558+1062710642a0646
24791.436330    0.03024	5220171116102818556471826098162366948201910027002141056 087548+1082710642a0566
24791.446120   -0.02060	5220171116104224613218226112279040269301910130001925169 087535+1102710642a0690
24791.454300    0.00210	5220171116105411836865626154088706333101910104001684173 087521+1102910642a0704
24791.459690   -0.01766	5220171116110157502244926132024956627401910025002063123 087511+1082910642a0268
24791.522500   -0.04111	5220171116123224364068526201448636989401910028002101047 087470+1112910642a0551
24791.529900   -0.02414	5220171116124302934103526237608618683101910038001754053 087463+1112910642a0695
24796.621480    0.03549	5220171121145456301918826819467330791301910090002188040 087509+0728110642a0686
24796.633340   -0.02558	5220171121151200589893026841740904118401910027002208025 087514+0638310642a0339
24796.644590    0.06571	5220171121152812787974426864492094409101910064001504052 087505+0588510642a0699
24796.662880    0.03528	5220171121155432756407226850454335642301910123001699223 087515+0528610642a0640
24796.669230   -0.00252	5220171121160341893748926871896387360401910019001420234 087521+0498610642a0663
24803.791970    0.06701	5220171128190026048381125057631870357101910035000691999 086596+0352710642a0663 
24803.803140    0.03592	5220171128191631565457925026305222132201910032001807036 086589+0273310642a0716 
24803.810260    0.01858	5220171128192646318341025030620885909301910076003631039 086567+0213510642a0684 
24803.818680   -0.05507	5220171128193854183107925049110918974401910082001299057 086565+0173510642a0671 
24803.827800   -0.05945	5220171128195202322240525034206245525001910047001946044 086546+0163310642a0670 
24803.833360    0.04940	5220171128200002448354725045046000648101910021000993999 086540+0143510642a0295 
24804.832420   -0.05429	5220171129195840863389924570869133758301910084003852031 085857-0046210642a0682
24804.853040   -0.27241	5220171129202822224933524563937996221301910031003945009 085840-0086210642a0646
24804.871410   -0.15379	5220171129205449431963224561854347825301910030003414008 085826-0085610642a0648
24805.696030   -0.06525	5220171130164216716210924356913658877301910042003798010 086050-0093610642a0608
24805.707330   -0.09255	5220171130165833342287024334355169285301910054003651015 086061-0123710642a0671
24805.722360   -0.00730	5220171130172012255774224305614321619301910064003692020 086088-0153810642a0670
24805.962550   -0.01055	5220171130230604091345824143993575233301910073003921017 086209-0324610642a0627
24809.908510   -0.00776	5220171204214814951181723450887294068301910059003709015 088259+0163010642a0655
24809.917600    0.00859	5220171204220120248834023440906187548301910084003408023 088269+0153510642a0739
24809.948730    0.05318	5220171204224610282419423412068330902301910106002819038 088296+0153710642a0685
24809.957260    0.03305	5220171204225827015192423405717708830301910117002457039 088292+0163610642a0667
24809.974460    0.03436	5220171204232313339808323395063385943301910376002331138 088296+0232910642a0787
24809.984930    0.04931	5220171204233818312194323390874368534001910264001635146 088309+0252410642a0946
24809.995670    0.10384	5220171204235346137021223385897260315201910140001730055 088297+0312410642a0786
24810.005680    0.02753	5220171205000810647139123383438450121301910843002014225 088296+0312210642a0996
24810.023000    0.04624	5220171205003306900585023382287876383001910106001822077 088294+0262310642a0681
24810.032560    0.12808	5220171205004653434143723381433164230201910070002066029 088304+0252410642a0633
24810.042640    0.03728	5220171205010123818855423383058894063301910318002288129 088308+0262310642a0664
24810.050610    0.04816	5220171205011252489355523385782980800001910061001668048 088307+0292210642a0595
24810.058100    0.11383	5220171205012339798313823386918966982201910083001910039 088310+0322110642a0598
24810.066600    0.09109	5220171205013554173937823390293895952201910052002436020 088315+0352110642a0602
24810.075160    0.01934	5220171205014813402752623394846263605301910604001968208 088328+0352110642a0804
24810.083520    0.02267	5220171205020016386319423399681262167301910236002224079 088330+0352010642a0749
24810.095330    0.02724	5220171205021716325132823407721978494301910364002091144 088327+0352010642a0671
24810.102910    0.03609	5220171205022811146035923414550823467001910148001765095 088321+0332110642a0736
24810.113280    0.10328	5220171205024307745793923422148692390201910122001783055 088320+0282110642a0711
24810.146680    0.04348	5220171205033113317227023459276950787001910085001935051 088338+0292210642a0767
24810.893730    0.05582	5220171205212658390305923661199894780301910242002101117 088732+0352910642a0654 
24810.902290    0.07213	5220171205213917471244823647794758096001910074001694056 088728+0392910642a0682 
24810.908220    0.02301	5220171205214750480811323652948963488401910054001441043 088729+0392910642a0616 
24810.917040    0.16125	5220171205220032594195823630675195463201910106001642052 088733+0352910642a0667 
24810.931180    0.03963	5220171205222053553446523613392567168301910166002812070 088739+0323010642a0672 
24810.942580    0.06940	5220171205223718678585223598762203130001910116001725104 088736+0303110642a0641 
24810.952440   -0.00391	5220171205225130623925923601566788907401910043001876030 088735+0243110642a0747 
24810.962020    0.12383	5220171205230518376646723581120001436201910104001826052 088741+0223210642a0677 
24810.974920    0.03269	5220171205232353455559223569768399079301910123002483053 088734+0223210642a0684 
24810.984810   -0.00935	5220171205233807445930823573409061877401910070001676050 088728+0243210642a0700 
24810.991730    0.05576	5220171205234805268362623555411629369001910101001948090 088715+0203310642a0682 
24811.009020    0.01563	5220171206001259028299023558526763372401910055001640040 088702+0133510642a0622 
24811.016750    0.03078	5220171206002407209168523543613872312301910264002122122 088692+0173410642a0686 
24811.025270    0.04840	5220171206003623242054323538521865367001910069002064069 088685+0233310642a0637 
24811.034590    0.01336	5220171206004948619477523549087039791401910048001656042 088676+0263210642a0628 
24811.054080    0.12564	5220171206011752330665923534785967598201910040002231013 088660+0263210642a0642 
24811.066960   -0.01046	5220171206013625407708423535460447638301910059002831020 088660+0203310642a0678 
24811.075930    0.11467	5220171206014920644040023536538880483201910089001702043 088659+0173410642a0698 
24818.213930    0.03118	5220171213050803983339926080889538645301910062001977999 086986-0033810642a0663 
24818.220460    0.05783	5220171213051727445691226067871162618201910023001404999 087007-0043510642a0683 
24818.229430    0.01988	5220171213053022589587026106138350679101910048001538373 087015-0043410642a0666 
24818.238920    0.01281	5220171213054402673557626069558666081401910023001770999 087015-0053510642a0663 
24818.247540    0.04988	5220171213055627613737426043437224068001910008002073999 087029-0053310642a0480 
24818.258390    0.02930	5220171213061204689014426049753639155301910047002184999 087053-0043410642a0636 
24818.266700    0.02048	5220171213062402845766426084238783161101910063001625445 087065-0063410642a0670 
24818.273920    0.02331	5220171213063426491431826052253823843401910039001829999 087080-0073310642a0708 
24818.283900    0.05081	5220171213064848930149626033614294910201910016001143435 087082-0103410642a0612 
24818.291960    0.00649	5220171213070025351571526027779293213001910013001526150 087084-0113210642a0546 
24818.301430   -0.00277	5220171213071403763987326039151750863301910054002106295 087096-0063010642a0620 
24818.330880   -0.01697	5220171213075628351728026052752289223401910038002131324 087151-0003010642a0618 
24818.338400    0.01011	5220171213080718029805326084441312268101910139001469478 087138+0032910642a0665 
24818.345020    0.02117	5220171213081649953319226049665362405301910028002230166 087136+0082810642a0591 
24818.363120    0.00983	5220171213084253442557426098043601755101910086001681439 087153+0182510642a0648 
24818.370350   -0.01619	5220171213085318630441426074732769408401910086001966729 087175+0232610642a0685 
24818.377590   -0.00740	5220171213090343844910126059983188031001910013001429143 087180+0282510642a0648 
24818.388340    0.03520	5220171213091912572340326073755545026201910041001298337 087196+0312410642a0671 
24818.395010   -0.01030	5220171213092848952447926088091175956301910043002028242 087203+0342210642a0752 
24818.404520    0.00865	5220171213094230135581426135904195910101910060001730275 087196+0382210642a0659 
24818.414490   -0.02437	5220171213095651803915826119462156920401910037002021231 087207+0422010642a0755 
24818.421100    0.03551	5220171213100623389277826107200661585001910013001882092 087203+0411910642a0585 
24818.431270    0.04082	5220171213102101527877926124611321354201910011001090099 087209+0422010642a0535 
24818.439360   -0.02383	5220171213103241018499326143934329501301910049002194149 087202+0442810642a0669 
24820.299440    0.05926	5220171215071111639488926540354316090301910031002334105 085791+0198110642a0724
24820.309880    0.04672	5220171215072613893677026569275089955101910021001627030 085757+0188210642a0566
24826.562770    0.04544	5220171221133023208479026679651241566301910068002337106 088476+0783710642a0669 
24826.571590    0.11679	5220171221134305206591126702498026584101910128001240362 088467+0763810642a0701 
24826.580660    0.00647	5220171221135609223582026692174880318401910214001200656 088471+0733610642a0669 
24826.588190    0.01054	5220171221140659266776726673406668923001910040001331142 088473+0723710642a0719 
24826.598360    0.04709	5220171221142137992489926663375211196201910049001135173 088476+0723710642a0668 
24826.605990    0.03829	5220171221143237450902426673583756403301910057002240104 088477+0713610642a0673 
24826.622440    0.12341	5220171221145618936141526702028237038101910055001255278 088477+0704010642a0651 
24826.631520    0.01152	5220171221150923268352826697171472296401910063001269267 088472+0704210642a0629 
24826.646820    0.02913	5220171221153125668753826686268215094301910071002320166 088469+0674310642a0606 
24826.654360   -0.02018	5220171221154216278345526690500459844001910028002112087 088467+0634510642a0595 
24826.660220    0.02923	5220171221155043367656226684138493152201910017001869077 088478+0594610642a0577 
24826.672910    0.12020	5220171221160859233077326728446547600101910016001729099 088492+0534810642a0622 
24826.679710    0.00721	5220171221161847285372826726641424653401910045001422999 088495+0484910642a0599 
24826.690080    0.00912	5220171221163343111399326717934758602301910022002168999 088490+0424310642a0596 
24849.341770    0.03793	5220180113081208523350926737674005211301910160001556255 087620+0215810642a0647
24849.357970    0.06890	5220180113083528723305126771067921915101910069001644188 087635+0225810642a0670
24849.363210    0.02354	5220180113084301368471426747959247155401910049002161103 087634+0265910642a0626
24849.372770    0.01155	5220180113085647571455326737589478970301910026002745041 087650+0305810642a0582
24851.392050    0.04732	5220180115092433035650026836276961139301910137001838063 087703+0117910642a0682
24851.418990    0.01359	5220180115100320664992226841806311319401910081002047046 087713+0227710642a0699
24851.428760    0.10966	5220180115101725216333726857988498077101910072001791045 087713+0247710642a0679
24851.437090    0.05979	5220180115102924324786726816995487602201910049002341018 087715+0247810642a0621
24859.507430   -0.00026	5220180123121042149731025468839610992301910031003847062 087783+1213710642a0617 
24859.519220    0.04029	5220180123122740777049225464718358256101910027002138122 087771+1183710642a0627 
24859.523930   -0.03352	5220180123123427660780025455996064734401910052002006047 087766+1163710642a0751 
24859.538320    0.06636	5220180123125510489791425404133943888201910014002097073 087771+1193610642a0609 
24859.546460   -0.03311	5220180123130654329194425393845919324301910033002711116 087770+1203710642a0811 
24859.559190    0.09151	5220180123132513961405625390994197029101910145001144800 087783+1173910642a0643 
24859.565970   -0.04216	5220180123133500022786125380323388920401910114001196183 087790+1183810642a0692 
24859.575200    0.00417	5220180123134817166571625353766107450001910046002305070 087794+1193910642a0582 
24859.584120    0.06804	5220180123140107797490925327154643274201910051001783374 087801+1184310642a0659 
24859.593920    0.08169	5220180123141514758740425317706298469301910056003193227 087803+1154210642a0620 
24859.602200    0.08582	5220180123142710511147325325738221392101910083001000999 087835+1104110642a0650 
24859.610680   -0.03429	5220180123143922990566125315849424739401910102001345128 087839+1094110642a0685 
24859.623390   -0.00535	5220180123145740724961725289258942001001910173002045312 087865+1084010642a0645 
24859.631220    0.05152	5220180123150857534814125267745395911201910141001735992 087863+1104010642a0684 
24859.639610   -0.01624	5220180123152102615503025264427893237301910095003521414 087884+1104010642a0675 
24859.647850    0.08588	5220180123153253979949025276283597256101910136001279999 087901+1104110642a0680 
24859.656710   -0.04548	5220180123154539732023325270521724756401910377001072474 087909+1084110642a0692 
24859.664240   -0.03089	5220180123155630503669925253461265345001910047002093087 087915+1064210642a0663 
24859.673780    0.06311	5220180123161014965565125234320945060201910030001982401 087925+1034310642a0594 
24859.683360    0.00260	5220180123162401963783725234648485352301910059003940343 087925+0984410642a0683 
24859.690860    0.08179	5220180123163450454173825250671712304101910219001120999 087933+0954510642a0661 
24859.700730   -0.04547	5220180123164903127516125249317301036401910157001270252 087953+0914510642a0663 
24859.706940   -0.02993	5220180123165759852193525236201911525001910021001658049 087970+0864710642a0657 
24859.793170    0.07531	5220180123190210053362025273168619087101910092001006999 088114+0764110642a0469 
24859.802500   -0.03990	5220180123191535667359425282753048861401910101001199151 088121+0774110642a0677 
24859.809610   -0.01732	5220180123192550148329025276940865338001910030001875085 088128+0774110642a0593 
24859.857800   -0.02564	5220180123203513728750125320560211611301910047003154784 088172+0724310642a0578 
24859.863240    0.05418	5220180123204304178076425321906070079201910017001949999 088186+0724310642a0493 
24860.513580   -0.05959	5220180124121933721143625162162330410301910031003480029 088404+0826910642a0709 
24860.521540    0.04463	5220180124123100656256625164608101626101910040002654092 088388+0797010642a0514 
24860.532120   -0.10739	5220180124124614748612225142744846714401910172001708128 088382+0817010642a0692 
24860.542220    0.04202	5220180124130047545709725110773644083001910036002790030 088376+0846610642a0669 
24860.568400    0.01708	5220180124133830068316825050791262162301910058003596102 088340+0886610642a0672 
24860.578150    0.04918	5220180124135232191244625052140477194101910131001198596 088335+0896610642a0703 
24860.585270   -0.05638	5220180124140247482345025039922559334401910263001163323 088332+0896710642a0710 
24860.596090   -0.09042	5220180124141821800294125010087234600001910031002095040 088328+0866910642a0589 
24860.602790    0.04831	5220180124142801017267224986409495553201910023001261218 088329+0867010642a0602 
24860.615360   -0.03043	5220180124144607451188124970622829076301910044003516080 088329+0836810642a0859 
24860.625630    0.05789	5220180124150054039429924974826708404101910055001027642 088334+0827210642a0710 
24860.642510   -0.04895	5220180124152512875477424952969573868401910239001233324 088321+0767010642a0671 
24860.652080   -0.03090	5220180124153859320942224930129025031001910024001824041 088321+0767010642a0596 
24860.663740    0.03976	5220180124155547388908324904459253390201910079001925407 088332+0707110642a1226 
24860.678640   -0.01666	5220180124161714251417324894364986440301910037003836074 088328+0687210642a0848 
24860.691880    0.05051	5220180124163618166640124902812690349101910053001093999 088323+0567110642a0643 
24860.704300   -0.04138	5220180124165411904275524895747011481401910025001334054 088317+0507310642a0677 
24860.711340   -0.05000	5220180124170419707032224880515297937001910050001907079 088321+0447610642a0696 
24860.722510    0.04582	5220180124172024452944624862393989726201910020001402999 088321+0437910642a0580 
24860.730900   -0.02735	5220180124173229771552324863965596131301910062003591231 088334+0487810642a0654 
24860.739130    0.06052	5220180124174420454099824880909936007101910063001108999 088339+0526910642a0661 
24860.748160   -0.05524	5220180124175720873003624881048428793401910273001077430 088347+0546310642a0584 
24860.757890   -0.01344	5220180124181121991033824869287030121001910044002397076 088347+0556310642a0526 
24860.765450    0.06471	5220180124182214641139924856369821414201910020001513999 088359+0576110642a0506 
24860.776990   -0.02202	5220180124183851917684524862827809485301910047003925133 088360+0575710642a0781 
24860.784110    0.05998	5220180124184907128167624883487368700101910092000989999 088361+0575510642a0676 
24860.794850   -0.05378	5220180124190435277917924889076635961401910169000885303 088352+0565210642a0682 
24860.801770   -0.02306	5220180124191433118126624880734277749001910020001832051 088345+0555210642a0446 
24860.812620    0.09614	5220180124193010075006824873022570736201910016001586922 088341+0545210642a0544 
24860.823250   -0.04087	5220180124194528588608924884593647911301910036003374081 088341+0535110642a0669 
24860.831830    0.05681	5220180124195750078222824909525663756101910022000804999 088329+0515110642a0574 
24865.888190   -0.03970	5220180129211859470499923477100228180301910158002409049 088402+0554810642a0643 
24865.895750   -0.02790	5220180129212952991922223474215174669301910111002796027 088396+0594810642a0700 
24865.904490   -0.01158	5220180129214227949037423472681910326001910118001922059 088386+0594810642a0701 
24867.908900   -0.02172	5220180131214848768050423657756339956301910069003665008 087139+0376510642a0679
24867.931490   -0.03189	5220180131222120646238323641556120478301910078003660012 087120+0346710642a0663
24867.953250   -0.07016	5220180131225240934571323630699608934301910091003389015 087080+0316810642a0664
24875.175270    0.06422	5220180208041223617862126329922740743301910198001779999 086489-0248210642a0717 
24875.184290    0.10268	5220180208042522850200826363070051336101910117001676142 086490-0258310642a0702 
24875.192210    0.05467	5220180208043646806117226331967714290401910132001904999 086486-0268310642a0676 
24875.200550    0.03729	5220180208044847772254326308349214096001910042001147999 086496-0278310642a0717 
24875.210630    0.09432	5220180208050318352181026309607327847201910049001287130 086501-0278410642a0687 
24875.216830    0.05977	5220180208051214064470726317318024943301910081001942999 086511-0248410642a0663 
24875.236230    0.09293	5220180208054010645005826354929201308101910067001438139 086539-0158510642a0670 
24875.245730    0.02358	5220180208055351437249826329109524663401910046002044999 086539-0198210642a0529 
24875.255380    0.02510	5220180208060744942252326310824288330001910051001354999 086536-0258110642a0697 
24875.264080    0.06681	5220180208062016889588326317167548264201910048001801068 086546-0258110642a0672 
24875.272590    0.07858	5220180208063232038847526329856614500301910106001938999 086561-0228110642a0668 
24875.291660    0.08058	5220180208065959574816926378856080356101910040001578049 086588-0218010642a0665 
24875.300770    0.02720	5220180208071306617093826358990068887401910096001961804 086603-0218010642a0653 
24875.307960    0.03121	5220180208072327613212826344181612170001910046001723416 086630-0138010642a0661 
24875.314720    0.04640	5220180208073312213082426353162510257201910027001965043 086657-0077910642a0559 
24875.326230    0.05232	5220180208074946319379726373794448097301910054001892229 086660-0127910642a0696 
24875.353530    0.04717	5220180208082904606607026407227451954301910025003035066 086700-0108110642a0604 
24875.361140    0.04889	5220180208084002111627626427804755795401910019002243068 086715-0108210642a0790 
24879.360150    0.05504	5220180212083836845303026760292665662301910038002190066 086400+0073610642a0562
24879.366420    0.02779	5220180212084738959845926773073421449401910070001747117 086391+0093410642a0611
24879.375360    0.15118	5220180212090031366089826787996922120101910060001285109 086386+0113510642a0699
24879.415650    0.08281	5220180212095832079425226752759240496201910019000809093 086339+0173710642a0522
24879.429690    0.06872	5220180212101845308488226767617120254301910042002794050 086338+0183910642a0665
24879.437210    0.14874	5220180212102934738025126801607449230101910036001685054 086370+0194010642a0640
24879.446370    0.00381	5220180212104246487598626791465138865401910032001569055 086377+0224010642a0641
24879.454140    0.06485	5220180212105357551728926782135375822301910050002078046 086378+0234110642a0669
24887.719230   -0.00810	5220180220171541721083725115929573534301910022003080186 086159-0019110642a0471 
24888.707300    0.05933	5220180221165830481713924849179008658101910142001153892 086098+0065810642a0684 
24888.714360   -0.06314	5220180221170840708250824829970018704301910050002761448 086105+0005710642a0648 
24888.723420    0.06757	5220180221172143213682624828779841354201910020001415949 086105-0066210642a0598 
24888.732380   -0.03520	5220180221173437472586524843310814718001910015002303052 086111-0096610642a0653 
24888.741650   -0.04672	5220180221174758227856024858678560147401910028001651087 086119-0096310642a0594 
24888.751430    0.04817	5220180221180203854086924864840234377101910003000299999 086113-0116010642a0455 
24889.692180    0.00251	5220180222163644261713424591824625597101910019001325054 086171-0058610642a0401
24889.706910    0.03202	5220180222165757130106124562331153356201910017001750099 086157-0078510642a0606
24889.713240    0.02350	5220180222170703738957824584923269905101910013000986616 086114-0098510642a0675
24889.736190    0.03447	5220180222174007034771324583012400735101910038000902999 085928-0158410642a0622
24889.746100    0.04917	5220180222175422966034224583979118797101910032001142999 085826-0178410642a0645
24889.852060    0.00047	5220180222202658221322824634912335755301910026002784175 085665-0228910642a0634
24889.870360   -0.00320	5220180222205319445385424656838695529301910030002751422 085570-0258810642a0549
24889.880140    0.07769	5220180222210723764330124690080313356101910059000974999 085477-0288710642a0680
24889.888830   -0.04611	5220180222211955338555224700053903166401910058000972108 085520-0238510642a0684
24902.223600    0.03004	5220180307052158697681725978425454678301910116002356076 085411+0017610642a0681
24902.237520   -0.02774	5220180307054201748922626003632718571401910040001738361 085432+0046910642a0671
24902.245420    0.08989	5220180307055324213330626039936163141101910038002271021 085438+0046810642a0643
24902.253580   -0.00929	5220180307060509724046226002591296826001910029001520117 085439+0046910642a0561
24902.262630    0.09684	5220180307061811172768426017317988330201910063001941031 085447+0027210642a0667
24902.271620    0.04189	5220180307063107933660426039089905922301910081002314049 085459+0027310642a0677
24902.279740   -0.02274	5220180307064249207199426061472311627401910024002163117 085488+0037410642a0641
24902.288230    0.06538	5220180307065502828348626064896178709301910058002689027 085491+0037410642a0665
24903.140800    0.07938	5220180308032244736358426258309972928301910036002711044 086354+0143810642a0664
24903.149010    0.01422	5220180308033434223610426266429814729401910032002020999 086370+0123710642a0670
24903.157520    0.02209	5220180308034649553039826244149919606001910027001446999 086382+0083910642a0681
24903.165890    0.09922	5220180308035852487058626245665861047201910057001496060 086391+0043910642a0631
24903.173470    0.11493	5220180308040947954469226290776168741101910044002080037 086404+0033810642a0682
24903.181880    0.06303	5220180308042154214566826255422276143301910069002318092 086415+0043710642a0733
24903.192930    0.02193	5220180308043749364215326268101541840401910044002051999 086427+0133210642a0722
24903.201860    0.01414	5220180308045040380524026250060712622001910019001715468 086440+0113410642a0585
24903.231180    0.02853	5220180308053253901901226286720465346401910019002055571 086478+0093510642a0635
24903.239080    0.07360	5220180308054416440324226273115320436201910029001932021 086495+0063810642a0662
24903.256770    0.06031	5220180308060944994335026297317776297301910040002739031 086500-0044210642a0619
24903.279700    0.06865	5220180308064245716577426321829409729301910050003010019 086510+0143510642a0701
24908.394350    0.05169	5220180313092752058318926547369415365301910041002205102 086516+0663510642a0653
24908.406750    0.15388	5220180313094542880281526578116667093101910024001882037 086539+0713110642a1034
24908.427270   -0.01284	5220180313101515822567626576906369641401910014001536052 086563+0803010642a0646
24916.727790   -0.02367	5220180321172800676719624634525883786301910092002834176 086971+0026910642a0689
24916.739260    0.00180	5220180321174432068416324645594223038301910036002614275 086961-0067010642a0685
24916.746780    0.00447	5220180321175521815783224653454614394301910047003423646 086966-0097010642a0709
24916.757200    0.00100	5220180321181021786329124665092870113301910031002850999 086972-0126610642a0595
24916.764980    0.12287	5220180321182134296801324696203564039101910037000863999 086979-0166410642a0655
24916.780250    0.11930	5220180321184333335013824715526361636101910013000925999 087016-0196010642a0542
24916.789590    0.10926	5220180321185700198964324703500756046201910009001103999 087039-0154610642a0482
24916.800070   -0.02114	5220180321191206083563224720991147971301910012003131999 087058-0144510642a0612
24916.806980    0.15279	5220180321192203088392324752809475027101910009001104999 087064-0154310642a0581
24916.821010    0.02451	5220180321194215149747224752037858296301910003001611415 087085-0153910642a0546
24916.827870    0.37098	5220180321195207865206024784380970509101910003000553999 087110-0133910642a0513
24917.448750   -0.04260	5220180322104612123940224676560328710301910027003475033 086779+0534310642a0641 
24917.455760    0.09485	5220180322105618007826224687156845677101910023002327047 086759+0554410642a0413 
24917.530620   -0.02616	5220180322124405167451724538505161653301910026003457056 086597+0693210642a0553 
24917.540380    0.08618	5220180322125808759868124548577981389101910010000788213 086584+0733210642a0594 
24917.550270   -0.09557	5220180322131223475780124528839410159401910042001381127 086569+0723710642a0628 
24917.573550   -0.10398	5220180322134554601511724501773616185401910030001359102 086538+0703710642a0674 
24917.577910    0.00411	5220180322135211161151424480325809691301910020002499273 086530+0723710642a0203 
24917.587520    0.09392	5220180322140601428358924494575715835101910022001348219 086522+0713810642a0535 
24917.598670   -0.09455	5220180322142205278596524478342236930401910096001275306 086509+0713610642a0546 
24917.605590    0.06943	5220180322143203203483824479517363791101910063001176305 086495+0713510642a0681 
24917.613360    0.11901	5220180322144314364409024448563353453201910026001426235 086478+0664210642a0677 
24917.623960   -0.00411	5220180322145830286110924444219096883301910085002380512 086469+0644310642a0544 
24917.631100   -0.10226	5220180322150847116705424457686686537401910210001103591 086461+0663910642a0734 
24917.641680    0.08882	5220180322152401567432024459700060724101910334001133999 086451+0663610642a0952 
24917.650410    0.12633	5220180322153635745681124431465454070201910092001422820 086445+0663810642a0673 
24917.659140   -0.10020	5220180322154909379282224448971388260401910157000885989 086444+0653710642a0678 
24917.669950    0.08626	5220180322160443411491724454064918968101910179001144999 086446+0653710642a0686 
24917.678120    0.11474	5220180322161629298748924428491397470201910091001539573 086439+0604910642a0679 
24917.684850   -0.04084	5220180322162611080276324436989318320001910072001813402 086434+0574810642a0674 
24917.695130   -0.10416	5220180322164059306315724450415490391401910290000943792 086423+0555110642a0669 
24917.704540   -0.01506	5220180322165432429731524435828445156301910206002602676 086409+0574510642a0682 
24917.712370    0.08541	5220180322170549156854124461960346601101910087001187890 086407+0584910642a0678 
24917.720640    0.12187	5220180322171743294156324440130851453201910120001626821 086396+0554810642a0768 
24917.730150    0.09172	5220180322173124921201424470918452884101910096001076999 086384+0524810642a0648 
24917.739120    0.09780	5220180322174420032489724476647167095101910095001049999 086379+0444910642a0664 
24917.746170    0.07298	5220180322175429253859124481700022484101910018001229999 086376+0355310642a0331 
24917.752430   -0.09382	5220180322180329753279524480900103844401910069001097431 086373+0315510642a0628 
24917.759320   -0.10205	5220180322181325074710924486727689375401910086000927559 086379+0275510642a0626 
24917.768820   -0.02195	5220180322182706098026024478025152823301910044002815999 086377+0245510642a0609 
24917.780670    0.09284	5220180322184410187865524512984159069101910034000887999 086375+0225810642a0774 
24917.790410   -0.09133	5220180322185811244306624518134304323401910031001045324 086363+0215810642a0570 
24918.528900   -0.02159	5220180323124136696750624465108893644301910066002499101 086103+0545610642a0645 
24918.536200   -0.04279	5220180323125207731006624453248860141301910034002521091 086096+0565310642a0612 
24918.544540    0.05417	5220180323130408679084524465108221597101910024001789030 086091+0615210642a0636 
24918.553700   -0.13320	5220180323131719871682924442231988953401910020001915019 086072+0605310642a0669 
24918.563970    0.05190	5220180323133207083163624436204718359101910040000771387 086067+0615310642a0661 
24918.571400   -0.02178	5220180323134248910260624400862641154301910062002727171 086057+0625110642a0724 
24918.582080   -0.11931	5220180323135811746339324402883421969401910065001712078 086048+0605210642a0690 
24918.592580    0.04290	5220180323141318780065924398752054549101910085001288383 086039+0595410642a0615 
24918.600610    0.11224	5220180323142452939330124362452114401201910012000890151 086028+0595510642a0462 
24918.607380   -0.10952	5220180323143437661895424373313212664401910048001402080 086016+0595510642a0664 
24918.617440    0.04646	5220180323144906444850324371865573540101910009001161125 086020+0605310642a0422 
24918.624980   -0.08636	5220180323145958206894724339940234581301910034004111073 086015+0635210642a0568 
24918.634370   -0.14110	5220180323151329319646724348243167001401910034001781048 086000+0615510642a0642 
24918.645350    0.05409	5220180323152917999006624348666275345101910127001109491 085992+0615510642a0818 
24918.655650   -0.13401	5220180323154407992175624333571904211401910252000971505 085984+0615510642a0684 
24918.663030    0.09648	5220180323155445703860324310953591125201910059001668429 085975+0585610642a0653 
24918.671480    0.04314	5220180323160655604246124334145741205101910113001145232 085972+0545810642a0672 
24918.679420   -0.06075	5220180323161821643547224306409294427301910040002807131 085965+0476210642a0642 
24918.689350   -0.06036	5220180323163240110834724307871457019001910036001882080 085963+0456410642a0658 
24918.698370    0.09854	5220180323164538940355524299653684327201910047001317548 085953+0446510642a0660 
24918.703930    0.04471	5220180323165339535294624326241475883101910067000955999 085945+0416510642a0612 
24918.714720   -0.12932	5220180323170911761824624317956510481401910074001302158 085946+0396510642a0598 
24918.722570   -0.01461	5220180323172030173190624302222631816301910049002847306 085953+0346610642a0642 
24918.731410   -0.06933	5220180323173313922652724308107582109001910044001669123 085951+0306610642a0656 
24918.739460    0.10855	5220180323174449003700324303448831723201910026001439999 085946+0246810642a0675 
24918.746260    0.05981	5220180323175436653660924332963630963101910013001048999 085944+0207010642a0329 
24918.760200   -0.13299	5220180323181441693654824331390796473401910042001586077 085939+0167310642a0689 
24918.768210   -0.06242	5220180323182613221577024319350048061301910018002592691 085939+0127510642a0670 
24918.824390    0.03899	5220180323194707343773724392475067152101910045000723999 085926+0008010642a0342 
24918.829320   -0.14231	5220180323195412826016124390446384545401910061001516114 085919+0018110642a0692 
24918.840500   -0.07080	5220180323201018779494624391421255523001910021001938091 085909+0008010642a0580 
24918.849390    0.11709	5220180323202306997670924395340627689201910015001365999 085913-0008010642a0693 
24918.859250   -0.05420	5220180323203718871275624411202410990301910040002772999 085904+0027810642a0709 
24918.893390    0.04761	5220180323212628466656324484691198774101910014000643999 085889+0007410642a0273 
24918.908900   -0.04061	5220180323214848912561124484577091094301910020002638725 085886+0017210642a0503 
24918.917940   -0.14993	5220180323220149884210724515809477079401910051001211110 085888+0036810642a0669 
24923.760690   -0.06266	5220180328181523870696024366433444575301910124002226060 086696+0728210642a0671 
24923.768990   -0.08043	5220180328182720383135924356405028270301910096002429033 086696+0737610642a0680 
24923.777070   -0.07156	5220180328183858441452524347152846553301910080002239024 086698+0767210642a0685 
24923.794020    0.04383	5220180328190322918012424323316209775001910024002633011 086696+0757110642a0666 
24923.811390   -0.07217	5220180328192823823580224314117130166301910111002471036 086701+0747010642a0716 
24923.889780   -0.07353	5220180328212117281772524283008617883301910089002123040 086642+0736410642a0657 
24923.899870   -0.08121	5220180328213548914009824283905243793301910030002619016 086648+0726510642a0681 
24923.920330   -0.07384	5220180328220516914958424289250113993301910013002766011 086615+0716610642a0650 
24924.761460   -0.06018	5220180329181629770492924579032444640301910155002304048 086484+0637810642a0680 
24924.761550   -0.06239	5220180329181637980653524578896634565301910137001290045 086484+0637810642a0598 
24924.776670   -0.06821	5220180329183823937876824549779609406001910073001802042 086504+0588010642a0690 
24924.776670   -0.06185	5220180329183823937876824549779609618001910070001508044 086504+0588010642a0682 
24924.785250    0.11757	5220180329185045991383724539692992188201910053002299024 086521+0568010642a0643 
24924.785450    0.09301	5220180329185103296586724539436040122201910054002422024 086521+0578010642a0643 
24924.805820   -0.06334	5220180329192023217506924521880883557301910062002507017 086532+0508210642a0668 
24924.805840   -0.05945	5220180329192024835685024521859751666301910061002363017 086532+0508210642a0632 
24924.814720    0.07505	5220180329193311733731724505095023609201910085001663039 086546+0508310642a0677 
24924.814720    0.08198	5220180329193311733731724505095023840201910081001317037 086546+0508310642a0538 
24924.823020   -0.07157	5220180329194509216502324495557785472001910060002025029 086559+0518310642a0653 
24924.823020   -0.05721	5220180329194509216502324495557785951001910054001496022 086559+0518310642a0599 
24924.833760   -0.06862	5220180329200037277130424493645413244301910072002768016 086561+0508110642a0673 
24924.833760   -0.06247	5220180329200037277130424493645413449301910064001876014 086561+0508110642a0472 
24924.864730   -0.04958	5220180329204512557467024470821770873301910089002902022 086575+0527210642a0591 
24924.864730   -0.04457	5220180329204512557467024470821771040301910089002877023 086575+0527210642a0618 
24924.871360    0.08185	5220180329205445925922524460008926945201910052002029020 086576+0517110642a0671 
24924.871480    0.05389	5220180329205455710513824459950763284201910052002189018 086576+0517110642a0671 
24924.886690   -0.06787	5220180329211649953385524452580882409001910067000922026 086579+0516910642a0644 
24924.886690   -0.06385	5220180329211649953385524452580882543001910079001668033 086579+0516910642a0718 
24924.894220   -0.07852	5220180329212741028689724458291518496301910053003113010 086583+0496910642a0673 
24924.894380   -0.08932	5220180329212754342741324458250907098301910055003412011 086583+0496910642a0673 
24924.924130   -0.05589	5220180329221044954714424447483396609001910080001611037 086572+0457010642a0692 
24924.924360   -0.06080	5220180329221104513016224447500850571001910071001074032 086572+0457010642a0615 
24924.931720    0.06007	5220180329222140280981424448996754619201910036002223009 086573+0446910642a0639 
24924.931720    0.06745	5220180329222140280981424448996754865201910038002402009 086573+0446910642a0639 
24924.940710   -0.05862	5220180329223437734228824458195649122301910076001746014 086567+0446910642a0471 
24924.941140   -0.06338	5220180329223514650452024458309136829301910088002806017 086567+0446910642a0667 
24924.953370   -0.09615	5220180329225251168866124454595179481001910041002560013 086563+0446810642a0662 
24924.953370   -0.06281	5220180329225251168866124454595180593001910040002373013 086563+0446810642a0662 
24924.965810    0.10076	5220180329231045657690024461040132535201910041002362012 086553+0446810642a0590 
24924.965930    0.08984	5220180329231056551875924461109220481201910041002423012 086553+0446810642a0590 
24924.979590   -0.07797	5220180329233036988156324477025214778301910089002901019 086547+0446710642a0682 
24924.979910   -0.06817	5220180329233104140304324477246619598301910069001168014 086547+0446710642a0579 
24924.987550   -0.09724	5220180329234204266930624482963561805301910050003161009 086547+0446710642a0656 
24924.987550   -0.08321	5220180329234204266930624482963562273301910049002930011 086547+0446710642a0656 
24932.081010    0.07214	5220180406015639084385226518348767647301910050000845049 087472+0537810642a0368 
24932.092510    0.20338	5220180406021312796537526544442573894101910054002050036 087477+0597810642a0688 
24932.101060   -0.01379	5220180406022531810384926517397375316401910303001633999 087483+0577610642a0669 
24932.107670   -0.02170	5220180406023502554464426493874701877001910045000975362 087488+0567810642a0659 
24932.118090    0.11777	5220180406025002996194326488757021108201910139000873097 087490+0577610642a0625 
24932.124130    0.06828	5220180406025844677630226495544199515301910099000767067 087494+0557610642a0589 
24932.134100    0.17219	5220180406031306019662626526652921591101910037000911025 087497+0557710642a0548 
24932.143930   -0.02530	5220180406032715576077226503485733093401910325001592999 087510+0587510642a0928 
24932.154420   -0.02263	5220180406034221467510726482865446438001910048000885422 087503+0557510642a0661 
24932.172490    0.06738	5220180406040823358419926492712416226301910091001163071 087508+0537610642a0593 
24932.187970   -0.01973	5220180406043040405377226509384049231401910175001591999 087505+0517610642a0871 
24932.197340   -0.02421	5220180406044410558370226493184640716001910021000688350 087508+0507610642a0708 
24932.205330    0.12448	5220180406045540450539726495937388332201910043001974027 087502+0497610642a0528 
24932.213530    0.06607	5220180406050728627379526509888797598301910063001162035 087509+0507610642a0560 
24932.227540   -0.02164	5220180406052739044920726532254728173401910071001653392 087525+0517510642a0606 
24932.236810   -0.03246	5220180406054059966922126519788645443001910075000988448 087528+0557510642a0664 
24932.243900    0.11657	5220180406055113089325226524630164019201910087000987057 087542+0617110642a0600 
24932.253390    0.05315	5220180406060452590448726543182849684301910113000830069 087564+0686910642a0573 
24932.260480    0.14685	5220180406061505659051826583754685518101910042002422026 087575+0746910642a0593 
24932.268660   -0.03155	5220180406062651814190726572592589421401910104001774356 087578+0786710642a0672 
24932.277110   -0.03820	5220180406063902283215926562643546212001910057000889367 087589+0826510642a0626 
24944.490460   -7.33939	5220180418114615729921924275775262108301910044003718005 088479+1545210642a0657
24944.505990   -0.07886	5220180418120837965342824278046020105401910059002232017 088484+1495310642a0724
24944.573670   -0.03944	5220180418134605342177124228173037321301910060003707009 088415+1555210642a0674
24944.581610   -0.07460	5220180418135731045009824244446690641401910054002092013 088409+1575210642a0682
24944.590110    0.15709	5220180418140945334718424251381715977101910068001867017 088405+1555210642a0648
24944.599260    0.00703	5220180418142256334176524228714086259301910070003834010 088397+1525310642a0681
24944.607800    0.15720	5220180418143514254164924254133523172101910057001393011 088401+1525410642a0626
24944.723810   -0.02633	5220180418172217561234424325958182510301910072003969009 088390+1425410642a0686
24944.733130   -1.25695	5220180418173542212759724338434697042301910046003925003 088390+1415510642a0673
24944.741470   -0.15677	5220180418174743243405924373402364193101910027002574005 088394+1385510642a0611
24945.423060    0.08683	5220180419100912391021424317522155486301910041003622019 088461+1583510642a0465
24945.431550    0.14061	5220180419102125868973524328912836089101910072001056048 088453+1563410642a0586
24945.439080   -0.06814	5220180419103216531042524306501612823401910044001413024 088446+1593910642a0630
24945.448250    0.02619	5220180419104529173426824276344741314301910108002538047 088444+1603510642a0613
24945.457330    0.12777	5220180419105833284283124288011254608101910111000677104 088440+1593810642a0466
24945.467680   -0.08155	5220180419111327593295024262682830230401910112000705096 088429+1583910642a0605
24945.475450   -0.01099	5220180419112439170118924239937612099001910049002153040 088433+1594210642a0666
24945.484870    0.16415	5220180419113812867855724222028012736201910048002100040 088425+1624210642a0645
24945.494800    0.02448	5220180419115231074058324210737476228301910068002720057 088416+1614210642a0651
24945.502470    0.13814	5220180419120333648143924227101898944101910065000841065 088409+1604310642a0589
24945.511510   -0.09064	5220180419121634577739324206933456450401910096000680118 088405+1604210642a0587
24945.519880   -0.04093	5220180419122837290749724186269634082001910042001328041 088398+1574610642a0553
24945.528010    0.16918	5220180419124020468305824172974615393201910030002141030 088391+1564810642a0516
24945.585080    0.02490	5220180419140231033573524137174538623301910107002397116 088363+1455210642a0644
24945.594140    0.12691	5220180419141533563742424159780128111101910102000841114 088350+1464910642a0705
24945.604230   -0.09324	5220180419143005536657124148185306873401910137000800161 088344+1455210642a0673
24945.612390   -0.02504	5220180419144150402304924135309291509001910044001832052 088345+1474910642a0665
24945.622210    0.13648	5220180419145558733250424129485041131201910040002111057 088338+1484910642a0675
24945.632160    0.00850	5220180419151018432710224132374140531301910100002268097 088328+1464910642a0722
24945.642610    0.12565	5220180419152521488729724159824530753101910169000825190 088330+1465010642a0849
24945.652050   -0.08946	5220180419153856757663524153533095962401910103000833165 088321+1454910642a0610
24945.820440   -0.00455	5220180419194126430105924323555640723301910035002196999 088342+1165710642a0639
24945.827230   -0.10870	5220180419195112278559024350961071223401910097000813999 088350+1185610642a0621
24945.835430    0.13077	5220180419200301532705324373284253062101910041000834999 088358+1195610642a0588
24946.493550   -0.09198	5220180420115042338940524242305815767401910038000766061 088239+1644110642a0727
24946.501190    0.12013	5220180420120142403085024244151502186101910030000967048 088228+1634310642a0600
24946.511620    0.00657	5220180420121643770850324202421756141301910085002029130 088229+1644210642a0682
24946.521080    0.00606	5220180420123021077524424190064417604301910101002063167 088223+1644010642a0728
24946.529780    0.15757	5220180420124253163059024177564692861201910075001359203 088221+1634310642a0719
24946.539730   -0.03307	5220180420125712313725124169627805520001910063001420234 088204+1644210642a0767
24946.549990   -0.10673	5220180420131158903003724171253879164401910056000830149 088191+1644110642a0837
24946.561650    0.09805	5220180420132846134694624172397326911101910141000781476 088184+1644310642a0738
24946.571520   -0.00937	5220180420134259126459524136323595019301910179001941497 088166+1654310642a0726
24946.582890   -0.10561	5220180420135921460578624142098563659401910356000932718 088152+1654310642a0876
24946.592520    0.09755	5220180420141313297461924148002417872101910285000874860 088140+1624410642a0603
24946.600820    0.15384	5220180420142510910304124113822662746201910027001478138 088139+1624410642a0648
24946.842680   -0.01850	5220180420201327811482124273236350924301910091001933810 088095+1244910642a0580
24946.852410    0.00129	5220180420202728539280924289084378121301910164001884999 088096+1264910642a0526
24946.858040    0.09599	5220180420203534483865524325051764625101910243000704999 088096+1264910642a0658
24946.867260   -0.11604	5220180420204851594057324329214817525401910033001080999 088092+1284810642a0650
24946.877130    0.18119	5220180420210304392543824328238633909201910017000954999 088084+1314710642a0537
24946.886130   -0.01726	5220180420211601315767424346377325634301910044001680999 088077+1324710642a0707
24948.649800   -0.03353	5220180422153542577086924233743289657301910336001181616 087709+1813810642a0729 
24948.659060    0.05679	5220180422154903183234424257542370392101910286000710999 087705+1794010642a0630 
24948.667600   -0.13919	5220180422160120762605724234190437915401910354001046430 087709+1783710642a0640 
24948.673740   -0.05885	5220180422161010877612624215400883762001910076000971121 087709+1753910642a0513 
24948.684770    0.13639	5220180422162603776964824208547925847201910130000941665 087714+1734010642a0655 
24948.692970   -0.03331	5220180422163752983049724208835420912301910190001304772 087711+1733610642a0664 
24948.701910    0.06306	5220180422165044778811324236625676152101910125000805525 087709+1713810642a0603 
24948.711170   -0.13465	5220180422170405455018624217137415626401910565001121621 087705+1694310642a0682 
24948.719440   -0.04893	5220180422171559985903624200888679357001910069001069131 087710+1654410642a0619 
24950.788880    0.03212	5220180424185558903152124496914106009101910015000871999 087629+1287710642a0422 
24950.826030   -0.05211	5220180424194929170098124467431445495301910022001379017 087657+1237710642a0508 
24950.834400    0.04144	5220180424200132468600024503698750982101910033001165436 087664+1217710642a0578 
24950.846580   -0.03444	5220180424201904298417024476215616360301910028002799025 087671+1187810642a0601 
24950.855230    0.03241	5220180424203131473218924514487600966101910045001236999 087676+1187710642a0661 
24950.866790   -0.07649	5220180424204810644251024489368993269301910028002433015 087675+1197410642a0592 
24950.911870    0.02763	5220180424215305815350824566979391359101910031000982999 087652+1166510642a0636 
24950.919970   -0.07346	5220180424220445152268624544039171068301910081001153053 087652+1186310642a0614 
24950.930420    0.02206	5220180424221948186398024590885704531101910015000641999 087646+1196110642a0643 
24951.865280   -0.05818	5220180425204559914722024647214888838301910131001370066 087495+1258510642a0660
24951.873710   -0.06670	5220180425205808535406024650848736438301910122001418056 087494+1248610642a0611
24951.890760    0.03251	5220180425212242006459824694946359700101910027001387816 087496+1248310642a0649
24951.899370   -0.06284	5220180425213505562695324666794816871301910080001168032 087502+1258210642a0588
24951.908150   -0.07596	5220180425214744511759724666263765384001910068001155056 087494+1277910642a0645
24951.916750   -0.06704	5220180425220006992618924681663992591301910131001046057 087483+1287810642a0646
24951.925180    0.09391	5220180425221215900076824683067730267201910031001268029 087471+1307510642a0624
24951.933720   -0.07394	5220180425222433287522224699216753392301910053001107019 087465+1307310642a0435
24951.942450    0.01089	5220180425223707290735424743510334892101910009001234375 087452+1317010642a0538
24980.672360   -0.00340	5220180524160812010851425233455035179301910239001981112 087634+1697610642a0645
24980.682520    0.10564	5220180524162250076702325258184478060101910400001474867 087627+1677510642a0726
24980.690400   -0.10119	5220180524163410556336325220679120285401910212002081120 087620+1667510642a0728
24980.700270   -0.02537	5220180524164823347641225189310966511001910157001622120 087615+1677610642a0749
24980.708990    0.13711	5220180524170056992102025184059690061201910155001320191 087608+1647810642a0532
24980.719270   -0.00301	5220180524171545111188425181528849512301910115002162057 087608+1627810642a0605
24980.727680    0.08562	5220180524172751461319625211396302139101910030001379193 087617+1598010642a0553
24980.736710   -0.12953	5220180524174051447596525176222982281401910042002600019 087625+1578110642a0616
24980.763140    0.00827	5220180524181855428926425150448545906301910145002173053 087623+1498310642a0847
24980.769880    0.00354	5220180524182837868245525147397257873301910227002144109 087627+1488010642a0733
24980.778370   -0.17147	5220180524184051194902725153653764232401910033001962018 087630+1477810642a0562
24992.171020   -0.01786	5220180605040615921297526493310412099301910132003076086 087034+1089410642a0654
24992.178810    0.16199	5220180605041729236901126513532778526101910034000576040 087034+1079410642a0626
24992.187060   -0.11914	5220180605042921755741426506109416759401910796000717999 087039+1079310642a0625
24992.195090   -0.11304	5220180605044055607503126489483977448001910176001234784 087044+1099410642a0653
24992.204640    0.08327	5220180605045441231308126477758106717201910078001496036 087046+1129310642a0638
24992.213180   -0.00703	5220180605050658388373826484721353828301910213002560147 087054+1189210642a0687
24992.223570    0.15772	5220180605052156020231026508679814458101910143000750067 087058+1289010642a0736
24992.246460   -0.10127	5220180605055454049402126495381760910001910220001427228 087065+1318610642a0976
24992.256500    0.07641	5220180605060921477835826488851096913201910096001865037 087067+1368410642a0675
25002.387390    0.06359	5220180615091750731161323659901512138101910128000689073 087290+1815410642a0643
25002.396670   -0.13685	5220180615093112515512723630634416370401910086000995058 087291+1815710642a0581
25002.405710   -0.03261	5220180615094413115797523605072721268301910168001494082 087294+1855410642a0641
25002.414100    0.14662	5220180615095618261538223591395453266201910073001264031 087297+1845410642a0629
25002.422680   -0.05594	5220180615100839298752323582810601087001910094000964058 087300+1855510642a0584
25002.430750    0.06200	5220180615102016857967623604071310818101910115000755072 087298+1845710642a0571
25008.728550    0.03292	5220180621172907054319825277162317137301910098002692038 087646+1658110642a0684 
25008.738280    0.10952	5220180621174307262916125313885372119101910085001605538 087650+1687810642a0674 
25008.747770    0.02001	5220180621175647603784925262418418259001910041002067014 087605+1697710642a0652 
25008.756300    0.13956	5220180621180904374448325267768519610201910024001646127 087588+1717610642a0704 
25008.771200    0.01901	5220180621183031695685325277442781076301910051003200021 087596+1707910642a0629 
25008.835150    0.13243	5220180621200236944802225354801873486101910034001440999 087552+1728110642a0636 
25008.857320    0.04933	5220180621203432590163425340902115103301910127002309102 087538+1757810642a0554 
25008.868440    0.14184	5220180621205032824341025392865513887101910067001601999 087530+1827310642a0672 
25008.878260    0.14094	5220180621210441904900925360883689586201910027001508999 087528+1867010642a0651 
25008.902070    0.01116	5220180621213859128012725392674954568001910059001980036 087519+1817010642a0638 
25008.917940    0.04672	5220180621220150372701225431248190777301910069002388057 087504+1787110642a0649 
25008.927570    0.12145	5220180621221541803564625486173569959101910021001663999 087514+1767110642a0672 
25020.142250    0.08969	5220180703032449992972426489812402037301910083003528023 087598+1508510642a0685
25021.046910   -0.09439	5220180704010733008083226381051507775401910054000604999 087653+1776510642a0485
25021.059150    0.02713	5220180704012510590635426344032093096301910059003528022 087634+1786510642a0670
25021.074110   -0.09320	5220180704014642733493726343042457983401910028001034999 087645+1726810642a0410
25021.096430   -0.10336	5220180704021851206736026317031723525401910118000885999 087664+1706610642a0643
25021.105560   -0.05822	5220180704023200429164526294750520225001910050001854999 087659+1706610642a0870
25021.118320    0.14173	5220180704025022996960926298263094243101910051002167018 087667+1666810642a0685
25021.126830   -0.07737	5220180704030237919096726270522127603301910057003594025 087676+1617310642a0671
25021.141170   -0.09217	5220180704032317148368526280529092588401910135000801999 087682+1587410642a1453
25021.153210   -0.09261	5220180704034037132901626261349417954001910029001493999 087670+1627110642a0565
25021.231950   -0.07703	5220180704053400763454626275191929239401910088000652268 087750+1598910642a0630
25021.252290   -0.06727	5220180704060317443775526286319978405401910133000727422 087759+1698410642a0609
25021.263450    0.12225	5220180704061922236266326268200125047201910057002132014 087759+1797710642a0617
25021.273980    0.16362	5220180704063431606186626303213114465101910053001808016 087773+1817410642a0663
25021.282280    0.13075	5220180704064629412630426283991395545201910073002526020 087783+1807810642a0690
25021.291460    0.04410	5220180704065942062814326299069492821301910079003332028 087790+1827710642a0681
25021.310750   -0.07215	5220180704072728542498626339865913840401910042001487039 087795+1947310642a0663
25022.141750   -0.05484	5220180705032407568396425977125077036301910020003363026 087559+1398410642a0610
25022.166630   -0.11369	5220180705035956825878225976379966746401910031001138690 087554+1408010642a0631
25022.172300   -0.10734	5220180705040807019451025972620912644401910153001003669 087554+1438310642a0645
25022.183200   -0.06587	5220180705042348059964725954091613580001910049001937189 087554+1458110642a0701
25022.192630    0.01577	5220180705043723084664925936636061238201910042002612015 087553+1457510642a0679
25022.201880   -0.01359	5220180705045042299654025938784299730301910036003834031 087557+1487710642a0624
25035.660330    0.08535	5220180718155052854196724880585497902101910112001924078 087653+2078210642a0650
25035.667710    0.06656	5220180718160130357702424881185601393101910073001566106 087652+2018410642a0690
25035.689510    0.08705	5220180718163253645936324886586620809101910105002002046 087630+2087810642a0627
25035.700120    0.06981	5220180718164810320324724891191411424101910292001518397 087628+2147310642a0676
25035.708570    0.07441	5220180718170020121675224895783549273101910314001602276 087621+2127310642a0624
25035.717160    0.06301	5220180718171242791662624901296429238101910640001595999 087609+2087610642a0702
25035.726780    0.09897	5220180718172633978803124862947389581201910185001320288 087597+2107510642a0676
25035.734380    0.00055	5220180718173730136864324876180168651301910702002344799 087603+2087710642a0679
25035.747480    0.07520	5220180718175622049981324927400348971101910364001695445 087614+1958410642a0670
25035.756030   -0.01452	5220180718180841014397724885655557500001910100001938097 087615+1958410642a0678
25035.763100    0.09924	5220180718181852085887124899350954123201910042001428050 087621+1938510642a0496
25035.806120    0.01258	5220180718192048949610324967036385472301910106002283999 087628+1847710642a0646
25035.815230    0.06047	5220180718193355912275125020543998597101910708001569999 087632+1857910642a0664
25035.823830    0.02115	5220180718194619281013924984849962027001910017001760356 087640+1838010642a0462
25035.846530    0.01736	5220180718201900176036725039027420294301910271002197999 087648+1817510642a0676
25040.789060    0.07455	5220180723185614558464926541444266589301910252001886092 087573+1857110642a0626
25040.799310    0.16831	5220180723191100077556826572761685905101910124001444333 087580+1807210642a0645
25040.808120    0.02521	5220180723192341663254026543323968854401910144002253066 087578+1777210642a0680
25040.817450   -0.00311	5220180723193707389596326520848083833001910465001305304 087584+1777210642a0668
25040.825520    0.10861	5220180723194844938923826521782012231201910285001094202 087602+1757110642a0597
25040.848520    0.16100	5220180723202152374189426564390631335101910270001449728 087628+1707110642a0676
25040.857440    0.00953	5220180723203443081606826540058526145401910167001967079 087639+1717110642a0684
25040.867500   -0.00710	5220180723204912271470226522740736772001910307001308159 087630+1697010642a0747
25040.877040    0.10969	5220180723210256589427026528232279187201910266001231171 087629+1676710642a0697
25040.887850    0.06633	5220180723211830617117726540666944877301910954001573304 087634+1686710642a0916
25040.898370    0.17106	5220180723213339127738826582346366138101910091001267199 087640+1686710642a0604
25047.984010    0.02460	5220180730233658190519426487380194525301910366002827131 087848+1927910642a0734
25047.992700    0.09084	5220180730234929146500626471991539494201910238001381110 087846+1927910642a0664
25047.998800   -0.05852	5220180730235816052704226474737969072001910064001607276 087846+1898010642a0183
25048.006530   -0.05548	5220180731000924048650926466429153696001910295001569236 087846+1888010642a0712
25048.018000    0.02269	5220180731002555607983826450234285396301910444002835202 087846+1878110642a0683
25048.026950    0.08927	5220180731003848316815426437472109704201910229001735099 087846+1858110642a0758
25048.035580   -0.06241	5220180731005113862333026440683697679001910260001429235 087840+1838210642a0619
25049.005150    0.00953	5220180801000724776239626277631777205301910289003317113 087871+2037010642a0685
25049.014030   -0.07688	5220180801002011953458026284415058327401910218000771412 087858+2046910642a0656
25049.021630   -0.06483	5220180801003108660526626262304561911001910419001643594 087859+2046910642a0685
25049.028020    0.07553	5220180801004020591196426243502078123201910100001738093 087853+2017010642a0762
25049.039780    0.12877	5220180801005716654569726255933928547101910198000897120 087853+1997110642a0618
25049.048740    0.00247	5220180801011011429023826225524185704301910416003126225 087853+1977110642a0765
25049.058970   -0.06461	5220180801012454576645726235132889721401910230000788321 087848+1987110642a0763
25049.067290   -0.07374	5220180801013653877358626215919396114001910387001659599 087852+2036910642a0682
25049.076100    0.07212	5220180801014934717368926198196411126201910423001713186 087848+2056810642a0677
25049.083890    0.12728	5220180801020047727083126218925330121101910282000783179 087852+2066810642a0516
25049.093510   -0.01856	5220180801021438917015326192719617889301910813002962351 087848+2056910642a0694
25049.101300   -0.06999	5220180801022552130509526208488661600401910213000678325 087853+2037010642a0530
25049.110660   -0.05630	5220180801023921036855526192889288477001910409001686610 087854+2037010642a0688
25049.119160    0.07953	5220180801025135356299226179268944763201910209001523080 087850+2047010642a0659
25049.127990    0.13870	5220180801030418670868926203691760919101910143001122072 087846+2057010642a0605
25049.137010    0.03341	5220180801031718089049026182531722501301910414003454190 087841+2047010642a0677
25049.149430   -0.06379	5220180801033511109847526202949050467401910176000789357 087840+2027010642a0647
25049.156290   -0.05176	5220180801034503327849526191799140163001910633001832977 087841+2047010642a0743
25049.165660    0.08364	5220180801035832959190326182555908376201910467001628268 087846+2057010642a0646
25049.173370    0.13229	5220180801040939305089026211092864384101910343000735238 087846+2076910642a0518
25049.183950    0.01559	5220180801042453293008926195482392052301910822003429291 087846+2056910642a0805
25049.193710   -0.06405	5220180801043856447922526220658181007401910430000795557 087846+2037110642a0608
25049.201780   -0.05174	5220180801045033601031326213545397854001910984001700999 087858+2017310642a0687
25049.210530    0.09551	5220180801050310162008126207976299289201910604001680248 087863+2027410642a0678
25049.219960    0.13363	5220180801051644594865526241504771265101910528000836270 087870+2057310642a0676
25049.226690   -0.01478	5220180801052625975115426227213940901301910911003084547 087877+2097210642a0440
25049.247910   -0.05537	5220180801055659790951626268821986626401910364000836652 087889+2226810642a0321
25050.027830   -0.00282	5220180802004004182830726015624326302301910292003290212 087938+1957510642a0664
25050.037260   -0.06935	5220180802005339624633726009402773923001910393001845999 087932+1927610642a0648
25050.107670    0.03450	5220180802023502998325825924703176695301910066003491066 087898+2084610642a0653
25050.116470   -0.08540	5220180802024742596928725938569833524401910418000799999 087890+2084610642a0640
25050.124320    0.13111	5220180802025901095405925934153174055101910069001606041 087901+2064810642a0669
25050.132350    0.07202	5220180802031034812142225906003848795201910124001859154 087907+2054910642a0674
25050.141620   -0.07321	5220180802032356250074025914936346607001910994001761999 087903+2045110642a0688
25050.148780   -0.09449	5220180802033414928097925924708026333401910690000872999 087897+2055310642a0598
25050.158090    0.10008	5220180802034738953663925922735499510101910042002077022 087891+2065410642a0666
25050.175470    0.06819	5220180802041240709809725897730605530201910648001738338 087891+2075610642a0674
25050.189200   -0.06813	5220180802043226763147025912363663253001910467001826999 087900+2055710642a0683
25050.205450    0.07878	5220180802045551194691925904397034971201910540001899278 087911+2046010642a0682
25050.220680   -0.04313	5220180802051746754513225916335976191301910978003307486 087905+2105810642a0677
25050.229720   -0.05998	5220180802053047567341625929921819094001910506001880999 087905+2135810642a0680
25050.246500    0.11502	5220180802055457729455525953179895157101910167000945109 087911+2175910642a0547
25050.255480    0.09416	5220180802060753162916725936508997415201910223002020104 087910+2235810642a0662
25050.265420   -0.02586	5220180802062212484666925950693873094301910406003586360 087916+2295810642a0680
25050.274460   -0.04524	5220180802063513638623325968097038058001910217002185483 087916+2315210642a0656
25050.283040   -0.07505	5220180802064734946639425989343556437401910395000935923 087927+2354910642a0591
25050.291290    0.11515	5220180802065927754728425997672133680101910122001026064 087930+2365410642a0626
25050.304790    0.08192	5220180802071853703367225989885519024201910147002128063 087936+2355710642a0686
25050.313720    0.01716	5220180802073145112949426006491286215301910217003528151 087945+2375710642a0714
25050.325730   -0.04631	5220180802074903147293026031077403927001910295002037406 087946+2385810642a0702
25051.039610   -0.01901	5220180803005702360140925724920939213301910255003430846 087978+2017110642a0690
25051.050470   -0.10667	5220180803011240185270125726476403204401910588000887999 087969+2017210642a0587
25051.060340    0.09925	5220180803012653377486125710302817857101910116001047912 087948+2017110642a0644
25051.069780   -0.08015	5220180803014028718052325685219475148001910294001852999 087960+2007110642a0673
25051.077420    0.06445	5220180803015129152269325661695741372201910474001734999 087963+1997110642a0678
25051.122050   -0.05739	5220180803025545006001025613116464758301910195003508133 087946+1997110642a0676
25051.129720   -0.05350	5220180803030647640608625606206414068301910294003184187 087929+1947510642a0713
25051.137910   -0.11706	5220180803031835017360625619618994182401910820000873999 087934+1937410642a0651
25051.164230   -0.11558	5220180803035629483996225603418375310401910429000892999 087967+1897510642a0570
25051.172090    0.08333	5220180803040748722323025598939588473101910305001129556 087971+1857510642a0655
25051.180590    0.05913	5220180803042002870169225572785411845201910401001950601 087966+1827410642a0695
25051.368320   -0.09968	5220180803085022836218925723547426096401910056001373024 088026+2406110642a0618
25054.305310   -0.07338	5220180806071938957238224412233374061301910061003819250 087988+2305110642a0688
25054.314040   -0.17744	5220180806073213425975324431676532205401910406000740999 087988+2334910642a0668
25054.321430   -0.02575	5220180806074251891400824432288798836101910433000878999 087982+2334910642a0644
25054.329890   -0.09323	5220180806075502847314824421282972782001910223001761999 087986+2334910642a0682
25054.339740    0.05266	5220180806080913483498324411092396849201910127002014775 087995+2344910642a0722
25054.348680   -0.10365	5220180806082206225745024418758840079301910391003221999 087990+2344910642a0680
25054.356390   -0.01862	5220180806083311937367924441772981938101910313000905999 087992+2335010642a0641
25054.367390   -0.17358	5220180806084902345963924447336731800401910415000839999 087996+2354710642a0630
25054.375530   -0.07759	5220180806090046139933424440133774345001910073001858461 088001+2384710642a0679
25054.385310    0.06433	5220180806091450817040024434038975144201910038002431183 088004+2384810642a0669
25054.393870   -0.08264	5220180806092710415900324445346915165301910120003285323 088005+2394810642a0738
25054.401210   -0.01656	5220180806093744867450924471082641274101910453000971999 088007+2414510642a0630
25054.413130   -0.17405	5220180806095454418834124482000818775401910222000730999 088011+2424510642a0596
25054.453210    0.00178	5220180806105237154389924524753735163101910082001297352 088007+2444710642a0689
25054.462520   -0.15668	5220180806110601782508724536507371226401910043000958134 087995+2464710642a0407
25055.117320   -0.03116	5220180807024856586122624324908430294101910077000761999 087747+1787110642a0674
25055.125930   -0.15476	5220180807030120301486424304288605615401910141000720999 087748+1807110642a0643
25055.136580   -0.07497	5220180807031640499664924265015066646301910348002930999 087745+1766810642a0615
25055.146090   -0.08012	5220180807033022366649124253023274732001910514001762999 087746+1756810642a0940
25055.156460    0.05157	5220180807034517772333324223577884182201910429001690999 087741+1756810642a0694
25055.165520   -0.09373	5220180807035820699134324211523097198301910519002892999 087744+1746910642a0711
25055.173150   -0.02241	5220180807040919745659424220202551075101910558000918999 087744+1756710642a0673
25055.182870   -0.16698	5220180807042319619680124200521965693401910477000757999 087740+1796410642a0633
25055.195100   -0.09608	5220180807044056604829224168570917102001910170001772999 087739+1766810642a0693
25055.203940    0.05226	5220180807045340702490024144817141028201910362001538999 087742+1786810642a0726
25055.211930   -0.09542	5220180807050510500383824137669188270301910354002989999 087752+1826610642a0690
25055.221970   -0.03124	5220180807051937848137124145873920010101910180000753999 087754+1866610642a0598
25055.249460    0.05471	5220180807055913461907324086866156776201910233001731601 087765+1976610642a0750
25056.130840   -0.11904	5220180808030824871552724025057309575301910505003197999 087660+1784910642a0580
25056.138020   -0.05874	5220180808031844512300824034692074105101910599001067999 087658+1756010642a0619
25056.145370   -0.13340	5220180808032920046948124013582932780401910315001202999 087660+1735210642a0630
25056.162420   -0.09380	5220180808035353066577223967158833001001910556001474999 087653+1726410642a0654
25056.170310    0.05709	5220180808040514585944923943750207127201910677001341999 087661+1696910642a0634
25056.179180   -0.05051	5220180808041801191955823955800832307101910357000811999 087666+1637310642a0612
25056.187270   -0.17727	5220180808042939711208723934547975906401910538000942999 087671+1597510642a0602
25056.194330   -0.08902	5220180808043950281245123908578869167001910188001484999 087679+1577610642a0645
25056.202970    0.03508	5220180808045216522329723885144503035201910312001264999 087683+1597210642a0651
25056.210630   -0.11651	5220180808050318558777223876938237909301910595002549999 087688+1676610642a0664
25056.219380   -0.06125	5220180808051554174760723886764775854101910358000677999 087700+1746510642a0625
25056.228790   -0.18770	5220180808052927220091323865569341494401910484000718999 087713+1776710642a0750
25056.236580   -0.10159	5220180808054040599279323840405132578001910184001353999 087715+1806810642a0664
25056.245300    0.05455	5220180808055313673747823819350389450201910162001415894 087723+1846710642a0668
25056.253170   -0.06805	5220180808060434085123323837401706562101910309000721999 087735+1886710642a0609
25056.261230   -0.19383	5220180808061610031305723820542858450401910328000808999 087746+1906710642a0597
25056.268370   -0.09898	5220180808062627262354623798203581565001910164001548981 087753+1926810642a0619
25056.276180    0.03710	5220180808063741689053523780474223065201910196001230999 087765+1966610642a0674
25056.285260   -0.12032	5220180808065046847455423775623126143301910273002601999 087773+1986310642a0647
25056.294870   -0.06753	5220180808070436704171123790079282489101910188000672999 087788+1996210642a0618
25056.302700   -0.19018	5220180808071553423239123776728699719401910194000762999 087784+2026110642a0549
25056.311060   -0.10554	5220180808072755771008123756222627503001910140001577753 087790+2065810642a0667
25056.319970    0.04528	5220180808074045378976123740857055541201910134001256681 087797+2086310642a0675
25056.328460   -0.07714	5220180808075259312555523764343274599101910305000810999 087801+2106410642a0679
25056.337390   -0.19908	5220180808080550176475823753319157921401910165000720855 087801+2166210642a0604
25056.345460   -0.10017	5220180808081727862474223735906431139001910040001339364 087804+2195910642a0613
25057.183390   -0.10087	5220180809042405184694123760272220723301910390001898804 087765+1668210642a0621
25061.541980   -0.04592	5220180813130026845912723917214353521301910204001749215 087497+1986110642a0663
25061.553370   -0.00182	5220180813131650990862723954901869711101910200001494336 087496+1986010642a0685
25061.562290   -0.01732	5220180813132941753327123910671237896001910036001293067 087489+1986410642a0553
25061.571000    0.07230	5220180813134214570531923916491077894201910105001295170 087475+1966510642a0633
25061.578850   -0.00853	5220180813135332510852723963141314723101910273001276405 087471+1966810642a0814
25061.588440   -0.10357	5220180813140721357388623941796069724401910209001768576 087471+1967010642a0650
25061.598100   -0.02285	5220180813142115732768523928197218956001910168001303381 087457+1977110642a0892
25061.607330    0.06547	5220180813143433617980523937852141146201910134001166206 087463+1957310642a0627
25061.615530   -0.04033	5220180813144621994404023951773473666301910100002007042 087451+1957510642a0612
25061.624490   -0.00641	5220180813145915683013223996312951467101910050001440084 087441+1957710642a0665
25061.765430   -0.06168	5220180813182213486586824198420587298401910068001990335 087367+1689010642a0661
25061.773170    0.02970	5220180813183322002242524240619232147101910207001703999 087377+1679010642a0642
25062.475090   -0.01059	5220180814112407722098924349333228627301910129002250222 087303+1947510642a0579
25062.483330    0.02726	5220180814113559368487824380241775203101910157001618447 087302+1957310642a0661
25062.493170   -0.06577	5220180814115009508377824342554893205401910213001909272 087300+2006410642a0633
25062.501680   -0.00502	5220180814120225492369824315937317427001910433001561282 087289+2026810642a1007
25062.516910    0.09299	5220180814122421151877424311493656152201910059001781080 087284+2057110642a0673
25062.525520    0.02207	5220180814123644977405424352305807188101910524001499999 087284+2026710642a0487
25062.541540   -0.06983	5220180814125949454986624316829655210401910093002082182 087278+1957610642a0655
25062.552620   -0.00780	5220180814131546169929624293912477586001910244001549764 087279+1937810642a0604
25062.557910    0.07397	5220180814132323730975224297949250012201910076001509281 087273+1868110642a0394
25063.476470    0.05076	5220180815112606663844424819491938505301910196002681189 087783+2016210642a0666
25063.481900    0.08520	5220180815113356489857624852755787674101910209001670302 087785+2065910642a0641
25063.489490   -0.01187	5220180815114452316902624813038941882401910105001936184 087786+2085910642a0426
25063.501770    0.04204	5220180815120232875912724779995544734001910089001897083 087785+2105910642a0743
25063.543220    0.08175	5220180815130213906408624800105301607101910101001776168 087788+2036310642a0632
25063.549130   -0.02810	5220180815131044992048224765428803887401910156002028353 087778+2066210642a0731
25063.576060    0.06853	5220180815134931936847524739942130329201910017001846764 087766+2066110642a0036
25063.594190    0.04246	5220180815141538221848124783123292026101910041001709085 087760+2076310642a0512
25063.607510   -0.02873	5220180815143448895105624752305141688401910033001876162 087761+1956610642a0708
25063.618040    0.02242	5220180815144959070980624745943612852301910032002386069 087758+1926710642a0266
25064.559940    0.05468	5220180816132618470328425224763403084301910158002850069 087759+2145310642a0528
25064.566730    0.09703	5220180816133605749972625259535128432101910385001686279 087747+2165510642a0637
25064.574660    0.01226	5220180816134730447409425222319575725401910187002163179 087725+2145410642a0661
25064.582520    0.04455	5220180816135849475663325196945500199001910034002073039 087721+2145510642a0401
25064.598420    0.10854	5220180816142143124566925196240490964201910033001941076 087705+2125610642a0423
25064.626170    0.06280	5220180816150141478938525236357691278101910030001512030 087691+2115710642a0617
25064.638030    0.01135	5220180816151845531851025204514652806401910137002316092 087692+2055910642a0679
25064.672320    0.03589	5220180816160808764996425192281218883001910066002212036 087669+1996210642a0628
25064.688010    0.09969	5220180816163044060419825206647556684201910061001778044 087661+2055910642a0702
25064.710320    0.09642	5220180816170251735711125223272408007201910073001671054 087653+1985910642a0720
25064.721390    0.02947	5220180816171848229489525240712952106301910067003292024 087654+1936210642a0647
25064.737240    0.05384	5220180816174137557930925257777553443301910560002394663 087646+1946010642a0659
25064.745490    0.09643	5220180816175330606292225306604417070101910596001605999 087648+1916110642a0704
25064.753990    0.01584	5220180816180545011593025286695283269401910573002133999 087660+1846310642a0684
25064.763310    0.01835	5220180816181909975863025278696410958001910400001700983 087657+1786610642a0708
25064.771300    0.10215	5220180816183040323333925295907615447201910456001570999 087659+1736910642a0697
25064.779330    0.08916	5220180816184213691760825354214398647101910616001613999 087661+1696910642a0687
25064.788470   -0.01545	5220180816185523897732125338290344704401910433001951999 087666+1676910642a0687
25064.795830    0.02657	5220180816190559918377525329824251112001910186001689999 087673+1696910642a0588
25065.572440    0.09333	5220180817134418974499925674881566996301910123003357045 087664+2055710642a0675
25065.582370    0.12808	5220180817135837189570725705554872208101910105001999067 087672+2045710642a0628
25065.588380    0.00950	5220180817140716112598825668629100985401910159002075075 087670+2005810642a0681
25065.624930    0.11811	5220180817145953861873925677289169698101910132001585238 087646+2085710642a0635
25065.630900    0.00705	5220180817150830076522625643024724993401910341002084208 087640+2055810642a0627
25065.642050    0.01113	5220180817152433380686625618439622010001910189001795194 087646+1986310642a0656
25065.650940    0.10181	5220180817153721608972025622497488176201910207001598343 087638+1956410642a0641
25065.657980    0.06259	5220180817154729128223125628318326694301910550002463792 087636+1926410642a0621
25065.666960    0.12117	5220180817160025571073125666852942399101910247001718844 087634+1936410642a0675
25065.675650    0.01706	5220180817161256585397625635737255697401910612002082999 087646+1926510642a0622
25065.682300    0.02062	5220180817162230862119125615744405304001910223001678507 087652+1906410642a0596
25065.726860    0.08910	5220180817172640393790225639357833994201910108001617759 087651+1735910642a0762
25065.736570    0.10510	5220180817174039695214425692029712247101910382001555999 087654+1726210642a0621
25065.743440   -0.00472	5220180817175033448457025666683092674401910604001978999 087633+1706210642a0610
25065.751330    0.01568	5220180817180154658104225652846403660001910331001697484 087628+1696310642a0632
25065.759160    0.10113	5220180817181311083488925665871885250201910371001480999 087633+1686210642a0612
25065.767110    0.05586	5220180817182437938243525681222075477301910423002374999 087644+1696010642a0611
25065.774220    0.11404	5220180817183452332731525727830140148101910301001626999 087666+1656410642a0624
25065.781910    0.01246	5220180817184556837345625706512679879401910414002140999 087683+1606610642a0617
25065.790520    0.00777	5220180817185820615465025696760387778001910507001675999 087690+1596610642a0619
25065.796520    0.08912	5220180817190659478437125710145404514201910282001533999 087686+1576910642a0674
25065.805170    0.04825	5220180817191926320449025729510376710301910450002366999 087701+1557110642a0676
25065.814070    0.12590	5220180817193215969636425781292407398101910348001606999 087698+1557210642a0639
25065.821730    0.02651	5220180817194317210831425763056387340401910378002074999 087686+1547310642a0681
25068.731290    0.09095	5220180820173303652571526569528369020301910115001699090 087817+1895510642a0492
25069.869550    0.08922	5220180821205209227021826711998484905301910181001524068 087921+1885810642a0639
25069.883610    0.14849	5220180821211223474562326752783867118101910031001537187 087917+1876110642a0626
25069.890620    0.07399	5220180821212229477866126717051446126201910028002278016 087909+1886010642a0603
25069.901570    0.07570	5220180821213815980085526731465739778301910740001005354 087907+1905910642a0592
25069.908400   -0.00900	5220180821214805413932626730335252439001910243001029163 087903+1905910642a0611
25069.919910    0.15755	5220180821220440443293126780529983764101910071001035310 087896+1915910642a0860
25071.930840    0.00044	5220180823222024269103526768788789682001910079001306074 087485+1756510642a0664
25071.941510    0.06820	5220180823223546608721226774401535805301910291001221244 087483+1766410642a0746
25071.952370    0.08856	5220180823225125027156326772987038915201910046000952116 087471+1756410642a0741
25071.968270   -0.01694	5220180823231418593887126785705998610001910131001012270 087463+1766310642a0588
25071.975990    0.06406	5220180823232525239675126793117351344301910226001179235 087463+1776310642a0641
25071.984430    0.09277	5220180823233734765810126793390498770201910109000806145 087460+1786110642a0593
25074.860830    0.01895	5220180826203935865464826548486798172301910025003193027 087371+1188210642a0434
25074.867680    0.08265	5220180826204927340631826538034685680301910034003801033 087378+1168210642a0573
25074.878250   -0.03452	5220180826210440786887126526135062271001910048001281111 087386+1158210642a0650
25074.885340    0.08230	5220180826211453298203326508587076720201910061001460094 087395+1138410642a0625
25074.893630    0.05778	5220180826212649537233526501822074780301910091002611112 087396+1138310642a0671
25074.908070   -0.03684	5220180826214736875703226487851006853001910026001585073 087422+1148010642a0646
25074.917120    0.09110	5220180826220039066653726469918879916201910035001244043 087427+1147810642a0619
25074.924610    0.05600	5220180826221126427781126466501100072301910072002353088 087423+1128010642a0652
25074.938070   -0.01311	5220180826223049564734426457829795610001910031001504091 087427+1108310642a0665
25074.951420    0.07893	5220180826225002948961226439301886729201910028001230057 087432+1128410642a0607
25074.968180   -0.03639	5220180826231410885342926437159053215001910046001391116 087444+1138410642a0661
25074.974910    0.09306	5220180826232351874131626425584613798201910100001644149 087448+1148210642a0647
25074.984600   -0.01918	5220180826233749529524526430085482321001910083001664162 087451+1168010642a0715
25074.995660    0.03605	5220180826235345098788726423128331043301910098002661094 087453+1187810642a0613
25075.004110   -0.02732	5220180827000555338954426425622423472001910063001202149 087451+1167710642a0678
25075.013420    0.07361	5220180827001919495503026416432536402201910072001323124 087451+1137810642a0640
25075.021670   -0.01892	5220180827003112210502726425280902872001910044001453105 087439+1117910642a0627
25075.031770    0.09172	5220180827004544615456826417951785311201910063001947090 087440+1147910642a0671
25075.039520    0.07833	5220180827005654904501726424450343201301910040003095042 087435+1197710642a0677
25075.048800   -0.02129	5220180827011016019972126431515783896001910070001244191 087434+1217610642a0632
25075.057310    0.09526	5220180827012231633391726426261885813201910089001539089 087434+1197810642a0622
25075.949090    0.04233	5220180827224641583727026279013755028301910314002988132 087767+1388010642a0671
25075.956930   -0.01498	5220180827225758920170326276110053670001910219001694183 087764+1388110642a0637
25075.967740    0.09079	5220180827231333027200726256465143327201910112001806052 087772+1378210642a0656
25075.979010    0.04650	5220180827232946082647226250904697507301910218002775103 087772+1368510642a0655
25075.991750   -0.01974	5220180827234806937145426247303076256001910069001776055 087776+1358410642a0614
25075.998600    0.10927	5220180827235759185403326233682257832201910035002224056 087766+1378410642a0221
25076.004890    0.04787	5220180828000702388594426234391449117301910357003019135 087769+1378510642a0693
25076.013260   -0.02156	5220180828001905251448526236177295265001910161001722151 087767+1418510642a0667
25076.023030    0.09416	5220180828003309749670726223185685134201910075002214032 087778+1418310642a0646
25076.032030    0.03662	5220180828004607362490226225199816737301910236002836111 087790+1388310642a0673
25076.041410   -0.02280	5220180828005937964655026229570181430001910289001612288 087792+1378510642a0661
25076.049310    0.08634	5220180828011100740257526219502949634201910241001551155 087796+1378410642a0652
25076.057130    0.04254	5220180828012216404100326224196108000301910498002934409 087791+1388210642a0677
25076.066950   -0.02700	5220180828013624654940426231399079332001910220001669265 087780+1378010642a0674
25076.074120    0.08703	5220180828014643638756426223227484517201910250001558153 087778+1348010642a0637
25076.082360    0.04071	5220180828015835570780126230348154461301910536002950322 087767+1338110642a0676
25077.032960    0.02087	5220180829004727312815126009241144776301910213003561066 087840+1623810642a0655
25077.048270   -0.03113	5220180829010930706865426008977027570001910251001809135 087828+1653710642a0638
25077.063600    0.09469	5220180829013134876358725993921704639201910056002110020 087808+1633810642a0635
25077.079320   -0.03807	5220180829015412998784126002954929867001910161001681101 087795+1634010642a0712
25077.086340    0.10698	5220180829020419518812826017402978343101910053002289013 087797+1634110642a0643
25077.095910    0.07700	5220180829021806792363925993374786252201910160001730067 087789+1604610642a0645
25077.103640    0.12284	5220180829022914689421226020111686242101910055002236017 087790+1564610642a0670
25077.111710   -0.01709	5220180829024051703223126008406720492001910142001980081 087785+1544610642a0672
25077.119650   -0.03862	5220180829025217484780126023504289509401910027002218011 087785+1604310642a0672
25077.938690    0.02485	5220180829223143002805525908411664030301910047002793034 087647+1746410642a0663
25077.947220    0.18052	5220180829224400071077225893564248685301910023003670010 087642+1726610642a0624
25077.957520   -0.03034	5220180829225850069818125883848240020001910029001807083 087640+1696810642a0710
25077.966510    0.09572	5220180829231146883113425858863301438201910073002122063 087655+1676810642a0702
25077.975190    0.02146	5220180829232416120903125848773987935301910117003741087 087640+1666610642a0721
25077.989870   -0.65475	5220180829234524723526025848761244417101910012002748007 087623+1676610642a0590
25078.016180    0.06595	5220180830002317531276025795635886855301910024003483014 087627+1706310642a0589
25078.058480    0.02346	5220180830012412345069225758895312406301910062003223107 087600+1646210642a0492
25078.066500    0.09814	5220180830013545927000125774729566511101910040000918098 087602+1656110642a0676
25078.075180   -0.05230	5220180830014815636533825769000205958401910077000837203 087590+1646010642a0646
25078.083110   -0.03461	5220180830015941119974025754433550509001910124001837341 087584+1635910642a0685
25078.094350    0.09436	5220180830021551998557625739851784863201910114001773124 087590+1626010642a0674
25078.101130   -0.00964	5220180830022537590488325742217945416301910224003192220 087571+1596110642a0680
25078.111260    0.09144	5220180830024012986980325761719834892101910092000790238 087559+1606210642a0657
25078.117900   -0.05517	5220180830024946282850725760665161771401910095000807390 087559+1615910642a0546
25078.131270   -0.03584	5220180830030901570569525750848332919001910112001770554 087547+1586010642a0679
25078.140560    0.07228	5220180830032224296074825741539726113201910120001823134 087551+1575710642a0673
25078.149120   -0.01286	5220180830033444136691325748325340228301910243003130277 087560+1575610642a0684
25078.158320    0.09508	5220180830034758784755625772601822342101910067001039155 087557+1505710642a0659
25078.166370   -0.06246	5220180830035934061692625776133373342401910066000626232 087561+1505910642a0526
25078.175240   -0.04363	5220180830041220581943025770118799076001910139001925530 087561+1525910642a0666
25078.184570    0.08346	5220180830042547009932725764895480126201910086001772088 087561+1525610642a0696
25078.194060   -0.00136	5220180830043926699795825776492241033301910286003393302 087559+1526210642a0681
25078.203000    0.08312	5220180830045219301295125804476023494101910043000717095 087560+1526110642a0631
25078.211810   -0.05318	5220180830050500395962025812521140721401910074001047270 087564+1516310642a0657
25078.220640   -0.03008	5220180830051743125720125810141198201001910178001981483 087558+1555710642a0684
25078.229160    0.08907	5220180830052959822541625807529684432201910171001886174 087570+1585910642a0671
25078.237600    0.01758	5220180830054208367952925821558706851301910157003498142 087578+1575710642a0690
25078.250740    0.08435	5220180830060103877188325857900474880101910050000819076 087584+1586210642a0605
25078.258210   -0.06465	5220180830061148978506725867515632855401910049000884105 087586+1616210642a0557
25078.267720    0.09481	5220180830062531037614825880718176403101910052001659066 087594+1686910642a0660
25078.277590   -0.04643	5220180830063943862625325894579304253401910058001444170 087590+1765610642a0679
25079.056310   -0.00060	5220180831012105295349225509276242904301910182002978143 087541+1439310642a0513
25079.062780   -0.03840	5220180831013023852043125510959598532001910287001788999 087538+1429310642a0639
25079.070360    0.05357	5220180831014118675453525492637045632201910023002212026 087540+1419310642a0828
25080.014570   -0.00507	5220180901002059111598125313998792187301910430003343362 087341+1147510642a0684
25080.023630    0.07008	5220180901003401700463925319321336547101910317001065236 087330+1128110642a0644
25080.040650   -0.07097	5220180901005832571625225291318421444401910760000808999 087334+1108410642a0623
25080.048820   -0.03046	5220180901011017946800525268271703899001910398001838999 087335+1098410642a0680
25080.057410    0.07336	5220180901012240086841025245128462008201910513001747388 087330+1108410642a0675
25080.066580    0.06673	5220180901013552250884525256796259415101910306000971550 087334+1128710642a0663
25080.073050   -0.07488	5220180901014511649465925247705093749401910882000889999 087340+1128810642a0628
25080.083080   -0.02940	5220180901015937968730125225043094776001910574001881999 087338+1128910642a0682
25080.090670    0.06056	5220180901021034021590125205617737253201910448001752345 087330+1128910642a0682
25080.099580   -0.02643	5220180901022323676556225200385801723301910331003431707 087329+1108910642a0699
25080.107390    0.04751	5220180901023438910192125213723447022101910189000894597 087328+1108810642a0576
25080.114220   -0.09723	5220180901024428710404725207351046355401910055000844999 087330+1088610642a0110
25080.215510   -0.05763	5220180901051020207901625167950059667301910409003500999 087303+1167410642a0601
25080.222840    0.02712	5220180901052053405820125190667502874101910290000923966 087314+1127210642a0616
25080.230560   -0.10983	5220180901053200481824425194213275405401910496000916999 087315+1117310642a0643
25081.030750   -0.06896	5220180902004416689751225050781542062401910359000668999 087533+1106810642a0419
25081.039860   -0.00815	5220180902005723883198925023071638196001910133001752999 087541+1097010642a0665
25081.048070    0.08634	5220180902010913480620624998033540793201910109001917194 087540+1116910642a0667
25081.056350   -0.00882	5220180902012108469590224987647202820301910178003189701 087545+1136610642a0680
25081.064300    0.04300	5220180902013235463785624995730812700101910351000915677 087558+1156410642a0567
25081.076240   -0.09178	5220180902014947318404224975577035139401910230000756999 087559+1196110642a0663
25081.082980   -0.03196	5220180902015929214089924954291817482001910156002046999 087547+1196210642a0657
25081.092380    0.06720	5220180902021301421548224930321774074201910301001580511 087532+1186210642a0652
25081.101270   -0.02081	5220180902022549405384724922415740067301910377003310999 087522+1166110642a0690
25081.109330    0.01430	5220180902023726099992824933393218682101910469000937771 087508+1196010642a0662
25081.126020   -0.04366	5220180902030128045470124901861065572001910360001711999 087491+1186110642a0682
25081.133460    0.05516	5220180902031211009805524883434657393201910199001566342 087483+1196110642a0563
25081.142730   -0.07236	5220180902032532258727124879032112646301910743002820999 087471+1186010642a0682
25081.169360   -0.04619	5220180902040352723973124868182087116001910375001884999 087470+1225810642a0684
25081.177360    0.05478	5220180902041524040519524852734289634201910445001768740 087464+1235710642a0690
25081.185490   -0.06772	5220180902042706322507724853366015184301910185002844999 087469+1225810642a0656
25081.195210    0.00458	5220180902044106074040124870833392844101910686000966999 087482+1225810642a0663
25081.211560   -0.05180	5220180902050438689606224855159229249001910292001763999 087491+1186010642a0681
25081.220670    0.05839	5220180902051745667813224843225015656201910426001689782 087490+1166110642a0675
25081.227430   -0.07381	5220180902052729684685524847778334670301910329003192999 087498+1175910642a0682
25081.236480    0.00106	5220180902054032223278524869437681099101910330000898999 087502+1205810642a0630
25081.246390   -0.12100	5220180902055448397112624870964168309401910338000891999 087508+1275710642a0645
25081.254940   -0.05361	5220180902060706620394524862059015544001910359001888999 087510+1335810642a0662
25081.261650    0.05152	5220180902061646224567324852961828866201910451001740747 087517+1386210642a0654
25081.270240   -0.05186	5220180902062908988532224861533562172301910254003516999 087523+1416010642a0688
25081.278030   -0.00789	5220180902064021726684824886223970417101910264000992398 087533+1445710642a0642
25081.291890   -0.11818	5220180902070019451045524894979302076401910141001025999 087535+1505510642a0519
25081.302690   -0.05038	5220180902071552711814524891624355401001910313001953999 087536+1555410642a0638
25081.309330    0.05550	5220180902072526181673424885219400590201910048001919075 087539+1605410642a0691
25081.321280   -0.06635	5220180902074238681559524900892982518301910178003212737 087533+1555610642a0597
25081.327010   -0.00630	5220180902075053961844224926726366275101910200000993424 087540+1545710642a0446
25082.294470   -0.06600	5220180903070402109944324537465710660301910419002988999 087421+1208810642a0689
25082.303640   -0.03680	5220180903071714883829424562751770860101910511000832999 087414+1278210642a0636
25082.311190   -0.14026	5220180903072807131744924564665962716401910594000667999 087407+1297910642a0573
25082.319920   -0.03843	5220180903074040909255924557378835110001910126001513999 087409+1367710642a0650
25082.327380    0.07221	5220180903075125527226424551021755709201910207001862847 087414+1397510642a0649
25082.335970   -0.02712	5220180903080348194234224583452823841101910347000916999 087411+1407510642a0605
25082.346040   -0.13527	5220180903081817733750824589906762230401910459000773999 087415+1447210642a0610
25082.354330   -0.06299	5220180903083014235568624584808533107001910065001630888 087419+1487210642a0676
25082.362310    0.05656	5220180903084143846390824580969278901201910049001726202 087428+1467110642a0382
25083.046670   -0.04365	5220180904010712666667024538382948633101910458000895999 087404+1346710642a0321
25083.077610   -0.06542	5220180904015145546350124459681729705001910405001563999 087389+1257310642a0867
25083.086920    0.03723	5220180904020509461925924432991058117201910506001379999 087384+1237710642a0674
25083.094570   -0.04323	5220180904021610996680724446619552606101910530000905865 087376+1228510642a0605
25083.104340   -0.14841	5220180904023015171809324423903828536401910416000783999 087379+1168310642a0605
25083.113950   -0.05823	5220180904024404897998824394190827799001910365001536999 087375+1158610642a0679
25083.118370    0.03562	5220180904025026878848424377414962111201910155001290999 087380+1158910642a0227
25083.156820   -0.07290	5220180904034549620447724327948819010001910786001463999 087361+1119210642a0604
25083.174450   -0.06250	5220180904041112656241324323365642025101910680000847999 087338+1029010642a0569
25083.185120   -0.15692	5220180904042634200063824305796977819401910377000653999 087332+0988810642a0566
25083.195160   -0.05635	5220180904044101505864424281686467538001910239001663999 087342+1058710642a0708
25083.202490    0.03644	5220180904045134752015724264757767776201910235001320999 087328+1117810642a0580
25083.210890   -0.10385	5220180904050341077965924262022199517301910484002782999 087315+1167310642a0645
25083.218350   -0.06724	5220180904051425798489924278754789712101910463000735999 087315+1177210642a0500
25083.249100    0.04197	5220180904055841932408324231135883718201910410001410999 087355+1326410642a0673
25083.257570   -0.07331	5220180904061054356356924255493899793101910830000850999 087365+1366410642a0623
25083.265420   -0.16560	5220180904062211936863824248214845802401910752000793999 087360+1416110642a0584
25083.274090   -0.07487	5220180904063441612566624232589974380001910218001491999 087378+1486010642a0724
25083.287050    0.03724	5220180904065321464083524220777111465201910289001369999 087377+1496110642a0839
25083.299440   -0.10629	5220180904071111253789024226060473179301910282002711999 087382+1625010642a0733
25083.305900   -0.06714	5220180904072030016523024249389487632101910279000841999 087384+1675410642a0548
25083.315430   -0.16865	5220180904073413151777924246800327014401910258000778999 087384+1705510642a0624
25083.323020   -0.05912	5220180904074508568247924235338166639001910049001598613 087390+1745710642a0601
25083.331910    0.03487	5220180904075756919569624228202651575201910167001418999 087396+1697010642a0745
25083.340840   -0.10009	5220180904081048145703024237575839599301910208002818786 087405+1657110642a0756
25083.349840   -0.07323	5220180904082346324709824264885664109101910157000775581 087415+1687610642a0626
25083.358220   -0.15983	5220180904083549909479124265896823485401910224000882999 087407+1637810642a0604
25083.381710   -0.03840	5220180904090939697339924270014128101001910023002339114 087396+1538510642a0619
25083.391160    0.05697	5220180904092315828990624267904517667201910053001587309 087390+1598110642a0628
25083.410040   -0.12264	5220180904095027226254824292300301379301910061003389037 087389+1628110642a0748
25083.484620   -0.07158	5220180904113750746489024409372449687101910014002077027 087423+1657710642a0600
25084.108070   -0.04196	5220180905023537438149124199715798246001910228001491999 087565+1219010642a0676
25084.114820    0.06649	5220180905024520818377224179171850395201910588001260999 087563+1219010642a0670
25084.122890   -0.05856	5220180905025657574641324194534865551101910543000762999 087558+1229010642a0578
25084.132210   -0.14608	5220180905031022771672724169868825021401910477000829999 087564+1258910642a0694
25084.143040   -0.05525	5220180905032558655178124136663063415001910189001249999 087565+1248810642a0696
25084.151640    0.06549	5220180905033821551605624114133476225201910420001116999 087554+1238810642a0671
25084.161920   -0.08713	5220180905035309827087724102744617538301910366002206999 087558+1238810642a1118
25084.175360   -0.07931	5220180905041231114420124106826078369101910231000708999 087567+1248810642a0662
25084.184900   -0.15062	5220180905042615713472524084989901520401910298000732999 087566+1238810642a0710
25084.323820   -0.11785	5220180905074618473384623959464556266301910666002398999 087644+1637610642a0711
25084.331470   -0.09415	5220180905075719221111523983807434135101910340000700809 087648+1687310642a0648
25084.340040   -0.17734	5220180905080939438038823977201748320401910270000790837 087661+1697710642a0442
25084.349110   -0.06812	5220180905082242865117623963903380596001910193001301627 087669+1677610642a0663
25084.356400    0.02843	5220180905083312991589023956803207156201910182001188648 087675+1657610642a0571
25084.366000   -0.11270	5220180905084702472749723966013694576301910357002663720 087680+1697210642a0655
25084.373410   -0.09879	5220180905085742770787923993464326869101910358000710999 087680+1747010642a0556
25084.383380   -0.17775	5220180905091204382542323991494104312401910367000722999 087683+1766410642a0620
25084.389560   -0.06478	5220180905092057776036823980304236687001910111001527541 087686+1786910642a0533
25085.152750   -0.08975	5220180906033957441056623974511799264301910014001734999 087403+1258010642a0555
25085.162670   -0.09418	5220180906035415004945723956833523312301910782001724999 087422+1268110642a0671
25085.172270   -0.06693	5220180906040804398659423967195842538101910615000907999 087419+1307610642a0652
25085.181280   -0.13651	5220180906042102330715523940798133771401910336001032999 087433+1327010642a0590
25085.193150   -0.04712	5220180906043807813971923905700327681001910576001070999 087430+1337210642a0709
25085.203500    0.04761	5220180906045302548071423883122039315201910560000957999 087441+1307410642a0631
25085.213680   -0.10386	5220180906050741934207723874088571458301910571001755999 087440+1307410642a0656
25085.223300   -0.08897	5220180906052133316382423887387123347101910687000835999 087439+1307510642a0652
25085.233010   -0.15938	5220180906053531686179923863195011147401910358000898999 087442+1337510642a0669
25085.242890   -0.05668	5220180906054945506085723834809659058001910278001069999 087444+1387410642a0665
25085.251230    0.04502	5220180906060146400905023818333379518201910342000925999 087428+1417510642a0633
25085.261000   -0.10860	5220180906061550572756923813802590103301910180001635493 087425+1457610642a0702
25085.273320   -0.10442	5220180906063335019831723828244766229101910379000759542 087432+1537710642a0654
25085.283140   -0.17441	5220180906064743092407523808430865505401910289000952760 087419+1577310642a0660
25085.291000   -0.07178	5220180906065902632723223786077617869001910213000887715 087422+1587310642a0666
25085.300560    0.03123	5220180906071248155252923772378123921201910317000915999 087434+1627410642a0632
25085.309710   -0.12545	5220180906072558979541623773071680518301910600001779718 087434+1677010642a0663
25085.358840   -0.10628	5220180906083643851456123783553821407101910188000786166 087430+1757010642a0573
25085.369600   -0.18259	5220180906085213851699823772970028951401910195000841191 087432+1776610642a0642
25085.378510   -0.07680	5220180906090503151983023757837050463001910167000985151 087420+1806310642a0579
25085.393960    0.02360	5220180906092718047059023754254045712201910083000882087 087427+1816010642a0650
25085.404230   -0.12653	5220180906094205864059623764739839504301910280001863101 087426+1836610642a0584
25085.441440   -0.18658	5220180906103540126048923803277743726401910133001045180 087397+1836510642a0486
25085.450090   -0.08766	5220180906104808067580823794287409852001910083001093101 087394+1856510642a0645
25085.462170    0.03378	5220180906110531269417123797929964614201910209000957280 087376+1876110642a0759
25085.471980   -0.12425	5220180906111938893981623814621940433301910228001839168 087370+1837010642a0716
25086.165630   -0.12208	5220180907035830633441923910835684791401910131001678999 087132+1307010642a0579
25086.172460   -0.01891	5220180907040820675170923881524235898001910178001547999 087128+1297110642a0682
25086.182290    0.04802	5220180907042229490495923859689570310201910167000822999 087130+1307110642a0641
25086.190580   -0.08478	5220180907043426135702723851864957113301910390001311999 087130+1317010642a0630
25086.198790   -0.07066	5220180907044615800296023867066137268101910142001007999 087135+1316910642a0649
25086.208400   -0.12116	5220180907050005722339923835999940036401910216001394999 087146+1297010642a0688
25086.217240   -0.03370	5220180907051249880119323804368918802001910135001118404 087155+1267210642a0648
25086.226190    0.05377	5220180907052543031313323785715584814201910118000727360 087159+1277110642a0630
25086.233520   -0.09191	5220180907053615747664823781208831469301910161001272173 087161+1317010642a0548
25086.248140   -0.08479	5220180907055719412207523788872708933101910218000785353 087178+1367110642a0616
25086.256850   -0.15038	5220180907060951454256823761851834740401910422001164671 087194+1407310642a0652
25086.318990   -0.06482	5220180907073920795790123675301149125001910186000782833 087244+1596710642a0603
25086.327080    0.03575	5220180907075059529068323664272801446201910045000859223 087251+1596910642a0554
25086.337910   -0.11299	5220180907080635361591123663863733727301910399001313526 087267+1596710642a0832
25086.346400   -0.10131	5220180907081849282287823687980530206101910325000908999 087275+1616710642a0579
25086.354570   -0.16279	5220180907083035055051223669343189868401910222001115681 087280+1636710642a0699
25086.363680   -0.06688	5220180907084342266655223648238248788001910083000744213 087289+1676510642a0633
25086.371740    0.02905	5220180907085518027331123640825567212201910131000722366 087294+1646910642a0545
25086.379030   -0.11765	5220180907090548140042623646317238015301910447001221851 087302+1676710642a0599
25086.387240   -0.10573	5220180907091737533570123674105967093101910143000801528 087313+1706310642a0594
25086.397140   -0.16414	5220180907093152730966023659235807365401910287001389644 087321+1726310642a0773
25086.404940   -0.07187	5220180907094306542224423642204342831001910160000716392 087330+1727110642a0568
25086.412180    0.02391	5220180907095332315015723638132726003201910082000626064 087334+1717210642a0452
25086.515290   -0.12840	5220180907122200886927523716204882711301910122001426142 087385+1737110642a0518
25086.527240   -0.11790	5220180907123913658937523759532838684101910122001019129 087378+1797810642a0588
25090.452760    0.01922	5220180911105158119322624348454206271301910158001885303 088617+2155910642a0584
25090.461810    0.02473	5220180911110500563852424380386684453101910273001539738 088615+2165510642a0695
25090.471460   -0.03080	5220180911111853862965024347121161733401910252001922747 088609+2175410642a0683
25090.479590    0.02883	5220180911113036170581824322873704769001910087001418245 088613+2185010642a0720
25090.487500    0.09134	5220180911114200060878724323853461460201910150001480464 088601+2185310642a0722
25090.496400    0.00739	5220180911115449098009024329502718988301910526001871999 088596+2185410642a0670
25090.519830    0.02234	5220180911122833142164424365144221219101910238001662764 088584+2155910642a0670
25090.527740   -0.02574	5220180911123956533150524338022033807401910267002193733 088570+2156010642a0708
25090.538100    0.02061	5220180911125451764105824319466894205001910090001609340 088571+2145910642a0682
25090.545920    0.08183	5220180911130607912799924325399462731201910160001338647 088564+2166110642a0669
25090.553590   -0.00726	5220180911131709837328924336439386061301910514001848999 088563+2155810642a0636
25090.561920    0.01372	5220180911132909973399824377760674827101910377001572999 088560+2165810642a0678
25090.571400   -0.03753	5220180911134249226328324355730334995401910189001819626 088564+2146210642a0701
25090.684250   -0.04120	5220180911162519588626524496846359383401910198002002490 088498+2006910642a0668
25090.692960   -0.02750	5220180911163751906114424502853428530301910445001860452 088503+2026210642a0642
25090.701170   -0.00661	5220180911164940923033124507146860363001910262001597251 088500+2006310642a0676
25090.710700    0.04904	5220180911170324536232924528387114616201910252001517307 088497+1966410642a0676
25090.719060   -0.01907	5220180911171526683231024589787924853101910186001495235 088492+1926510642a0674
23440.742630    0.05770	5120140306174923343988425580926077806301910060002071241 087425+04549 5320a0631
23440.751360    0.06620	5120140306180157878282625591175490215301910052002235242 087445+04547 5320a0756
23440.764810    0.04133	5120140306182119696459025642460124429101910035001075304 087445+04547 5320a0686
23440.774260    0.08925	5120140306183456161839525622599136178201910052001521394 087475+04542 5320a0789
23440.783770    0.08081	5120140306184837888426025631877624031001910035001823199 087475+04043 5320a0664
23440.793460    0.05470	5120140306190235191242225650437585975301910117002171547 087484+04041 5320a0669
23440.801520    0.05222	5120140306191411415310325697407868025101910081001014999 087495+04339 5320a0749
23440.820720    0.08803	5120140306194150525795225693080796687001910036001824130 087515+04636 5320a0925
23440.834640    0.08085	5120140306200152649278225721955438347301910046002321174 087525+04635 5320a0661
23440.840910    0.03491	5120140306201055016176725767593261164101910027001063479 087534+04436 5320a0569
23440.850430    0.06612	5120140306202437001958725753258543083201910025002061125 087534+03737 5320a0663
23440.858060    0.10317	5120140306203536661785125763975058546001910024001648159 087545+04436 5320a0595
23440.882280    0.06504	5120140306211028757137825816623095702301910059002132405 087565+04534 5320a0556
23440.896130    0.06231	5120140306213025777319425845681780454301910030002342123 087575+03239 5320a0598
23441.827770   -0.02769	5120140307195158904504325996910161058301910010002768051 087595+04842 5320a0387
23441.887350    0.02653	5120140307211746624479526099766824507301910023002549077 087665+04638 5320a0502
23441.893760    0.06742	5120140307212700705126826112044046071301910015002086088 087675+04439 5320a0661
23441.912500    0.01267	5120140307215359840362126148875089727301910013001665119 087675+04539 5320a0580
23442.761300    0.18206	5120140308181616561229626179286832692301910009002216031 088054+05858 5320a0690
23442.824070    0.07160	5120140308194639534111626229910650429301910015002289061 088125+07131 5320a0491
23442.829400    0.05331	5120140308195420520260526236013094038301910065002252330 088125+06530 5320a0678
23442.847530    0.06781	5120140308202026323940126258660986624301910100002164522 088134+06828 5320a0679
23442.856200    0.09591	5120140308203255760493626270162168165001910012002106026 088145+07127 5320a0610
23442.872760    0.06185	5120140308205646761183526294785827803301910038002413120 088145+05531 5320a0689
23442.882940    0.08724	5120140308211126074427526313007762504201910017001707114 088154+05829 5320a0529
23442.891130    0.05016	5120140308212313483968526355298563939101910013001452105 088165+05630 5320a0607
23442.900470    0.06312	5120140308213640884861626339804091848301910016002158081 088165+05530 5320a0595
23442.919270    0.04092	5120140308220344692631026372983994418301910020002457086 088154+04533 5320a0680
23442.927120    0.12033	5120140308221503497953426389645718869201910010001111126 088165+05331 5320a0609
23442.936750    0.07269	5120140308222854825539226436441317858101910009001204131 088175+05629 5320a0686
23442.947450    0.05866	5120140308224420024484126425808868995301910019001514136 088175+06526 5320a0664
23442.954330    0.07133	5120140308225414343072326439126108775301910018002371070 088175+06426 5320a0594
23444.791450    0.04114	5120140310185941411345026512499368379301910059002489072 087325+04360 5320a0666
23444.799780    0.05920	5120140310191140633778126512252720891301910046002417075 087325+04659 5320a0661
23444.832150    0.04690	5120140310195817671686926518490007811301910021002907023 087375+03767 5320a0550
23446.946770    0.04683	5120140312224321280724026558684037880301910034002704018 088204+03038 5320a0621
23458.206500    0.03627	5120140324045721728713624490542713037301910047002236157 085934-01345 5320a0728
23458.219530    0.02727	5120140324051607239938624483946832727301910028002004088 086077-00743 5320a0654
23458.236670    0.03752	5120140324054048378268724478024714280301910016002220022 085975-01244 5320a0637
23475.730690    0.04219	5120140410173211657409826424740117721301910043003131016 087395+11458 5320a0626
23475.739150    0.03554	5120140410174422785873026413737987533301910067003137031 087354+10658 5320a0682
23475.750700    0.02531	5120140410180100057286626399784823723301910088002689055 087398+10261 5320a0643
23475.761400    0.11197	5120140410181625020924726386721787610201910033001866036 087295+09064 5320a0664
23475.803030    0.03702	5120140410191621695389826353264886392301910206002714114 087284+08568 5320a0938
23475.815930    0.10225	5120140410193456310764526344907303038201910101001714124 087315+08368 5320a0659
23475.825270    0.05384	5120140410194823168599726346968228044001910032001876026 087426+08669 5320a0611
23475.835030    0.03644	5120140410200226571886026339485587579301910229002574144 087315+08169 5320a0959
23475.885270    0.02114	5120140410211446960918626341345765184301910299002810144 087325+07570 5320a1016
23475.896780    0.11161	5120140410213122105773726344137844912201910105001661144 087334+07569 5320a0650
23475.911160    0.03414	5120140410215203852341626353287266940301910092002132234 087433+08069 5320a0282
23475.922780    0.11015	5120140410220847826540526359265767535201910083001546141 087433+08069 5320a0657
23475.954660    0.02305	5120140410225442866006026388822439475301910097002857085 087315+07671 5320a0634
23475.962610    0.11470	5120140410230609284878626395447452072201910052001959066 087304+08168 5320a0650
23475.971170    0.02583	5120140410231829350850126406871785441301910030003227017 087304+07967 5320a0671
23475.979750    0.03963	5120140410233050320625726417128672498301910031003180014 087295+07470 5320a0726
23476.893940    0.02212	5120140411212716181120326152026355879301910048003080036 087284+09355 5320a0673
23476.900990    0.05371	5120140411213725622300826152499170544301910035002797019 087295+09355 5320a0681
23476.916990    0.02061	5120140411220027743126226155658958939301910097002781063 087284+09156 5320a0646
23476.943790    0.09781	5120140411223903831063326164026350334201910053001897058 087245+08658 5320a0578
23476.952850    0.03330	5120140411225206628056126172938537811301910150002646132 087234+08359 5320a0652
23476.960730    0.01949	5120140411230326968201426183380066379001910032002230027 087225+08657 5320a0655
23476.969200    0.03539	5120140411231538917759526185236135980301910103002622083 087225+08657 5320a0671
23476.994720    0.13380	5120140411235223981587526206106251855201910065001642106 087225+08856 5320a0672
23477.008260    0.00329	5120140412001153714405126224626290633301910039003195027 087204+08856 5320a0653
23499.768120   -0.02422	5120140504182605934642426428587306416301910017003408033 086945+08383 5320a0398
23500.844960    0.05664	5120140505201644334961726595404430529301910097002305315 087345+08361 5320a0446
23500.851340    0.05446	5120140505202555406544726605186134567301910076002134399 087345+08657 5320a0506
23500.860350    0.16792	5120140505203854051562226620434424922201910039001648270 087375+08856 5320a0617
23500.877910    0.04910	5120140505210411519507026648532018983301910088002305311 087384+08856 5320a0693
23500.888080    0.10517	5120140505211850454564626692341026207101910017001184201 087395+09055 5320a0418
23500.896430    0.12482	5120140505213051929425526707032755175101910011001545083 087395+09155 5320a0582
23533.824280   -0.01865	5120140607194658113415725789928758355301910061002445101 087895+18752 5320a0669
23533.837460    0.01162	5120140607200556832054825791837600033301910076002993090 087895+18653 5320a0682
23533.844230    0.06190	5120140607201541102097925815584517335101910014001655095 087895+18849 5320a0529
23533.852600    0.00642	5120140607202744532378825796372342867301910058002637098 087884+17554 5320a0573
23533.887300    0.05704	5120140607211742660967325815746068174301910084003153117 087925+17357 5320a0653
23533.901410    0.05058	5120140607213801605251725831262472739001910029002151049 087965+18250 5320a0620
23533.909170    0.11385	5120140607214912352125225855621496303101910016001444146 087965+17352 5320a0651
23533.918890   -0.01330	5120140607220312360609525843250989362301910030002970043 087954+17351 5320a0656
23534.788370   -0.00171	5120140608185515576889925463223207693301910098003342055 088025+21840 5320a0733
23534.795280    0.00601	5120140608190512376414225461382213934001910025002336021 088015+21539 5320a0670
23534.803170   -0.02172	5120140608191633977569225453538130764301910077003112063 088015+21340 5320a0642
23534.812230    0.04642	5120140608192936510295525439101067211201910016001828027 088025+21140 5320a0630
23534.821570    0.02128	5120140608194303708788025444935743345301910091002863085 088034+20840 5320a0645
23534.836440   -0.05636	5120140608200428749267225440785792894301910038003335025 088034+20240 5320a0668
23534.843070   -0.05548	5120140608201400885088125442874392421001910022002391019 088034+20240 5320a0638
23534.853930    0.05038	5120140608202939273994325439097129500301910026003163019 088045+19543 5320a0615
23534.860340    0.06469	5120140608203853643091825429475523856201910016002781019 088034+20140 5320a0485
23534.885220    0.07383	5120140608211443097824725444485758332301910019003060011 088015+19142 5320a0654
23534.918000    0.05108	5120140608220155274647725461072332115301910031003068025 088015+19240 5320a0660
23534.940420    0.00848	5120140608223412489019325478288127194301910019003329013 087995+19239 5320a0447
23534.948990    0.05416	5120140608224632407830925489391822882001910015001744027 088015+19838 5320a0472
23534.956580    0.09771	5120140608225728521081625483195547629201910018002055030 088025+20137 5320a0648
23536.847100    0.07038	5120140610201949056206824728779746879301910025003136013 087884+17657 5320a0651
23536.856160   -0.00677	5120140610203252037524224721564572047301910019003058008 087915+18156 5320a0616
23536.899240    0.07860	5120140610213454083396424699447278106301910024003505015 087915+17557 5320a0519
23547.118030    0.07443	5120140621024957783099325029002141790301910013002820058 087134+11591 5320a0632
23547.150380    0.09893	5120140621033633120831524990668463292301910018002231087 087154+11375 5320a0535
23577.353800    0.03074	5120140721082928545940625635941362974301910039002518023 086904+17748 5320a0681
23577.363440    0.03071	5120140721084321551948325644986322438301910087002837056 086904+17753 5320a0672
23579.342480    0.03761	5120140723081310643381126120975909826301910029002468017 087275+21244 5320a0649
23579.381460    0.04799	5120140723090917966956826126761495895301910027003625007 087284+21549 5320a0669
23579.401180    0.06086	5120140723093742175442126135952561291301910022002721034 087295+21352 5320a0622
23587.713730    0.09601	5120140731170746512851426434714555312301910035003103011 087165+21050 5320a0605
23587.722440    0.03099	5120140731172018419554426442611066364301910030003589010 087154+21250 5320a0653
23587.731450   -0.01223	5120140731173317648550126451527818149301910042003774015 087154+21051 5320a0613
23587.740970    0.02922	5120140731174659496536526461705177067301910052003284027 087145+20560 5320a0673
23587.757090    0.12520	5120140731181012611790126473711674154201910025002279016 087084+19366 5320a0668
23590.777470    0.09278	5120140803183933105635425588216827641301910032003232044 087275+15891 5320a0629
23590.789940    0.17616	5120140803185731197018625593489891436301910013002603032 087265+15692 5320a0529
23591.819300    0.06917	5120140804193947789113725208157628060301910018002605043 087434+17163 5320a0465
23591.824610    0.12651	5120140804194726663036325210322066086301910020002774102 087445+16863 5320a0281
23602.115520    0.02818	5120140815024621243451024422407880774301910020003077019 087095+11344 5320a0606
23603.034660   -0.01223	5120140816004954388166724885442233292301910020003059033 087215+10848 5320a0670
23603.053480    0.07241	5120140816011700933832524867866343627301910015003779014 087284+10554 5320a0567
23603.062060    0.08250	5120140816012922179196824860798865830301910020002906026 087225+10659 5320a0656
23603.078280    0.01363	5120140816015243795727624849181770558301910035003288042 087204+10852 5320a0688
23603.098830    0.07068	5120140816022218598120724832174757522001910010002030061 087204+11345 5320a0651
23603.116090    0.06240	5120140816024710329275824831812181608301910121002463205 087204+11546 5320a0685
23603.123700    0.08265	5120140816025807853585924831495949988201910024001786037 087204+11646 5320a0678
23603.139150    0.06392	5120140816032022706062524828453327315301910099002663164 087204+10852 5320a0682
23603.155410    0.05541	5120140816034347320943224829564135504301910111002643150 087184+10650 5320a0802
23605.104740    0.04156	5120140818023049826448025670094764620301910032002501195 087344+12262 5320a0515
23605.113630    0.06759	5120140818024337593680325661248308116301910068002625284 087352+12063 5320a0728
23605.123140    0.05181	5120140818025718985858325660442274849401910013001241229 087275+12159 5320a0617
23605.130520    0.06118	5120140818030756586979325642670725198001910053001912422 087340+12362 5320a0651
23605.139120    0.09863	5120140818032019793603625643338058826201910032002170104 087284+12360 5320a0660
23605.147850    0.04713	5120140818033254072338725632963504583301910068002396404 087346+12461 5320a0673
23605.157900    0.06282	5120140818034722525297925634683080366401910006000981145 087275+11163 5320a0392
23605.190700    0.09006	5120140818043436213244525612440363511301910043002645219 087339+12360 5320a0623
23605.214270    0.01650	5120140818050833080220825609049004092301910031002760041 087275+12859 5320a0595
23605.224530    0.06885	5120140818052319120273725609419035308301910050002674072 087295+13155 5320a0661
23605.230710    0.05070	5120140818053213524595425607038155756001910029001934072 087325+13354 5320a0475
23605.239570    0.06065	5120140818054458682417625612023445134301910072002203108 087325+13550 5320a0680
23605.339520    0.06370	5120140818080854530032425690846335909301910019002620016 087404+17236 5320a0641
23608.177400    0.07069	5120140821041527006983226525305646395301910013002626092 087034+12630 5320a0569
23608.201790   -0.00088	5120140821045034320965326493327957762301910020002895040 087065+12331 5320a0624
23622.756690    0.07814	5120140904180937891656024241928929591301910019002548029 087415+14862 5320a0614
23622.778950    0.07678	5120140904184141005297024224143324049301910015002564030 087445+14365 5320a0622
23622.787070    0.09014	5120140904185322575398824218953096094301910037002901047 087445+14066 5320a0656
23622.795540    0.08422	5120140904190534270695824240092261010101910009002129066 087454+13667 5320a0601
23622.803930    0.09247	5120140904191739831125024210431984328301910039002595069 087465+13368 5320a0636
23622.812210    0.09542	5120140904192934679598424191104779404201910028001859086 087465+13866 5320a0559
23622.821390    0.07411	5120140904194248174323124204851058849301910067002662125 087475+13667 5320a0687
23622.838030    0.07177	5120140904200645676782024202599029266301910061002522095 087465+13567 5320a0687
23622.849800    0.11426	5120140904202342652725924186414597352201910056001621197 087454+13667 5320a0627
23622.858700    0.08254	5120140904203632098476424203920887396301910120002607274 087465+13666 5320a0670
23622.867870    0.09541	5120140904204944113665224202290670386001910031001460105 087454+13168 5320a0670
23622.875600    0.08258	5120140904210051683159824208308379312301910041002709067 087445+13667 5320a0692
23623.775380    0.07819	5120140905183633174147023950697971603301910029002756039 087275+13869 5320a0617
23623.784900    0.08112	5120140905185015709152923940842944688301910031002124048 087284+14168 5320a0835
23623.793100    0.06711	5120140905190203874153523933085092572301910041002721044 087304+13672 5320a0652
23623.800980    0.08640	5120140905191324285439323921451842949001910023001339054 087304+13673 5320a0634
23623.811000    0.11191	5120140905192750039348823903398599657201910027001421072 087325+13672 5320a0533
23623.823420    0.06651	5120140905194543118764823910460076369301910019002572032 087325+13374 5320a0548
23623.835290    0.01581	5120140905200249077199323899505267082001910013002403023 087325+13372 5320a0528
23623.844110    0.08068	5120140905201530721699523885448182418201910036001361107 087334+13870 5320a0583
23623.853560    0.06353	5120140905202907467897323897777225068301910036002806036 087345+14071 5320a0689
23623.862230    0.12658	5120140905204136606798323891238484968001910012001823019 087334+13672 5320a0523
23629.991150    0.03210	5120140911234715389745724331478053563301910040002330053 086865+12181 5320a0661
23629.997650    0.04392	5120140911235636769634024327533654383301910036002744056 086854+11880 5320a0431
23630.006200    0.03268	5120140912000855280686224322972559910301910043002373053 086845+11681 5320a0667
23630.015640    0.05568	5120140912002231410257724313276437611001910089001969201 086825+11580 5320a0675
23630.021340    0.02417	5120140912003043723134024316841539116201910013001762045 086815+11381 5320a0313
23630.082890    0.04726	5120140912015921297518624316656329544301910013002789025 086784+11394 5320a0416
23630.951630    0.04473	5120140912225021107158124801843028277301910039003306014 087245+11040 5320a0668
23630.959220   -0.00434	5120140912230116926194024793114560200301910045003647017 087234+11140 5320a0684
23630.969160    0.08027	5120140912231535215821224777483533116001910050001960038 087344+11342 5320a0644
23630.985660    0.07822	5120140912233921273593824765597566383301910051003095021 087275+11338 5320a0662
23630.994510   -0.21940	5120140912235206040280024759889834572201910019002088012 087275+11340 5320a0650
23631.005320    0.05352	5120140913000739994133624748472585706301910063002934028 087265+11340 5320a0705
23631.023940    0.04287	5120140913003428210281624735253184610301910098002718074 087265+11339 5320a0702
23631.032120    0.06641	5120140913004614988938024725783687011001910050002131100 087265+11339 5320a0571
23631.042270    0.08510	5120140913010052548535324727622621870201910030002038027 087265+11539 5320a0747
23631.062530    0.06093	5120140913013002949751724718250677910301910068002806061 087254+11340 5320a0699
23631.074860    0.06217	5120140913014747771366424716013611540301910102002640140 087245+11141 5320a0677
23631.091430    0.07174	5120140913021139479330024711038020395001910027001824088 087234+11040 5320a0524
23631.142270    0.03499	5120140913032451839369024733106220379301910062002770063 087204+11138 5320a0771
23631.150410    0.09895	5120140913033635516166124740577546116201910021002186016 087204+11336 5320a0714
23631.161990    0.03157	5120140913035316074536924747615300221301910095002817100 087204+11537 5320a0634
23631.169080    0.08028	5120140913040328642794324749532688478001910044001804144 087204+11340 5320a0626
23631.179570    0.07084	5120140913041835007405924764085717481301910085002583064 087204+11341 5320a0801
23631.198270    0.06391	5120140913044530504790624785133626874301910147002468189 087195+11144 5320a0572
23631.204990    0.06363	5120140913045511315894424789332137771001910028002192087 087204+11345 5320a0486
23631.970700    0.06480	5120140913231748275245025241673886571301910022003107026 087434+11589 5320a0661
23631.982020    0.05535	5120140913233406510936425227965506131301910037003338055 087529+11487 5320a0677
23631.996090    0.02557	5120140913235421750209525211868607275301910073002874104 087425+10886 5320a0672
23632.027850    0.04409	5120140914004005809241525180107051943301910125002736212 087517+11387 5320a0623
23632.034790    0.06755	5120140914005006207037525170441508611001910036001830199 087519+11386 5320a0701
23632.046160    0.05100	5120140914010628150460625165193068615301910051002462140 087434+11386 5320a0654
23632.053700    0.12642	5120140914011719795018525156206385024001910012002333069 087510+11587 5320a0431
23632.073010    0.02818	5120140914014507861386525148539710033301910026003153070 087415+12183 5320a0519
23632.211780    0.07640	5120140914050457785588125180325834987301910057002735148 087354+12082 5320a0670
23632.215820    0.12641	5120140914051047027228525181134600283001910017002157146 087354+12082 5320a0210
23632.225800    0.07285	5120140914052508970000325195006377851301910133002466281 087354+11881 5320a0652
23632.235810    0.09556	5120140914053934070200925210101423635201910039002205049 087345+11683 5320a0671
23632.244460    0.07797	5120140914055201665655325217599151739301910176002840189 087345+12081 5320a0671
23632.260800    0.07402	5120140914061533510185425240088011135301910080002918104 087345+12182 5320a0675
23632.267860    0.10037	5120140914062542967135925253880420143201910059001859111 087354+12881 5320a0662
23632.278210    0.04791	5120140914064037359249825266634650654301910112002590107 087432+13884 5320a0663
23632.286380    0.14220	5120140914065222905607225276969041013001910032002319046 087429+14781 5320a0623
23632.294630    0.07878	5120140914070416131942125293932348310301910092003076081 087433+15174 5320a0725
23632.304690    0.14371	5120140914071844924355025314944929255201910037001973050 087429+15569 5320a0652
23632.311890    0.09056	5120140914072907154695525324740871259301910085002795085 087440+15769 5320a0681
23632.324760    0.04463	5120140914074739469101625348982967230301910041003367029 087454+15964 5320a0650
23635.210700    0.07646	5120140917050324606866526192424051412301910006001762054 087295+12080 5320a0322
23635.230720    0.08596	5120140917053213830172626188065097866301910008002537042 087275+11682 5320a0165
23653.919210    0.01903	5120141005220339380743323825787005571301910055001740045 087275+09371 5320a0651
23653.927900    0.01662	5120141005221610542677523829583075674301910168001018479 087366+09279 5320a0677
23653.935440    0.02737	5120141005222701921152423828003841194001910026001144061 087284+09370 5320a0604
23653.951760    0.03143	5120141005225032243028023844203610483301910084001757091 087275+09171 5320a0668
23653.959640    0.04287	5120141005230152590306623839479475298201910049001511081 087254+09172 5320a0590
23653.971670    0.03575	5120141005231912586297723855407535810001910019001381038 087245+09072 5320a0652
23653.987370    0.04415	5120141005234148791541223865889611800201910122001086268 087347+09075 5320a0643
23653.996310    0.05406	5120141005235441488703823881356266486001910049001148116 087245+08178 5320a0501
23654.003190    0.01666	5120141006000435561523123895039239722301910032002185055 087353+08676 5320a0646
23654.047130    0.02731	5120141006010751768939123955952025555301910040002009045 087315+08078 5320a0650
23654.057210    0.02608	5120141006012223360056023971719953021301910026002010034 087310+08178 5320a0638
23679.714120    0.06508	5120141031170819834565524343748789483301910023002398055 087995+08691 5320a0679
23679.724540    0.04975	5120141031172320349516624338653881441301910023001582068 088123+09183 5320a0582
23679.736400    0.03141	5120141031174024827885124334316649072301910029001781069 088132+09283 5320a0672
23679.745080    0.02489	5120141031175255129960324326341245942001910030001390098 088128+09383 5320a0638
23679.752570    0.02881	5120141031180341899836124317798175011201910012001451099 088025+08889 5320a0426
23679.761120    0.04125	5120141031181601138502124359713315292101910010002562048 088125+08883 5320a0627
23679.780730    0.04980	5120141031184414835797824332022322752301910065001754138 088121+08484 5320a0594
23679.788750    0.05506	5120141031185548349820624328222235660001910055001297131 088004+09085 5320a0683
23679.796130    0.05106	5120141031190625799824324323077846283201910016001736086 088025+09183 5320a0676
23679.816010    0.02165	5120141031193503422658524374921223208101910012001880082 088045+09381 5320a0574
23679.824990    0.04380	5120141031194758986007424351267844476301910035001855108 088045+09380 5320a0671
23679.833280    0.05364	5120141031195955107161124351472926044001910032001267113 088045+09381 5320a0601
23679.847910    0.05007	5120141031202059686655224369164166070301910057001680227 088054+09582 5320a0657
23680.715780    0.01835	5120141101171043163129124254356510387301910186001202362 087945+08670 5320a0679
23680.723690    0.02955	5120141101172206957938524241776735543001910189001192383 087945+08668 5320a0685
23680.732080    0.02454	5120141101173412096813524229922543248201910059001173436 087965+09066 5320a0689
23680.740380    0.01900	5120141101174608803539624265921366399101910036001519349 087995+10161 5320a0558
23680.749520    0.03134	5120141101175918211233224230197127176301910250001262456 087995+10559 5320a0778
23680.758660    0.02960	5120141101181228052447824220012018881001910108001242279 088090+10463 5320a0691
23680.767560    0.04055	5120141101182516962359124211049246127201910039001153398 087995+09861 5320a0610
23680.775130    0.02570	5120141101183611494828724250469611238101910039001298539 087995+09161 5320a0584
23680.784750    0.03811	5120141101185002338490924218335607369301910197001625372 087995+09361 5320a0692
23680.791410    0.05115	5120141101185937758093824211959305181001910044001219146 087984+09659 5320a0576
23680.802630    0.02383	5120141101191547147553224206275968630201910020001526128 087984+10156 5320a0679
23680.809970    0.03129	5120141101192621159256024248672043429101910043001405589 088078+10359 5320a0599
23680.819150    0.05186	5120141101193934738731124220330800115301910112001669241 087984+09654 5320a0677
23680.827330    0.05361	5120141101195121544170124217110323086001910031001548094 087965+08856 5320a0671
23680.844760    0.04989	5120141101201627276012424230423767826301910247001375757 087954+09152 5320a0663
23680.851210    0.04092	5120141101202544386542124264163594864101910020001413282 087954+09151 5320a0661
23680.861450    0.05074	5120141101204029589650724235199335215001910054001255192 088082+09654 5320a0620
23680.871480    0.03901	5120141101205455577489024236839297688201910012001383142 087954+08850 5320a0673
23680.892740    0.06259	5120141101212533004060124267888746448301910077002076176 087954+09644 5320a0701
23680.899900    0.06078	5120141101213551735740824269818095269001910032001491111 087965+09845 5320a0684
23680.917080    0.05697	5120141101220035478595824295205397908301910030002265062 087954+09043 5320a0684
23680.926280    0.07244	5120141101221350796442724301269193821001910033001485111 087954+09642 5320a0681
23680.934020    0.05641	5120141101222459333124324317086254525301910077001503423 087954+09542 5320a0680
23680.942570    0.05725	5120141101223717773500524323382161415001910016001548061 087954+10043 5320a0425
23680.952670    0.07906	5120141101225150867345324343552641024301910104001514320 087954+09647 5320a0682
23681.780760   -0.00397	5120141102184417424572324164205956118301910036001617084 087745+07279 5320a0452
23681.787370    0.03816	5120141102185348995773924155361734711001910023001382101 087742+07279 5320a0452
23681.795000    0.00917	5120141102190448367438324157557847364301910120001515213 087625+07575 5320a0594
23681.803710    0.01083	5120141102191720567123124145436122869201910019001618052 087615+07572 5320a0372
23681.814290    0.00242	5120141102193234979513324152211627760301910126001585169 087726+07779 5320a0740
23681.832740    0.01783	5120141102195908980235824151085261155301910206001150373 087625+07569 5320a0688
23681.839320    0.02594	5120141102200837368173424146240048193001910021001712052 087728+07674 5320a0496
23681.851750    0.00443	5120141102202631286218424154009411677301910293001196862 087732+07874 5320a0687
23681.869110    0.02239	5120141102205130686870524150912724427201910067001260248 087625+07478 5320a0783
23681.881480   -0.00107	5120141102210919855519024166760516760301910073002070238 087726+07374 5320a0689
23681.896820    0.02050	5120141102213125312608024177116508192301910048001278192 087615+07664 5320a0651
23681.904460    0.03497	5120141102214225252754024177902112532001910022000947169 087615+08063 5320a0478
23681.914820    0.02855	5120141102215720814431724192386865762301910151001594278 087615+07665 5320a0634
23681.922830    0.02646	5120141102220852449821324190750908170201910050001664149 087595+07469 5320a0646
23681.933410    0.04376	5120141102222406372792424211480986088301910062001936089 087584+07066 5320a0657
23681.949590   -0.00439	5120141102224724306761424225431629755001910013002004028 087565+06967 5320a0561
23681.956690    0.03260	5120141102225738016150024239788861178301910086001635147 087545+06670 5320a0578
23681.964520    0.05040	5120141102230854599050424240795152530201910028001370147 087545+06568 5320a0631
23692.083730    0.01876	5120141113020033978113026378303152806301910039002125098 086254+04181 5320a0613
23692.089950    0.07271	5120141113020932086006526374092477422001910008001338210 086254+04680 5320a0186
23692.097100    0.03039	5120141113021949342806526367226770034301910047002289132 086284+05077 5320a0598
23692.107060    0.10917	5120141113023410345492826363085570919201910018002125029 086284+05076 5320a0710
23692.115720    0.02737	5120141113024638594508226354637576496301910079002415148 086304+05375 5320a0684
23692.133850    0.06328	5120141113031244644346826347038164542001910021001731182 086325+05875 5320a0523
23692.143470    0.05023	5120141113032635567895426354145550082401910010001715133 086334+05875 5320a0530
23692.150230    0.04303	5120141113033619456003026340675612772301910066002292169 086334+05576 5320a0628
23692.158790    0.09370	5120141113034839136243626342028721746201910012001601042 086345+05577 5320a0557
23692.168010    0.02071	5120141113040156126025126350305151746401910006001938067 086345+05676 5320a0246
23692.175400    0.02146	5120141113041234972335626338586423182301910028002275066 086354+05676 5320a0571
23692.185510    0.09449	5120141113042708403096626341219674571001910008002134043 086354+05675 5320a0455
23693.089450    0.05416	5120141114020848433716526549945923067301910057002735180 086895+05574 5320a0654
23693.094100    0.05574	5120141114021530521755226556861554222401910005001038159 086925+05874 5320a0314
23693.104640    0.08602	5120141114023040930251026534094028155001910038001885295 086925+05874 5320a0499
23693.110210    0.12694	5120141114023841849410326528471938448201910008002189062 086925+05674 5320a0199
23693.115020    0.06054	5120141114024537793617726521934982342301910008001819065 086904+05874 5320a0408
23693.139810    0.04425	5120141114032119820350826500418679446301910027002369114 086895+05874 5320a0373
23693.152500    0.03908	5120141114033935870824426491748375145301910050002279213 086895+05675 5320a0675
23693.166120    0.08106	5120141114035913043104526485960606634001910048001675297 086895+05876 5320a0705
23693.180090    0.05096	5120141114041919701373926478718425046301910120002270408 086915+05876 5320a0689
23693.188030    0.11534	5120141114043045734220026477936043684201910054001558160 086904+05478 5320a0654
23693.197380    0.04816	5120141114044413585456326474782721849301910140002204500 086884+05479 5320a0709
23693.205480    0.05088	5120141114045553296988126486949599692401910009001454137 086895+05081 5320a0443
23693.212670    0.07998	5120141114050614776287326475933430045001910013001443236 086875+05081 5320a0435
23693.220270    0.03440	5120141114051711477998826474721839981301910157002232483 086875+05380 5320a0671
23693.230230    0.09887	5120141114053132284905026477846937663201910032001741087 086925+05877 5320a0672
23693.237800    0.04944	5120141114054226137219126478669028140301910088002252316 086945+05578 5320a0639
23693.250370    0.02544	5120141114060031806861326483616956184301910058002776210 086904+05081 5320a0656
23693.258970    0.04675	5120141114061255048894926488012107999301910058002400228 086895+04582 5320a0630
23693.269010    0.04472	5120141114062722065348626494159027196301910102002262331 086904+04981 5320a0663
23693.274960    0.08598	5120141114063556775406926500418121697001910010001864061 086904+04982 5320a0361
23693.280450    0.00798	5120141114064351213650726502488069299301910023002233070 086915+05082 5320a0392
23693.289460    0.03634	5120141114065649274886326510002711055301910055002264079 086934+05481 5320a0591
23693.297300    0.04507	5120141114070806429615426517215454531301910047003084039 086975+05581 5320a0695
23693.306550    0.03501	5120141114072125759918426526513338850301910030002513025 087004+06079 5320a0639
23695.125260    0.05394	5120141116030022879954226612710267710301910014001840136 086104+02978 5320a0587
23695.132470    0.02100	5120141116031045781127826601515263800301910038002327173 086095+02978 5320a0629
23695.140620    0.07606	5120141116032229376529826590968786853001910010001863081 086115+03077 5320a0551
23695.148110    0.08795	5120141116033316757588326576519969240201910014001496130 086115+03077 5320a0612
23695.171690   -0.01920	5120141116040713616988126547651043796301910020002438084 086104+03074 5320a0686
23695.192960    0.06183	5120141116043751322707926525905992114001910008001703072 086125+03073 5320a0357
23695.204260    0.08981	5120141116045407986393226511202386488201910048001573417 086125+03568 5320a0579
23695.220430    0.01642	5120141116051725409730726515259039058401910014001690124 086125+03568 5320a0637
23695.229740    0.03388	5120141116053049850083026521254029625101910035001123265 086145+03567 5320a0603
23695.238260    0.03253	5120141116054305629787026489307148630301910073001853483 086259+03568 5320a0683
23695.247440    0.05298	5120141116055618484350526486981835843001910029001691267 086175+03468 5320a0624
23695.255740    0.10037	5120141116060816132040026479533085830201910053001791345 086175+03070 5320a0651
23695.263400    0.04725	5120141116061917548651126506644146015101910015000905149 086154+02972 5320a0395
23695.281200    0.03693	5120141116064455537711526492434705677401910013002022031 086145+02971 5320a0620
23695.295120    0.03947	5120141116070458367937926477957216114301910070002287107 086184+03467 5320a0669
23695.303230    0.08573	5120141116071638882422826481571481501001910023001859042 086204+03567 5320a0654
23695.312460    0.07418	5120141116072956490547626479326743773201910023001679050 086320+03867 5320a0566
23695.356080   -0.00753	5120141116083245098389226532746205220101910018001895023 086254+05161 5320a0594
23695.372770    0.01612	5120141116085647034731226520904260676301910028002878020 086315+05663 5320a0670
23697.204390    0.06901	5120141118045419522303626279944528482301910011002712053 086134+02562 5320a0388
23711.734590    0.02707	5120141202173748737471924643249024534301910068001894106 086045+04695 5320a0588
23711.775070   -0.00863	5120141202183606202202224608632635736301910043002650054 086095+04996 5320a0610
23711.785930    0.05029	5120141202185143949267824598258714014001910027001238114 086241+04889 5320a0627
23711.794840    0.03813	5120141202190434034077524595316470135201910067001365241 086104+04896 5320a0595
23711.803470    0.01458	5120141202191700118127624594283604781301910134001867155 086125+04996 5320a0702
23711.822730    0.06014	5120141202194443957055824585764714400001910027001853055 086145+04696 5320a0637
23711.830600    0.01205	5120141202195603585580924588836164169301910038002206066 086165+04996 5320a0582
23711.859560    0.02287	5120141202203745798446924592202517707301910167001673206 086305+04989 5320a0788
23711.866250    0.04613	5120141202204723855448824591734854854201910084001333444 086165+04988 5320a0481
23711.873790    0.03897	5120141202205815328998424629825654131101910007001876057 086175+04586 5320a0368
23711.903460    0.03266	5120141202214058782790224615304964002301910108002049111 086204+04588 5320a0788
23711.912810    0.07068	5120141202215426876782424619344237887001910015001669047 086215+04387 5320a0679
23711.933430    0.04294	5120141202222408650488124642955604970301910066002112090 086254+04588 5320a0686
23711.947760    0.05405	5120141202224446633728924656550945158201910013002064025 086377+04786 5320a0500
23711.956370    0.02749	5120141202225710527871924670072447087301910105001924133 086265+05086 5320a0693
23711.977670    0.06934	5120141202232750649113124695980014406001910014001843027 086275+04885 5320a0510
23711.983680    0.02476	5120141202233630264951624708367023608301910043001985101 086378+04785 5320a0655
23712.006660    0.05877	5120141203000935794623124742149108130201910017002049038 086265+04984 5320a0642
23712.016240    0.02596	5120141203002323494176424761243579465301910036002191039 086371+04885 5320a0654
23720.972970    0.03655	5120141211232105023514326666529095053301910021002479032 087384+04827 5320a0651
23720.981050    0.04069	5120141211233242895124426653804484085301910024002592033 087384+05425 5320a0556
23721.022780   -0.00678	5120141212003248501866126593988117540301910025002841033 087354+04924 5320a0647
23721.031690    0.06331	5120141212004538368381426584305146231001910022002002106 087345+04028 5320a0671
23721.038950    0.08165	5120141212005604864741826574394354809201910032001748047 087345+05523 5320a0653
23721.051890    0.00406	5120141212011443642782026559681056391301910034002446053 087304+04528 5320a0678
23721.072620    0.03270	5120141212014434087701426539762124941301910094002309139 087345+04927 5320a0690
23721.085930    0.07499	5120141212020344531642926530848805995001910028002127128 087457+04827 5320a0633
23721.101810    0.02339	5120141212022636801487426518826111685301910143002282201 087375+04528 5320a0707
23721.113000    0.08687	5120141212024243332197326513230307363201910025002040033 087365+04429 5320a0676
23721.123320    0.02082	5120141212025734432201726509143100259301910022003382017 087433+04828 5320a0569
23721.140810    0.02486	5120141212032245951889526505023232726301910023003684012 087354+05525 5320a0593
23721.152890    0.00133	5120141212034009740799826504188230052301910073002305075 087334+05125 5320a0612
23721.179200    0.01851	5120141212041802480231126508098739595301910065002394100 087304+03731 5320a0695
23721.204130   -0.04887	5120141212045356628394826521169241980001910006002181041 087422+03433 5320a0636
23721.211370    0.01879	5120141212050422476170326523457418175301910065002483087 087334+03731 5320a0614
23721.229040    0.02599	5120141212052949447043626536687127548301910051002280078 087423+02835 5320a0605
23721.246420    0.01147	5120141212055450673724526552843742942301910030003074035 087415+03833 5320a0678
23726.177450    0.04405	5120141217041531267114525992050739520301910026002886134 086654+04052 5320a0612
23726.186590   -0.02850	5120141217042841762029525977281855925301910016002879052 086684+04650 5320a0656
23726.195360    0.02673	5120141217044119236839625988345027725101910009001333117 086725+04549 5320a0584
23726.212830    0.01181	5120141217050628520639225938857137873301910038002554156 086704+04551 5320a0635
23726.229760    0.05684	5120141217053051151214525918026048959001910025001608238 086745+04055 5320a0683
23726.237590    0.07160	5120141217054207560846925897935562673201910036001385439 086704+03760 5320a0603
23726.245270    0.05122	5120141217055311327791525900297519064301910046002379263 086715+03757 5320a0698
23726.254120    0.01586	5120141217060556160989225915962131914101910020001647124 086715+03063 5320a0646
23726.269940    0.02614	5120141217062843127121725878254837977301910067002797276 086784+04048 5320a0672
23726.280140    0.03817	5120141217064324265239225871839091079001910016001696118 086825+04845 5320a0612
23726.301790    0.02068	5120141217071434842296925859702310597301910057003090044 086825+03250 5320a0911
23728.262400    0.06268	5120141219061751387351025275697231835301910045002531194 087765+06556 5320a0224
23728.271940   -0.02261	5120141219063135948728525261545029114301910017002033069 087765+06855 5320a0795
23728.306210    0.05041	5120141219072056527723725217535056319301910055002619054 087804+07954 5320a0620
23737.801250    0.02385	5120141228191347995574024473996112120301910029001765115 086334-01127 5320a0729
23737.811000    0.03103	5120141228192750453349624478997572583001910017001766034 086495-00831 5320a0471
23737.823970    0.03559	5120141228194630616944224499759914367301910058001405311 086384-01027 5320a0622
23737.833880   -0.05967	5120141228200046880879924545871020893101910006001492062 086395-02032 5320a0298
23737.841110    0.04443	5120141228201111515622324522448318807301910032002185113 086404-03038 5320a0636
23737.851070    0.05550	5120141228202532871530624532454065007201910009002070065 086415-03037 5320a0543
23738.655500    0.00169	5120141229154355239126024672199371590301910019003169021 087465+00839 5320a0661
23738.665830    0.04352	5120141229155847793662324663188464281301910044001762168 087434-00242 5320a0648
23738.680070    0.04567	5120141229161918238030024652438269667301910058002038144 087404-01340 5320a0652
23738.688450    0.03550	5120141229163121718169824680957455438101910021001241251 087415-01844 5320a0659
23738.695020    0.06249	5120141229164049881501424638554478343001910018001691056 087582-01442 5320a0530
23738.710420    0.03821	5120141229170300701225224636418059003301910067002157146 087425-02035 5320a0956
23738.721420    0.03114	5120141229171850690275424666846288689101910035001302261 087404-02035 5320a0610
23738.729570    0.03960	5120141229173034802934924629467471052201910013001437152 087404-01731 5320a0502
23738.737750    0.03664	5120141229174221337650024630516934895301910053001618213 087415-01729 5320a0590
23738.746620    0.04772	5120141229175508142241724625718288799001910021001847045 087415-02226 5320a0492
23738.764730    0.04296	5120141229182112988061124632944431677301910014002740031 087425-02424 5320a0655
23738.775040    0.02761	5120141229183603308334524636060528405301910031002513061 087425-02526 5320a0692
23738.782170    0.07252	5120141229184619877269424634321838177001910022001628042 087425-02525 5320a0653
23738.791940    0.07010	5120141229190023592677224641664805728201910011001720106 087434-02727 5320a0670
23738.809770    0.03768	5120141229192603804450824655380186817301910049001944154 087434-03531 5320a0705
23738.817540    0.02667	5120141229193715244794024695007369397101910008001303117 087445-03530 5320a0451
23738.826900    0.04399	5120141229195043805098624669785420101301910020002154042 087434-04032 5320a0792
23738.837700    0.02650	5120141229200617225054724680457490668301910012002258026 087583-03131 5320a0711
23738.868200    0.07956	5120141229205012637083224716829570973301910012002192037 087572-02627 5320a0455
23738.875270    0.08790	5120141229210023263345024722106915836001910011001627028 087465-02524 5320a0632
23738.902190    0.05092	5120141229213909644560924767129282637301910018001903043 087495-02222 5320a0691
23739.712180   -0.00448	5120141230170532331365624870557742554301910031002692042 087565-02542 5320a0666
23739.781490    0.05330	5120141230184520357164324847292301252301910026002843013 087565-02430 5320a0493
23739.791820    0.03899	5120141230190013579106424848334606311301910028002011053 087584-01326 5320a0581
23739.823710    0.04847	5120141230194608920225324859126757806301910017002556020 087615-02028 5320a0468
23739.838820    0.02233	5120141230200753966993224868193577139301910028002444038 087625-02030 5320a0599
23739.916970   -0.07821	5120141230220026457781224952711359669301910015002262023 087665-02950 5320a0676
23741.720980    0.02132	5120150101171812333910925376806994074301910027002715023 088395+03445 5320a0556
23741.729320   -0.01784	5120150101173013548713925367115098878301910031002388028 088404+03743 5320a0676
23741.739430    0.04083	5120150101174446507210825354287393855001910018002296018 088404+03742 5320a0629
23741.756780   -0.01367	5120150101180945716189325338953365101301910023003522013 088445+04039 5320a0504
23741.765980    0.03648	5120150101182300328110325330911981605301910021002318018 088445+04139 5320a0659
23741.775950    0.01851	5120150101183722253223725321330139167001910016002338011 088465+04637 5320a0788
23741.796320    0.02219	5120150101190641622744925309882965367301910027003115020 088504+05535 5320a0672
23741.813920    0.06249	5120150101193202615274225301818568465301910023002005029 088504+06034 5320a0606
23741.830870    0.03045	5120150101195627524806025297092623063301910022002631014 088515+06335 5320a0581
23741.839790    0.01723	5120150101200917870882225295837051064301910036002801027 088504+05636 5320a0657
23751.041510   -0.01028	5120150111005946680851026651376427816301910024002983023 087575+12330 5320a0750
23751.068980   -0.00868	5120150111013919721095026617574838583301910015002140026 087520+12035 5320a0631
23751.078880    0.05986	5120150111015334913587026607128487916301910024003133016 087495+11535 5320a0742
23751.087150    0.09111	5120150111020529451010026600605858244001910009001290119 087495+11336 5320a0811
23751.099060   -0.01927	5120150111022239142566626588893835101301910032002692036 087475+10839 5320a0662
23751.105230    0.07091	5120150111023131882746526578473026285201910018001757030 087476+11339 5320a0470
23751.115930    0.02169	5120150111024656705492226576968901287301910033002425053 087475+11636 5320a0630
23751.140110    0.01095	5120150111032145809053026565376091243301910034002502051 087465+11536 5320a0656
23751.149940    0.05086	5120150111033554917156426564250005416001910032001936199 087454+11336 5320a0685
23751.183140    0.00755	5120150111042343508265126561269439408301910038002855045 087415+11040 5320a0702
23751.209230   -0.41692	5120150111050117309628926585986791800401910006001908055 087354+10342 5320a0654
23751.224120   -0.01579	5120150111052243944145226576934163335301910039002997052 087304+10543 5320a0569
23752.249130    0.01420	5120150112055845155394026439717004131301910022003395057 088125+03451 5320a0633
23752.256370   -0.01260	5120150112060910726846526443437888679301910010002347036 088104+02759 5320a0482
23752.265540   -0.03914	5120150112062222933033326448942976713301910012003269033 088095+02261 5320a0667
23752.281700   -0.03498	5120150112064538478430126460728185187301910010002439029 088104+02447 5320a0559
23767.695050    0.06320	5120150127164052177428124903255182465301910022003050073 086745+01043 5320a0601
23767.704350    0.03652	5120150127165415856355024901311070178301910035002008261 086754+00545 5320a0678
23767.712660    0.07930	5120150127170613895191624896867041572001910022002156051 086765+00546 5320a0606
23767.721050    0.08029	5120150127171818430369824902387113916201910023001643193 086775+00647 5320a0602
23767.738800    0.03612	5120150127174352113640124902330340320301910047002579207 086775+00351 5320a0690
23767.746330    0.01501	5120150127175443174011824938610000513101910021001282198 086795+00352 5320a0631
23767.790180    0.02560	5120150127185751367532924928317460636301910023002271106 086825-00257 5320a0628
23767.817610    0.01849	5120150127193721402390624953901119283301910027002212152 086834-00860 5320a0655
23767.825710    0.07469	5120150127194901357863924959741064336001910016002530034 086854-00460 5320a0674
23767.844920    0.02001	5120150127201641253732924986905900012301910011002954033 086884-00562 5320a0653
23767.864570    0.02583	5120150127204459131181125048784756544101910006001054110 086904-01165 5320a0622
23767.879900   -0.01868	5120150127210703481260125039011252072301910013003459048 086904-01065 5320a0567
23768.722970   -0.18910	5120150128172105007165325223930636014301910013002744026 086847-01369 5320a0600
23768.753520   -0.04508	5120150128180504324481025218160685803301910014003180020 086828-01567 5320a0611
23768.772130    0.11137	5120150128183151644471325219572801580301910009003218020 086785-01567 5320a0631
23781.108050    0.05991	5120150210023535465694026320413838123301910069002483164 087600+04532 5320a0674
23781.117840    0.08313	5120150210024941158153526312638399898001910010001596099 087607+03733 5320a0496
23781.132840    0.02876	5120150210031117729847926301967628337301910039002841068 087614+04134 5320a0741
23781.140880    0.06611	5120150210032251900225026285513369781201910039001853056 087615+04632 5320a0632
23781.148240   -0.02011	5120150210033327684274926312965562549401910009002179065 087614+04532 5320a0587
23781.157870    0.02989	5120150210034719797750926290243554055301910062002655093 087610+04831 5320a0660
23782.110950    0.00539	5120150211023946353134926088681342277301910062002906160 087859+05524 5320a0694
23782.119300    0.04224	5120150211025147308842226102294064443101910024001781044 087859+05125 5320a0621
23782.127500    0.07451	5120150211030335790786026055842410849201910093001576157 087853+05026 5320a0669
23782.134360    0.07079	5120150211031328853588026062458547622001910041001379490 087857+05326 5320a0589
23782.144590    0.03315	5120150211032812907027626052984132239301910262002725763 087863+05426 5320a0659
23782.165280    0.04497	5120150211035800270275626036895190003301910115002779329 087870+05226 5320a0660
23782.173120    0.03234	5120150211040917928756626055273217238101910023001447040 087871+05326 5320a0776
23782.181290    0.08025	5120150211042103791519426013639420535201910040001814058 087878+05426 5320a0654
23782.230860    0.04130	5120150211053226260153726017077118672301910098003044234 087885+05427 5320a0512
23782.244790    0.02896	5120150211055229708295226019190735790001910003001511037 087884+04831 5320a0474
23782.257380    0.04460	5120150211061037378217526022492825303301910060003045137 087901+04332 5320a0607
23782.265600    0.06728	5120150211062228036865926025947661212001910027001313267 087901+04530 5320a0660
23782.272850    0.08038	5120150211063254309694026014746755892201910042001682053 087904+04431 5320a0607
23782.283150    0.04739	5120150211064743915954926034759058517301910111003273129 087907+04431 5320a0782
23793.633740    0.02972	5120150222151234829209124019712106303301910065002393044 085788+04764 5320a0682
23793.642870    0.00607	5120150222152544155045124058515900649101910021001579026 085796+04564 5320a0750
23793.676850    0.03712	5120150222161439526503924050269740634301910024001825029 085833+03768 5320a0615
23793.689050    0.06420	5120150222163213598249624062602078447301910015001315060 085835+03668 5320a0663
23793.735990   -0.01816	5120150222173949693954124123974606478301910016002427083 085915+02569 5320a0613
23793.744960    0.04551	5120150222175244850982524133883696990001910009001248145 085926+02470 5320a0578
23793.784160    0.02524	5120150222184911316231324206620535406301910012002477057 085971+02670 5320a0514
23793.791870    1.37301	5120150222190017168822324255036277833101910016001547126 085984+02669 5320a0592
23794.757740    0.00690	5120150223181108617574324475595792643301910017002781055 085944+05166 5320a0655
23794.769400    0.02657	5120150223182755773140024492735205722301910015002139039 085947+05364 5320a0866
23794.807990   -0.04995	5120150223192330615247124557519410398301910008003277029 085952+05358 5320a0610
23797.690650    0.04548	5120150226163432530341425558920703044301910016003041014 086971+03149 5320a0380
23797.698200   -0.07310	5120150226164524592025625555583921226301910021003601013 086985+02752 5320a0635
23797.759060    0.01672	5120150226181302417342825583811032425101910010001396050 087000+00461 5320a0758
23797.791270    0.03230	5120150226185925698364825596825450877101910009001009123 086989+00167 5320a0615
23797.881230    0.04622	5120150226210858311594525656990871475301910021002959026 086954+00163 5320a0444
23797.886470    0.12192	5120150226211631321529425669949327198201910013002247046 086941+00062 5320a0612
23797.900450    0.05567	5120150226213639287287025686650071765301910017002960041 086939-00563 5320a0339
23805.967690   -0.19826	5120150306231328444819726661895549730301910021003701010 088216+03846 5320a0602
23806.010320   -0.08807	5120150307001451904349426643260834468301910016003911011 088216+04441 5320a0734
23806.019820    0.48631	5120150307002832318402526641933825139301910011002586054 088219+04442 5320a0714
23806.020120   -0.15081	5120150307002858605858626641908500774301910021003060110 088219+04442 5320a0790
23806.020340    1.07474	5120150307002917484116326641891030276301910015003461006 088219+04442 5320a0689
23806.100240   -0.20585	5120150307022420724953026671804880774301910018003634008 088228+02854 5320a0748
23808.048000   -0.16639	5120150309010907626311326453194961782301910026003496017 087798+02045 5320a0688
23808.065280   -0.20606	5120150309013400126611426445615168764301910029003154021 087783+01550 5320a0646
23808.110400   -0.21445	5120150309023858641354826441782854844301910030003568014 087778+01155 5320a0847
23808.153970   -0.22402	5120150309034142593924126459616228894301910027003441021 087735+01443 5320a0653
23810.043720    0.05412	5120150311010257111764226114201763481301910024002421045 087759+06168 5320a0472
23810.053830    0.04987	5120150311011730665282926100116716288001910010001951129 087748+06069 5320a0448
23810.063910    0.06906	5120150311013201814598126089512361513301910038002773068 087736+05969 5320a0602
23811.064540    0.03616	5120150312013255886786625848077162145301910020002471036 087396+09645 5320a0652
23811.072910    0.06275	5120150312014459406880525836081056202301910016002697034 087396+08545 5320a0595
23811.088570   -0.05080	5120150312020732729883525815287889747301910012003475017 087403+06750 5320a0668
23826.603090    0.08213	5120150327142826753004925897806810469301910016002537110 086721+13828 5320a0535
23826.732890    0.03420	5120150327173521283807725830372050488301910016002631163 086832+10738 5320a0799
23826.743020    0.04531	5120150327174956915263825832205558587301910027002894241 086863+09947 5320a0694
23826.760760    0.06304	5120150327181529980379925838112882583301910033002482468 086875+08555 5320a0677
23826.786980    0.06783	5120150327185315341065925853109468091301910040002612461 086903+07745 5320a0657
23826.794720    0.10506	5120150327190423994090325864503648205201910011002144304 086928+07938 5320a0633
23826.827280    0.04453	5120150327195117406962525890305790166301910030002128528 086973+07053 5320a0689
23826.850540    0.02445	5120150327202447020861025919080975650301910027002065568 087027+06067 5320a0684
23826.859140    0.15394	5120150327203709935137325936380753003201910005001730383 087046+05667 5320a0482
23826.874160   -0.02759	5120150327205847508150225953240602042301910012003181130 087065+05871 5320a0545
23826.883150    0.06962	5120150327211143779067725999970952611101910010001699253 087071+05969 5320a0571
23826.901780    0.04355	5120150327213833668703725998753991542301910013002466342 087096+05759 5320a0631
23826.931220    0.09009	5120150327222057558750826052750661366301910016003585246 087117+06443 5320a0506
23827.856380    0.07010	5120150328203311399535026185695003909301910027002590023 087192+07948 5320a0632
23837.990600    0.02430	5120150407234628030545625976611114426301910031003380018 088340+01856 5320a0643
23838.006550    0.01616	5120150408000925980577925954791206314001910017001857029 088361+01450 5320a0655
23838.015690    0.03886	5120150408002235840147825947043481058301910028002945016 088361+01645 5320a0541
23841.209270    0.05290	5120150411050120851351825063290631907301910071003424018 087971+04754 5320a1071
23842.170970    0.05482	5120150412040611573240824790291454954301910052002169413 088265+08059 5320a0678
23842.178800    0.01134	5120150412041728736139124778969844156001910013001991111 088266+08256 5320a0480
23843.191990    0.04580	5120150413043627714605724486309741013301910057001874503 088454+08854 5320a0655
23843.204540   -0.01219	5120150413045432664877424468319014852001910011001485060 088454+08755 5320a0388
23843.239380    0.04417	5120150413054442130464124439414112884301910071002615054 088465+09354 5320a0667
23843.245910   -0.00435	5120150413055407037424924431518282607001910025002162021 088467+09754 5320a0658
23843.278150    0.07288	5120150413064031932176824402992414575201910044002023040 088503+12046 5320a0608
23843.286580    0.04669	5120150413065240915667524416484091560301910056002525034 088498+12345 5320a0661
23844.192910   -0.00699	5120150414043747052533324236459549832301910009002795027 088208+12133 5320a0426
23845.195480    0.02262	5120150415044129367091924042372073474301910025001692155 088016+11036 5320a0629
23845.203210    0.07215	5120150415045237664300024029072389911301910014001979061 088015+11236 5320a0277
23845.216880    0.00820	5120150415051218834956124006572652100301910043002241057 088027+11138 5320a0486
23853.759800    0.00605	5120150423181407057399525471221615878301910023002995033 087209+09975 5320a0437
23853.799110    0.04791	5120150423191043353977425532264762386301910049002549189 087228+08380 5320a0817
23853.810370    0.06235	5120150423192655653441725584381196614101910022001068185 087239+08277 5320a0801
23853.821200    0.06740	5120150423194231868279825604075835798101910029000812351 087235+08179 5320a0765
23853.831730    0.01724	5120150423195741492835025591503193295301910050002563109 087236+08181 5320a0925
23853.843000    0.07341	5120150423201354903859525613347412696001910027001849103 087233+08380 5320a0774
23853.854930    0.11393	5120150423203106227220525642549954992201910017002084094 087235+08776 5320a0634
23869.111580    0.01499	5120150509024040242006024950482730170001910014001450066 087377+10158 5320a0468
23869.168800    0.04383	5120150509040304485737724932256519249301910039002285059 087439+11251 5320a0687
23869.179740   -0.00101	5120150509041849397501424928210516524001910033001158148 087458+11749 5320a0602
23888.832870    0.00661	5120150528195920160067326435922000800301910034001750041 087510+11968 5320a0671
23888.850460   -0.00681	5120150528202439691369426436973132428301910084001686106 087511+11968 5320a0641
23888.859620    0.12884	5120150528203751132863026431237050611201910021001152083 087515+11770 5320a0606
23888.876240    0.00776	5120150528210147400766726444831040936301910054002149064 087516+11772 5320a0806
23888.901600    0.01766	5120150528213818573502126459625594446301910019002572029 087511+11272 5320a0576
23888.922640    0.01816	5120150528220836105738926476897143521301910021003230026 087498+11072 5320a0609
23889.778920    0.00109	5120150529184138621160026324171926384301910029002742018 087323+11685 5320a0687
23889.787780    0.01914	5120150529185424387063226315442383502301910028002318020 087319+11586 5320a0686
23889.832320    0.06695	5120150529195832070101126284295381102301910029002731014 087340+11680 5320a0638
23889.866770    0.02571	5120150529204808529930826275421947994301910040002842016 087365+11874 5320a0690
23889.940600   -0.04244	5120150529223427960336526300993025229301910035002893014 087369+11571 5320a0648
23889.949840    0.06934	5120150529224746406925426298060099306201910023002159015 087365+11371 5320a0679
23899.066430    0.08678	5120150608013539311952024462289536076301910043001334071 087894+15962 5320a0617
23899.073910    0.05468	5120150608014626130606124452865855787301910089002052086 087886+16161 5320a0675
23899.093270   -0.02656	5120150608021418497426224426592123418001910046001043271 087859+16659 5320a0666
23899.106610    0.05158	5120150608023331424799224417747991270301910074001949089 087853+16957 5320a0676
23899.120000    0.10721	5120150608025247893461824395050706535201910030001710028 087850+17155 5320a0671
23900.146140    0.05081	5120150609033026098487324333639155524301910096001856128 087490+15649 5320a0706
23901.098110    0.03546	5120150610022116900777824390702778373301910015002286039 087639+12079 5320a0616
23901.108640    0.03559	5120150610023626825603124374693181811301910015000995149 087629+11680 5320a0567
23901.129840    0.02478	5120150610030658016929724344950058717301910019002163065 087596+11880 5320a0492
23927.082470    0.05397	5120150706015845784400924136291129677301910066001561073 088069+20251 5320a0614
23927.091720   -0.04196	5120150706021205031889124127236138180001910096001248179 088058+20052 5320a0661
23927.109050    0.05630	5120150706023701766981824125119433680301910058002209046 088059+19853 5320a0633
23927.120670    0.10349	5120150706025345875121924113633844037201910080001371126 088054+19754 5320a0687
23927.128750   -0.04563	5120150706030523655595124117751140890001910088001436262 088047+19755 5320a0718
23927.138030    0.04066	5120150706031846007146724122007369739301910158001362228 088058+19756 5320a0687
23927.146310    0.09843	5120150706033041170172124113725875700201910071001466111 088058+19455 5320a0693
23927.156610   -0.03091	5120150706034531408523124120883361247001910062000944254 088061+19056 5320a0665
23927.164600    0.04214	5120150706035701448006424127555675515301910086001701062 088066+19256 5320a0680
23927.177460   -0.03643	5120150706041532913949324128963468307001910076001092120 088067+20053 5320a0671
23927.187620    0.05585	5120150706043010786868624138757426666301910060002064038 088072+20153 5320a0674
23927.201030    0.04857	5120150706044928919333524147926251617301910058002325033 088073+20652 5320a0745
23929.094480    0.02543	5120150708021603196268724282682222257301910036002125050 087471+22438 5320a0687
23929.111430   -0.04783	5120150708024027508438024262507780505001910011001687044 087445+21844 5320a0569
23929.121060    0.02533	5120150708025419982883824257202936159301910078001606121 087432+21746 5320a0646
23929.132570   -0.03342	5120150708031053785717924245206162180001910023001659085 087421+22047 5320a0644
23929.150700    0.02592	5120150708033700067299124237128616181301910065001705091 087416+21750 5320a0656
23929.159400    0.09695	5120150708034932536357124228882121284201910031001486039 087409+21452 5320a0682
23929.167900    0.02681	5120150708040146217711124229799333968301910117001941146 087401+21452 5320a0655
23929.176570   -0.03481	5120150708041415256281724224314580270001910043001057149 087402+21650 5320a0649
23929.212430    0.01866	5120150708050554014887024226342156310301910065001945042 087384+22250 5320a0653
23929.256260    0.04819	5120150708060900777462724245048973627301910040002749019 087380+24537 5320a0631
23930.331540    0.00054	5120150709075724845480124402322550255301910032002353020 087283+22047 5320a0615
23947.783910    0.01998	5120150726184849710976125617262551696301910022002928011 087203+17772 5320a0573
23947.834830    0.01779	5120150726200208908114725598899490515301910069002808088 087189+16076 5320a0696
23947.851180    0.00555	5120150726202541696118725598968872644301910063002816083 087172+17640 5320a0691
23947.865770    0.02674	5120150726204642780247725601417159919301910044002590085 087169+18537 5320a0649
23947.874560    0.00646	5120150726205922068641225603950251025301910025002632018 087196+18637 5320a0602
23947.893490    0.00709	5120150726212637365393125612015448769301910054002837064 087191+18142 5320a0654
23957.015860    0.04703	5120150805002250686793424125742238999301910023002592029 087584+19850 5320a0675
23957.032140    0.03702	5120150805004617296514924106968051599301910033003066023 087584+19651 5320a0613
23957.044710    0.00935	5120150805010423292184524090923669133001910013001720034 087584+19650 5320a0569
23957.054600    0.03685	5120150805011837561905124084744301047301910039002878024 087584+19849 5320a0677
23957.079480    0.04282	5120150805015426770511724065643236119301910081001798087 087625+19748 5320a0670
23957.090570   -0.00854	5120150805021025419812224056148670900001910054001377171 087604+19249 5320a0689
23957.097690    0.10790	5120150805022040737319024054056379549201910032001090051 087625+20843 5320a0651
23957.122230    0.03266	5120150805025600521058424047842062222301910078002312060 087625+20146 5320a0683
23957.133210   -0.02422	5120150805031149224024924043604963674001910053001607108 087625+20247 5320a0731
23957.142040    0.09743	5120150805032432040943924044769815530201910030001688026 087595+19748 5320a0628
23957.165440    0.02873	5120150805035813676380524050594008233301910071002280049 087575+19249 5320a0780
23957.176020   -0.02152	5120150805041328217855724051679713758001910023001702039 087584+18851 5320a0720
23957.191610    0.04330	5120150805043554721713024062621356912301910041002692022 087604+18054 5320a0684
23957.206980    0.00142	5120150805045803422003624073269781929301910020002682008 087604+18255 5320a0501
23972.800390    0.02226	5120150820191233380970126591127549347301910007002861024 087910+14671 5320a0461
23987.162620    0.00055	5120150904035410712282224431917080870301910034002873052 087122+11256 5320a0733
23987.170680    0.01490	5120150904040546826065524431879313250001910013001930078 087108+11455 5320a0574
23987.180930    0.05819	5120150904042032333548724436824222503301910059002695086 087125+11554 5320a0727
23987.190200    0.02778	5120150904043353043085924440723376541301910067002834038 087129+11852 5320a0692
23987.198640    0.02870	5120150904044602436594024445101189355301910045002983021 087141+12051 5320a0664
23987.208380    0.01727	5120150904050003890328724451124236525301910052002813057 087159+11851 5320a0706
23987.215090    0.06648	5120150904050944123704024454241551496001910018001785097 087169+11851 5320a0383
23987.271520    0.04482	5120150904063059745305624514452192462301910049002845025 087203+14640 5320a0765
23990.144580    0.04313	5120150907032811641475725571318642078301910046002966114 087664+10852 5320a0699
23990.177580    0.04498	5120150907041543295503825539953138800301910051002612158 087648+10853 5320a0634
23990.223400   -0.02256	5120150907052141943440725511748708640301910040003241048 087665+10555 5320a0772
23990.276290    0.01805	5120150907063751178931425505180969517301910066003158048 087711+13349 5320a0696
23990.328790    0.01097	5120150907075327068390325528421664533301910074003043051 087739+14545 5320a0670
23991.137170    0.04957	5120150908031731845450725932735291065301910015001562105 087741+10668 5320a0513
23991.157610    0.14278	5120150908034657881004025911978997799201910012001799080 087727+10470 5320a0677
23991.183020    0.03318	5120150908042332923961925876041168666301910033002837117 087728+10271 5320a0660
23991.190380    0.02943	5120150908043409047299625868164825687301910028003116100 087727+10370 5320a0670
23991.202020    0.02935	5120150908045054270966525864847176635401910006001652031 087734+10171 5320a0152
23992.226300    0.01236	5120150909052552623017926131507035936301910029003177005 087500+10564 5320a0620
24003.783470    0.03953	5120150920184811668650825761271363531301910018003219038 087615+13060 5320a0702
24007.757880    0.01799	5120150924181121154610724183049646098301910042003339011 087357+10654 5320a0636
24008.945490    0.01473	5120150925224130454174123753595417330301910078002567056 087547+12248 5320a0631
24008.954030    0.02916	5120150925225347811142223744246572009201910027001666028 087545+12547 5320a0670
24008.969870   -0.01423	5120150925231636387424723762740447557001910027001469034 087539+12747 5320a0695
24008.982220    0.02444	5120150925233423553296723772308887635301910060002895016 087536+12747 5320a0632
24008.989990    0.00317	5120150925234534741343723765481048718201910025001916011 087539+13145 5320a0645
24009.005900   -0.00739	5120150926000829853134123791376836166301910071003131025 087540+13444 5320a0660
24009.016540    0.02376	5120150926002348872170523789019728253201910045001582025 087538+13444 5320a0682
24020.158240    0.06061	5120151007034752264055526224158397360301910007002124073 086790+11461 5320a0458
24020.214670   -0.00023	5120151007050907196170426169802012231301910022003066074 086828+11161 5320a0601
24020.223120    0.11782	5120151007052117151132426168239137634201910009001630056 086823+11361 5320a0530
24021.173420    0.03401	5120151008040943745321326486378335224301910057002381178 087176+10072 5320a0901
24021.182100    0.12158	5120151008042213349064926477325968676201910009001359129 087180+09678 5320a0425
24045.057640    0.00546	5120151101012259704775824987988845069301910025003072013 088428+08328 5320a0630
24078.234470    0.03455	5120151204053738634342726503050322484301910044001794210 088548+04154 5320a0818
24078.243450    0.06865	5120151204055034146762726498664533570001910015000952288 088560+04348 5320a0521
24078.259260    0.02878	5120151204061319852517326503291304435301910024001298326 088564+04147 5320a0653
24078.278540    0.03337	5120151204064106120935626508362575952301910015002098045 088577+04839 5320a0754
24078.300710    0.02596	5120151204071301448408126519425670819301910022002411032 088557+05830 5320a0646
24096.999490    0.01617	5120151222235915807774324246356263170301910013002017110 088654+03779 5320a0099
24097.004690    0.04931	5120151223000645303897924253093939144301910046002812024 088654+03779 5320a0643
24097.013420    0.03729	5120151223001919807025424264890910255301910040003364018 088634+03580 5320a0637
24097.024040    0.08181	5120151223003436995705824280013927616301910024003011006 088615+03580 5320a0626
24097.034430    0.05076	5120151223004934622284424295591222576301910022002203015 088625+03778 5320a0694
24118.641890    0.06437	5120160113152419452625024340653926601301910034002705017 087323+04325 5320a0702
24118.651860    0.06406	5120160113153840439097524343639763482301910029002405014 087326+04625 5320a0807
24118.660840    0.06310	5120160113155136207911324347272258349301910032002557026 087321+04425 5320a0635
24118.670540    0.05698	5120160113160534897124624352187989576301910039001804103 087323+03827 5320a0629
24118.705580    0.05041	5120160113165602310095024378125670999301910009001985109 087325+00441 5320a0645
24118.717720    0.04895	5120160113171331411160424389936510996301910011002384069 087325+00141 5320a0708
24118.738140    0.08990	5120160113174255585186124412783858796301910009001859108 087328+00339 5320a0722
24120.727300    0.02036	5120160115172718662567624253973740332301910008001879117 086514-01632 5320a0500
24120.733360    0.07890	5120160115173602101900624257138872959301910009002546093 086526-01730 5320a0329
24151.749770    0.03735	5120160215175940028339124501355531327301910025002159147 086367+02079 5320a0537
24151.771210    0.03954	5120160215183032250921824509403105283301910017002476089 086414+01879 5320a0531
24151.841370    0.01023	5120160215201134060300024569789316281301910026002921129 086551+02279 5320a0671
24151.848280    0.03797	5120160215202131044589624609206180096101910006000558253 086563+02178 5320a0563
24151.874690    0.08026	5120160215205933106382124614900982199301910010001986063 086584+01777 5320a0684
24151.892380    0.03870	5120160215212501718945524642453548912301910008002594046 086611+01477 5320a0253
24151.922750    0.00547	5120160215220845616363724694581486507301910014002411076 086686+02273 5320a0572
24179.680420    0.05993	5120160314161948519433624390210798319301910037003390017 087498+04666 5320a0674
24179.802700    0.03494	5120160314191553034048924486509963492301910012001512143 087560+01675 5320a0525
24179.842440    0.05730	5120160314201307041617324548382640662301910011002082134 087575+01373 5320a0450
24179.849350    0.01871	5120160314202303951923924592284606208101910015000802339 087578+01373 5320a0618
24183.755060   -0.00513	5120160318180716908228225714719842191301910012002710054 087254+04174 5320a0179
24183.764430   -0.01097	5120160318182046705895125708763747592301910033002735026 087265+03774 5320a0741
24183.781800    0.00784	5120160318184547487302225700002124090301910032002533030 087266+03675 5320a0663
24183.802270   -0.01344	5120160318191516127919025727610837469101910010000789297 087270+03574 5320a0276
24183.809280    0.09946	5120160318192521630364025696118837349201910014001362023 087272+03575 5320a0661
24183.857610    0.01955	5120160318203457569403525699193982027301910053002446074 087286+03675 5320a0577
24183.866030   -0.00275	5120160318204704575072225736689849753101910018001006196 087290+03773 5320a0591
24183.876190    0.06875	5120160318210142838267025706470349331001910028001741036 087296+03771 5320a0636
24183.885100   -0.01963	5120160318211432751957325714518370947301910066003211051 087301+03870 5320a0643
24183.913200    0.01530	5120160318215500638152525738580396922301910018002197053 087301+03667 5320a0274
24183.921050    0.00564	5120160318220618406384225780207080927101910039001000332 087294+03667 5320a0732
24183.929970    0.07236	5120160318221909390041425760053094945201910025001445052 087301+03667 5320a0617
24184.916340   -0.03248	5120160319215931407861925971252336469301910029003502014 087323+02689 5320a0642
24184.924910   -0.05420	5120160319221152289255625977288248629301910028002973014 087329+02389 5320a0561
24209.837090    0.06167	5120160413200524983829525128581850858301910006002637059 086628+05576 5320a0433
24243.872780    0.02746	5120160517205648481878726658791247352301910021002546010 087492+07375 5320a0583
24243.880430    0.02095	5120160517210749159575226660753627671301910035001994026 087478+07077 5320a0652
24243.889770   -0.01964	5120160517212115760885426664055078045301910025002913016 087484+07178 5320a0542
24271.867850   -0.00691	5120160614204942539259026651520850444301910024002343016 086270+12147 5320a0663
24330.830830    0.01342	5120160812195623898268926343388544814301910030001879070 088350+14068 5320a0527
24330.848720    0.01968	5120160812202209066560726349547610569301910036002476034 088372+15064 5320a0728
24342.062420    0.05157	5120160824012953388044424213650579163301910033002490102 088303+17353 5320a0347
24343.294480    0.01235	5120160825070402872773724298072643150301910039002539036 088071+19853 5320a0615
24343.313430   -0.00373	5120160825073119998681124345533539445101910024001728020 088061+21049 5320a0642
24345.121660    0.05551	5120160827025511371763424734585550593301910017002550071 088102+15967 5320a0496
24345.130210    0.03339	5120160827030730005658924722721992755301910026002189129 088095+15967 5320a0438
24345.155170    0.01638	5120160827034326705365424690406845246301910038002118194 088095+16068 5320a0606
24345.164080    0.06513	5120160827035616611348524679870711011001910011001522078 088096+16168 5320a0511
24345.170960   -0.00713	5120160827040610809098524703913253403101910030001054182 088094+16068 5320a0667
24345.179880    0.08347	5120160827041901286549024666761749880201910069001686464 088098+16069 5320a0675
24345.189230   -0.01981	5120160827043229419853724663286786935401910012001929059 088101+15971 5320a0412
24345.199510    0.11628	5120160827044717661500624643717491137001910010001897036 088107+15874 5320a0632
24345.208180   -0.00491	5120160827045946357948424636397414102301910091002479146 088119+15875 5320a0666
24345.213760   -0.03704	5120160827050748952517424663857395330101910030001595062 088123+15976 5320a0445
24345.236660    0.01485	5120160827054047703524724617421835430301910051003001025 088129+16676 5320a0673
24345.245080   -0.04149	5120160827055254752926224645027073821101910034001623023 088134+17075 5320a0653
24346.172460    0.01564	5120160828040820246367424920684821065301910016002082128 088036+16675 5320a0324
24346.209970   -0.03195	5120160828050221520250324907927246905101910025001601044 088047+16676 5320a0528
24346.218990    0.00375	5120160828051520670112524865668289505301910049002886036 088047+16676 5320a0595
24449.658070    0.02332	5120161209154736817321224203722450109301910021002775015 088445+08341 5320a0475
24462.198050   -0.00278	5120161222044511270066326366490603979301910023001720121 088428+06061 5320a0916
24462.240460    0.00061	5120161222054615900998626354236104900301910017001875063 088457+06260 5320a1176
24462.286060    0.02720	5120161222065155777482726363721157420301910012002574075 088478+05662 5320a0519
24462.294430   -0.07272	5120161222070358379521426368046412040301910009002989028 088354+05356 5320a0643
24477.747140    0.00014	5120170106175552984699724276430341695101910011001205259 087728-03873 5320a0399
24477.754760    0.03425	5120170106180651136319324251036339210301910022002586072 087732-03773 5320a0631
24477.765070    0.07836	5120170106182142010043324253949186208001910028002013040 087753-03473 5320a0595
24477.791190   -0.03674	5120170106185918601054324268369001534101910009000630454 087761-03871 5320a0281
24489.152990   -0.02829	5120170118034018273619525990944008503301910009001524106 086913-02135 5320a0266
24490.105960   -0.01670	5120170119023235139201126332379332423301910017001966070 087460+00235 5320a0638
24490.115670   -0.00095	5120170119024634175721526324526907863301910018001893089 087486+00036 5320a0653
24490.127740    0.00737	5120170119030357126745126316027299512301910038002031097 087404-01035 5320a0674
24490.137990    0.00355	5120170119031842112195326309956364386301910026001648099 087509-00939 5320a0682
24490.147790    0.07583	5120170119033249274083426295583343688001910015001410259 087520-00738 5320a0667
24490.158400    0.02557	5120170119034805835242126311534624737401910006001291150 087527-00738 5320a0566
24490.168260   -0.00831	5120170119040217355880826298470702547301910028001533125 087527-01039 5320a0629
24490.177480    0.08345	5120170119041534388052426287496265412001910014001481188 087520-00939 5320a0621
24490.187870    0.03071	5120170119043031743150626296408261520301910025001979075 087511-00938 5320a0638
24490.204920   -0.00418	5120170119045504987278026298159004652301910028001586139 087528-01439 5320a0683
24490.215430   -0.03960	5120170119051013131480726300896047366301910016003384042 087534-01940 5320a0588
24492.172690    0.02392	5120170121040840288538126697003681827301910015000846451 087775+00843 5320a0510
24492.257170    0.01133	5120170121061019309276326652977242877301910007001917219 087719+00341 5320a0293
24509.795230   -0.03096	5120170207190507852170324180136871842301910011002387041 086927+02774 5320a0189
24537.911230   -0.05012	5120170307215209913999524569893176168101910009001495094 087165+02231 5320a0512
24564.777580    0.01910	5120170403183942728507424402337500033301910033001979194 087560+09559 5320a0600
24565.755420   -0.00473	5120170404180748340321724635086876684301910022002668098 087334+10551 5320a0473
24565.762050   -0.00356	5120170404181720736950324668752128654101910006000968115 087338+10054 5320a0547
24565.772050    0.06525	5120170404183145129802524638692944975201910010001521124 087341+09654 5320a0485
24565.782680    0.00276	5120170404184703636826924639956150536301910018002212080 087346+09552 5320a0498
24565.806450    0.01074	5120170404192116897306924650801593980301910036002072106 087361+09244 5320a0639
24565.815400   -0.01220	5120170404193410424539624689506799205101910025001467164 087370+09437 5320a0551
24565.851920    0.00451	5120170404202645527391724688220849570301910042002062261 087376+09534 5320a0342
24565.858510   -0.02155	5120170404203615283237924728281205828101910022000880299 087371+09330 5320a0632
24565.868790   -0.30679	5120170404205103377987224708714807778201910006001746068 087565+09160 5320a0480
24565.895500   -0.00404	5120170404212931271947024742953063062301910026002063160 087351+09828 5320a0279
24565.919890   -0.00796	5120170404220438390784124813261970547101910010000971214 087355+09926 5320a0471
24565.957030   -0.03410	5120170404225807112597224845397133953301910016002994035 087325+09427 5320a0688
24607.098850   -0.57933	5120170516022220664528626531481064755401910008001978080 088441+11862 5320a0406
24622.865700    0.03033	5120170531204636364674125132941613434101910012001522064 088039+13261 5320a0661
24622.876550    0.10888	5120170531210213797242925116233820381201910010001391136 088036+13458 5320a0449
24622.890230    0.04242	5120170531212155641136825137653146208001910037001448243 088039+13356 5320a0554
24622.918240    0.00846	5120170531220216191974025203956103363301910021001531214 088038+12556 5320a0595
24623.863250    0.00444	5120170601204304512028925483814994896101910015001707122 087955+13175 5320a0530
24670.119880    0.05395	5120170718025237994954824334899059801301910004001297214 088029+14764 5320a0026
24728.033430    0.04179	5120170914004807949845424421487437237301910006001935179 087683+15661 5320a0105
24728.065360    0.04447	5120170914013406950077224367715428834301910069002032207 087641+14665 5320a1102
24728.113010    0.03049	5120170914024243736620524295380180969301910113001944520 087558+14767 5320a0639
24728.190760   -0.00140	5120170914043441762415824211440056789301910144002066586 087503+14866 5320a0640
24728.232390   -0.00468	5120170914053438845887424189563889464301910310001993397 087491+14368 5320a0675
24728.241880    0.02234	5120170914054818290306324215661390287101910140001152136 087492+14766 5320a0694
24728.249510   -0.10513	5120170914055917960002124199289595192401910034002446028 087483+15065 5320a0524
24728.257520    0.01317	5120170914061049585038924186682415533001910078002028068 087479+14867 5320a0682
24728.266380    0.10932	5120170914062335128837724185108265748201910122001448117 087477+14569 5320a0664
24728.274290   -0.01417	5120170914063458797585824186002622341301910283001863290 087471+14670 5320a0692
24728.282960    0.01651	5120170914064727404327724216055004855101910082001522059 087467+15069 5320a0660
24728.377050   -0.03754	5120170914090257551248724254625066129301910043003110016 087508+17855 5320a0481
24728.393460   -0.05971	5120170914092635115602824274603165437301910106002820040 087490+18950 5320a0653
24728.454680   -0.06445	5120170914105444153510824365225096037301910040003886011 087427+20252 5320a0723
24729.133700   -0.00521	5120170915031232061965624359127179122001910025001309357 087065+10762 5320a0412
24755.180250   -0.01026	5120171011041933729107624088957059386301910062002024095 087947+08183 5320a0655
24755.197040    0.01723	5120171011044344578173524092928261364301910095002019161 087950+08583 5320a0553
24755.213320    0.00052	5120171011050710721768924100719812042001910032001401259 087953+08584 5320a0585
24755.224140    0.09385	5120171011052246073774224106231518144201910060001678090 087959+08583 5320a0638
24755.325430   -0.01087	5120171011074837025501824215726923427301910113002490046 088057+11870 5320a0649
24755.353580   -0.01028	5120171011082909150188624261569501198001910060001934032 088082+12270 5320a0605
24755.370110    0.00206	5120171011085257750667124288435052047301910059003355011 088090+12764 5320a0620
24756.090970    0.05547	5120171012021059894419524281929366615001910010001218192 088079+09567 5320a0328
24756.104830    0.01781	5120171012023057739726424268629633856301910026002825055 088063+09368 5320a0621
24756.137680    0.02772	5120171012031815131428724241456561838301910099001906303 088057+10555 5320a0584
24756.162530    0.02901	5120171012035402250558524226733348014001910030001302291 088065+11248 5320a0545
24756.178410    0.01097	5120171012041654820075124222076311373301910086001657293 088063+11446 5320a0681
24756.368720   -0.02320	5120171012085057374258624357048241986301910056003559009 088214+16249 5320a0658
24757.125810   -0.00292	5120171013030109798771924453010971285301910018001600198 088322+12939 5320a0524
24757.135090    0.13738	5120171013031431742578624442957219640201910009001366053 088321+13238 5320a0449
24757.144050    0.02023	5120171013032726069060324467013515968101910018001582040 088314+13437 5320a0613
24760.310200   -0.03793	5120171016072641168054325033116168354301910120002032062 088607+13764 5320a0413
24760.316370   -0.01012	5120171016073534470461325066512062384101910087001980033 088621+14560 5320a0650
24760.332570   -0.01993	5120171016075854196352525019009217238001910027002651013 088640+15456 5320a0441
24760.352970   -0.06918	5120171016082817027836825025952125403301910071002488039 088645+16250 5320a0400
24760.360840   -0.00515	5120171016083936826581925062380735833101910046001817017 088653+16647 5320a0641
24785.071610    0.03051	5120171110014307168191324411946243970301910066002301107 087578+02475 5320a0616
24785.097100    0.04815	5120171110021949724618724382628555044001910008001529320 087559+02771 5320a0233
24785.138210   -0.00317	5120171110031901401236424360775219967301910128002438153 087577+02771 5320a0603
24785.172530    0.00457	5120171110040826985107624350831883033301910044002254276 087609+02768 5320a0144
24785.179720   -0.01650	5120171110041847604432924359908791236401910015001804204 087619+02969 5320a0374
24785.187980    0.04761	5120171110043041767963324345305410551001910054001387442 087626+03068 5320a0663
24785.200510    0.09462	5120171110044843647434124351186108414201910089001787079 087634+02768 5320a0674
24785.209060    0.00330	5120171110050102898566924354008713215301910299001956398 087642+02769 5320a0708
24785.228450   -0.04425	5120171110052858458253624371353504196401910010002413088 087615+03168 5320a0319
24785.239500    0.04365	5120171110054453009227724362795467642001910067001085999 087603+03168 5320a0597
24785.248710    0.09919	5120171110055808896050324373038116008201910118001310129 087590+03268 5320a0638
24785.257560   -0.00568	5120171110061052894202524380696854771301910221001872366 087604+03369 5320a0608
24785.262840   -0.01198	5120171110061829772975024419564886375101910011001267041 087604+03465 5320a0316
24803.793370    0.07486	5120171128190227158169325056884148299101910033001002402 086596+03527 5320a0531
24803.800050    0.03262	5120171128191204236023925027636840374201910048001816069 086589+02733 5320a0647
24803.810230   -0.00978	5120171128192643944183025030629898393301910071003918046 086567+02135 5320a0668
24810.893140    0.09050	5120171205212607705855723662009932692301910019002256038 088732+03529 5320a0249
24810.931340    0.05768	5120171205222107976107623613198799671301910147002536086 088739+03230 5320a0557
24810.945570    0.08120	5120171205224137297721923595558465729001910047001374152 088736+03031 5320a0382
24810.975270    0.03814	5120171205232423159211023569487470670301910117002444053 088734+02232 5320a0676
24810.992350    0.07988	5120171205234858967969523554999325711001910058001695062 088715+02033 5320a0653
24811.017310    0.05144	5120171206002455512102523543379026341301910122002119060 088692+01734 5320a0667
24811.025730    0.06293	5120171206003703032522723538368301808001910099001591100 088685+02333 5320a0679
24811.053270    0.11783	5120171206011642581819623534819437121201910023002608021 088660+02632 5320a0287
24818.345840    0.01294	5120171213081800829839626050071329142301910032002869009 087136+00828 5320a0618
24818.396070   -0.00556	5120171213093020807899926089201874556301910043003163013 087203+03422 5320a0588
24826.564120    0.02582	5120171221133220297763326679153581541301910059003936007 088476+07837 5320a0474
24826.606600    0.03293	5120171221143329884753126673642756798301910067003743006 088477+07136 5320a0636
24859.640440   -0.02287	5120180123152213659808525263670542321301910107003319046 087884+11040 5320a0617
24859.648740    0.08073	5120180123153411560990625275535179075101910041001826025 087901+11041 5320a0671
24859.665240    0.00024	5120180123155756517426825252821060665001910070002104058 087915+10642 5320a0618
24859.674260    0.04309	5120180123161056487092125234060122467201910043002108047 087925+10343 5320a0705
24859.682860   -0.00101	5120180123162318881294525234865298065301910082003520103 087925+09844 5320a0694
24859.691470    0.09421	5120180123163542762540125250462290349101910093000931704 087933+09545 5320a0582
24859.708520   -0.01423	5120180123170015978365625235965668843001910026002029062 087970+08647 5320a0596
24859.812330   -0.02001	5120180123192945119632525279425767378001910019001889089 088128+07741 5320a0438
24860.618190    0.03816	5120180124145011699042824966378524249301910020003499015 088329+08368 5320a0259
24860.651690    0.00293	5120180124153825597292524930581578523001910027002061034 088321+07670 5320a0426
24860.669320    0.06507	5120180124160348908954024898830483416201910041001939055 088332+07071 5320a0675
24860.683210   -0.07133	5120180124162349377886024890478780758301910014003460019 088328+06872 5320a0393
24860.732940   -0.02212	5120180124173525825862424863409239275301910019003158097 088334+04878 5320a0313
24860.740120    0.05628	5120180124174546439606724880722043542101910013001038399 088339+05269 5320a0557
24860.765240    0.05799	5120180124182156600431624856348980035201910025001764290 088359+05761 5320a0588
24860.784480    0.07301	5120180124184938733905824883599123514101910016000910280 088361+05755 5320a0619
24860.804230   -0.07527	5120180124191805414086024881973012994001910010002105053 088345+05552 5320a0471
24860.813100    0.09050	5120180124193052028590924873312564078201910022001719206 088341+05452 5320a0630
24860.822760   -0.05516	5120180124194446105583524884251076799301910016003233030 088341+05351 5320a0639
24865.896160   -0.03719	5120180129213028333524623474076461898301910132002505043 088396+05948 5320a0663
24865.904990   -0.00123	5120180129214311058957123472559920157001910051001799031 088386+05948 5320a0570
24875.218970    0.05869	5120180208051518849476026317166830404301910051002045360 086511-02484 5320a0572
24875.239250    0.05932	5120180208054430815080726355357520390101910009001857035 086539-01585 5320a0267
24875.275190    0.07157	5120180208063616236168626331276110851301910012001790179 086561-02281 5320a0315
24887.718610   -0.05891	5120180220171447965132325115547282720301910023002589089 086159-00191 5320a0543
24888.716700    0.04838	5120180221171203046835124830463989901301910016003545082 086105+00057 5320a0325
24917.713130    0.05651	5120180322170654829732524462276898492101910028002086017 086407+05849 5320a0596
24917.745180    0.04292	5120180322175303437859224480959451357101910007002078110 086376+03553 5320a0263
24918.724310   -0.07607	5120180323172300700112124302475390377301910018002440048 085953+03466 5320a0393
24923.768770   -0.04430	5120180328182701902179924356657053332301910081002075049 086696+07376 5320a0612
24923.777590   -0.07659	5120180328183943927602024346568338807301910036003140008 086698+07672 5320a0648
24924.817830    0.10446	5120180329193740844061124501842735791201910026001677043 086546+05083 5320a0206
24924.818810    0.09568	5120180329193905010390824500842549196201910026001677043 086546+05083 5320a0206
24924.825050   -0.04999	5120180329194804272096724493585438303001910034002337015 086559+05183 5320a0636
24924.827940   -0.04444	5120180329195213852234024490836771970001910032002012016 086559+05183 5320a0636
24924.834210   -0.04890	5120180329200116165212924493247238794301910040002836010 086561+05081 5320a0657
24924.837860   -0.03996	5120180329200631189889024490091299332301910043003419007 086561+05081 5320a0657
24924.894400   -0.07051	5120180329212756057425924458245704729301910049003354010 086583+04969 5320a0624
24924.897810   -0.05684	5120180329213250475411224457415805259301910049003369009 086583+04969 5320a0624
24924.942220   -0.07187	5120180329223647647071124458604304241301910053003147010 086567+04469 5320a0644
24924.945810   -0.07811	5120180329224157604360224459683859391301910053003147010 086567+04469 5320a0644
24932.085080    0.07359	5120180406020231039999126515427079308301910039000701085 087472+05378 5320a0332
24932.112020   -0.02838	5120180406024118717629926491898332576001910059000723309 087488+05678 5320a0550
24932.128960    0.06400	5120180406030542047987226494150940050301910096000868071 087494+05576 5320a0604
24932.158730   -0.02551	5120180406034834177333426483009788767001910044000976410 087503+05575 5320a0554
24932.175680    0.05895	5120180406041258992789526493404258102301910081000697093 087508+05376 5320a0531
24932.200400   -0.03093	5120180406044834600681326494668934927001910029000706391 087508+05076 5320a0590
24932.215920    0.05643	5120180406051055872174526511441150712301910090000687068 087509+05076 5320a0525
24948.696320   -0.04163	5120180422164242143229424207695136730301910152000993060 087711+17336 5320a0588
24948.704420    0.05969	5120180422165422256824024235986242300101910044000818037 087709+17138 5320a0515
24948.722490   -0.05222	5120180422172023452878424200708960369001910133000886097 087710+16544 5320a0603
24950.829710   -0.03823	5120180424195447118603924468660224134301910012001227036 087657+12377 5320a0166
25008.861960    0.06616	5120180621204113385953625346603174914301910031003128063 087538+17578 5320a0380
