2006.26356852 -0.0304449796677 5 20060407062630000000026494326499162370610 47 752 37
2006.26357993 -0.0745670795441 5 20060407063230000000026502092985384370610 69 583 28
2006.26598157 -0.0164366700575 5 20060408033540000000026473633569912370610 50 328 51
2006.26599044 -0.0468286015913 5 20060408034020000000026474420388384370610 38 362 19
2006.42192832 -0.0441350676939 5 20060604023725000000026491328211370370610 29 628 18
2006.42194432 -0.020309779875 5 20060604024550000000026495855245185370610 20 611 20
2006.42196777 -0.0174931027815 5 20060604025810000000026503256464681370610 61 361 47
2006.42198741 -0.0176985003873 5 20060604030830000000026510146654133370610606 148489 73127 16628
2006.42200674 -0.0544374921247 5 20060604031840000000026514084302611070610195 214 80 73128
2006.42202354 0.0177027247027 5 20060604032730000000026516302857061270610158 241121 73131 16430
2006.43009735 -0.011433456175 5 20060607021400000000026182679154003370610 19 633 12
2006.43013458 -0.0242075660154 5 20060607023335000000026173276631649370610106 336 51 73048
2006.43015708 -0.0211078860685 5 20060607024525000000026168763075774370610111 341 34 73058
2006.43017482 -0.0225488879606 5 20060607025445000000026165829876413370610 53 586 11
2006.43026054 -0.0185169913694 5 20060607033950000000026159499269246370610 43 571 13
2006.46117671 -0.0107464530393 5 20060618104030000000024286532848545370610122 260 76 73128
2006.46118922 -0.0157049634382 5 20060618104705000000024281080688669370610228 209261 73129 16120
2006.46121267 -0.0433299281522 5 20060618105925000000024269080783461070610 75 367 44
2006.46125909 -0.0028989055082 5 20060618112350000000024255052329725370610306 193122 73144 16419
2006.46129284 -0.00949809335915 5 20060618114135000000024245290445164370610123 332 72 73158
2006.46130758 0.0132906696871 5 20060618114920000000024237190906241270610 68 357 33
2006.46398475 -0.0123806931898 5 20060619111725000000024356907649883370610 53 495 17
2006.46401437 0.0250346920565 5 20060619113300000000024343941708035370610 40 498 60
2006.4640337 0.00660493589195 5 20060619114310000000024336182177787370610113 291 36 73291
2006.46941561 0.00420000768455 5 20060621105350000000024716456601528370610282 248 89 73095
2006.4694473 -0.000666473142781 5 20060621111030000000024696165073850370610 57 475144 73087
2006.46946726 0.00547864652427 5 20060621112100000000024683777265026370610 29 780 75
2006.4694754 -0.0919402837753 5 20060621112650000000024677039485213370610 34 569 50
2006.46947835 0.0105625650957 5 20060621112650000000024677039485213370610 34 569 50
2006.46949831 -7.05459043168e-05 5 20060621113720000000024665188588533370610102 357 54 73087
2006.46951162 -0.000992748968282 5 20060621114420000000024650416388303270610 46 369 36
2006.4985837 -0.012879345648 5 20060702023505000000026587401384219370610 66 246129 73175
2006.49862284 0.0333349964693 5 20060702025540000000026608420208821370610 33 224 18
2006.49865373 -0.051526043646 5 20060702031155000000026626396709707370610 26 428 40
2006.50135879 -0.0147355534956 5 20060703025440000000026526527661280370610363 150141 73325 15840
2006.50140156 0.0125342867449 5 20060703031710000000026546175755858370610211 185 70 73338
2006.50142612 0.0301363728121 5 20060703033005000000026558590717722370610 85 293160 73344
2006.50143864 -0.0198778846189 5 20060703033640000000026565929658920070610 86 189 48
2006.52970188 0.0414871237353 5 20060713112200000000023968230528964370610312 364 43 73412
2006.52971408 0.0372389814928 5 20060713112825000000023972740399190370610116 458104 73415 15950
2006.52975147 0.0279863140658 5 20060713114805000000023987904743695370610203 371 86 73419
2006.61189682 0.0382317564562 5 20060812115315000000023749888573805370610175 174 45 72973
2006.61191837 0.0467359087542 5 20060812120435000000023760533479217370610130 176 31 72979
2006.61193532 0.0374537966326 5 20060812121330000000023769391591474370610134 180 34 72979
2006.6119556 0.0266000292376 5 20060812122410000000023780529455271370610144 196 48 72981
2006.75638974 -0.0180384852811 5 20061004063045000000023823507278283370610999 140416 73324 13849
2006.75641145 -0.0226423480436 5 20061004064210000000023833941932895070610404 144152 73321 13945
2006.75642777 -0.0188967921659 5 20061004065045000000023829305341741270610274 155130 73318 14142
2006.77350131 0.000761654146037 5 20061010123045000000024292487824903370610144 229 60 72716
2006.77351716 -0.0207900741026 5 20061010123905000000024290148695294070610 68 252 38
2006.77353823 -0.0300297477171 5 20061010125010000000024307241874913270610 58 237 17
2006.77355914 0.000341441400371 5 20061010130110000000024329482897361370610170 223 68 72717
2006.85244236 -0.0522752740308 5 20061108083035000000024516244507369370610 55 359 13
2006.86390949 -0.0568480231687 5 20061112130150000000026053234146524370610 30 576 18
2006.86392295 -0.0114038922712 5 20061112130855000000026054742211785370610440 161399 72301 2869
2006.86395401 -0.00280496858803 5 20061112132515000000026059394387570370610201 196180 72312 2969
2006.90902112 -0.027701113455 5 20061129002845000000024270406917523370610 62 319 66
2006.90903839 -0.0300234296247 5 20061129003750000000024265060786899370610 67 257 33
2006.90905709 -0.0762526729032 5 20061129004740000000024259848419620370610 88 278 63
2006.90907483 0.000883366830669 5 20061129005700000000024255460618761370610 50 315 39
2006.90909781 -0.0259338357374 5 20061129010905000000024250598021941370610 65 307 52
2006.90911159 -0.0318596103117 5 20061129011620000000024248127070487370610 94 252 52
2006.91453105 0.0177482626513 5 20061201004645000000024033122675277370610105 187 58 72497
2006.91455323 -0.00688538336007 5 20061201005825000000024021993895866370610 70 202 38
2006.91457367 -0.0119268634245 5 20061201010910000000024012375477672370610128 172 64 72505
2006.914593 -0.00456962370125 5 20061201011920000000024003857815158370610 53 213 27
2006.9206291 -0.0216607787534 5 20061203061405000000023972232747094370610120 187 47 72858
2006.92064241 -0.013284895651 5 20061203062105000000023975580249411370610815 124320 72858 -5164
2006.92066333 -0.00750777506081 5 20061203063205000000023981405537114370610999 118462 72869 -5265
2006.92068551 -0.0179464557096 5 20061203064345000000023979933223244070610463 133190 72876 -5466
2006.92069993 -0.0282555558607 5 20061203065120000000023984839787218070610806 120331 72876 -5566
2006.92629192 -0.0119809844419 5 20061205075230000000024341025095246370610120 211 34 73069
2006.92631141 -0.0120229461118 5 20061205080245000000024345770677315370610186 190 52 73077
2006.9263347 0.00477197385581 5 20061205081500000000024352200120261370610 62 252 14
2006.94877145 0.0173437855318 5 20061213125550000000026526898492084370610308 134365 72787 044
2006.94878239 0.0125303528384 5 20061213130135000000026525526232346370610 85 181105 72788
2006.94881312 0.0234645865038 5 20061213131745000000026522808309518370610720 117485 72786 144
2006.94885448 0.0257615110949 5 20061213133930000000026517805733896270610378 131381 72784 046
2006.94887032 0.0190375111178 5 20061213134750000000026520642720645070610 77 211174 72792
2006.95432384 -0.0132455565855 5 20061215133610000000026466387309481370610255 165106 72526 3939
2006.98566906 -0.00736889623848 5 20061227002230000000024264460394300370610467 130251 72787 4727
2006.985712 -0.0114431121275 5 20061227004505000000024261937046723070610469 124213 72798 4727
2006.98574385 -0.0194841363355 5 20061227010150000000024257935236967270610130 147 60 72800
2006.98577443 -0.00247785829751 5 20061227011755000000024269253770610370610412 138460 72803 4827
2006.98578853 -0.00628242277352 5 20061227012520000000024263407369815270610101 183292 72809 4828
2007.02271877 0.0269079468325 5 20070109130910000000026484242207995370610999 112526 73348 2530
2007.02274714 0.0450644753054 5 20070109132405000000026490836430022270610284 142140 73358 2630
2007.02277106 0.0189813635424 5 20070109133640000000026503556710824070610544 125433 73356 3129
2007.02278976 0.0129409096316 5 20070109134630000000026527407691964470610 58 199 45
2007.06785085 0.0257412455157 5 20070126004650000000024294775622266370610185 185 92 72572
2007.06788967 0.0298213026598 5 20070126010715000000024297094407787370610269 155144 72573 -2945
2007.07665855 -0.00644752763955 5 20070129055920000000024922458340331370610 51 306 21
2007.09665089 0.0203278324679 5 20070205131430000000026564057384822370610 60 190 18
2007.10209015 -0.000848148100057 5 20070207125520000000026645463094289370610821 129220 72858 4635
2007.10212944 0.00776043153556 5 20070207131600000000026665200819821070610254 149101 72866 4136
2007.1021616 0.0329699776247 5 20070207133255000000026675363154479270610183 158 45 72869
2007.11031732 -0.00160727285592 5 20070210130230000000026304777238898370610937 153314 72788 4342
2007.11034632 0.0152853987292 5 20070210131745000000026321920676544470610 53 238 27
2007.13910975 0.00302579618248 5 20070221012610000000023886294123962370610425 134232 72297 -2260
2007.13914128 0.00920500970634 5 20070221014245000000023901235008967070610 60 254 41
2007.1391706 -0.00288781904427 5 20070221015810000000023919004523941270610235 153211 72319 -2360
2007.14460494 0.0125974676684 5 20070223013625000000024218043420703370610546 141324 72524 5232
2007.1446783 -0.00785324358193 5 20070223021500000000024243511363985070610263 150263 72537 4335
2007.15055026 -0.00406656049935 5 20070225054325000000024953664591426370610 56 332 40
2007.15058512 -0.0103664138242 5 20070225060145000000024978727531674370610245 181165 72089 -3628
2007.15061158 -0.00620064520089 5 20070225061540000000024988922353142270610 28 317 15
2007.15063772 -0.012672279112 5 20070225062925000000025018069716515370610 33 399 22
2007.15066482 -0.00204584383217 5 20070225064340000000025038916146553370610 80 271 29
2007.15602739 0.00137319780143 5 20070227054410000000025400769931938370610218 193 69 72173
2007.18692439 -0.0441406705305 5 20070310123445000000026376540839818370610757 167134 72791 6236
2007.23227685 0.00981369233879 5 20070327020820000000025409168718520370610723 152212 72571 7334
2007.23230046 -0.00693115972725 5 20070327022045000000025399128884504070610121 225146 72579 7234
2007.23231155 -0.0202940442487 5 20070327022635000000025405675852348270610 44 373 84
2007.23232232 -0.0267712809965 5 20070327023215000000025413858437042370610190 231 94 72588
2007.23823944 0.00237586713584 5 20070329062425000000026087671093014370610123 187 33 72002
2007.23826368 -0.0195126273557 5 20070329063710000000026100647278475370610 94 248 24
2007.24367648 -0.00654682897774 5 20070331060405000000026417261157734370610220 149100 72346 -3275
2007.24369486 -0.00696406149117 5 20070331061345000000026420811731817370610183 170 75 72341
2007.24373384 0.0129227898196 5 20070331063415000000026430302536714370610403 143156 72323 -3375
2007.24374604 0.0415292046145 5 20070331064040000000026429946709766270610 61 245 32
2007.24934295 -0.0119110085889 5 20070402074425000000026652463278450370610205 159 37 72680
2007.31761652 -0.0105348565504 5 20070427061335000000026405293347032370610403 151231 72553 10124
2007.31763806 0.00196149564537 5 20070427062455000000026418389791728370610626 135356 72555 10224
2007.31765423 0.00709810472282 5 20070427063325000000026423217851606070610251 154152 72555 10123
2007.31767498 -0.0120990016386 5 20070427064420000000026438976747385270610193 173121 72554 10124
2007.31768877 -0.0125623681471 5 20070427065135000000026451519857531370610522 152503 72554 10025
2007.33691789 0.0197888872698 5 20070504072520000000026455764301362370610 94 310 21
2007.33695576 -0.0247724988386 5 20070504074515000000026448267273744370610 83 280 11
2007.35652695 -0.0294410922453 5 20070511111855000000024488384398806370610142 247 51 73166
2007.35656371 0.00489595151695 5 20070511113815000000024463568195759370610 73 400 49
2007.35657781 -0.0229829289838 5 20070511114540000000024454509346405370610 80 350 56
2007.38560759 0.00419357038291 5 20070522021410000000025367338880769370610 76 368 49
2007.38563056 -0.0161218383238 5 20070522022615000000025380690154310370610142 262118 72369 12027
2007.3856445 -0.0330208280012 5 20070522023335000000025384275414405270610 85 296 84
2007.3856632 -0.00443539404122 5 20070522024325000000025391101224928070610 57 301 31
2007.38568411 0.00152507043632 5 20070522025425000000025414508996572370610113 304 72 72387
2007.38568463 0.0128809213638 5 20070522025425000000025414508996572370610113 304 72 72387
2007.39108329 0.0164827368334 5 20070524021410000000026022612998408370610208 207144 72644 11829
2007.39110848 -0.0117914416715 5 20070524022725000000026027210156330270610139 184 80 72658
2007.39113272 0.014104153879 5 20070524024010000000026031518352012070610468 145199 72668 11829
2007.3911557 0.0190842411593 5 20070524025215000000026046877105552370610405 159170 72675 11729
2007.3911839 0.0116789600924 5 20070524030705000000026058695757875370610195 210286 72681 11930
2007.40522299 0.0303945801333 5 20070529061105000000026636609134375370610169 202 67 72812
2007.40524042 -0.0219803788587 5 20070529062015000000026641219125667370610 67 318 15
2007.40526022 0.0351733229235 5 20070529063040000000026647032706782370610118 256 47 72804
2007.4052954 0.00392248845848 5 20070529064910000000026658825848023370610182 207 39 72802
2007.42495278 -0.0204504468366 5 20070605110810000000025270566527593370610969 157153 72987 13638
2007.42497829 -0.00139996790139 5 20070605112135000000025275863009872070610175 210119 72992 13838
2007.42499445 -0.00951001428811 5 20070605113005000000025264383666429270610 46 298 18
2007.42501537 -0.0161336400434 5 20070605114105000000025271784315345370610796 163197 72992 13739
2007.43037208 0.00752177453788 5 20070607103830000000024755691588113370610291 202 80 72077
2007.43039284 -0.000311706297078 5 20070607104925000000024746786323305370610 68 380 72
2007.46231383 -0.0525564887449 5 20070619023835000000025497445318813370610147 270 97 73005
2007.46233237 -0.0502516963407 5 20070619024820000000025512381648889370610568 201345 73014 18617
2007.462378 -0.0247457959577 5 20070619031220000000025542338365574070610107 412 55 73027
2007.46239686 -0.0529535748884 5 20070619032215000000025562097479745270610257 297130 73031 18816
2007.46240985 -0.0385923125669 5 20070619032905000000025577528726950370610439 232523 73033 18816
2007.4705033 -0.0108794906065 5 20070622022555000000026299843515191370610110 295130 73265 18935
2007.47052057 -0.0410253741666 5 20070622023500000000026307495790624370610429 183260 73264 18635
2007.47054164 0.000878479249797 5 20070622024605000000026314577111398070610516 170277 73263 18235
2007.47055384 -0.0308104493543 5 20070622025230000000026322135324036270610141 386199 73262 18035
2007.47877294 0.00287797666343 5 20070625025525000000026588081920150370610377 189 62 72946
2007.51805872 -0.00924358152596 5 20070709111810000000024181590964355370610254 166 95 72979
2007.51808724 -0.0244087912962 5 20070709113310000000024154590753616270610140 215 85 72991
2007.51812052 -0.013935778372 5 20070709115040000000024149773896587370610389 184579 73011 15263
2007.73104514 0.0215286276415 5 20070925062030000000024012200351948370610404 168 80 73057
2007.73106431 0.017663743265 5 20070925063035000000024013162718632370610365 171 71 73046
2007.73107857 0.0149358770922 5 20070925063805000000024014291980416370610460 152 70 73035
2007.73109663 0.0268924496249 5 20070925064735000000024017562695005070610242 143125 73039 10366
2007.73111136 -0.0227064826414 5 20070925065520000000024007806871243270610151 159111 73039 10267
2007.75315851 0.0117259285525 5 20071003081115000000024855118803198370610 55 578117 73127
2007.79612772 0.00699618078025 5 20071019005120000000025805704317567370610 38 879 55
2007.79614213 -0.00976762556283 5 20071019005855000000025803968956192370610174 263102 72561 7232
2007.79617366 0.0253937504366 5 20071019011530000000025808531476367070610 61 265 46
2007.79618919 -0.00504455351082 5 20071019012340000000025800609902734370610 81 456 67
2007.79620139 -0.0340777375623 5 20071019013005000000025794158627874270610 60 263 63
2007.81043425 0.0480437538699 5 20071024061600000000023669993192820370610455 149108 73692 5448
2007.81045295 0.0484466812685 5 20071024062550000000023671668680286070610162 159 67 73691
2007.81046927 0.0184272787646 5 20071024063425000000023676236071055370610312 170234 73691 5449
2007.81048622 -0.0153609254285 5 20071024064320000000023667043094061270610488 126149 73692 5249
2007.81051062 0.025608803995 5 20071024065610000000023686203415381370610407 164101 73699 5150
2007.8215292 0.0459833405093 5 20071028073130000000023510368417399370610999 109521 73714 8426
2007.82155329 0.0218007824496 5 20071028074410000000023507353908318370610 97 228 69
2007.8215761 0.0365586540774 5 20071028075610000000023494537010528070610145 177162 73713 8526
2007.82158561 -0.0140002705976 5 20071028080110000000023494521313181270610325 147207 73715 8626
2007.82427086 0.0550517103747 5 20071029073330000000023820582782377370610999 119645 73710 8338
2007.82428702 -0.0020649173185 5 20071029074200000000023807889324766270610525 140240 73717 8338
2007.82429906 0.0328606627062 5 20071029074820000000023801492928294070610811 128671 73710 8337
2007.8243073 0.0426992437914 5 20071029075240000000023811554036372370610543 164954 73710 8136
2007.83860528 -0.0028167703077 5 20071103131250000000025757886755119370610999 127642 73289 6248
2007.84407734 -0.0138715245649 5 20071105131055000000026365846197715370610603 145609 73073 9631
2007.84408843 0.00480034566673 5 20071105131645000000026370794981705470610216 153354 73068 9728
2007.88093803 -0.00918111585824 5 20071119001810000000024695397900516370610999 134499 72958 9529
2007.88095657 0.0196551344469 5 20071119002755000000024689148339740070610922 119653 72969 9926
2007.88097479 -0.0359298922941 5 20071119003730000000024667032450671270610999 114999 72974 10126
2007.88098857 -0.00951740526406 5 20071119004445000000024673083814414370610999 137776 72982 10825
2007.88099887 0.00817802167686 5 20071119005010000000024671485035601070610999 118999 72991 10825
2007.88100822 -0.0419748761579 5 20071119005505000000024653770599502270610866 121999 72999 10725
2007.88100863 0.0630209445953 5 20071119005505000000024653770599502270610866 121999 72999 10725
2007.88101741 -0.0126440265104 5 20071119005955000000024662270453353370610999 140953 72999 10924
2007.88435924 0.00692775464805 5 20071120061735000000024291409604381370610999 122840 72892 9223
2007.88437952 -0.00407335542885 5 20071120062815000000024287346423305270610999 111999 72886 9223
2007.88440281 0.0162828228548 5 20071120064030000000024313523583371370610593 174897 72877 9423
2007.88441548 0.0492669603899 5 20071120064710000000024320663270443070610999 112999 72872 9223
2007.88442879 0.00890841699394 5 20071120065410000000024313423977598270610922 124999 72870 9224
2007.88443735 0.0213271639422 5 20071120065840000000024332368441391370610744 155999 72867 9224
2007.90368786 0.0361601374224 5 20071127074340000000024013610217288370610620 140279 73036 3419
2007.90369816 0.0431244633273 5 20071127074905000000024000256441664070610 70 232120 73034
2007.90370671 -0.0243696906492 5 20071127075335000000024003499058458270610129 196123 73033 3418
2007.90371733 0.0272679588869 5 20071127075910000000024008240560105370610462 150424 73041 3118
2007.90639577 0.0269426367358 5 20071128072755000000024467837985864370610327 174293 72818 3237
2007.90640369 0.0391373894289 5 20071128073205000000024464891995094370610286 196303 72809 3832
2007.90641478 -0.0205340125486 5 20071128073755000000024456476924179270610 23 429 26
2007.90642492 -0.00430414461342 5 20071128074315000000024457347303612370610 78 378 88
2007.90643934 0.0234680435732 5 20071128075050000000024452524417074370610 71 350 38
2007.92070848 -0.00383028768746 5 20071203125550000000026351514737523370610465 142732 73632 3913
2007.92072686 0.0628344080523 5 20071203130530000000026344850962384070610 89 214493 73651
2007.9207397 -0.0141781308576 5 20071203131215000000026347184424333270610226 162772 73651 4313
2007.92076188 0.0188828966692 5 20071203132355000000026342408970994370610 66 351555 73656
2007.92077566 0.0522986910418 5 20071203133110000000026350637908639470610 13 513 37
2007.92342114 0.00598123288902 5 20071204124235000000026592457555279370610402 153397 73170 10427
2007.92343778 -0.00574431204049 5 20071204125120000000026587961581065270610472 134573 73173 10427
2007.92346598 -0.0223532655164 5 20071204130610000000026576210050321370610 49 343120 73170
2007.92348388 -0.0221403577253 5 20071204131535000000026570578596388370610499 147999 73171 10228
2007.92349862 0.0260520241335 5 20071204132320000000026565136968020070610146 177160 73166 10128
2007.96034648 0.0116815939455 5 20071218002350000000024432728614174370610999 127539 72505 739
2007.96036502 -0.0175919160337 5 20071218003335000000024413068768329270610373 136489 72515 638
2007.96038292 0.0270469561129 5 20071218004300000000024420750290693070610999 112999 72511 539
2007.96039591 0.0177905931978 5 20071218004950000000024418540817040370610591 152696 72514 539
2007.96040906 -0.0248673781843 5 20071218005645000000024401555067302270610114 204232 72519 639
2007.96582582 0.0260434523134 5 20071220002545000000023929823869965370610442 151263 72377 -232
2007.96584246 0.037561930707 5 20071220003430000000023915730552341070610 28 207 18
2007.96586131 0.0223174467592 5 20071220004425000000023910446440209370610999 124599 72392 -431
2007.96587874 -0.0175881013365 5 20071220005335000000023887218812407270610550 127686 72391 -431
2007.96589142 0.0444351807146 5 20071220010015000000023890590395628070610625 121594 72390 -431
2007.96924544 -0.00835784525583 5 20071221062420000000023682214226682370610999 113887 72309 2227
2007.96927412 0.010374225667 5 20071221063925000000023686661248527070610700 121281 72303 2227
2007.96928648 -0.03838392348 5 20071221064555000000023683566840796270610865 120698 72286 2426
2007.96929852 -0.0102761611433 5 20071221065215000000023703284149073370610979 123999 72279 2426
2007.96930929 0.00572136788656 5 20071221065755000000023701531556632070610151 168189 72271 2525
2007.98579867 0.00979069619467 5 20071227073040000000024812760823894370610999 120619 71417 -4727
2007.98581736 -0.0378837213011 5 20071227074030000000024804502808737270610999 118407 71402 -4728
2007.98583527 0.0115671530276 5 20071227074955000000024792990563943070610245 157154 71371 -4528
2007.98585428 -0.00509031862925 5 20071227075955000000024796338668925370610999 120708 71359 -4629
2007.98587472 0.00236121564199 5 20071227081040000000024782995935054070610530 136404 71353 -5134
2007.9858885 -0.0385124310942 5 20071227081755000000024786153575303270610341 145255 71357 -5234
2007.98589801 -0.0066731795759 5 20071227082255000000024786550199546370610186 231205 71365 -5335
2008.00016557 0.0396455898791 5 20080101132705000000026511620895904370610108 210 66 73280
2008.00018633 0.0187657251864 5 20080101133800000000026512115417997370610215 161119 73292 -3016
2008.00020898 0.0125244036226 5 20080101134955000000026513512469190370610 85 248 85
2008.03703878 0.0159269943743 5 20080115004055000000024445655106003370610332 173357 72662 -5460
2008.03707158 0.00521007924368 5 20080115005810000000024447391866471370610145 214 78 72675
2008.03710929 0.0139339342623 5 20080115011800000000024451697043624370610532 146260 72669 -6063
2008.04596484 -0.0217285975904 5 20080118065540000000024120977538933370610 44 420226 71877
2008.04597387 -0.0130554065199 5 20080118070025000000024126295747170370610283 152324 71885 -8037
2008.04598338 0.0192498341112 5 20080118070525000000024131962995495370610 14 851 54
2008.05414813 -0.020753107974 5 20080121063945000000024068692345450370610 53 228 21
2008.05418204 -0.0358899459333 5 20080121065735000000024075244797331370610999 114315 72105 -2249
2008.05419946 -0.0642336234541 5 20080121070645000000024070367110771270610572 129450 72097 -2350
2008.11103458 0.0219605341463 5 20080211011945000000024470719278875370610999 116999 72842 5126
2008.1110555 0.0145535841494 5 20080211013045000000024482008054516370610380 163999 72838 5325
2008.11106263 -0.00536628813456 5 20080211013430000000024472058021299270610821 121999 72838 5225
2008.11107293 0.0372138395815 5 20080211013955000000024488156677218070610692 123999 72835 5126
2008.11108354 0.0308920517473 5 20080211014530000000024515457796744470610258 190540 72835 5226
2008.11109131 0.00463167577078 5 20080211014935000000024502492496816370610343 173999 72835 5226
2008.13077484 -0.00699575991343 5 20080218062220000000024500636582120370610560 129896 72284 -1937
2008.13079052 -0.0196722373457 5 20080218063035000000024506027267240370610999 108999 72288 -2036
2008.13080763 -0.0385003909559 5 20080218063935000000024504530007196270610854 118999 72288 -2035
2008.13081777 0.010475076726 5 20080218064455000000024508300501998070610614 123711 72283 -2235
2008.13082601 -0.025107704112 5 20080218064915000000024519558458327370610372 138999 72284 -2336
2008.13083172 -0.0360456332655 5 20080218065215000000024514113957528270610222 149790 72284 -2336
2008.13083805 -0.000146828600864 5 20080218065535000000024516643525372070610125 171227 72284 -2336
2008.13084471 -0.022560082385 5 20080218065905000000024527411794176370610708 123999 72278 -2436
2008.130852 0.0043039694338 5 20080218070255000000024522714490338070610220 148332 72269 -2537
2008.1561318 -0.0113812312574 5 20080227123905000000026631639913174370610 46 336 48
2008.15618029 -0.0727817639799 5 20080227130435000000026642929262535370610 40 377 59
2008.16161384 -0.00164922327707 5 20080229124225000000026574228271529370610130 233133 72809 5420
2008.16162398 -0.0260233506651 5 20080229124745000000026572659215794370610124 263168 72813 5119
2008.16163713 -0.0211269483061 5 20080229125440000000026570153402924270610 74 230 70
2008.16165076 -0.0215710029096 5 20080229130150000000026569280112480370610 48 443 74
2008.16166233 0.0451753511934 5 20080229130755000000026573688956034070610 30 360 89
2008.16167072 0.0253632441073 5 20080229131220000000026573022908773070610111 198230 72837 5220
2008.16167944 -0.0377481803388 5 20080229131655000000026566896780234370610 63 415437 72838
2008.21292018 -0.00483258814524 5 20080319062730000000025282404699433370610630 131210 72575 -1050
2008.21296946 -0.00769742579172 5 20080319065325000000025299889509380370610999 117386 72576 -1050
2008.22671496 -0.0376045331449 5 20080324072300000000026455725683555370610166 191 65 73013
2008.2267316 0.00822488217642 5 20080324073145000000026452275716357370610317 165122 73012 2112
2008.22675283 0.0130304470568 5 20080324074255000000026448522594070370610303 156 77 73000
2008.22678547 0.0106612816363 5 20080324080005000000026444197714473370610 71 235 28
2008.22681097 0.0201609507113 5 20080324081330000000026442055260033370610354 156206 72988 1913
2008.22681937 0.0145578756838 5 20080324081755000000026443466096235270610 25 409 26
2008.22682714 0.0441913977175 5 20080324082200000000026443340673192070610273 179475 72990 1613
2008.23545469 -0.0289424285383 5 20080327115945000000026692694354732370610468 161323 72408 4521
2008.23547244 -0.0198409184904 5 20080327120905000000026695091111938370610285 184211 72407 4522
2008.235497 -0.0321513041944 5 20080327122200000000026699199405152370610217 207227 72407 4322
2008.23550666 0.00225309281637 5 20080327122705000000026706532389020070610111 202341 72402 4422
2008.2355168 -0.0279960259886 5 20080327123225000000026702504390813270610 28 318 19
2008.23552504 -0.0188471898527 5 20080327123645000000026710489381646070610122 196476 72408 4323
2008.2355328 -0.0248773917646 5 20080327124050000000026723078787109470610 60 223156 72404
2008.23554136 -0.0461347922773 5 20080327124520000000026708905554607370610103 407140 72408 4323
2008.24094766 -0.0278864726515 5 20080329120850000000026432115987164370610306 206207 72309 4635
2008.24095891 -0.00561317057322 5 20080329121445000000026447726602249470610 67 227285 72311
2008.24097016 -5.86137265965e-05 5 20080329122040000000026433428132031070610206 172499 72318 4536
2008.24098125 -0.021214209506 5 20080329122630000000026421955436410270610243 161378 72319 4535
2008.24098933 -0.00997873396585 5 20080329123045000000026424148186126370610160 249356 72334 4733
2008.24099995 -0.0117961987943 5 20080329123620000000026440642962654470610 77 232372 72341
2008.24100787 -0.0186481103391 5 20080329124030000000026427461496468070610154 175470 72343 4734
2008.24101421 -0.0216356143446 5 20080329124350000000026417085622981270610158 175502 72341 4834
2008.24101896 -0.0142165050001 5 20080329124620000000026420119610205370610173 246612 72340 4634
2008.24364242 1.97067766383e-05 5 20080330114610000000026210703588658370610124 306327 72422 5134
2008.24365272 -0.0290853604765 5 20080330115135000000026200881004378270610131 207266 72422 5135
2008.24366714 0.00149384885122 5 20080330115910000000026205327265997070610112 214379 72426 5434
2008.24367664 0.0224331989794 5 20080330120410000000026214372330956470610 36 322129 72431
2008.24368662 -0.00642880053232 5 20080330120925000000026191525087950370610243 224670 72433 5134
2008.24369565 -0.0172602757902 5 20080330121410000000026182770033366270610244 155589 72426 5334
2008.24370437 -0.00198968500803 5 20080330121845000000026190341064708070610175 168573 72423 5333
2008.24371451 0.0110549107104 5 20080330122405000000026199686845976470610 43 285295 72432
2008.24372196 0.00330308823874 5 20080330122800000000026178217149944370610 83 414355 72434
2008.24372703 -0.0306306704969 5 20080330123040000000026171225294401270610 55 294256 72435
2008.24373162 -0.0328960046263 5 20080330123305000000026180658502536070610 35 377303 72441
2008.24373653 0.024225987485 5 20080330123540000000026192119819458470610 26 470136 72440
2008.24374445 -0.0165354833097 5 20080330123950000000026170710379722370610195 237300 72439 5134
2008.28358858 -0.00287052244852 5 20080414015615000000024939008468146370610999 123999 73181 3636
2008.28360363 -0.0176994428129 5 20080414020410000000024935918974355270610210 163666 73176 2938
2008.28361599 0.004607476285 5 20080414021040000000024931639613715070610554 130456 73176 3139
2008.28362756 -0.00765641779612 5 20080414021645000000024940505709495370610828 128999 73173 2739
2008.28366146 0.000812925389309 5 20080414023435000000024935834245350070610432 135707 73180 2341
2008.28367034 -0.0370592698545 5 20080414023915000000024941723427943270610 66 270280 73176
2008.28407277 -0.00556703657816 5 20080414061055000000025129676314740370610591 137999 73238 5921
2008.28408212 -0.00861867518137 5 20080414061550000000025129292670384070610 42 210 71
2008.28408989 -0.0438379868955 5 20080414061955000000025138969690023270610 25 414 53
2008.2841043 -0.0301365479917 5 20080414062730000000025153060057204370610395 139792 73235 5520
2008.28413583 -0.0208994969816 5 20080414064405000000025177339856261370610 90 264158 73234
2008.28414772 -0.00584407896708 5 20080414065020000000025179589845784070610177 152350 73232 4822
2008.28415421 -0.0416740998716 5 20080414065345000000025188634951568270610 60 251565 73232
2008.28416689 -0.0276200398893 5 20080414070025000000025198809631072270610 21 339 46
2008.30613481 -0.00912126154612 5 20080422073440000000026711481585762370610888 131148 72689 8115
2008.30615826 -0.0204090699644 5 20080422074700000000026712871509710070610136 167150 72684 8215
2008.30616761 -0.0183597430677 5 20080422075155000000026709933438456270610 69 236 63
2008.30617712 -0.02373381705 5 20080422075655000000026708179110534370610312 181208 72696 8115
2008.32300729 -0.00695510954569 5 20080428112855000000025900678346931370610975 146614 73173 1230
2008.32302567 0.00912550835897 5 20080428113835000000025896953183074070610199 165816 73173 930
2008.32303676 -0.0157436952085 5 20080428114425000000025878733259529270610394 141999 73171 1230
2008.32304453 0.00559142976095 5 20080428114830000000025904141707136470610 60 235192 73170
2008.32305435 0.00366107373526 5 20080428115340000000025880117850785370610123 319356 73174 831
2008.32306877 0.0130650177508 5 20080428120115000000025879235966807070610 81 227349 73183
2008.32307574 -0.0401731357069 5 20080428120455000000025863144615681270610122 185468 73178 431
2008.32572328 -0.0077170953245 5 20080429111725000000025561809337747370610599 162402 72852 8115
2008.32573675 -0.0111214742155 5 20080429112430000000025542655879176270610218 162696 72848 7815
2008.32574847 0.00432137399008 5 20080429113040000000025549408356768070610 84 233294 72845
2008.3257583 0.00532332806875 5 20080429113550000000025559901210875470610 35 284 91
2008.32576828 -0.00311132521341 5 20080429114105000000025533521491947370610304 210515 72845 8515
2008.32577778 -0.0186961516828 5 20080429114605000000025517417129751270610218 159792 72845 8615
2008.3257884 0.0102566853075 5 20080429115140000000025525557248177070610198 162914 72842 8615
2008.32579838 -0.00726541132639 5 20080429115655000000025536541352657470610 90 173454 72841
2008.32580614 0.00411669163992 5 20080429120100000000025511882361365370610175 249443 72841 8515
2008.3602869 -0.00398965925882 5 20080512021630000000024956764486409370610158 227999 72757 11322
2008.36029403 -0.0197680816145 5 20080512022015000000024959250529396370610602 143999 72757 11322
2008.36030782 -0.00944336504648 5 20080512022730000000024963061310028270610317 139999 72763 11322
2008.36031653 -0.0048466548414 5 20080512023205000000024960427960372070610203 153432 72767 11322
2008.36032762 0.00454524903585 5 20080512023755000000024972096924846370610219 195940 72768 11421
2008.36033618 -0.0324843749494 5 20080512024225000000024974432197579270610 35 358290 72776
2008.36034331 -0.0166844949217 5 20080512024610000000024977496768220270610314 148999 72777 11421
2008.36035424 -0.00334890932749 5 20080512025155000000024976442625273070610662 126999 72778 11421
2008.36036311 -0.00508125872324 5 20080512025635000000024987664669932370610619 144999 72778 11521
2008.37454591 -0.0294653996916 5 20080517071610000000026537299807316370610237 172111 73056 3256
2008.37457617 -0.00553389639566 5 20080517073205000000026553731726725370610282 164140 73035 4048
2008.37459233 -0.0345323905439 5 20080517074035000000026565756784671270610146 169105 73022 3949
2008.37990452 0.0137832537203 5 20080519061435000000026721036067060370610 69 225 27
2008.37994572 -0.0320597514601 5 20080519063615000000026723350085642370610 53 267 5
2008.40233066 0.0151561871081 5 20080527104950000000025549953707291370610970 137496 72685 9132
2008.40234872 -0.0029871091337 5 20080527105920000000025529012283414270610 91 212218 72689
2008.40235744 -0.00643082709024 5 20080527110355000000025539445389474070610 74 233309 72692
2008.40237059 0.0340806618242 5 20080527111050000000025551133954494470610 61 203140 72691
2008.40239071 0.0218254700213 5 20080527112125000000025521920142670370610624 160420 72689 9033
2008.40240418 0.00839725880911 5 20080527112830000000025536934839100470610 86 186237 72686
2008.40241416 0.00832382588675 5 20080527113345000000025515273153090070610249 151643 72689 8833
2008.40242255 0.0140029564409 5 20080527113810000000025497346143472270610493 133889 72692 8733
2008.40243032 0.012198485425 5 20080527114215000000025506629963575370610354 200839 72698 8832
2008.43151317 -0.00257130713175 5 20080607023840000000024248122939256370610871 124999 72743 15020
2008.43152521 -0.0175017938108 5 20080607024500000000024253941270069270610142 178287 72745 15021
2008.43154929 0.0115622654467 5 20080607025740000000024277812814592370610243 165855 72743 14922
2008.43155785 0.00761524586966 5 20080607030210000000024294686612334470610 39 260 79
2008.43157908 -0.00854440779398 5 20080607031320000000024302887545688370610 96 250197 72747
2008.44244493 0.026442207387 5 20080611022820000000025700176685415370610625 149849 72729 20515
2008.44245538 0.01543942838 5 20080611023350000000025706994622345270610199 162501 72727 20315
2008.44246489 0.0198842659502 5 20080611023850000000025710609063419270610 87 224722 72721
2008.44247139 0.018558897069 5 20080611024215000000025706850767479070610395 140564 72721 20515
2008.44248327 0.0093727484255 5 20080611024830000000025715019014326370610435 162945 72726 20515
2008.44250466 0.0204285755663 5 20080611025945000000025724375316632370610491 158799 72732 20416
2008.44255013 0.0206249132662 5 20080611032340000000025746743132202370610555 153999 72744 20316
2008.44256122 0.0438559427767 5 20080611032930000000025755693568160270610 98 213327 72745
2008.44256898 0.0178047791033 5 20080611033335000000025753874105999070610335 146594 72746 20516
2008.44257754 0.0242797508745 5 20080611033805000000025761795131795370610162 230885 72747 20416
2008.44259814 -0.0032107457609 5 20080611034855000000025773850144698370610232 206912 72752 20616
2008.4426162 0.0349613800554 5 20080611035825000000025784929242114370610487 161775 72753 20217
2008.44262634 0.0305149927645 5 20080611040345000000025788360962145070610309 154544 72756 20417
2008.44263585 0.0182717218905 5 20080611040845000000025800487689254270610 86 243201 72753
2008.44264409 0.0215183868914 5 20080611041305000000025802930176378370610163 231829 72758 20117
2008.44266151 0.0275831594973 5 20080611042215000000025814711264255370610 44 507102 72763
2008.44793204 0.0273555889635 5 20080613023420000000026309450629525370610688 142999 72973 18013
2008.44794455 0.0392841473131 5 20080613024055000000026309540798903070610330 146578 72984 17913
2008.4479558 0.0165833607226 5 20080613024650000000026315051530292270610219 160681 72989 17913
2008.44796531 0.0189192667513 5 20080613025150000000026312048606557370610814 137999 72996 18113
2008.44798353 0.0239305868654 5 20080613030125000000026314292814606370610349 166883 73007 17813
2008.44800112 0.0181547775774 5 20080613031040000000026317009076659370610345 175836 73013 17713
2008.4480084 0.011652149251 5 20080613031430000000026322206645068270610157 181366 73010 17713
2008.44801823 0.035120524457 5 20080613031940000000026319667041853070610529 138663 73013 17712
2008.44802647 0.0232365503817 5 20080613032400000000026321870919897370610628 150999 73015 17712
2008.45656926 0.022553242734 5 20080616061710000000026774832319722370610527 143389 73076 19613
2008.45657845 0.0181638374834 5 20080616062200000000026779123913662270610286 152254 73075 19713
2008.45660396 -0.0165112838239 5 20080616063525000000026784202119652370610 85 232 71
2008.45661299 0.0390782728701 5 20080616064010000000026786934623967370610145 191114 73077 18314
2008.45662249 0.0155790224581 5 20080616064510000000026789939760030370610208 194134 73075 18814
2008.45664341 0.0209503546267 5 20080616065610000000026797009462774370610339 161250 73063 19713
2008.48451055 0.0227589979677 5 20080626111310000000024778739692636370610304 195216 73216 15051
2008.48452607 0.0244123116045 5 20080626112120000000024755918633497270610395 137964 73217 14952
2008.48453447 0.0326054468661 5 20080626112545000000024766474800701070610230 159999 73215 14952
2008.48454556 0.0397693291216 5 20080626113135000000024782955076028470610 45 204122 73212
2008.48455158 0.016140140584 5 20080626113445000000024780480845563470610 18 514289 73217
2008.48455697 0.0312728062182 5 20080626113735000000024758474403125370610349 187781 73218 14852
2008.54431563 -2.19085141801e-05 5 20080718072815000000026256683264434370610 69 248 37
2008.54434922 -0.00958225511757 5 20080718074555000000026257054612858370610 48 260 20
2008.54437077 0.00311067319664 5 20080718075715000000026258255424243370610 52 282 23
2008.57214474 0.00735130525383 5 20080728112515000000023997607154082370610999 115999 72907 14279
2008.57215393 0.0042290947512 5 20080728113005000000023984727616989070610 38 315 95
2008.68874883 -0.00495395445076 5 20080909013420000000026559864827689370610 85 241143 72916
2008.70297583 -0.00806638979165 5 20080914061710000000025120966451339370610431 154123 72890 11659
2008.7030495 -0.0148834922239 5 20080914065555000000025120472038471370610232 182104 72894 11464
2008.70305711 -0.0345619656965 5 20080914065955000000025108567458994270610 82 184116 72893
2008.70306297 -0.0539523103162 5 20080914070300000000025121256824500070610 96 190190 72896
2008.7058314 0.0106803438738 5 20080915071905000000024801414139228370610 77 212 15
2008.70584534 0.00851001954826 5 20080915072625000000024801551810045370610 96 235 19
2008.71405002 0.00869014478477 5 20080918072145000000024227958549748370610999 109999 73201 7963
2008.71406365 -0.021033976309 5 20080918072855000000024208402198775270610912 115988 73188 7963
2008.71407426 -0.0197820403501 5 20080918073430000000024212626258656070610889 114999 73183 8162
2008.7140844 0.00223686910423 5 20080918073950000000024215312181260370610999 119999 73183 8262
2008.71409534 -0.0197665431425 5 20080918074535000000024197295436018270610965 114999 73180 8161
2008.71410484 -0.0188339688703 5 20080918075035000000024202444000727070610873 114999 73174 8161
2008.71411435 0.00149443364891 5 20080918075535000000024205809096072370610999 115999 73168 8162
2008.72549196 -0.00864749812417 5 20080922113945000000024223113153639370610992 116999 73154 9380
2008.72550178 -0.0104681816035 5 20080922114455000000024211453080518270610999 111999 73154 9281
2008.72551145 -0.0109139051371 5 20080922115000000000024210451338741070610999 114999 73161 9182
2008.72552174 -0.0117203559809 5 20080922115525000000024228672930972470610563 121999 73164 9281
2008.72553173 0.000184122092205 5 20080922120040000000024214451563073370610999 114999 73168 9380
2008.72554187 -0.0219582881861 5 20080922120600000000024203278496701270610999 113999 73166 9280
2008.72555169 -0.0188611116343 5 20080922121110000000024202907872432070610999 114999 73169 9281
2008.73098794 -0.020418461793 5 20080924115025000000024548583725582370610927 120999 73453 11651
2008.73099856 -0.0158194866114 5 20080924115600000000024538288487703270610843 115999 73456 11453
2008.7310087 -0.0288585987025 5 20080924120120000000024531361795546070610509 122999 73456 11455
2008.73101725 -0.0290091600352 5 20080924120550000000024544964880143470610153 153370 73458 11256
2008.73102866 -0.0237216319972 5 20080924121150000000024528927098751370610855 121999 73460 11256
2008.73103769 -0.0240018930369 5 20080924121635000000024519816974430270610961 113999 73460 11356
2008.73104815 -0.0219711627894 5 20080924122205000000024513276877269070610515 123999 73460 11355
2008.73105718 -0.0260313119822 5 20080924122650000000024527075158538470610104 157392 73461 11355
2008.73106811 -0.0231050815516 5 20080924123235000000024511747478277370610999 116999 73471 11353
2008.76535827 -0.0318434801035 5 20081007010750000000026566569482573370610213 193195 72894 5981
2008.76537363 -0.0258447494441 5 20081007011555000000026566995841033370610460 155635 72898 5982
2008.76538821 -0.0188605155878 5 20081007012335000000026564033146762270610 52 248165 72910
2008.76539914 -0.0508605804377 5 20081007012920000000026572045190288070610 57 229109 72921
2008.76541293 -0.0482227172785 5 20081007013635000000026569770235120370610345 152468 72933 5883
2008.77354663 -0.00783842467598 5 20081010005435000000025817615098962370610100 276 82 72590
2008.77356802 -7.20881752445e-06 5 20081010010550000000025806215242677370610221 199240 72592 12244
2008.7735875 -0.00541311168007 5 20081010011605000000025796416382791370610197 222128 72593 11946
2008.77359749 -0.00638264083199 5 20081010012120000000025791619339220370610258 191230 72591 12144
2008.77361745 -0.0131136741572 5 20081010013150000000025782485154461370610420 163414 72596 11447
2008.77362648 -0.0340977277689 5 20081010013635000000025780548588549070610 49 286 71
2008.79343502 0.0365923080511 5 20081017071505000000023785382555815370610921 118725 73374 8638
2008.79344627 0.00233418083854 5 20081017072100000000023769230939970270610999 112999 73374 8138
2008.79345704 -0.000301894181294 5 20081017072640000000023770991168476070610999 111999 73375 7840
2008.79346544 0.0287571582861 5 20081017073105000000023776556138237370610475 127708 73380 7842
2008.79347225 0.00436669922538 5 20081017073440000000023762006066998270610834 118999 73383 7643
2008.79347891 -0.00301330947213 5 20081017073810000000023765231686019070610743 119999 73386 7643
2008.79348572 0.0371655855245 5 20081017074145000000023771442762388370610632 122902 73383 7644
2008.79349301 0.0116722021169 5 20081017074535000000023756967620494270610802 120999 73388 7545
2008.79350077 -0.000329073899312 5 20081017074940000000023760200450055070610737 120999 73390 7445
2008.79350743 0.0319009456701 5 20081017075310000000023766666784713370610718 128999 73388 7347
2008.79351424 0.0119714174337 5 20081017075645000000023752499009399270610724 121999 73389 7348
2008.79352153 -0.000358399384541 5 20081017080035000000023756108798313070610647 122999 73387 7348
2008.79615307 0.0394706163473 5 20081018070440000000023884008049487370610497 124672 73579 8540
2008.79616178 0.0324452552862 5 20081018070915000000023880085336990370610979 115999 73575 8540
2008.79617145 -0.0215985145503 5 20081018071420000000023867243769347070610287 136555 73574 8540
2008.79618238 -0.00115304850869 5 20081018072005000000023860320187805270610621 123657 73569 8338
2008.79619236 0.0296650562353 5 20081018072520000000023867032240012370610999 112999 73567 7736
2008.79620282 -0.00149684809975 5 20081018073050000000023854240637816070610457 127823 73571 8036
2008.79621201 0.0157215032644 5 20081018073540000000023848371551300270610577 123703 73569 8238
2008.7962223 0.0334133539266 5 20081018074105000000023855370293185370610999 112999 73569 8438
2008.79623973 0.0276302728719 5 20081018075015000000023849115897293370610999 104999 73570 8137
2008.80771304 0.0136083993978 5 20081022122445000000024640647126620370610814 125999 72901 6730
2008.80772429 0.0116394195623 5 20081022123040000000024635948712893270610409 130999 72916 6631
2008.80773395 0.0027305517263 5 20081022123545000000024629941759056070610387 131999 72924 6530
2008.8077471 -0.0102961625987 5 20081022124240000000024643886575351470610 95 191235 72918
2008.80775883 0.0101153287954 5 20081022124850000000024632564205709370610806 126999 72918 6530
2008.80776675 0.0083126459188 5 20081022125300000000024629091230311270610216 155840 72916 6430
2008.80777261 0.000390115744548 5 20081022125605000000024624261774656070610 93 180319 72913
2008.81318446 0.00303262806602 5 20081024122230000000025243493428465370610516 152999 72788 6225
2008.81319238 -0.0555948581629 5 20081024122640000000025248656289983470610 34 264 89
2008.81320569 0.00484782791801 5 20081024123340000000025228965442902070610121 180302 72785 6425
2008.81321615 0.00934034920402 5 20081024123910000000025229755877380270610239 154758 72791 6325
2008.81322534 0.00688571072288 5 20081024124400000000025224494235679370610668 140999 72796 6225
2008.81323611 0.0077229175634 5 20081024124940000000025228899254829470610 33 249106 72796
2008.8132461 -0.00586694144539 5 20081024125455000000025211345231202070610195 157736 72801 5926
2008.81325465 0.00629538632103 5 20081024125925000000025213384386414270610455 134999 72807 5826
2008.84744451 -0.0232638683253 5 20081106004155000000026140053569855370610 68 343 46
2008.84745592 -0.0664911832743 5 20081106004755000000026138151034975370610 35 598 51
2008.84747541 -0.0290103521281 5 20081106005810000000026135412857089370610392 180179 72235 2537
2008.84748698 -0.014582571023 5 20081106010415000000026134093630775370610 45 520187 72232
2008.84749474 -0.0505258407526 5 20081106010820000000026123328857400270610 57 242145 72224
2008.85289772 -0.0142415132456 5 20081108003005000000025432905189434370610645 155591 72645 5811
2008.85290722 -0.0349884595805 5 20081108003505000000025428579647066070610297 139503 72649 6111
2008.85291657 -0.015419539445 5 20081108004000000000025409389889820270610815 119999 72656 6011
2008.85292608 -0.0172507133418 5 20081108004500000000025418154867835370610607 160551 72664 6011
2008.8529443 -0.00545543097786 5 20081108005435000000025395727043079270610153 179999 72664 5312
2008.85294953 -0.0147344436579 5 20081108005720000000025393289975431270610672 125999 72663 5811
2008.85296157 -0.0373001661234 5 20081108010340000000025402290070457070610300 143653 72671 5811
2008.85296949 -0.00520699881844 5 20081108010750000000025398082955440370610486 160647 72674 5812
2008.85298629 -0.00969689750008 5 20081108011640000000025391155763298370610291 190735 72681 5811
2008.86449318 0.0280513200826 5 20081112060850000000023721563262988370610293 174181 72417 -1366
2008.86451077 0.0232175026006 5 20081112061805000000023705564586700270610 39 231 23
2008.86452107 0.018445197112 5 20081112062330000000023721809910293370610170 209138 72406 -1366
2008.86453675 0.0203335914678 5 20081112063145000000023722520955109370610158 219112 72408 -1266
2008.8645583 0.0368953380651 5 20081112064305000000023724162975126370610 80 321105 72398
2008.86457826 0.00545889473625 5 20081112065335000000023726363987601370610228 179148 72390 -1365
2008.86723483 0.0347738895483 5 20081113061050000000023516897072012370610263 150214 72419 1851
2008.86724703 0.00923985577293 5 20081113061715000000023500653383759270610134 167 97 72417
2008.86725797 0.00883597469993 5 20081113062300000000023513823946375370610158 180 79 72409
2008.86726985 -0.0212312307291 5 20081113062915000000023506233169761070610104 175 78 72404
2008.86728332 0.0264269743032 5 20081113063620000000023511462214227370610 92 212 65
2008.86729409 0.00622302628227 5 20081113064200000000023510777731256370610257 149185 72414 1452
2008.86730296 -0.0158670511179 5 20081113064640000000023495771154839270610 44 214 26
2008.86731548 0.0245955619878 5 20081113065315000000023509983198431370610228 154178 72435 1353
2008.86732546 -0.0454099740916 5 20081113065830000000023503538233141070610 77 180 77
2008.8844863 -0.00769763850502 5 20081119132425000000024623554463983370610148 206443 73221 5815
2008.88449185 -0.00962811374001 5 20081119132720000000024624974932305370610480 146999 73221 6215
2008.89264836 0.0506274137563 5 20081122125720000000025684137233155370610609 150639 72984 5020
2008.89265882 0.0314869318075 5 20081122130250000000025689580711489470610 23 328 95
2008.8926707 0.0356671247549 5 20081122130905000000025675286911380070610217 162602 72984 5414
2008.89268021 0.0618876848287 5 20081122131405000000025679735152157270610322 150999 72984 5514
2008.89269019 0.0503689680166 5 20081122131920000000025673131998749370610723 144999 72984 5714
2008.89270002 0.0164321098394 5 20081122132430000000025679462131967470610 55 245325 72981
2008.89271063 0.0389900837011 5 20081122133005000000025666229175157070610204 161438 72988 5714
2008.89272156 0.0691582593984 5 20081122133550000000025670953657964270610318 148999 72994 5514
2008.89273154 0.0153651866979 5 20081122134105000000025665035163472370610297 186535 72997 5514
2008.94115997 -0.0156837072306 5 20081210061230000000023757481693318370610177 221 60 72675
2008.94120053 -0.0116270151072 5 20081210063350000000023767498985956370610126 249 50 72669
2008.94121575 -0.0184833373957 5 20081210064150000000023771855885798370610175 234 45 72674
2008.9412289 -0.00379329585366 5 20081210064845000000023775878038658370610306 193270 72674 -8571
2008.94123919 -0.0495166149073 5 20081210065410000000023774943539889070610 58 275 72
2009.04057644 -0.0733584728175 5 20090115134135000000024875427124992370610201 206 46 72992
2009.04060084 -0.047847446435 5 20090115135425000000024892657367985370610 25 495 22
2009.04060125 -0.0802839994431 5 20090115135425000000024892657367985370610 25 495 22
2009.05151929 0.00840562916465 5 20090119133705000000026334935235352370610 43 472 39
2009.0515402 -0.00102728270821 5 20090119134805000000026336111240240370610 68 344 89
2009.08297098 -0.0626316633158 5 20090131011925000000025464905009413370610999 136999 73085 627
2009.09665279 0.0390449199743 5 20090205011530000000023979986717357370610999 121831 73250 2921
2009.09666689 0.0648366842336 5 20090205012255000000023960321427935270610318 136621 73250 3122
2009.09667766 0.0135889682836 5 20090205012835000000023966559272873070610412 129672 73250 3022
2009.09668543 0.0342503223486 5 20090205013240000000023968765878681370610233 183686 73250 2623
2009.09669192 0.0516286525793 5 20090205013605000000023952068148717270610 88 200376 73251
2009.09669921 0.0194663438863 5 20090205013955000000023959782892274070610147 169480 73250 2723
2009.09670396 0.032929364211 5 20090205014225000000023963096409310370610159 203428 73249 2622
2009.12811763 -0.0729935731821 5 20090216130445000000026277305459146370610 25 495 31
2009.13637349 0.047900978095 5 20090219132700000000026733301866605370610218 176161 72658 -3034
2009.19593141 0.0328318510122 5 20090313073205000000025201810820797370610222 183101 72250 1360
2009.19594361 0.0312023792333 5 20090313073830000000025205170015991270610 43 312 23
2009.19595454 0.0130451355047 5 20090313074415000000025199024245692070610 75 251 74
2009.1959623 0.00140804386802 5 20090313074820000000025198778634067370610231 194267 72240 1168
2009.20469602 -0.0408835973673 5 20090316122155000000026261084481068370610375 157274 72840 1443
2009.20470885 -0.0366844501429 5 20090316122840000000026268314679910270610 53 265 53
2009.20471994 -0.0503655042582 5 20090316123430000000026269305158795070610130 188340 72850 1443
2009.20472945 -0.0503628816538 5 20090316123930000000026271569156226370610273 176323 72850 1443
2009.20476145 -0.0236175622874 5 20090316125620000000026283175137833370610 30 606100 72862
2009.21291654 0.0280744466848 5 20090319122535000000026665226276075370610552 131695 72901 7516
2009.21292716 0.049932304389 5 20090319123110000000026660726211350270610437 129920 72901 7516
2009.2129373 0.000181737906414 5 20090319123630000000026661042395654070610274 144764 72901 7516
2009.21296518 -0.0213087167674 5 20090319125110000000026668665273313470610182 144735 72907 7416
2009.21297516 0.0260252389974 5 20090319125625000000026652893873843370610554 130999 72907 7416
2009.25277176 -0.0258858766489 5 20090403014750000000024178260038679370610999 106999 72078 4434
2009.25278649 -0.00244706534676 5 20090403015535000000024170944920259270610389 125999 72079 4434
2009.25279679 -0.0583963956767 5 20090403020100000000024175049593262070610695 116999 72084 4533
2009.25280788 -0.0390935506754 5 20090403020650000000024180338661557370610699 116999 72087 4533
2009.25284131 0.00178283787437 5 20090403022425000000024184147534924370610 34 295237 72080
2009.25284527 -0.0242817964488 5 20090403022630000000024184718176797370610404 128999 72081 4734
2009.2528505 -0.0407424535685 5 20090403022915000000024181182911898070610 34 301142 72080
2009.26149501 -0.0379990901881 5 20090406061555000000024519933878271370610453 134456 73017 -1235
2009.26150341 -0.0354499187403 5 20090406062020000000024522244582737070610196 155245 73019 -1135
2009.26151403 -0.00526934527688 5 20090406062555000000024527654226342270610264 143446 73024 -1036
2009.26152432 -0.0341333713465 5 20090406063120000000024533178862954370610592 130737 73027 -835
2009.26153415 -0.0428116884165 5 20090406063630000000024536622081345070610124 177132 73023 -936
2009.26154429 0.0082384977407 5 20090406064150000000024542241474736270610459 131651 73026 -836
2009.26155411 -0.0457325544291 5 20090406064700000000024547974515581370610582 133999 73030 -936
2009.26156029 -0.0349722471171 5 20090406065015000000024549964502958070610181 158366 73032 -936
2009.26156774 0.00321513748832 5 20090406065410000000024554477374054270610394 131916 73028 -936
2009.26157471 -0.0508791770869 5 20090406065750000000024558962816220370610999 118999 73025 -936
2009.35743973 0.0234028730459 5 20090511071900000000026458573945666370610886 128358 72979 15718
2009.35745082 0.0485128793783 5 20090511072450000000026457825646202270610 61 245 65
2009.35746033 0.0266868505544 5 20090511072950000000026455039193523370610323 203659 72977 15018
2009.35746698 0.00797874069877 5 20090511073320000000026454592101893070610259 154290 72977 15217
2009.35749265 0.0277456674642 5 20090511074650000000026450785205869370610780 130439 72977 15018
2009.35750358 -0.0300374593668 5 20090511075235000000026450320911304070610550 132609 72975 15018
2009.35751182 0.0355396900243 5 20090511075655000000026450169260706270610 47 279 62
2009.35751705 0.0160149965353 5 20090511075940000000026448637012301370610185 181535 72972 15018
2009.36610135 -0.00451737307839 5 20090514111440000000026661802621720370610503 135845 72841 12019
2009.36613114 0.0041657123632 5 20090514113020000000026662268141340370610 38 289 66
2009.3661435 -0.0321974124842 5 20090514113650000000026662888090093370610181 163263 72835 9229
2009.36615078 -0.00949877166085 5 20090514114040000000026663370746565370610422 145689 72831 11423
2009.36615839 -0.0259525146418 5 20090514114440000000026664422956893070610171 154889 72831 11223
2009.36616552 0.0212325487203 5 20090514114825000000026658612862841270610 68 173171 72829
2009.36617186 -0.0161105956965 5 20090514115145000000026665253151662370610460 139999 72828 12020
2009.37705893 0.0165049467153 5 20090518111755000000025935813138166370610999 126999 73290 8765
2009.37707145 -0.018493350976 5 20090518112430000000025947048831261470610216 151533 73292 8566
2009.37708001 -0.0341287221842 5 20090518112900000000025921175760855070610330 156999 73292 8565
2009.37708698 0.040373388297 5 20090518113240000000025903548337647270610521 134999 73292 8665
2009.37709252 0.0335245761938 5 20090518113535000000025914582685244370610389 216999 73293 8764
2009.37709728 -0.0242218341761 5 20090518113805000000025931065018400470610 71 276787 73295
2009.37710187 -0.0147932138377 5 20090518114030000000025907826546368070610245 161999 73295 8663
2009.37710678 0.0335287485189 5 20090518114305000000025891576672412270610403 148999 73295 8762
2009.37711043 0.0171949300832 5 20090518114500000000025903913899924370610271 229999 73295 8863
2009.40346018 0.0203747186727 5 20090528024355000000023941942755288370610593 123999 72795 10842
2009.40346731 0.0397226247854 5 20090528024740000000023942027477304270610 82 182626 72795
2009.42852879 0.0265963707037 5 20090606062900000000026300841094085370610140 199 35 72918
2009.42853798 0.014749709136 5 20090606063350000000026302778718533370610475 150374 72912 13031
2009.42854875 0.0713329944677 5 20090606063930000000026308640494393270610167 173119 72901 13131
2009.42855889 -0.0250528421336 5 20090606064450000000026308145514760070610115 192 74 72892
2009.4285703 0.0350499782629 5 20090606065050000000026310647609732370610236 185167 72885 13032
2009.42857743 0.0142118368215 5 20090606065435000000026315980019440270610 32 468 23
2009.42858218 0.0045159492559 5 20090606065705000000026314441411594070610 98 217237 72879
2009.42858725 0.0305305156774 5 20090606065945000000026315423455024370610151 220252 72875 13231
2009.43411413 0.0256584320135 5 20090608072640000000026607804923719370610 39 236 10
2009.44823038 0.0119174156255 5 20090613111115000000026419618499381370610524 156396 73042 13431
2009.44825082 0.00796610451408 5 20090613112200000000026417755963759370610785 142999 73045 13432
2009.44826064 -0.0317422714167 5 20090613112710000000026416349733253070610784 121999 73045 13432
2009.44826999 0.0331231985158 5 20090613113205000000026404269906124270610810 121999 73049 13433
2009.44827965 -0.0364114608698 5 20090613113710000000026434937570255470610249 143611 73055 13333
2009.4482871 -0.0124154653483 5 20090613114105000000026416259260524370610 85 339460 73057
2009.44829154 -0.0320807065897 5 20090613114325000000026415479156918070610184 158999 73057 13234
2009.44829708 0.0571470890111 5 20090613114620000000026403777045713270610117 178627 73058 13234
2009.45371907 0.0177966985769 5 20090615111805000000025890284392758370610896 147999 72857 11938
2009.45372636 0.0463810596532 5 20090615112155000000025871346961702270610667 133999 72860 11937
2009.45373412 -0.0197504129343 5 20090615112600000000025904120602833470610181 150692 72858 11837
2009.45374062 -0.0254849758082 5 20090615112925000000025880209761512070610385 143999 72858 12039
2009.45374664 -0.00299805068306 5 20090615113235000000025879543963838370610448 200999 72856 12040
2009.45375234 -0.0448651876383 5 20090615113535000000025897368696157470610116 176406 72856 11941
2009.45375852 -0.0302414264613 5 20090615113850000000025873751737532070610372 142999 72858 12041
2009.45376534 0.0402709875173 5 20090615114225000000025856937114063270610554 134999 72861 11940
2009.45377072 0.016325298316 5 20090615114515000000025871225540265370610405 197999 72859 12041
2009.52722403 -0.0191503503248 5 20090712073845000000026282459558995370610167 238 71 73508
2009.5272375 0.0264838001803 5 20090712074550000000026271593453822070610 45 455 37
2009.52725968 -0.0177829005644 5 20090712075730000000026259872331652370610 63 347 51
2009.53312055 0.00380768991264 5 20090714112005000000025528894971333370610999 142740 73238 17351
2009.53313417 0.0189384481982 5 20090714112715000000025507234765460270610276 160444 73237 17252
2009.53314606 -0.023346517317 5 20090714113330000000025519568950329070610181 171377 73237 17351
2009.53315857 -0.0183372237608 5 20090714114005000000025539500266859470610 63 197104 73239
2009.53316856 -0.00466868662087 5 20090714114520000000025517182493986370610407 192838 73239 17351
2009.533176 0.0259865782336 5 20090714114915000000025497715330645270610152 188560 73242 17350
2009.5331882 -0.000326965086141 5 20090714115540000000025513561690362370610112 393487 73243 17449
2009.74003996 -0.0209153630659 5 20090928011125000000026644399953981370610251 135129 72961 13925
2009.7400802 -0.015246246092 5 20090928013235000000026636177947403370610287 133305 72976 13525
2009.74009747 -0.0043340661451 5 20090928014140000000026628742137159270610 35 304 98
2009.74010555 -0.0222178437635 5 20090928014555000000026629960821874070610 33 276155 72987
2009.7401271 -0.00796470426766 5 20090928015715000000026629883499703370610316 134637 72988 13324
2009.77692046 0.00578263021263 5 20091011122905000000024186269432323370610228 152552 72558 7463
2009.77693091 0.025209452875 5 20091011123435000000024176826498202270610172 153452 72562 7264
2009.77694042 -0.034417245619 5 20091011123935000000024181217208001070610 43 299110 72560
2009.77695119 0.0112402699068 5 20091011124515000000024182129315158370610503 130999 72559 7165
2009.77695896 -0.0401837565824 5 20091011124920000000024196651673586470610 45 263103 72557
2009.77963644 -0.00717065118996 5 20091012121735000000024163071810592370610668 120767 72572 5079
2009.77964706 -0.011535976164 5 20091012122310000000024157809901636070610251 138721 72580 4980
2009.77965973 -0.0130338408872 5 20091012122950000000024169597115325470610150 154437 72581 4880
2009.77966972 0.00823524213584 5 20091012123505000000024146765898661270610634 121999 72585 4980
2009.77968081 0.00182559705528 5 20091012124055000000024148850837416370610999 114999 72587 4781
2009.7796892 -0.0117751099989 5 20091012124520000000024160905289647470610173 144921 72587 4782
2009.77969697 -0.0427050330564 5 20091012124925000000024142927320328070610258 143999 72588 4682
2009.77970204 -0.00068268560616 5 20091012125205000000024143130737210370610485 129999 72591 4682
2009.85029993 0.0184245369509 5 20091107074345000000024201586169232370610720 118999 72872 8821
2009.85030975 -0.00261947893349 5 20091107074855000000024188979653326270610883 116999 72868 8721
2009.85031989 -0.0152328946516 5 20091107075415000000024187418936967070610 64 209152 72865
2009.85032971 0.0154783985689 5 20091107075925000000024185702297006370610155 154418 72865 8721
2009.890527 -0.00231549524514 5 20091122002135000000026634083492100370610137 159159 72267 3426
2009.89056519 -0.0221256949827 5 20091122004140000000026645804272293370610210 151444 72281 3230
2009.89057485 -0.019024465315 5 20091122004645000000026642374357799270610148 162349 72286 2930
2009.89058341 -0.00821552061287 5 20091122005115000000026649719533276070610 56 197145 72295
2009.96992991 -0.0384479501173 5 20091221002420000000026711763100634370610151 176210 72807 2314
2009.9699448 -0.0180517175123 5 20091221003210000000026717487398914370610 47 325104 72804
2009.96995779 -0.0399502255842 5 20091221003900000000026722749417221370610 15 663 48
2009.96997253 -0.0127755143568 5 20091221004645000000026729013870345370610118 198181 72804 1915
2009.9699879 -0.0205102899 5 20091221005450000000026724737089282270610 39 245 55
2009.9699993 -0.0482812859937 5 20091221010050000000026738154637572070610 60 200151 72815
2009.97001119 -0.0141175725385 5 20091221010705000000026746895600523370610258 167507 72818 2313
2009.98096528 0.00942936158927 5 20091225010830000000025855229870520370610129 328144 71849 -8789
2009.98117617 0.0140255949572 5 20091225025925000000025869563425033370610846 150828 71886 -9079
2009.98118789 0.0130722782687 5 20091225030535000000025854368675359270610408 146999 71882 -9181
2009.98119756 -0.0173445680067 5 20091225031040000000025872071438775070610776 132999 71880 -9180
2009.98124034 0.0172897837237 5 20091225033310000000025888352738072370610360 234657 71907 -9178
2009.98124477 0.0217762253359 5 20091225033530000000025871612686246270610224 180999 71907 -9078
2009.98124984 -0.00571141027657 5 20091225033810000000025888615194598070610433 147999 71906 -9176
2009.98125444 0.000360991723857 5 20091225034035000000025893288837771370610549 176999 71910 -9176
2009.9897489 0.0173713228777 5 20091228060820000000024627233856427370610843 153508 72760 -2830
2009.98976332 0.0275360605791 5 20091228061555000000024613903165266270610667 135847 72753 -2930
2009.98977346 -0.00762066625802 5 20091228062115000000024632611960342070610596 137603 72749 -2830
2009.98978392 0.0135203859881 5 20091228062645000000024638715989362370610917 154894 72743 -2730
2009.9898023 0.0220198891238 5 20091228063625000000024645335056662370610615 167716 72734 -2730
2009.98981371 0.0280652306155 5 20091228064225000000024649639055170370610360 207645 72730 -2830
2009.98982543 0.0137913487032 5 20091228064835000000024654213701955370610401 207728 72728 -2828
2009.98983113 -0.00128135465828 5 20091228065135000000024654040057129070610203 182999 72727 -2928
2009.98983795 0.00890662885459 5 20091228065510000000024641353975507270610344 161763 72726 -2827
2009.98984413 0.0126914045885 5 20091228065825000000024661814290379370610506 181999 72728 -2828
2010.00347904 0.0267316362933 5 20100102062950000000023470991147840370610963 116913 72784 2223
2010.00349013 0.00242498136314 5 20100102063540000000023465149162121070610673 118873 72776 2526
2010.00349995 -0.00208077215401 5 20100102064050000000023459295879126270610707 119602 72770 2126
2010.00351595 0.0271466038302 5 20100102064915000000023458344160392370610156 279333 72763 2223
2010.00352197 0.0204360745028 5 20100102065225000000023454684533485070610140 160336 72760 1922
2010.00352609 -0.000942085020223 5 20100102065435000000023450942210841270610378 134893 72756 2023
2010.00353085 0.0376237890795 5 20100102065705000000023453818116812370610535 209806 72747 2823
2010.00354146 0.0118919870928 5 20100102070240000000023450799221836370610495 130999 72745 3024
2010.01514025 0.0437158606127 5 20100106124310000000024533299031551370610355 293999 72402 1137
2010.02348103 0.0635189077929 5 20100109135005000000025632333453799370610113 356925 72782 -1113
2010.02348578 0.0339260361269 5 20100109135235000000025638144989772270610100 264541 72779 -1013
2010.0234907 0.0203247330263 5 20100109135510000000025630744550944070610 37 486126 72783
2010.02349561 0.0656175873354 5 20100109135745000000025640509330989470610 10 739 84
2010.07191421 0.0281434319094 5 20100127062400000000023918417652966370610384 183282 72395 2148
2010.07192229 0.00878849244865 5 20100127062815000000023906593722177270610728 133903 72395 2048
2010.07193418 0.00996449209007 5 20100127063430000000023923151912354070610466 143597 72390 2148
2010.07194368 0.00505652642997 5 20100127063930000000023926386156289370610892 156782 72389 2048
2010.07195208 0.0130582115725 5 20100127064355000000023914976542445270610496 144999 72389 2048
2010.07195937 0.000814463861308 5 20100127064745000000023930589918587070610192 168485 72385 2248
2010.07196793 0.010046388872 5 20100127065215000000023933784495756370610705 161573 72385 2247
2010.07197521 0.00991060949119 5 20100127065605000000023935679303383070610247 159491 72388 2048
2010.07198266 0.00748970723899 5 20100127070000000000023924761321928270610499 139830 72388 2048
2010.07198963 0.00926747537406 5 20100127070340000000023941028533448370610736 167916 72385 2248
2010.08027179 0.0285508892611 5 20100130073945000000023278714339983370610 71 374 15
2010.0802824 0.0276155731753 5 20100130074520000000023279606052655370610160 200 73 72260
2010.13158288 0.0359046719149 5 20100218012720000000026260049805182370610355 200491 72357 -235
2010.13159239 0.0290407202319 5 20100218013220000000026284911143302470610 43 274 94
2010.13159999 0.00588038183006 5 20100218013620000000026266169677690070610 55 319144 72362
2010.13161109 0.0344774983004 5 20100218014210000000026276273538503370610185 266624 72367 032
2010.13161837 0.0384943745211 5 20100218014600000000026262746746060270610119 228356 72371 032
2010.13162772 0.0657037756518 5 20100218015055000000026305698902714470610 32 365221 72374
2010.13163485 0.0435939095095 5 20100218015440000000026286898312627070610 32 546234 72377
2010.15684526 0.0329510233477 5 20100227065420000000023400572421246370610108 180 48 72600
2010.15685889 0.0511312744692 5 20100227070130000000023403081633247370610 66 291 67
2010.22193988 0.0200984737948 5 20100323013130000000024591665341388370610999 121999 72345 5418
2010.22195335 0.00621690965446 5 20100323013835000000024579034815382270610492 137999 72337 5517
2010.2219608 0.0159845612124 5 20100323014230000000024592484652175070610685 149999 72337 5616
2010.22196888 0.00651958204063 5 20100323014645000000024593161252283370610784 149999 72337 5416
2010.22198694 0.00921645379814 5 20100323015615000000024594754104574370610264 210999 72347 5516
2010.22199613 0.00612678743156 5 20100323020105000000024595757099757370610268 208999 72356 5416
2010.22201102 -0.0088574626371 5 20100323020855000000024597655829209370610114 313999 72359 5316
2010.22203098 0.000746991403422 5 20100323021925000000024600724944575370610327 192948 72360 5317
2010.23069989 0.0194577238634 5 20100326061855000000023884427387191370610999 132881 72442 3135
2010.2307403 0.0272159836367 5 20100326064010000000023902503938436370610435 159634 72434 3334
2010.23076644 0.0237207672671 5 20100326065355000000023915301610663370610692 144446 72419 3335
2010.23911609 -0.0145964362547 5 20100329080530000000023795589988135270610 91 211 91
2010.23912386 0.0285204908923 5 20100329080935000000023796916041724370610 36 358 38
2010.23912988 0.0652114412859 5 20100329081245000000023801679866858070610 35 315 62
2010.23913717 0.00391319013389 5 20100329081635000000023802593644184370610 49 364 61
2010.25273959 0.0366988442019 5 20100403073055000000025505011802784370610128 265 68 72264
2010.25275338 0.0230210087374 5 20100403073810000000025499770563741370610203 225244 72262 431
2010.25276463 0.00283780313285 5 20100403074405000000025499184396067270610126 200162 72260 431
2010.25277493 0.0187187454775 5 20100403074930000000025488614494847070610147 196243 72255 531
2010.25278475 0.000169660814128 5 20100403075440000000025488638317254370610116 302218 72247 531
2010.25279093 0.0026421806887 5 20100403075755000000025490100994517270610 80 273192 72245
2010.25279917 0.0489239952639 5 20100403080215000000025480550066514070610 40 445138 72245
2010.25280646 0.0190472862795 5 20100403080605000000025481614946927370610136 273292 72242 232
2010.25870757 -0.00815281652657 5 20100405114950000000026157881027987370610678 135999 72568 5935
2010.2587185 0.0234686396197 5 20100405115535000000026167545433908470610110 173329 72571 6134
2010.25872975 0.00389232850822 5 20100405120130000000026153092185876070610371 139621 72576 6234
2010.25873973 -0.0279204585477 5 20100405120645000000026157019721962270610347 139537 72579 6333
2010.25874813 -0.00802037500588 5 20100405121110000000026157813636368370610517 143999 72581 6332
2010.25875494 0.00250032163414 5 20100405121445000000026168064412599470610 91 197670 72582
2010.25876588 -0.01076814913 5 20100405122030000000026154220484329070610160 180601 72584 6232
2010.25877301 -0.0284282901212 5 20100405122415000000026158412504757270610156 172448 72586 6332
2010.25877998 -0.014706108801 5 20100405122755000000026159604393605370610345 163999 72588 6232
2010.25878489 0.0185401699618 5 20100405123030000000026170083575367470610 41 420203 72587
2010.25878932 0.00413789964469 5 20100405123250000000026156072992753070610266 155999 72587 6132
2010.25879424 -0.0335314013883 5 20100405123525000000026160229819946270610160 167726 72586 6332
2010.25879915 -0.0101505258009 5 20100405123800000000026161468878439370610365 163999 72583 6232
2010.30412325 0.00757005430015 5 20100422015640000000024186612086146370610871 133999 71869 9955
2010.30414892 -0.0175509192869 5 20100422021010000000024181958691930270610359 133999 71872 10153
2010.30417918 0.0232136509493 5 20100422022605000000024192731599188070610192 149401 71874 10151
2010.3041936 0.00628092504295 5 20100422023340000000024192764506332370610223 191680 71878 10151
2010.31558103 0.0115690491274 5 20100426062300000000024145823981713370610348 161268 72518 7026
2010.31559529 -0.00664386533944 5 20100426063030000000024152962284042270610294 155315 72514 6726
2010.31560496 0.0240365526751 5 20100426063535000000024156433693598070610 35 294 26
2010.31561573 0.0088095924929 5 20100426064115000000024158070939840370610629 142522 72520 6727
2010.31562603 -0.0569437482282 5 20100426064640000000024190775443541170610 5 427 4
2010.31563633 0.0198517105654 5 20100426065205000000024166260126424370610414 156330 72512 6926
2010.31565613 0.0233267805651 5 20100426070230000000024177099075081270610126 196123 72503 7127
2010.31566406 0.0536902210787 5 20100426070640000000024180786241038070610 21 408 32
2010.3156696 0.0167638323382 5 20100426070935000000024180887363520370610411 157696 72500 7226
2010.34080776 -0.0102487542555 5 20100505113115000000026519761405171370610999 114999 72780 11212
2010.34081711 0.0441254637316 5 20100505113610000000026530629979651470610127 164335 72786 11212
2010.34082677 0.0101852676943 5 20100505114115000000026510514834751070610406 129993 72790 11312
2010.34083485 -0.0231760480329 5 20100505114530000000026507435582787270610415 126999 72793 11112
2010.34084167 -0.0476929881498 5 20100505114905000000026545554345636170610138 153336 72793 11312
2010.34084658 -0.0121291615888 5 20100505115140000000026512722221997370610403 133999 72794 11212
2010.34085102 0.0276506207064 5 20100505115400000000026524923367893470610 79 194726 72796
2010.34085577 -0.00240692877022 5 20100505115630000000026543469711581170610 44 230163 72795
2010.34086052 -0.0460186936781 5 20100505115900000000026503587407905270610126 169664 72796 11212
2010.3408648 -0.0162950494215 5 20100505120115000000026510274492098370610327 136999 72796 11312
2010.37535047 0.0217063686922 5 20100518021920000000024382271154622370610 38 309 44
2010.37536901 0.016984011896 5 20100518022905000000024393047836249370610 52 333 46
2010.38901406 -0.00917420171944 5 20100523020550000000024351049095903370610734 136999 72451 14415
2010.38902309 -0.0401836373731 5 20100523021035000000024379388204585170610288 146999 72453 14315
2010.3890345 -0.0097610690519 5 20100523021635000000024349056016340370610819 133999 72450 14315
2010.38910627 -0.00428721689431 5 20100523025420000000024347932321831370610303 172999 72478 14016
2010.38911023 0.0339558384493 5 20100523025625000000024350138218911070610156 198472 72479 14115
2010.38911435 -0.05049679064 5 20100523025835000000024350865152308270610 77 246243 72479
2010.39189926 -0.00565776609627 5 20100524032320000000024491414241230370610288 179323 72302 14018
2010.39192112 0.00452294564994 5 20100524033450000000024491713682052370610191 200181 72316 13819
2010.39192857 -0.0375398137495 5 20100524033845000000024522065877831170610 24 353 86
2010.39195424 -0.01993474745 5 20100524035215000000024493768750511370610423 159379 72337 13519
2010.39196327 0.0355096123293 5 20100524035700000000024496228829492070610 68 239 78
2010.39201302 -0.034471605055 5 20100524042310000000024502154327377370610183 190222 72351 12818
2010.39202427 0.025706794031 5 20100524042905000000024504444348014370610196 194254 72347 12618
2010.39203361 -0.0518507697508 5 20100524043400000000024536395393728170610100 202330 72347 12618
2010.39204344 0.0001585743502 5 20100524043910000000024508848317548370610272 174305 72345 12518
2010.39217383 0.0303887388781 5 20100524054745000000024554954294132370610 64 314 69
2010.39218397 -0.0029490926191 5 20100524055305000000024563010905968270610 37 377 54
2010.39219855 0.00619282937797 5 20100524060045000000024566695554021370610 44 445 71
2010.41194102 0.0118025801257 5 20100531110430000000026238956163192370610 82 180 53
2010.41199457 -0.0196023919508 5 20100531113240000000026256740729512370610303 132142 72976 12457
2010.41202119 -0.0206013657972 5 20100531114640000000026267215229345370610 42 281 52
2010.41468521 -0.0125986077711 5 20100601110750000000026403275161265370610 32 270 56
2010.41469456 0.0372606775835 5 20100601111245000000026404618954297370610 47 248 36
2010.4147085 -0.0403597094938 5 20100601112005000000026406896920934370610 36 306 61
2010.41473924 -0.00624606394021 5 20100601113615000000026413069159524370610428 127292 72991 13049
2010.4147516 -0.0374674537107 5 20100601114245000000026408867121905270610110 166293 72997 13050
2010.41475603 0.00658598161491 5 20100601114505000000026411905719094070610162 156999 72994 12851
2010.45478078 0.013743068941 5 20100616023630000000024098964586924370610999 121999 73032 16819
2010.45479124 0.0170963070467 5 20100616024200000000024133403064829170610108 155295 73032 16919
2010.45480312 -0.0271976926252 5 20100616024815000000024112021104876270610232 151556 73033 16919
2010.45481231 0.0211862585619 5 20100616025305000000024123289498919070610217 153644 73038 16819
2010.45481897 -0.00292119764534 5 20100616025635000000024126398722894370610207 175999 73038 16919
2010.45483386 0.00850763536247 5 20100616030425000000024164383230880170610 49 252462 73045
2010.45483893 -0.0377670266554 5 20100616030705000000024138317696313270610 57 240393 73048
2010.45484273 0.0722859165743 5 20100616030905000000024145757207088070610 40 342276 73049
2010.45484954 0.0386818907336 5 20100616031240000000024149081050204370610198 181999 73053 16819
2010.45485414 0.0739772579745 5 20100616031505000000024167652449071470610 18 396165 73053
2010.45485842 -0.00195750974862 5 20100616031720000000024182763316975170610 55 343393 73054
2010.46572363 0.00742581105979 5 20100620023200000000024537234993958370610 65 405125 73213
2010.46573504 -0.000116679899373 5 20100620023800000000024571021323600170610 78 243230 73218
2010.46575563 0.0470066330508 5 20100620024850000000024546296337679370610 57 364 61
2010.46576134 0.0121690294817 5 20100620025150000000024549253691062070610 44 368135 73228
2010.46576752 -0.0377115943357 5 20100620025505000000024554273851535270610 36 456145 73231
2010.46849127 0.00311019635948 5 20100621024740000000024763906137134370610135 239237 73110 19732
2010.46850363 -0.0309333541319 5 20100621025410000000024797441017141170610104 204445 73112 19632
2010.46851107 0.0495668909624 5 20100621025805000000024767602640749070610 22 679 35
2010.48531606 -0.000654909841695 5 20100627061650000000026202054238264370610111 191 51 72960
2010.48534727 -0.0279854276106 5 20100627063315000000026196287105956370610 29 313 27
2010.48539623 0.0314005873278 5 20100627065900000000026190304035550370610 53 272 50
2010.55057831 0.0206492207125 5 20100721022210000000025538415634386170610110 199258 73169 17756
2010.5505894 0.0131919643954 5 20100721022800000000025507631641060270610 59 298107 73174
2010.55059748 0.0788799784258 5 20100721023215000000025501192963341070610 50 323 71
2010.55060714 0.0552888176516 5 20100721023720000000025504061431889370610104 419112 73182 17457
2010.55062124 -0.0129791238233 5 20100721024445000000025538792337628170610 39 307104 73188
2010.55063392 0.0207308790758 5 20100721025125000000025505235749341370610218 208348 73190 17258
2010.55064359 -0.021327946417 5 20100721025630000000025509587810719270610 78 265152 73194
2010.55065341 0.0515508911684 5 20100721030140000000025504160908578070610 58 297 68
2010.62723338 0.0489158890322 5 20100818021940000000025609258907486370610376 182821 73303 18542
2010.62724241 0.0209391377047 5 20100818022425000000025646464329231170610405 141999 73311 18343
2010.6272516 0.0203985235766 5 20100818022915000000025616270388284270610181 188405 73314 18243
2010.62726126 0.0424081347063 5 20100818023420000000025611424394688070610150 179342 73314 18043
2010.62727109 0.045712735422 5 20100818023930000000025617955153316370610574 165835 73324 18044
2010.62727996 0.00462689615043 5 20100818024410000000025655591335511170610237 158982 73330 17546
2010.62729073 -0.00854561113564 5 20100818024950000000025626394725110270610 98 232199 73343
2010.62729913 0.0347795746401 5 20100818025415000000025625871605657370610424 176999 73350 17648
2010.73182942 0.0223511717394 5 20100925071300000000026265440111712370610269 192200 73447 12760
2010.73184589 0.0431341192797 5 20100925072140000000026261651524881370610678 145413 73447 12860
2010.73186396 -0.0362798907682 5 20100925073110000000026242686983345270610 79 283 78
2010.73187014 -0.00820431493966 5 20100925073425000000026251877477835070610 37 339 54
2010.73188059 0.0200610420779 5 20100925073955000000026255200314653370610150 206186 73441 13355
2010.73189707 -0.0232898929044 5 20100925074835000000026237455914200270610 99 203103 73449
2010.73191086 0.0341782829836 5 20100925075550000000026251279074637370610400 158193 73447 13255
2010.73786219 0.033070947893 5 20100927120600000000025853307843394370610316 194425 73119 9557
2010.73788311 -0.00948009275643 5 20100927121700000000025844933886480270610 93 214128 73125
2010.73789309 0.0420420429781 5 20100927122215000000025862068742674070610203 161490 73129 9959
2010.73790989 0.0481862089709 5 20100927123105000000025870907859822370610 86 370230 73134
2010.73791591 0.029036667116 5 20100927123415000000025871059901401070610 76 229324 73135
2010.7379224 -0.0123477914259 5 20100927123740000000025860241183506270610 37 321 67
2010.73792842 0.0177541039065 5 20100927124050000000025878520127990370610152 272247 73133 9759
2010.74881011 0.0440285465792 5 20101001120410000000024594949526025370610999 138945 73403 12434
2010.74882073 -0.0199970939085 5 20101001120945000000024614007739878170610313 147716 73406 12336
2010.74882992 0.0706370136813 5 20101001121435000000024607655538122470610 35 261117 73409
2010.74883927 -0.00617978357522 5 20101001121930000000024575114228842270610371 149884 73411 12336
2010.74885115 0.0377807877138 5 20101001122545000000024584252670164070610133 195456 73414 12337
2010.7488559 0.0327728054598 5 20101001122815000000024580403780996370610296 207737 73414 12437
2010.74886604 0.0636543295458 5 20101001123335000000024597083711229470610 61 235216 73414
2010.74887127 -0.028540585272 5 20101001123620000000024598895479059170610167 172535 73414 12438
2010.74887919 -0.0254544951841 5 20101001124030000000024564072972551270610135 201423 73417 12538
2010.74888585 0.0413568279818 5 20101001124400000000024575251046084070610119 186887 73417 12339
2010.74889361 0.0791985056475 5 20101001124805000000024590426550677470610 22 521114 73417
2010.74889947 0.0350675842837 5 20101001125110000000024569675905005370610341 191749 73417 12340
2010.78041961 0.0315219423846 5 20101013010930000000025539660823122370610 80 403234 73287
2010.78042991 0.0338545105532 5 20101013011455000000025580176904758170610 41 289114 73293
2010.78044782 0.0169543287829 5 20101013012420000000025552860486179370610 29 913288 73303
2010.78859387 0.00278010583671 5 20101016004850000000026406720817450370610749 135999 73133 9930
2010.78860401 -0.0335533358976 5 20101016005410000000026440538256486170610293 144681 73136 9732
2010.78861304 -0.0272837617323 5 20101016005855000000026439424547174170610227 223650 73139 9635
2010.78862303 0.0182385704592 5 20101016010410000000026395175231079070610385 140839 73140 10032
2010.78863966 0.00173893190177 5 20101016011255000000026401786345303370610171 191628 73143 9933
2010.78864616 -0.0324607827589 5 20101016011620000000026436501324290170610128 179903 73143 9933
2010.78865234 -0.0265519359037 5 20101016011935000000026395312310200270610 97 279390 73145
2010.78865883 0.0199183485583 5 20101016012300000000026392789378782070610 77 231349 73149
2010.78866628 -0.00129542135445 5 20101016012655000000026400530029197370610199 201816 73149 9534
2010.78867626 -0.000616643659749 5 20101016013210000000026400368061497370610156 216999 73152 9835
2010.78867991 -0.037808869116 5 20101016013405000000026394559743311270610110 231999 73153 9835
2010.78868418 -0.0506154038831 5 20101016013620000000026435421919922170610161 221999 73153 9735
2010.7886883 0.00328495717796 5 20101016013830000000026392450090489070610257 159999 73153 9835
2010.78869258 -0.0173346736356 5 20101016014045000000026400468344442370610231 181999 73154 9635
2010.79468781 -0.0826531388685 5 20101018061400000000026706186791718370610999 122999 72891 9853
2010.79469716 -0.117615077727 5 20101018061855000000026743762336003170610521 129999 72886 9854
2010.79471728 -0.0886299350187 5 20101018062930000000026714992828336070610999 120999 72877 9854
2010.79472536 -0.102481577627 5 20101018063345000000026727480228966370610687 135999 72873 9853
2010.79474437 -0.0842566230222 5 20101018064345000000026731168201864070610459 176999 72865 9655
2010.79475023 -0.105116222136 5 20101018064650000000026742527279210370610638 132999 72864 9755
2010.79476434 -0.0929422118589 5 20101018065415000000026743626264637070610259 175993 72858 9655
2010.79476988 -0.111366484396 5 20101018065710000000026754905577450370610606 150999 72858 9755
2010.81946171 0.1095252297 5 20101027072405000000025204701745061370610260 185321 72294 5175
2010.81947201 0.027020957239 5 20101027072930000000025198836324207370610324 208746 72290 5075
2010.81948912 -0.0594712235853 5 20101027073830000000025178226853442270610256 200362 72297 4975
2010.81949847 0.015163447626 5 20101027074325000000025184364688015070610197 161562 72306 4876
2010.81950814 0.0275397560671 5 20101027074830000000025179295299360370610480 154814 72306 4975
2010.81952604 0.00144174314292 5 20101027075755000000025170229995650370610169 221691 72313 4976
2010.8282615 -0.00325844072548 5 20101030123225000000024370576268818370610241 187215 73153 8751
2010.82827243 -0.0152250268385 5 20101030123810000000024392228766593170610236 141648 73152 8948
2010.82828035 -0.0140615441724 5 20101030124220000000024361686907180270610135 182249 73152 9048
2010.82829318 0.0373653433398 5 20101030124905000000024369547183922070610181 165547 73153 9048
2010.82830158 0.029400613077 5 20101030125330000000024364700852316370610430 178986 73154 9048
2010.82831172 0.0404153130129 5 20101030125850000000024381638273915470610 56 233208 73154
2010.82831885 -0.026906106703 5 20101030130235000000024386453596696170610130 161316 73158 9346
2010.91596969 0.0379585378026 5 20101201132325000000024278616724064370610 44 752629 72935
2010.91598125 0.00795034097181 5 20101201132930000000024303833923863170610 6 866453 72936
2010.91598822 -0.0458095915462 5 20101201133310000000024274969727745070610 3 826336 72936
2010.93911372 0.0116869561528 5 20101210001615000000026174771196563370610 5 1696129 72740
2010.93912845 -0.0670321829463 5 20101210002400000000026181321070839370610 13 1306 73
2010.9391763 -0.065907681718 5 20101210004910000000026204821457906370610 6 950117 72736
2010.95005086 0.0309003941868 5 20101214000845000000026506239037812370610 40 604233 72872
2010.95007478 -0.0905769713069 5 20101214002120000000026500851960607370610156 332377 72871 8814
2010.9500911 -0.0474030621196 5 20101214002955000000026528290858242170610 27 656566 72878
2010.95009903 -0.11775752379 5 20101214003405000000026482688910734270610 43 505936 72880
2010.9501098 -0.052569711938 5 20101214003945000000026487521442846070610124 327402 72877 8615
2010.9501201 -0.0976183064128 5 20101214004510000000026493402847479370610253 265999 72876 8615
2010.95012644 -0.068641389146 5 20101214004830000000026523125731868170610 63 531999 72875
2010.95013166 -0.0987194426204 5 20101214005115000000026478286791116270610 38 744999 72877
2010.95013626 -0.0997849352504 5 20101214005340000000026484392986757070610 34 778165 72879
2010.95014386 -0.0849077351238 5 20101214005740000000026490954969142370610432 206999 72881 8515
2010.97001689 -0.0671414978649 5 20101221071005000000024598028163791270610247 279999 72530 3564
2010.97002259 -0.0150487072612 5 20101221071305000000024608638358106070610159 308999 72530 3464
2010.97003131 -0.00772007776751 5 20101221071740000000024607729095321370610156 422999 72533 3664
2010.97004826 -0.0517189152385 5 20101221072635000000024596986588535270610 74 401999 72543
2010.97005618 -0.0209481365825 5 20101221073045000000024607968500080070610251 263999 72543 3665
2010.97006173 -0.0224482662822 5 20101221073340000000024607422515040370610487 229999 72540 3665
2010.97007329 -0.0638143665935 5 20101221073945000000024597298034187270610252 261999 72537 3665
2010.97008359 -0.0237341768886 5 20101221074510000000024608771039650070610 72 425999 72533
2010.97009041 -0.00923343969835 5 20101221074845000000024608497113176370610124 465999 72540 3565
2010.97010387 0.0374141089772 5 20101221075550000000024599041781462270610 6 1310298 72536
2010.970111 -0.0635944254543 5 20101221075935000000024599661892253270610 32 655855 72530
2010.97011496 -0.0561718590404 5 20101221080140000000024600041035780270610 79 496999 72530
2010.97012178 -0.0178230650569 5 20101221080515000000024611884542758070610114 353999 72533 3466
2010.97013873 -0.0287450201656 5 20101221081410000000024613256104429370610233 332999 72537 3467
2010.97015885 -0.08317002131 5 20101221082445000000024605878133874270610 35 531628 72535
2010.97016947 -0.013824189439 5 20101221083020000000024618166637836370610121 436999 72542 3367
2010.97018452 -0.00924810244097 5 20101221083815000000024621918424584070610 33 822999 72537
2010.97028671 0.0498844735478 5 20101221093200000000024649556011587370610 17 996407 72531
2010.97029147 -0.0341152794505 5 20101221093430000000024651225703545370610 30 922422 72531
2010.97030525 -0.0236427433635 5 20101221094145000000024645797699415270610 35 622 85
2010.97031713 -0.03451975657 5 20101221094800000000024660737205011370610131 394188 72533 2873
2010.97032316 -0.0145171530391 5 20101221095110000000024664159072802070610 70 505341 72527
2010.97032933 -0.0823139794017 5 20101221095425000000024655116135350270610 38 623 47
2010.97033583 -0.0184547550823 5 20101221095750000000024668175496570370610169 335254 72525 2873
2010.97034169 -0.00654085947527 5 20101221100055000000024671698228307070610 90 340446 72530
2010.97036467 -0.0341292269374 5 20101221101300000000024680450305228370610113 461 64 72533
2010.97037195 -0.0151874668743 5 20101221101650000000024684857410892070610 43 567 49
2010.97039018 -0.00970920397295 5 20101221102625000000024692076527958370610101 438 66 72528
2010.9704019 0.00298789666639 5 20101221103235000000024698856267554070610 71 459 60
2010.97042012 -0.0325827248241 5 20101221104210000000024706580882137370610155 346 81 72535
2010.97044103 -0.00456293894304 5 20101221105310000000024717220736517370610123 378 78 72531
2010.97044801 -0.0257204420711 5 20101221105650000000024710486235545270610 58 529 32
2010.97046623 0.0605322472905 5 20101221110625000000024730549972936370610 44 486 39
2010.97047336 -0.0485975392009 5 20101221111010000000024724068014561270610 65 551 41
2010.97048968 -0.021216357484 5 20101221111845000000024743420277764370610 42 514 67
2010.98371438 -0.0296671040203 5 20101226071425000000024308516967824370610237 268696 72893 -1361
2010.98373102 -0.0798202402736 5 20101226072310000000024298056700044270610102 352170 72888 -1157
2010.98374227 -0.0171291477825 5 20101226072905000000024292335345796070610 64 452999 72882
2010.98375067 -0.0106585867549 5 20101226073330000000024284334740449370610284 252899 72877 -1764
2010.98375954 0.0439232938145 5 20101226073810000000024292242203547470610 15 943657 72876
2010.98377776 -0.0600851423885 5 20101226074745000000024267859323772270610 77 395131 72864
2010.98378616 -0.0331724531795 5 20101226075210000000024264429639352070610 54 434790 72857
2010.98379234 -0.0271542914058 5 20101226075525000000024258106488106370610263 282999 72854 -2168
2010.98379788 -0.00427147223009 5 20101226075820000000024268409507312470610 30 695780 72849
2011.02695436 -0.0606175310756 5 20110111021655000000026574987804061370610 48 742999 72394
2011.02696498 -0.0640161879207 5 20110111022230000000026608554977866170610103 301999 72399 -2055
2011.02697052 -0.0532911665584 5 20110111022525000000026567018552989270610 64 499999 72403
2011.02697512 -0.000957334771289 5 20110111022750000000026578080498712070610 97 476961 72413
2011.02949099 -0.00951846910967 5 20110112003105000000026389920973205370610619 214999 72889 -513
2011.02949971 -0.00945576502336 5 20110112003540000000026417481468437170610522 213999 72889 -313
2011.02950826 -0.00861677004351 5 20110112004010000000026373720419506270610243 263999 72892 -113
2011.02951508 0.00832704232679 5 20110112004345000000026383448046229070610364 267999 72892 113
2011.02952237 0.0106706969594 5 20110112004735000000026406025136240470610125 373825 72893 -113
2011.0295287 -0.0169036038066 5 20110112005055000000026388948042994370610584 204999 72892 013
2011.02957322 0.00687638448225 5 20110112011420000000026391005091834370610428 258999 72888 313
2011.02968271 0.00256160424696 5 20110112021155000000026405026260921070610650 184999 72919 1013
2011.02968778 0.0157908551549 5 20110112021435000000026411803045155370610510 253999 72923 1213
2011.02969237 -0.00681873632921 5 20110112021700000000026440716944953170610161 323999 72920 1113
2011.02969237 -0.00681873632921 5 20110112021850000000026398281741693270610152 326999 72919 1014
2011.02969586 -0.0301991350795 5 20110112021850000000026398281741693270610152 326999 72919 1014
2011.07475046 0.0356189362858 5 20110128131545000000025150603882404370610 80 737866 72655
2011.07475949 -0.0388519413616 5 20110128132030000000025183652569609170610 71 479394 72658
2011.07476693 -0.0189916737224 5 20110128132425000000025150337800314270610 84 477999 72658
2011.07477533 0.0202545277928 5 20110128132850000000025143639822213070610 66 622935 72655
2011.07479371 0.0221425645207 5 20110128133830000000025145216054332370610 37 700999 72659
2011.07480353 -0.000613892808093 5 20110128134340000000025146482622070270610 26 1168999 72662
2011.07481795 0.00782350228773 5 20110128135115000000025143470687165370610 15 3103122 72672
2011.10348379 0.0152106635426 5 20110208010820000000026632415395049370610267 297999 72258 -1749
2011.10349393 0.0529030911778 5 20110208011340000000026654281287924470610 33 682834 72261
2011.10350343 -0.00519629789843 5 20110208011840000000026636259988978070610102 327999 72256 -1749
2011.10351437 -0.0185585863735 5 20110208012425000000026631897920984270610101 341999 72255 -1849
2011.10352403 -0.0284894354488 5 20110208012930000000026680411493920170610155 358999 72252 -1446
2011.10353275 -0.0110728390361 5 20110208013405000000026657006734707370610119 381999 72246 -1646
2011.10353972 0.117054855094 5 20110208013745000000026677843393177470610 22 741999 72245
2011.1035459 -0.0245329983379 5 20110208014100000000026658512884639070610 38 721999 72245
2011.10355271 0.0185226552342 5 20110208014435000000026652322183441270610 97 471999 72253
2011.1035581 -0.013904059663 5 20110208014725000000026698857451511170610109 501965 72261 -2046
2011.10360198 0.0147527806615 5 20110208021030000000026696682495808370610159 362999 72244 -1846
2011.10361038 0.0448153369282 5 20110208021455000000026719018683515470610 38 915479 72238
2011.10361957 0.0211727969502 5 20110208021945000000026702027226104070610 43 495747 72237
2011.10362955 0.014843975768 5 20110208022500000000026713877576679370610103 438999 72239 -1746
2011.1036473 0.0157873980855 5 20110208023420000000026753129875267170610 42 654456 72239
2011.10365918 0.00671616719709 5 20110208024035000000026733126426103370610 97 413999 72230
2011.11777385 0.0138049476002 5 20110213062420000000025288657663640370610489 294827 73210 3215
2011.117787 0.00017324613081 5 20110213063115000000025296835913904070610245 287556 73217 3114
2011.11779302 -0.000696743264331 5 20110213063425000000025299717598789070610414 225966 73217 3114
2011.11779983 -0.00769587828173 5 20110213063800000000025322187215930170610201 301999 73215 2915
2011.11780617 0.00598779843794 5 20110213064120000000025304070627253370610611 276999 73214 3114
2011.11781235 -0.0103726036693 5 20110213064435000000025309158962102070610606 196999 73214 3314
2011.11782011 -0.0154851324703 5 20110213064840000000025297090152962270610463 227999 73213 3114
2011.1178255 0.0143833510731 5 20110213065130000000025334835597822170610210 289999 73211 3114
2011.11783168 0.00925973580824 5 20110213065445000000025316791445183370610910 241999 73212 2914
2011.11783786 0.0096309535359 5 20110213065800000000025322030130885070610543 212999 73210 3014
2011.11784435 0.0162039153432 5 20110213070125000000025309413146707270610256 268999 73208 3014
2011.11785038 -0.000240410103931 5 20110213070435000000025347527137897170610100 409999 73205 3114
2011.12050679 0.00720575974928 5 20110214062145000000024805609905066370610615 262999 73062 9316
2011.1205136 0.0624778621052 5 20110214062520000000024828905923370170610 25 1715 77
2011.12051946 -0.00436219049944 5 20110214062825000000024797953205205270610534 222999 73064 9116
2011.12052517 0.0115000359868 5 20110214063125000000024815454922071070610425 219938 73063 9216
2011.12053135 0.0197817437504 5 20110214063440000000024814532055301370610827 252999 73068 9416
2011.12053974 -0.00228616072191 5 20110214063905000000024838585331931170610 38 550273 73075
2011.12054814 -0.00198229624285 5 20110214064330000000024808855484498270610530 204999 73077 9116
2011.12055464 0.00570157693373 5 20110214064655000000024826896763036070610249 277755 73075 9016
2011.12056066 0.0207293383931 5 20110214065005000000024826054616247370610 40 1275166 73064
2011.12056826 0.0104973666524 5 20110214065405000000024829191812131370610339 313999 73061 9216
2011.12057999 0.0307361237858 5 20110214070015000000024821989750386270610122 431578 73066 9216
2011.12058997 0.0572983376835 5 20110214070530000000024841806290960070610 46 656309 73065
2011.12059425 0.0299311034535 5 20110214070745000000024840343577893370610558 282999 73064 9116
2011.18290792 -0.0164889938976 5 20110309012215000000026552757955968370610127 374999 72229 835
2011.18291901 -0.0345693476344 5 20110309012805000000026577182202498470610 5 1123318 72237
2011.18292788 -0.060082877412 5 20110309013245000000026560185588533070610 50 492999 72237
2011.18293644 0.0172597520207 5 20110309013715000000026553108044990270610 26 892261 72244
2011.18294864 -0.0301768429424 5 20110309014340000000026601675996000170610155 333999 72252 535
2011.1829583 0.00468984769331 5 20110309014845000000026581365464621370610241 399999 72254 535
2011.18296559 0.0407734267567 5 20110309015235000000026604095682895470610 26 1078999 72259
2011.18297209 0.0118422858571 5 20110309015600000000026586046149459070610 53 636819 72256
2011.18297811 -0.0215868599559 5 20110309015910000000026577678379684270610 71 530999 72262
2011.18298556 -0.0211771376277 5 20110309020305000000026623727074126170610 13 871663 72270
2011.18299142 -0.0364464171077 5 20110309020610000000026601416626639370610111 604999 72278 437
2011.19386519 -0.0109856970455 5 20110313012520000000025312880954401370610 21 1138107 72680
2011.19387374 -0.0378596432353 5 20110313012950000000025333358909151170610 97 459999 72685
2011.19388293 -0.0256085045482 5 20110313013440000000025298679772499270610 65 510999 72693
2011.19389291 0.020740424857 5 20110313013955000000025313515261642070610187 479379 72696 7325
2011.19390559 0.00827804730879 5 20110313014635000000025310408501744370610551 258999 72699 7424
2011.19391478 -0.0178277142192 5 20110313015125000000025331342209858170610314 252999 72699 7324
2011.19393664 0.0288023106907 5 20110313020255000000025312981074051070610 88 500312 72699
2011.19394441 -0.00188323332323 5 20110313020700000000025297659821872270610238 280999 72699 7424
2011.19395375 0.0349071376179 5 20110313021155000000025310877140688370610347 317999 72701 7323
2011.20547729 0.0420575492238 5 20110317071250000000023746612014047370610481 306298 72869 8330
2011.20549677 0.0476417891835 5 20110317072305000000023748884508637270610281 308226 72869 8428
2011.2055039 0.11163917707 5 20110317072650000000023762692387337070610 16 944 14
2011.20551563 0.0875504367207 5 20110317073300000000023760772108448370610309 399168 72860 8329
2011.20553052 -0.0141628630306 5 20110317074050000000023762172968008270610 51 477 81
2011.20554304 0.068533932433 5 20110317074725000000023772129141943370610154 498181 72855 8130
2011.20555571 0.0348978392933 5 20110317075405000000023773081316233270610105 538138 72849 8129
2011.20556886 0.018045818076 5 20110317080100000000023783717385756370610 30 1087 35
2011.21642885 0.00766245053755 5 20110321071255000000023549996403977370610 63 717 65
2011.21643645 0.00278142617689 5 20110321071655000000023549534212910070610160 377242 72662 9917
2011.21644422 -0.0250461943294 5 20110321072100000000023550398230642270610 92 563 96
2011.21645451 -0.00460621191515 5 20110321072625000000023546381822380370610403 332332 72662 9617
2011.21647907 0.0142898909901 5 20110321073920000000023543960449502370610211 381191 72675 9217
2011.21648684 -0.00816496683611 5 20110321074325000000023544189721806070610231 362254 72677 9017
2011.21649587 -0.0337057955409 5 20110321074810000000023545588251127270610 69 563 66
2011.21650743 -0.0139228947307 5 20110321075415000000023542443039768370610189 432195 72680 8717
2011.21652565 -0.0287878163005 5 20110321080350000000023543024952971070610 95 483255 72671
2011.2165331 -0.0275659210826 5 20110321080745000000023544949553215270610 21 1201 20
2011.2165377 -0.00779815985216 5 20110321081010000000023542351210040370610 82 643131 72665
2011.23343363 0.00441483186232 5 20110327121645000000025855380988529370610 20 1599446 72077
2011.2334566 0.0755838506077 5 20110327122850000000025850757451244370610 10 3752 59
2011.23348639 -0.0921080954219 5 20110327124430000000025845953436436370610 19 1526 62
2011.26509018 0.011103665099 5 20110408014650000000026032947326170370610 43 748866 72135
2011.26509937 0.0687456481312 5 20110408015140000000026060385859780170610 22 787588 72136
2011.28156767 0.0458562724446 5 20110414021320000000023964023197824370610586 245198 72427 8718
2011.28157971 0.0280772797917 5 20110414021940000000023981347359291170610 39 869214 72433
2011.28159128 0.0496055238103 5 20110414022545000000023951897393574270610270 365255 72438 8719
2011.28160047 0.0641670577382 5 20110414023035000000023959633761169070610236 378246 72449 8319
2011.28161917 0.070820962653 5 20110414024025000000023947688648913370610719 261379 72452 8420
2011.28163406 0.00864044354902 5 20110414024815000000023965272448214170610135 360999 72459 8520
2011.2816423 0.0536288373326 5 20110414025235000000023937764497946270610363 327437 72461 8420
2011.28165038 0.0754648797368 5 20110414025650000000023946636609697070610260 322387 72471 8420
2011.28166385 0.0181312911366 5 20110414030355000000023937233438835370610115 604145 72465 8520
2011.2819576 0.0836103312825 5 20110414053825000000023955365720023370610453 322405 72483 6720
2011.28197803 0.00913325475203 5 20110414054910000000023969093430678070610 28 918 37
2011.28198976 0.06373552011 5 20110414055520000000023965988090094370610168 540127 72478 6720
2011.28199911 0.0218826882695 5 20110414060015000000023965346169949270610 69 591147 72477
2011.2820197 0.101670896277 5 20110414061105000000023977227292921370610 28 922 43
2011.28209702 0.0261454932545 5 20110414065145000000024011784252955370610 49 809 59
2011.34453222 0.0312917582844 5 20110507021010000000025627596552527370610866 240999 72663 13718
2011.34454379 0.026378308997 5 20110507021615000000025654075554114470610 65 569999 72672
2011.34455614 -0.00166210009111 5 20110507022245000000025644289525622070610267 304999 72682 13718
2011.34456312 -0.00437160803331 5 20110507022625000000025634669969260270610371 255999 72684 13718
2011.34456945 -0.019556368127 5 20110507022945000000025670686261233170610148 290999 72686 13418
2011.34457547 0.0272316090916 5 20110507023255000000025652396929463370610539 286999 72686 13518
2011.34458165 0.0319302432393 5 20110507023610000000025676043140941470610 53 501999 72684
2011.3445872 0.0706047170018 5 20110507023905000000025659330296702370610486 346999 72685 13618
2011.36369052 0.00888184236036 5 20110514020640000000023853308101052370610349 282371 72955 11123
2011.36371128 -0.00288256479753 5 20110514021735000000023845261030514270610265 389226 72949 10134
2011.36372189 0.0156643740986 5 20110514022310000000023846374995698070610157 322209 72946 9936
2011.36373156 0.00302830861555 5 20110514022815000000023838631094918370610341 284330 72943 9837
2011.36375263 -0.00987490488542 5 20110514023920000000023831888992573270610340 241501 72938 9539
2011.36375944 0.0256537549351 5 20110514024255000000023834823587977070610101 502202 72937 9440
2011.36376657 0.0205031983708 5 20110514024640000000023832897914458070610103 443173 72934 9441
2011.36377592 0.0182552687977 5 20110514025135000000023825900210717370610273 369209 72937 9341
2011.36378923 0.00276449845778 5 20110514025835000000023822732942666370610159 387241 72936 9241
2011.36379573 -0.00217660738481 5 20110514030200000000023821297800491370610104 514144 72934 9241
2011.36380349 0.0695884578084 5 20110514030605000000023824319168003070610 40 482107 72933
2011.36380856 -0.0184477217342 5 20110514030845000000023818393422260270610102 394285 72936 9142
2011.3638168 -0.0389133341457 5 20110514031305000000023842389392638170610 25 656134 72939
2011.3638252 0.0869644038533 5 20110514031730000000023815707584112370610 66 1073 78
2011.36383138 0.0481862180089 5 20110514032045000000023819406178858070610 21 1283 23
2011.36383771 -0.0155143387462 5 20110514032405000000023813506412307270610 20 811 49
2011.3641538 0.0933249347066 5 20110514061020000000023855854284242370610 8 4446 2
2011.36417361 0.117463862166 5 20110514062045000000023863932920182370610 32 1325 23
2011.36422542 0.0338505856846 5 20110514064800000000023887686636792370610 85 448 48
2011.36423698 0.0411954276417 5 20110514065405000000023893105061885270610 52 777 52
2011.36425394 0.0500712745045 5 20110514070300000000023902283352703370610175 483146 72936 8035
2011.37242566 0.0160258166646 5 20110517064100000000023969377431645370610 42 926 7
2011.38935581 0.00950852559553 5 20110523110535000000026003555450057370610821 271999 72536 9225
2011.3893631 0.000295912489758 5 20110523110925000000026012560450686470610236 348999 72540 9126
2011.38937039 -0.00778647734178 5 20110523111315000000025991596574237070610453 258999 72539 9226
2011.38937673 0.0103669516896 5 20110523111635000000025993741127645270610250 393448 72539 9126
2011.38938259 -0.0274142868663 5 20110523111940000000026037217405774170610 37 493 71
2011.38939368 0.0155461184834 5 20110523112530000000026000020743363370610628 220999 72537 9126
2011.38940129 -0.00198301149858 5 20110523112930000000026035986086404170610 14 794 33
2011.38941158 -0.0331254847194 5 20110523113455000000025991560638743270610228 270536 72534 9226
2011.38942046 -0.0176570065166 5 20110523113935000000025988720344500070610243 280999 72540 9126
2011.38942759 -0.0373339302684 5 20110523114320000000026008911043864470610 30 639849 72545
2011.38943329 0.0113585345601 5 20110523114620000000025998944766232370610218 332605 72544 8926
2011.38943725 -0.026533926263 5 20110523114825000000026035307354023170610 9 1055 84
2011.43765955 -0.000367248788013 5 20110610023125000000024167167821503370610436 267999 72892 16918
2011.43766969 -0.00371226145281 5 20110610023645000000024193301723290170610230 289999 72890 16918
2011.43768157 0.0025029532765 5 20110610024300000000024169884475849270610327 299999 72887 16918
2011.43768997 0.0208243481969 5 20110610024725000000024176436735063070610593 238853 72885 16918
2011.43770185 0.0372556798314 5 20110610025340000000024189188156267470610 95 483190 72889
2011.43770993 0.0306834332799 5 20110610025755000000024175005364389370610999 218999 72892 16818
2011.44585488 0.00723544286238 5 20110613022150000000024214494976273370610 70 595 81
2011.44587263 -0.0222659952785 5 20110613023110000000024208593851088270610 44 794 54
2011.44588277 0.0311147324895 5 20110613023630000000024204894966290070610 99 650110 72989
2011.44589338 0.0156846396779 5 20110613024205000000024201744688725370610191 413201 72988 18721
2011.44591414 0.0465329043721 5 20110613025300000000024196009246034270610134 577124 72993 18721
2011.44592428 0.00315169023024 5 20110613025820000000024193003073352070610 82 875 60
2011.44593426 0.0354544274663 5 20110613030335000000024190630932678370610135 702 95 73002
2011.4459547 0.0256835572575 5 20110613031420000000024186042137729370610161 389196 73006 18821
2011.44596817 0.00386193917738 5 20110613032125000000024183378748740370610248 380220 73011 18621
2011.44598718 0.0223465316151 5 20110613033125000000024180296733724270610 8 995 17
2011.44599811 0.0278516166066 5 20110613033710000000024178497580078370610172 430154 73025 18421
2011.4460054 0.00906995461927 5 20110613034100000000024177509645419070610159 410156 73033 18120
2011.44625494 0.00803795979963 5 20110613055215000000024197277717272370610599 233255 73061 16918
2011.4462654 0.118808662162 5 20110613055745000000024230118706544170610 25 889 69
2011.44627491 0.020772134528 5 20110613060245000000024203143800428270610367 264394 73062 16918
2011.44628584 0.0200164668416 5 20110613060830000000024206989175777070610 40 913 29
2011.44629756 0.0116316430424 5 20110613061440000000024210720526494370610526 233716 73064 16718
2011.44631737 0.0663496606206 5 20110613062505000000024218167902804070610 37 1345 28
2011.44632798 0.00574937985884 5 20110613063040000000024221991494922370610467 300634 73058 16718
2011.44633527 -0.0924623854305 5 20110613063430000000024254612302371170610 6 1075 25
2011.44634541 0.011787926421 5 20110613063950000000024228888964862270610357 347395 73055 16718
2011.44635508 0.0151105277394 5 20110613064455000000024233446820476070610 69 432159 73055
2011.44636427 -0.00324484182848 5 20110613064945000000024237184765100370610770 197774 73055 16518
2011.46603053 -0.0459460861827 5 20110620111325000000025999103459483370610 90 349202 72370
2011.46606142 0.00666276143538 5 20110620112940000000025995009212722070610256 348999 72380 10141
2011.46606998 0.011450325713 5 20110620113410000000025997721610955270610 58 551 47
2011.46607949 -0.0223000891353 5 20110620113910000000026009258790319370610208 313392 72377 10142
2011.47412636 0.0412969939564 5 20110623101130000000026557807542443370610 45 822317 73116
2011.4741468 -0.000643456711902 5 20110623102215000000026536059115025270610 32 602123 73118
2011.47415741 0.00903931783186 5 20110623102750000000026533941196066070610 74 718855 73122
2011.4741647 0.0423312537526 5 20110623103140000000026552552867323470610 5 1164188 73129
2011.47417611 0.0166360490178 5 20110623103740000000026534468671474370610 99 432999 73131
2011.47418546 0.0520506255482 5 20110623104235000000026563502603045170610 15 1830 42
2011.4741937 -0.00509306265367 5 20110623104655000000026515251688898270610 50 433762 73134
2011.47419924 0.117407237754 5 20110623104950000000026515982194641070610 14 3223493 73129
2011.47421303 0.03166333364 5 20110623105705000000026519489242759370610210 343999 73130 15640
2011.47430635 -0.0164563305522 5 20110623114610000000026491264547049370610200 334999 73158 15840
2011.47680052 0.0492821090077 5 20110624093800000000026650572254859370610 24 998130 72961
2011.47681192 -0.000957453980579 5 20110624094400000000026642757658651370610 14 876999 72963
2011.4768284 0.0119395606373 5 20110624095240000000026631687190041370610 80 589700 72959
2011.47690366 0.00446144269453 5 20110624103215000000026584776132329370610 37 752577 72956
2011.47690889 0.077611600623 5 20110624103500000000026573964317118070610 11 1129999 72956
2011.47692172 0.0377918832158 5 20110624104145000000026562212712905270610 33 1006317 72963
2011.59914537 0.0397917382573 5 20110808020630000000024754671447999370610448 333784 73072 20540
2011.5991563 0.0360802762364 5 20110808021215000000024788959155453170610534 225999 73072 20541
2011.59916708 0.027451192603 5 20110808021755000000024755986037234270610252 310999 73074 20241
2011.59917484 0.0226990334843 5 20110808022200000000024753259940104070610840 218999 73075 19842
2011.59918593 0.113558804259 5 20110808022750000000024768482950396470610 36 756 41
2011.59919496 0.0198837869023 5 20110808023235000000024759375409373370610862 193999 73086 19943
2011.59920241 0.0369534842824 5 20110808023630000000024793950451613170610250 297999 73092 20044
2011.5992097 0.0113345734929 5 20110808024020000000024761228231303270610204 384999 73098 20044
2011.59921715 -0.000915849938526 5 20110808024415000000024759085084266070610392 230986 73101 19844
2011.5992219 0.00538269208418 5 20110808024645000000024763602241768370610192 396676 73102 19744
2011.6385812 -0.0561496861125 5 20110822114810000000025966462531338370610214 347999 73402 13968
2011.63860338 -0.0386761076595 5 20110822115950000000025982807320927170610101 402450 73407 14861
2011.63861304 -0.0211906082775 5 20110822120455000000025943141460910270610175 282999 73413 14463
2011.63862128 -0.0459271319057 5 20110822120915000000025952249929036070610111 439999 73415 14066
2011.63863031 -0.0358336813594 5 20110822121400000000025968246043997470610 61 850999 73417
2011.63864061 -0.0249223358776 5 20110822121925000000025946452324130370610642 231999 73420 14265
2011.64678128 -0.0585481770183 5 20110825114105000000025030959417421370610274 373999 73300 14275
2011.64679016 -0.0579479582454 5 20110825114545000000025045883445094170610212 287999 73304 14374
2011.64679966 -0.0609999544765 5 20110825115045000000025008384261822270610180 323999 73309 14474
2011.64680917 -0.0684370644237 5 20110825115545000000025013131152387070610154 324999 73310 14672
2011.64681677 -0.105066860452 5 20110825115945000000025022336653395470610 14 1567132 73310
2011.64682707 -0.0346693642284 5 20110825120510000000024995068867212370610418 285999 73313 14772
2011.64683468 -0.0106364138271 5 20110825120910000000025011251178391170610124 371999 73317 14871
2011.64684006 -0.0346747286464 5 20110825121200000000025004583592165470610 36 638526 73320
2011.64684577 -0.0628747589733 5 20110825121500000000024985204247365070610 79 496999 73322
2011.64685226 -0.0643918163921 5 20110825121825000000024968116279122270610168 343999 73317 14969
2011.64685828 -0.0625080711986 5 20110825122135000000024971668686819370610236 401999 73315 14969
2011.70653282 -0.0161527044917 5 20110916072800000000026600022626020370610299 283453 72958 10362
2011.70655595 -0.0208719618465 5 20110916074010000000026590515256693370610 54 601 67
2011.7065634 -0.0572615511562 5 20110916074405000000026575599655046270610 75 446111 72981
2011.70657227 -0.0807267077114 5 20110916074845000000026579599265713070610 8 902143 72983
2011.71523896 -0.0271756298686 5 20110919114705000000025985791545360370610763 222999 73393 11650
2011.7152491 -0.0357257969524 5 20110919115225000000026003664701590470610110 404999 73393 11650
2011.71525956 -0.0124116785671 5 20110919115755000000025984501976055070610564 200999 73393 11651
2011.71526938 -0.00846942736162 5 20110919120305000000025981994857261370610960 210999 73393 11650
2011.71527952 -0.0359830505992 5 20110919120825000000026004210428816170610219 271633 73396 11650
2011.71528713 -0.028500641122 5 20110919121225000000025969197920579270610 91 359925 73397
2011.71529362 -0.0230431206371 5 20110919121550000000025968764652369270610351 258781 73395 11651
2011.71529964 -0.0416638500835 5 20110919121900000000025981236078084070610125 358999 73390 11651
2011.71530646 -0.00810607744707 5 20110919122235000000025998818107982470610174 374999 73390 11751
2011.71531248 -0.0105809815074 5 20110919122545000000025979209481263370610749 216999 73393 11751
2011.71531961 -0.0237913973476 5 20110919122930000000026002090717979170610481 210999 73396 11651
2011.71532531 -0.0315135367061 5 20110919123230000000025967639804754270610355 272738 73399 11651
2011.7153326 -0.020954097047 5 20110919123620000000025978946377339370610474 314999 73400 11550
2011.760545 0.0152798049306 5 20111006005615000000025809107052140370610522 219999 72599 9955
2011.76055403 0.0145831458424 5 20111006010100000000025845228372378170610180 370999 72598 9955
2011.76056513 -0.0121800549175 5 20111006010650000000025799506635636270610 55 677612 72601
2011.76057368 0.00225869344221 5 20111006011120000000025792734111767070610115 456393 72600 9855
2011.76058699 -0.00291558577074 5 20111006011820000000025801697039493370610100 488951 72601 9855
2011.76059951 0.0218789927815 5 20111006012455000000025800036974250370610482 252999 72601 9855
2011.76060806 -0.00028046442522 5 20111006012925000000025836914121860170610 55 516811 72603
2011.76061519 0.0386903636311 5 20111006013310000000025792521336202270610 84 554999 72602
2011.76062042 0.0110113971089 5 20111006013555000000025786866661731070610470 220999 72605 9855
2011.76062644 0.0197639815663 5 20111006013905000000025797338196222370610545 255999 72609 9856
2011.76063579 -0.000703657403125 5 20111006014400000000025790843072454270610151 435999 72615 9955
2011.77208279 0.00216177628981 5 20111010060440000000026542441784246370610763 209447 72740 4547
2011.7721007 -0.00369688345446 5 20111010061405000000026545528073873370610248 266442 72730 4247
2011.77211353 0.00313213990675 5 20111010062050000000026537201951120270610478 233484 72723 4846
2011.77211939 0.00506583379255 5 20111010062355000000026539689108102070610280 316286 72724 4645
2011.77212637 0.0198870055531 5 20111010062735000000026550936614462370610352 252408 72732 4446
2011.77213254 0.0209979169224 5 20111010063050000000026541485828287270610309 372196 72727 4644
2011.77213888 -0.0174947626735 5 20111010063410000000026544342484642070610146 365176 72725 4542
2011.77215536 0.00263396428572 5 20111010064250000000026558422055980370610188 362118 72730 4442
2011.77216582 0.00719383882032 5 20111010064820000000026550484409370270610218 356114 72730 4342
2011.77217453 0.041515862212 5 20111010065255000000026554541980391070610414 299219 72729 4144
2011.77218277 0.00554088281141 5 20111010065715000000026566815245866370610216 322237 72730 4245
2011.7776824 0.0338491551732 5 20111012070950000000026618294976018370610115 421 64 72599
2011.77771028 -0.00766249968065 5 20111012072430000000026620680494179370610 52 592 35
2011.77772058 0.0720388047551 5 20111012072955000000026614777796878070610 42 651 25
2011.7859045 0.0138868443822 5 20111015071420000000026452423487245370610973 221577 73071 12428
2011.78592526 0.0115359179829 5 20111015072515000000026442598466542070610264 303316 73068 12428
2011.78593429 -0.0164688475276 5 20111015073000000000026430328646151270610739 179523 73072 12627
2011.78594411 -0.0228849299098 5 20111015073510000000026464532008876170610 49 573 53
2011.78595489 -0.00393995119585 5 20111015074050000000026434278559155370610620 200944 73073 12727
2011.78596582 -0.0068792946483 5 20111015074635000000026429019144776070610423 253954 73075 12727
2011.78597232 -0.0105770476009 5 20111015075000000000026417949141945270610726 215754 73074 12727
2011.78597818 -0.00329049898638 5 20111015075305000000026453841744006170610 34 906 45
2011.7859842 0.00806192086683 5 20111015075615000000026425524049838370610999 256991 73072 12727
2011.79469034 -0.00978406740679 5 20111018121520000000025699665898024370610832 238999 73029 5833
2011.79469969 -0.0301822073604 5 20111018122015000000025719866617321470610187 320999 73030 4635
2011.79470888 -0.0135306961681 5 20111018122505000000025704522260574070610629 199999 73034 3139
2011.79471855 -0.0185511953975 5 20111018123010000000025691228383505270610661 198941 73038 2746
2011.79472789 -0.0363747723247 5 20111018123505000000025721906037159170610 59 599101 73036
2011.79473629 -0.020591820016 5 20111018123930000000025701450186199370610282 355999 73036 2153
2011.7947439 -0.00853988005175 5 20111018124330000000025722257150084470610117 471999 73041 1756
2011.7947515 -0.0279568083431 5 20111018124730000000025707421444182070610282 263999 73040 1856
2011.79475784 -0.032867158189 5 20111018125050000000025694303195368270610439 210999 73040 2055
2011.79476323 -0.0308723099376 5 20111018125340000000025725025096865170610 83 659181 73043
2011.79476988 -0.0108972437526 5 20111018125710000000025704896702893370610732 252999 73038 2947
2011.80568358 0.00489977525221 5 20111022123720000000024288664303599370610703 292999 73063 8925
2011.80569197 -0.0401299841548 5 20111022124145000000024302928904759470610129 398999 73062 8826
2011.80570021 -0.00556310488237 5 20111022124605000000024286449761780070610992 182999 73062 8826
2011.80570972 -0.0265223629619 5 20111022125105000000024269740915861270610958 195999 73063 8826
2011.80571843 -0.0301421530391 5 20111022125540000000024289570760154170610999 182999 73067 8726
2011.80572826 -0.00549062563433 5 20111022130050000000024263734247895370610751 281999 73066 8826
2011.84261224 0.0206966750477 5 20111105002020000000026350857657416370610999 283999 72388 7826
2011.84261794 0.00401142762648 5 20111105002320000000026385946013802170610216 344999 72386 8025
2011.84262713 -0.0256722815181 5 20111105002810000000026336716188727270610187 355999 72384 8124
2011.84263521 0.000299607977734 5 20111105003225000000026330564440893070610168 333589 72383 8123
2011.84264345 0.00808910058485 5 20111105003645000000026339399551894370610140 442659 72382 8618
2011.84608715 -0.0295577891017 5 20111106064800000000026611176388109370610200 351519 72112 -2372
2011.84609191 -0.00890919043077 5 20111106065030000000026603803671638070610 80 492241 72108
2011.8460965 -0.108022297158 5 20111106065255000000026606689152768270610 11 923 95
2011.85149663 0.0110216491078 5 20111108061310000000026623972055866370610299 278254 72073 -5860
2011.8515112 -0.0388234503414 5 20111108062050000000026616964763337270610 28 1461 22
2011.85166347 -0.00905939413561 5 20111108074055000000026691746170170370610202 352189 72034 -6669
2011.87685122 0.0751959435795 5 20111117122840000000025046153526933370610999 303999 72981 1059
2011.87686199 0.0117320172642 5 20111117123420000000025065751865615170610768 187999 72984 960
2011.87687261 0.0269130818699 5 20111117123955000000025040428327974270610999 177999 72984 1060
2011.87688227 0.0562363021229 5 20111117124500000000025053321587602070610999 274999 72980 1060
2011.87689115 0.0522063128804 5 20111117124940000000025065956787971470610516 291999 72980 960
2011.87689954 0.0669131629323 5 20111117125405000000025046314739219370610844 359999 72984 1060
2011.87690604 0.000549828276501 5 20111117125730000000025066458894985170610375 256999 72987 960
2011.87691253 0.0327449195241 5 20111117130055000000025041730787598270610764 320940 72988 960
2011.87691887 0.0138426177357 5 20111117130415000000025055095902885070610814 296999 72985 1060
2011.87692505 0.0307705752705 5 20111117130730000000025068014286188470610387 234999 72980 1060
2011.87693646 -0.0146686680461 5 20111117131330000000025068880087756170610465 238999 72982 1060
2011.87694105 0.0326208226536 5 20111117131555000000025044321639081270610536 272999 72986 960
2011.87694581 0.069382464156 5 20111117131825000000025057850741141070610764 401999 72987 960
2011.87695008 0.0343340985631 5 20111117132040000000025070777826714470610282 351999 72989 860
2011.91108433 -0.00995429827227 5 20111130003355000000025324239854907370610528 358999 72970 3034
2011.91109273 0.011918818221 5 20111130003820000000025336585488717470610116 417999 72973 3532
2011.91110224 0.0153173558568 5 20111130004320000000025320481011764070610469 349999 72972 3432
2011.91111111 0.0116520278309 5 20111130004800000000025324450604994070610378 305999 72973 3531
2011.91112062 -0.0558009989406 5 20111130005300000000025333248731425270610259 269999 72973 3232
2011.91112949 0.00170544312941 5 20111130005740000000025382107195638170610391 298999 72973 3231
2011.91113725 -0.0130636341716 5 20111130010145000000025348237049246370610493 274999 72976 3330
2011.91114312 0.0238564364766 5 20111130010450000000025360067135822470610 43 681953 72983
2011.96173568 0.00854877160536 5 20111218123430000000024331914063453370610832 197999 72769 6157
2011.96174646 0.0138000600194 5 20111218124010000000024346743809978470610144 323999 72772 6256
2011.96175581 -0.0145877249385 5 20111218124505000000024326185507306270610759 195999 72763 6254
2011.96176515 0.0234152428959 5 20111218125000000000024332200082597070610517 221999 72765 6156
2011.96177466 -0.0272276051189 5 20111218125500000000024348163998432170610741 184999 72761 6056
2011.961781 0.0622148864125 5 20111218125820000000024323969913492370610338 289999 72758 6057
2011.9617867 0.0385378949498 5 20111218130120000000024323227225138370610902 217999 72762 6056
2011.96179494 0.0602774970387 5 20111218130540000000024339353606567470610239 373999 72764 5760
2011.9618035 -0.00427290274157 5 20111218131010000000024319606519170270610367 293999 72764 5662
2011.96181791 0.0933810822819 5 20111218131745000000024326127762383070610183 424999 72767 5662
2011.99046157 0.0545291058873 5 20111229002310000000025661640868924370610322 724965 72787 2820
2011.99048312 0.0686831824635 5 20111229003430000000025660899511339070610175 636812 72796 2321
2011.99049294 0.11108711885 5 20111229003940000000025668232586149270610148 658721 72794 2721
2011.99050245 0.0264079921101 5 20111229004440000000025719077269933170610105 893639 72802 2821
2011.99050926 -0.103414023652 5 20111229004815000000025686148480024370610 24 738999 72813
2012.0104463 -0.0544114954616 5 20120105073420000000026387082200407370610999 154999 73272 737
2012.01046578 -0.0282213337566 5 20120105074435000000026396262221914070610338 223563 73265 937
2012.01047497 -0.0515979178096 5 20120105074925000000026392923906549270610477 197890 73265 1136
2012.01048828 -0.0668285734798 5 20120105075625000000026411157368363370610677 185804 73264 1134
2012.01866207 0.0702475659703 5 20120108073530000000025552604369635370610248 476 36 72221
2012.01867157 0.0684100739812 5 20120108074030000000025546720872572270610157 559 40 72219
2012.01868868 0.0921742074345 5 20120108074930000000025557267159631370610 75 792 24
2012.01871467 0.0487044207905 5 20120108080310000000025562863955626370610145 392 86 72218
2012.06991089 0.00443617032515 5 20120127005020000000026071284622139370610 94 699307 72604
2012.06993006 0.0185127608632 5 20120127010025000000026083732015213370610129 591339 72599 553
2012.06995716 0.017703687415 5 20120127011440000000026102098216951370610 53 479999 72599
2012.06997966 0.105475222335 5 20120127012630000000026118001202356370610 73 1002173 72590
2012.07265065 0.0317741982792 5 20120128005120000000026252513567743370610 34 921188 72566
2012.07266997 0.0324666850422 5 20120128010130000000026262562448691370610 77 634469 72578
2012.07268645 0.0478059403752 5 20120128011010000000026271555978637370610173 472625 72591 1650
2012.08359508 0.0599542014454 5 20120201004740000000026390299194189370610160 399137 72569 748
2012.08360981 0.0402595155095 5 20120201005525000000026377551580877270610 65 457821 72570
2012.08361995 0.0229326836918 5 20120201010045000000026414398258767170610120 698878 72571 748
2012.08362882 0.0442769877766 5 20120201010525000000026381788427721070610550 286561 72586 648
2012.08363865 0.0287813298558 5 20120201011035000000026383633362699370610999 250999 72592 648
2012.08364705 0.0499527804707 5 20120201011500000000026398686815893470610165 440220 72604 847
2012.0836575 -0.0126639254238 5 20120201012030000000026371512100931270610522 255999 72616 846
2012.08366622 -0.0330825693752 5 20120201012505000000026409241747628170610856 184999 72627 846
2012.08367556 0.0226452700947 5 20120201013000000000026377457964057070610808 272963 72635 846
2012.08368491 0.0173588149403 5 20120201013455000000026380024889227370610999 221999 72641 846
2012.08369458 -0.00497731043352 5 20120201014000000000026395781007210470610130 439185 72648 946
2012.10888724 0.0483985297536 5 20120210063020000000024237768369826370610201 361218 72537 -142
2012.10892733 0.0256065480565 5 20120210065125000000024217478630347370610 69 936 38
2012.15758977 -0.0524543173458 5 20120228012555000000026529019419878370610151 350999 72298 3943
2012.15761417 -0.0710366614009 5 20120228013845000000026538049935139370610 58 506850 72298
2012.15762526 -0.0482511170055 5 20120228014435000000026539387073452070610 71 385600 72293
2012.15763683 -0.117879355683 5 20120228015040000000026575214737880170610 96 456999 72285
2012.15764634 -0.0646633751537 5 20120228015540000000026540645578924270610 40 514887 72293
2012.15765632 -0.0616151936199 5 20120228020055000000026555619886542370610140 362999 72291 4442
2012.1712879 0.0426123492573 5 20120304013035000000025366111355702370610 58 596 87
2012.17130834 -0.0576878435756 5 20120304014120000000025349110970082270610118 386234 72708 226
2012.17133115 -0.0566067345287 5 20120304015320000000025345115637209370610 85 677 64
2012.17134098 0.0321656815861 5 20120304015830000000025346529522846070610 82 443163 72715
2012.17135619 -0.0207637198116 5 20120304020630000000025334256976314370610107 509269 72711 227
2012.17136205 0.00144604371534 5 20120304020935000000025325076868035270610105 492466 72721 127
2012.1801829 -0.0246947653438 5 20120307072900000000024191195014932370610 14 2082 4
2012.20539616 0.0874079816197 5 20120316123010000000025054957889228370610923 265999 72763 7615
2012.20540916 0.0254871003483 5 20120316123700000000025046046069775270610264 456560 72768 7716
2012.20541866 0.0653561704014 5 20120316124200000000025039822377457070610186 737999 72773 7615
2012.20542944 0.0808024756764 5 20120316124740000000025056061135202470610 53 1165242 72775
2012.20543815 0.0240496747349 5 20120316125215000000025081154790669170610219 420390 72777 7616
2012.20544528 -0.0607171900417 5 20120316125600000000025043219094939370610117 452999 72777 7716
2012.20545384 0.049345647559 5 20120316130030000000025041545099700370610 80 935680 72776
2012.23704401 0.0612070910786 5 20120328015540000000026529934551459370610144 742999 72770 10118
2012.23705066 0.000829493269787 5 20120328015910000000026523517326333270610204 400999 72774 10218
2012.23705668 -0.0386459477092 5 20120328020220000000026560690435280170610286 401999 72777 10018
2012.23706366 0.035623108611 5 20120328020600000000026540110119220070610161 376999 72777 10018
2012.23706952 0.0602708213185 5 20120328020905000000026542215681028370610682 355999 72777 9918
2012.23707554 0.0223129145955 5 20120328021215000000026563278199563470610 55 562999 72777
2012.23708219 0.0389932744359 5 20120328021545000000026549408403553070610274 386999 72779 9818
2012.23709075 0.0520650498723 5 20120328022015000000026543426471980270610 78 692714 72788
2012.23709756 0.076030647025 5 20120328022350000000026556554833580370610490 442999 72796 9718
2012.23710437 0.051803504691 5 20120328022725000000026584811826584170610200 601999 72798 9717
2012.24798749 -0.0277287609722 5 20120401015130000000025363335093407370610600 263999 72611 11421
2012.24799335 0.00585941003309 5 20120401015435000000025382586347775470610 48 566146 72612
2012.24799985 0.00357035325514 5 20120401015800000000025368170670356070610311 297999 72611 11620
2012.24800634 -0.0134598858501 5 20120401020125000000025353011484305270610130 413999 72611 11520
2012.24801268 -0.0448888189937 5 20120401020445000000025377781754036170610248 277999 72611 11520
2012.24801902 0.0150950305318 5 20120401020805000000025357337578577370610605 315999 72611 11520
2012.24802599 0.0312654130314 5 20120401021145000000025376781607562470610 48 727 95
2012.24803597 0.0538642756795 5 20120401021700000000025354813371289370610318 504588 72619 11520
2012.24804168 0.0544278972005 5 20120401022000000000025361540063205070610173 436680 72620 11320
2012.24804611 0.0436113231038 5 20120401022220000000025346979888059270610180 520999 72618 11220
2012.24805118 -0.000390613808765 5 20120401022500000000025372252762513170610221 385999 72619 11320
2012.24805578 0.117477094397 5 20120401022725000000025352485880567370610363 662976 72621 11320
2012.26216632 0.0302847974156 5 20120406060900000000023605368285169370610521 286 80 72582
2012.26217456 0.00338903592573 5 20120406061320000000023609145187508070610114 445 46 72584
2012.26218106 -0.0591803438808 5 20120406061645000000023601502208463270610120 403 38 72584
2012.26219358 0.0891301982258 5 20120406062320000000023602497787648370610271 517 47 72585
2012.26220546 -0.0154345877315 5 20120406062935000000023601658515378370610304 228 78 72590
2012.26221243 0.0668410413121 5 20120406063315000000023601282807948370610268 471 48 72588
2012.26221924 -0.101603592172 5 20120406063650000000023600998973339370610363 242162 72587 10218
2012.26508496 0.105243479476 5 20120407074405000000023510477150781370610148 560 21 72787
2012.26509098 -0.0995137341167 5 20120407074715000000023510790208310370610245 188118 72784 7817
2012.26510001 -0.0968548901225 5 20120407075200000000023513869198937070610158 197106 72777 7817
2012.27925793 -0.000656793060673 5 20120412115830000000024653573850206370610233 217999 72443 3549
2012.27926458 0.0213211083981 5 20120412120200000000024662856618470470610 37 461810 72440
2012.2792706 -0.0167842602161 5 20120412120510000000024644629596094070610 31 609999 72437
2012.2792771 -0.0415808653263 5 20120412120835000000024649640485858270610 47 339118 72432
2012.27928914 -0.0113079046635 5 20120412121455000000024655594503195370610380 378999 72435 3251
2012.27929564 0.0124644542309 5 20120412121820000000024665248016364470610 36 715626 72438
2012.27930166 -0.00553769821204 5 20120412122130000000024647307716994070610105 246999 72438 3252
2012.279308 -0.0314852690128 5 20120412122450000000024652558507029270610113 216212 72445 3352
2012.27931243 -0.00446207279242 5 20120412122710000000024658154669071370610243 223873 72449 3252
2012.28748479 -0.0229713415531 5 20120415120530000000025721447203531370610 32 993243 71723
2012.28749493 -0.0436975454716 5 20120415121050000000025717197547408370610198 325999 71721 -7563
2012.2875019 -0.02540654892 5 20120415121430000000025702157384491070610 23 878574 71720
2012.28750856 -0.0686929916767 5 20120415121800000000025704317064879270610 34 573719 71731
2012.28751616 -0.0351414179233 5 20120415122200000000025708741589840370610198 267999 71730 -7663
2012.31370589 0.00190096145593 5 20120425015645000000026610239013761370610378 192999 72856 16420
2012.31371508 0.00649791007959 5 20120425020135000000026634215079901470610 29 567663 72855
2012.3137249 0.0433631444546 5 20120425020645000000026624108995469070610141 223999 72861 16320
2012.31373425 0.00924937969171 5 20120425021140000000026619241255728270610 84 263999 72864
2012.31374407 0.0267855430218 5 20120425021650000000026633960781664370610216 227999 72868 16120
2012.31375152 -0.0226195549396 5 20120425022045000000026662479311620170610 25 580491 72870
2012.31376721 0.0243106389614 5 20120425022900000000026648789523333370610243 227999 72872 15821
2012.32466363 0.0358793044659 5 20120429020005000000025443091557714370610581 204999 72373 12523
2012.32466997 -0.00712210887946 5 20120429020325000000025462196462990170610622 157999 72372 12523
2012.32467646 0.0190846229168 5 20120429020650000000025438306020879270610582 197999 72375 12523
2012.32468312 0.0672692561718 5 20120429021020000000025453344536982070610475 167999 72376 12523
2012.32468962 0.0622162128063 5 20120429021345000000025466432783005470610285 182767 72378 12622
2012.32469611 0.0285814309689 5 20120429021710000000025446405726912370610737 190999 72381 12522
2012.32470197 -0.00402230972327 5 20120429022015000000025465713119493170610749 213999 72383 12422
2012.32470831 0.0308049226376 5 20120429022335000000025442199739468270610673 170999 72385 12422
2012.32471512 0.0626724267574 5 20120429022710000000025457681070247070610592 169999 72387 12422
2012.32472162 0.0695850158306 5 20120429023035000000025471087830186470610306 174893 72392 12322
2012.32472764 0.0548143888088 5 20120429023345000000025451269378856370610936 183999 72394 12322
2012.3328691 0.0202081704708 5 20120502015550000000024305962532920370610587 249445 72521 13017
2012.33287449 -0.0327891802219 5 20120502015840000000024323643372874170610 29 446234 72521
2012.33288273 -0.0109275078205 5 20120502020300000000024296414750753270610310 187533 72524 13017
2012.33288938 0.0633154416653 5 20120502020630000000024305786819087070610327 216407 72525 12916
2012.33290348 0.0471923852535 5 20120502021355000000024292311037467370610311 249246 72531 12817
2012.33291204 0.0128616595837 5 20120502021825000000024285320498123270610431 177887 72531 12917
2012.33291854 -0.0333369469074 5 20120502022150000000024306850110807170610 72 254601 72529
2012.33292519 0.0438093448254 5 20120502022520000000024292900911473070610489 438592 72532 12717
2012.33293707 0.0336686874004 5 20120502023135000000024280928866743370610586 275600 72536 12817
2012.34164765 0.0174847150417 5 20120505065300000000023478050559995370610325 182127 72926 13117
2012.34165478 -0.0519216751484 5 20120505065645000000023475710855809270610 49 231 13
2012.34166635 0.00404482131921 5 20120505070250000000023480560584487370610236 291157 72927 13217
2012.34167253 0.0361768508526 5 20120505070605000000023484072189658070610 73 252 53
2012.34168077 -0.0394664501575 5 20120505071025000000023479647157204270610123 190 48 72928
2012.34172814 -0.00170571559943 5 20120505073520000000023492957711372370610439 224183 72911 13217
2012.34173622 0.029894402084 5 20120505073935000000023497631903921070610 94 294 81
2012.36952842 0.0365765596005 5 20120515111710000000026330974200658370610122 420999 72957 4641
2012.36953872 -0.0170911049274 5 20120515112235000000026317103803457270610 98 292999 72957
2012.36954854 0.051800777969 5 20120515112745000000026307680602384070610 74 338999 72964
2012.36956391 0.0459409261318 5 20120515113550000000026310820606883370610150 292999 72961 4637
2012.36957231 0.0136325860592 5 20120515114015000000026343760962473170610125 216556 72961 4337
2012.36959227 0.0243474746319 5 20120515115045000000026295699382506370610164 268999 72975 4239
2012.39588562 0.0528272891613 5 20120525022000000000026140200290471370610288 263999 72322 16321
2012.39589449 0.0286007428738 5 20120525022440000000026139419360743270610399 175999 72332 16221
2012.395904 0.0573629642101 5 20120525022940000000026157916457435070610337 259999 72339 16122
2012.3959116 0.0814625526043 5 20120525023340000000026175590057457470610 45 526999 72345
2012.39591857 -0.0079875683216 5 20120525023720000000026180201629771170610 89 253999 72352
2012.39592602 0.0319351459118 5 20120525024115000000026164513446276370610261 269999 72353 15922
2012.39593109 -0.00952262634314 5 20120525024355000000026187883630915170610172 232999 72351 16122
2012.39593759 0.0312046313854 5 20120525024720000000026165677798303270610167 272999 72356 16022
2012.3959444 0.0895212197872 5 20120525025055000000026195848894807470610 35 470644 72360
2012.41232968 0.0498817468258 5 20120531022855000000024118298549971370610150 355303 72761 15518
2012.41233839 0.0781147981259 5 20120531023330000000024123152612968070610244 184374 72763 15318
2012.41234774 -0.0335393642811 5 20120531023825000000024111142584022270610206 244533 72765 15818
2012.41235867 0.012868812141 5 20120531024410000000024113327640329370610125 320116 72767 15818
2012.41236945 -0.0368648266224 5 20120531024950000000024133454911572170610180 188999 72763 15818
2012.42102077 -0.0236513113407 5 20120603064005000000023567833592369370610 78 243 54
2012.44336626 0.0373440290066 5 20120611103255000000025934795204229370610999 139999 72985 15020
2012.45167503 0.0932953858944 5 20120614112300000000026642584562621370610150 301999 72780 14441
2012.45168438 0.0407188439938 5 20120614112755000000026629464948169270610226 207999 72785 14642
2012.45170482 0.114395906982 5 20120614113840000000026624695568902370610372 176999 72793 14743
2012.48351269 0.0755787396999 5 20120626022820000000024853756915196370610647 203999 73205 19621
2012.48352378 0.0935383344265 5 20120626023410000000024858002640133370610910 197999 73205 19421
2012.48624959 -0.0411545729069 5 20120627022750000000024563810784221370610469 203999 73078 20419
2012.48633309 -0.0435689186481 5 20120627031145000000024588535723160370610 53 697132 73097
2012.5005097 -0.00687546485938 5 20120702072805000000023878491871567370610 67 218 40
2012.50051826 -0.0157843326954 5 20120702073235000000023881604884744370610 72 275 60
2012.50052713 -0.0174630379108 5 20120702073715000000023877937857738270610 52 272 37
2012.60775122 -0.01086885685 5 20120810113250000000026478402300542370610250 171999 73410 14151
2012.60776263 0.0027990842434 5 20120810113850000000026488502009203470610 7 1713212 73419
2012.60777277 -0.0494952892689 5 20120810114410000000026464901237736270610 71 345219 73422
2012.60778307 0.0030478740307 5 20120810114935000000026465078700216070610 79 476999 73420
2012.60779115 -0.0258733724979 5 20120810115350000000026465982971353370610731 131999 73425 14051
2012.60780002 -0.0611348843006 5 20120810115830000000026493733809098170610600 132999 73428 14051
2012.60780699 0.0132960582348 5 20120810120210000000026458548629912070610560 224999 73425 14051
2012.60781333 0.026659658012 5 20120810120530000000026474130602087470610189 189999 73429 13951
2012.60782046 -0.0573942160038 5 20120810120915000000026451871475641270610383 149999 73427 14050
2012.60782569 -0.0242961143879 5 20120810121200000000026457240842096370610711 244999 73427 13950
2012.61048289 -0.0120962356953 5 20120811112935000000026470138591596370610727 134999 73357 14255
2012.6104924 -0.0486694073109 5 20120811113435000000026493897301943170610730 131999 73359 14356
2012.6105027 -0.0511760210422 5 20120811114000000000026454448486777270610885 127999 73362 14356
2012.61051474 0.00842063671075 5 20120811114620000000026453587880997070610692 159999 73361 14356
2012.61052456 0.00940816646539 5 20120811115130000000026465252507333470610267 174999 73365 14356
2012.61053391 -0.00826163047828 5 20120811115625000000026446159883945370610999 133999 73368 14356
2012.61054168 -0.0563104843525 5 20120811120030000000026471221775009170610570 1141999 73374 14456
2012.6105477 -0.0369538759617 5 20120811120340000000026434258988576270610687 468999 73376 14556
2012.61055435 0.00618641620599 5 20120811120710000000026436430646741070610450 143999 73378 14356
2012.61056053 -0.00322837585486 5 20120811121025000000026450089155931470610265 185999 73377 14456
2012.61056544 -0.0284438824085 5 20120811121300000000026433137020720370610517 148999 73381 14656
2012.64771386 0.0148439908596 5 20120825015135000000024343546062610370610999 140999 72804 14861
2012.64772353 -0.0276619886783 5 20120825015640000000024375533395448170610428 171999 72807 14861
2012.64773082 -0.0154224132923 5 20120825020030000000024340054673909270610104 216999 72807 14761
2012.64775221 0.0327597165676 5 20120825021145000000024346333167867070610712 157999 72818 14661
2012.64776013 3.55744930382e-05 5 20120825021555000000024351256533742370610605 138999 72824 14562
2012.64776631 -0.0272737240223 5 20120825021910000000024346576186417270610299 216999 72824 14563
2012.6477728 -0.0438819622425 5 20120825022235000000024384561216182170610379 152999 72824 14463
2012.64777898 0.0171995664211 5 20120825022550000000024352039027190070610588 163999 72826 14463
2012.647785 -0.0154954885868 5 20120825022900000000024356815777846370610638 428999 72824 14363
2012.64779182 0.0295700336071 5 20120825023235000000024372102349664470610149 200345 72826 14662
2012.6477991 -0.0361120199589 5 20120825023625000000024354377440200270610415 959999 72830 14463
2012.64780528 -0.03885526413 5 20120825023940000000024392616860893170610364 376999 72831 14363
2012.65594865 0.000579764899838 5 20120828020245000000024654700253931370610366 189427 73399 14554
2012.65595609 -0.00149459594764 5 20120828020640000000024652228197305370610358 196470 73388 14654
2012.65596433 -0.0838747715382 5 20120828021100000000024684443517958170610 55 358152 73385
2012.65597511 -0.0320910906223 5 20120828021640000000024638147192380270610356 156317 73390 14652
2012.65598382 0.0403875613781 5 20120828022115000000024634858381724070610298 161266 73396 14552
2012.65599554 0.00125282054864 5 20120828022725000000024640497467755370610590 273450 73398 14552
2012.65600553 -0.0437403416065 5 20120828023240000000024672704609069170610 60 286203 73397
2012.65601424 0.00932519679986 5 20120828023715000000024626900874728070610102 220 78 73390
2012.65645597 0.0428109670254 5 20120828062935000000024690392883490370610108 500 82 73487
2012.65646469 0.0162636542889 5 20120828063410000000024694583706379370610187 192157 73491 11986
2012.65647403 0.0370339656445 5 20120828063905000000024690187364670270610 20 510 20
2012.6564875 0.0274577642056 5 20120828064610000000024706050740997370610 83 281 70
2012.6565062 0.00803725963556 5 20120828065600000000024715966295100370610130 213120 73463 11884
2012.65651681 0.0253786349865 5 20120828070135000000024713129519846070610 51 315 35
2012.66750212 -0.0130183195499 5 20120901071925000000025439615417049370610 67 336 15
2012.66751036 0.0134910846325 5 20120901072345000000025440165370211370610219 401132 73319 13636
2012.6675308 0.024949839172 5 20120901073430000000025442056633795370610118 230 37 73315
2012.66755029 -0.0264189934162 5 20120901074445000000025444559252534370610 48 292 12
2012.66755837 0.0153664851757 5 20120901074900000000025445796843454370610 81 262 29
2012.66756898 0.100074102935 5 20120901075435000000025436785890241070610 22 331 13
2012.66757564 0.0453150773617 5 20120901075805000000025448833749169370610102 258 30 73313
2012.75510543 -0.00379688495673 5 20121003071515000000026456167703684370610578 202616 72875 13927
2012.75512 0.00572579151117 5 20121003072255000000026451661338185370610653 337661 72874 13728
2012.75514821 -0.0014973377613 5 20121003073745000000026443871023229370610672 227604 72876 13528
2012.75516294 -0.0104368423847 5 20121003074530000000026440297313393370610730 162707 72875 13528
2012.75519193 -0.00166733020819 5 20121003080045000000026434281590335370610713 332625 72875 13230
2012.75775423 0.00162570720636 5 20121004062825000000026615261334546370610532 162927 73201 15021
2012.75777261 -0.0136098360447 5 20121004063805000000026605021800150370610680 301999 73211 14921
2012.75777927 0.0170150304409 5 20121004064135000000026598946345779070610488 172999 73216 14621
2012.7577856 -0.0198351835636 5 20121004064455000000026592336583625270610308 177318 73217 14821
2012.75779242 -0.00858802551307 5 20121004064830000000026594407529464370610725 276905 73215 14822
2012.75781191 -0.0018555616764 5 20121004065845000000026584408572109370610723 133999 73214 14622
2012.77760698 0.000592043456661 5 20121011123010000000025098108361680370610 91 486613 72954
2012.77761601 0.0245384479138 5 20121011123455000000025099575140058070610120 358999 72961 9571
2012.77762726 -0.0329426025776 5 20121011124050000000025080515081655270610218 594999 72964 9770
2012.77763708 -0.0350546335606 5 20121011124600000000025098081962017170610459 186999 72964 9869
2012.77765578 -0.00473518127478 5 20121011125550000000025065568312611370610286 272999 72978 9770
2012.81523294 0.0242523456188 5 20121025061955000000025673330914991370610800 155717 72608 9932
2012.81525781 -0.027433345261 5 20121025063300000000025680852456777270610123 277306 72603 9732
2012.81526906 0.0265185142132 5 20121025063855000000025697204326738370610210 225387 72612 9932
2012.81528919 -0.00822288745917 5 20121025064930000000025711180992679370610 43 751 95
2012.81529727 0.00626414066278 5 20121025065345000000025716922906648370610349 190529 72614 9733
2012.81530313 0.0156645083996 5 20121025065650000000025709256198288070610149 313207 72614 9633
2012.81531454 -0.0439197515873 5 20121025070250000000025729432638848370610 21 849 33
2012.81797095 0.0208367610546 5 20121026062000000000025857416666206370610451 379514 72788 7519
2012.81806395 0.0270118022534 5 20121026070855000000025911076175886370610483 270473 72784 6723
2012.83177254 0.00841515308343 5 20121031071905000000026529075682012370610234 161105 72980 8925
2012.83179187 0.0267543101879 5 20121031072915000000026524695980864070610 96 218 58
2012.83180169 -0.0116625522999 5 20121031073425000000026521464236354270610124 185 44 72971
2012.83181231 0.000641872939693 5 20121031074000000000026527074169805370610279 161154 72967 8326
2012.83183259 -0.00461311096228 5 20121031075040000000026527080911832370610194 197 94 72970
2012.83184146 0.00531559234582 5 20121031075520000000026527302559397370610255 160124 72970 8626
2012.83723873 -0.00942237133063 5 20121102071405000000026607247010721370610624 221367 72850 8026
2012.83726551 0.0461060309979 5 20121102072810000000026623340847364170610 29 246 12
2012.83727834 -0.0176826214222 5 20121102073455000000026586995693661270610834 252402 72839 7527
2012.83728579 0.0158057714077 5 20121102073850000000026590290375705070610725 157999 72838 7527
2012.83731558 -0.012234041634 5 20121102075430000000026579443297045370610756 292632 72831 8227
2012.8373292 -0.0309369062809 5 20121102080140000000026570530554963270610673 133564 72831 8527
2012.8373414 -0.0214937424091 5 20121102080805000000026572094805519370610773 203744 72831 7727
2012.84273947 0.0027546191784 5 20121104072715000000026482368200109370610785 191999 73100 6849
2012.84276561 0.0343438888165 5 20121104074100000000026483053250382470610190 205999 73099 6850
2012.84277242 0.00835626369439 5 20121104074435000000026465868631010070610797 190999 73099 6850
2012.84277908 -0.0148806070713 5 20121104074805000000026452739561204270610604 593771 73099 6851
2012.84278557 -0.0519105886845 5 20121104075130000000026476132823368170610 72 241137 73099
2012.84279302 -0.0113536810306 5 20121104075525000000026448342666478370610673 307999 73099 6752
2012.84281267 -0.0196670984653 5 20121104080545000000026436668159852370610552 194999 73102 6754
2012.89940997 -0.00250406021155 5 20121125001340000000026468714226744370610819 170390 72840 4341
2012.89943278 -0.0344850515751 5 20121125002540000000026449208119028270610451 206429 72842 4341
2012.89944419 0.0108498836132 5 20121125003140000000026439326476939070610317 192238 72844 4341
2012.89945433 -0.0065659975437 5 20121125003700000000026442248551055370610555 186371 72845 4340
2012.89949347 0.000224282798397 5 20121125005735000000026420571551225370610482 189348 72838 4537
2012.90844218 0.055485537109 5 20121128072415000000026591323031481370610106 194 24 73275
2012.90848306 -0.000854203644169 5 20121128074545000000026599204221447370610137 170 39 73268
2012.90849257 0.0331370139691 5 20121128075045000000026596183692747270610169 175 42 73269
2012.90850144 0.0272527242275 5 20121128075525000000026601849628308070610118 193 42 73268
2012.90851142 0.0346141362759 5 20121128080040000000026606249325011370610154 179 40 73267
2012.96239099 -0.00746555084266 5 20121218001910000000024776914629193370610267 229999 72329 3527
2012.96240082 -0.0281645750431 5 20121218002420000000024772900340017270610250 179999 72333 3529
2012.96241064 0.007753779945 5 20121218002930000000024771698677449070610226 218999 72335 3531
2012.96242236 -0.00169868225135 5 20121218003540000000024789277076320370610350 196999 72343 3631
2012.96243187 -0.0323544239429 5 20121218004040000000024831907059577170610138 190999 72356 3332
2012.96244138 0.00390391593896 5 20121218004540000000024797570420184370610278 330999 72356 3729
2012.96245152 0.0766342187496 5 20121218005100000000024810636160990470610 26 682276 72362
2012.96246403 0.00370984321557 5 20121218005735000000024795482612885070610231 204999 72358 3432
2012.96247354 -0.00264484638251 5 20121218010235000000024812943015972370610495 166999 72367 3732
2012.96514263 -0.0283886885075 5 20121219002625000000025164702302099370610 61 637427 71950
2012.96514912 0.000962784347164 5 20121219002950000000025166235395765370610 21 1662783 71954
2012.97951032 -0.00304074043311 5 20121224062315000000026576822118289370610721 145576 72449 738
2012.97953916 -0.029244849625 5 20121224063825000000026624396753206170610 55 299184 72471
2012.97954772 -0.0126693939594 5 20121224064255000000026591282018366270610711 134999 72476 455
2012.97955405 0.0174103284451 5 20121224064615000000026595225667185070610631 141705 72486 454
2012.97956705 -0.00793654674567 5 20121224065305000000026607561865606370610591 155708 72465 651
2013.04456375 0.0161920095059 5 20130117003845000000025455086717596370610999 143999 72859 -1944
2013.04464218 0.00402360206567 5 20130117012000000000025490077697668370610561 172999 72912 -2545
2013.04464836 -0.0260679220585 5 20130117012315000000025486623513086270610316 188999 72919 -2646
2013.04465485 0.0105754638287 5 20130117012640000000025485650537186070610390 324999 72926 -2646
2013.04466008 0.0394119525524 5 20130117012925000000025508394480044470610 90 337999 72926
2013.05616888 0.0147240663143 5 20130121062235000000026623320080211370610750 130999 72776 2421
2013.05617886 0.0388808751675 5 20130121062750000000026626576195915070610350 151361 72777 2221
2013.05619011 0.0128856206509 5 20130121063345000000026633047597619270610428 148999 72779 2021
2013.05619914 0.00645344501458 5 20130121063830000000026675137669676170610469 180999 72777 2021
2013.0562069 0.019453575668 5 20130121064235000000026649243723470370610675 137999 72777 2021
2013.05623162 0.0385746265026 5 20130121065535000000026663359418407070610281 265622 72777 1821
2013.05623717 -0.00358171218909 5 20130121065830000000026666072054003270610115 221822 72775 1722
2013.05624382 0.00151531940423 5 20130121070200000000026706687922816170610112 207999 72776 1422
2013.05624984 0.00578491931878 5 20130121070510000000026679845839531370610461 168999 72777 2121
2013.09798828 -0.0117088055042 5 20130205125755000000024192053630572370610932 133999 72356 -370
2013.09801553 0.00987141376458 5 20130205131215000000024198012407777470610 96 393999 72356
2013.09802124 0.0123543048473 5 20130205131515000000024177594712341070610237 416999 72356 -465
2013.09802757 -0.0145372843174 5 20130205131835000000024168669222926270610380 173999 72357 -365
2013.09803423 -0.049356172028 5 20130205132205000000024204206524595170610378 169999 72360 -364
2013.09804041 -0.0234827494053 5 20130205132520000000024174109510618370610486 177999 72364 -263
2013.09804675 -0.000119397583378 5 20130205132840000000024188095430373470610114 213999 72366 -162
2013.09805277 0.00829892402612 5 20130205133150000000024167855593384070610330 234999 72366 -262
2013.0980591 -0.0152663683323 5 20130205133510000000024159180624985270610446 229999 72368 -162
2013.09806528 -0.0368734096912 5 20130205133825000000024195159787626170610411 900999 72377 060
2013.09807194 -0.0259623026279 5 20130205134155000000024165283185836370610755 183999 72377 059
2013.11856447 -0.000722596588505 5 20130213012010000000025267934999255370610421 169999 72141 -8055
2013.11857492 0.0157642865749 5 20130213012540000000025266175310370070610 84 308999 72139
2013.1185811 -0.0352950786976 5 20130213012855000000025273728607690270610 80 1302999 72148
2013.11858776 -0.0280218815235 5 20130213013225000000025287091091840370610291 230999 72152 -8057
2013.12949084 0.0436711812588 5 20130217010700000000026262130391030370610 99 227999 72774
2013.12952427 -0.0914594625858 5 20130217012435000000026265638924289070610181 190984 72760 1117
2013.12954772 -0.10724313015 5 20130217013655000000026309381060108170610253 178999 72775 1216
2013.12955912 -0.0718277191547 5 20130217014255000000026280479070526370610250 177999 72782 817
2013.1295672 -0.0512505268482 5 20130217014710000000026278695410093070610371 156999 72782 817
2013.12957402 -0.0555996393589 5 20130217015045000000026281193192300270610148 230999 72777 817
2013.12957988 -0.0523423647312 5 20130217015350000000026319973356913170610204 198999 72776 617
2013.1295878 -0.0366161560444 5 20130217015800000000026290422759180370610 92 253999 72772
2013.16306246 0.0280281806561 5 20130301072420000000024685488184724370610196 218140 72779 -3426
2013.16307181 0.00933425670587 5 20130301072915000000024683143589154070610 60 554 74
2013.16307973 0.0186769271465 5 20130301073325000000024676715755898370610 44 549140 72787
2013.16308924 0.0273832583996 5 20130301073825000000024672068175311370610343 352216 72792 -3628
2013.16309875 0.00501828437768 5 20130301074325000000024662131444407270610141 413 79 72793
2013.1631176 0.00713341480218 5 20130301075320000000024658989437433370610399 180268 72789 -3429
2013.16312695 0.0355864072415 5 20130301075815000000024657455205898070610177 196260 72786 -3428
2013.16313566 -0.0194246267704 5 20130301080250000000024645850407959270610125 201 81 72781
2013.16314422 0.00806062465631 5 20130301080720000000024647818465978370610310 203492 72784 -3629
2013.16911869 0.00832455402337 5 20130303122940000000024413912294605370610412 183929 72824 4725
2013.16914658 0.0322827602001 5 20130303124420000000024433909846802470610 50 372588 72820
2013.16915466 0.0192125344845 5 20130303124835000000024418213444323070610194 203999 72818 4625
2013.1691648 -0.00227362865485 5 20130303125355000000024412886456160270610 93 321101 72813
2013.16917541 0.0149399543377 5 20130303125930000000024422962402224370610261 291677 72811 5125
2013.16919411 0.0174233222576 5 20130303130920000000024427079287935370610539 158999 72807 5524
2013.20351754 0.0598360801312 5 20130316020205000000026229946545879070610104 238999 72790 11516
2013.20352625 0.0562880540463 5 20130316020640000000026240527051398370610304 158999 72787 11416
2013.20353766 0.00575952774011 5 20130316021240000000026243919990026270610134 254999 72787 11316
2013.24242797 -0.0014779066471 5 20130330070725000000024232969582818370610448 186373 72967 8226
2013.24246901 -0.0107793306736 5 20130330072900000000024213681262603070610497 197992 72956 8126
2013.24247772 -0.0215450024036 5 20130330073335000000024204343614480270610538 164276 72953 8026
2013.24248691 -0.0143035149006 5 20130330073825000000024207671026077370610558 330999 72950 7926
2013.24250292 -0.0123656486896 5 20130330074650000000024201670719534370610535 276637 72946 8525
2013.24251559 -0.0090850090412 5 20130330075330000000024196081914808070610303 233738 72943 8424
2013.2425224 -0.0140295719532 5 20130330075705000000024187912057097270610333 293373 72937 8324
2013.24252763 -0.0152978395847 5 20130330075950000000024193162743096370610426 163743 72936 8424
2013.2539645 -0.0319007133869 5 20130403121510000000024440455315844370610572 151999 72374 164
2013.25397036 -0.0482819771198 5 20130403121815000000024451359799804470610 54 397666 72375
2013.25397765 -0.0416792129902 5 20130403122205000000024429192783805070610134 257999 72380 166
2013.25398367 -0.0507757162479 5 20130403122515000000024427160648817270610 32 524140 72383
2013.25399096 -0.0284066891102 5 20130403122905000000024435711539687370610362 1133999 72383 365
2013.25399603 -0.0160718655018 5 20130403123145000000024468862598917170610150 199340 72391 465
2013.25400807 -0.0196606611637 5 20130403123805000000024423465931705270610351 183697 72389 662
2013.28290333 8.96955104943e-05 5 20130414015550000000026544132652466370610316 216999 72015 9125
2013.28292741 0.0095814967724 5 20130414020830000000026575556120311470610 18 764341 72020
2013.28293295 4.42767711754e-05 5 20130414021125000000026564836372437070610161 254999 72025 8926
2013.28293929 0.0499971414181 5 20130414021445000000026566225629519270610 70 290999 72021
2013.282945 0.000219037589657 5 20130414021745000000026603121121374170610116 273999 72021 8826
2013.28295308 0.0300194526287 5 20130414022200000000026580229152758370610185 285999 72020 8526
2013.28570249 0.0145545507046 5 20130415022805000000026618864017739370610 23 769213 71986
2013.29660937 0.0124629045101 5 20130419020440000000026095648653390370610356 204347 72429 -1630
2013.29661809 0.00133686309777 5 20130419020915000000026116911954040170610222 187999 72438 -1729
2013.29662601 0.00690989738427 5 20130419021325000000026092692014810270610199 212999 72448 -1730
2013.29663156 0.00476687198602 5 20130419021620000000026103194398141070610181 296327 72456 -1830
2013.29663869 0.00843577629052 5 20130419022005000000026096211443546370610272 520568 72461 -1830
2013.29664518 -0.0193830227283 5 20130419022330000000026115178428757470610 58 467122 72471
2013.2966512 0.0241715217205 5 20130419022640000000026096900637666370610234 241999 72473 -1830
2013.31912392 0.0182784104916 5 20130427072625000000023825040991635370610 43 276 21
2013.31913517 0.012649347839 5 20130427073220000000023822892664294370610 76 381 38
2013.31915703 -0.00812954658545 5 20130427074350000000023819310709431370610 99 261 49
2013.3387943 -0.0295389389423 5 20130504115215000000025190256402681370610468 186999 72455 3920
2013.3388008 -0.0730399584202 5 20130504115540000000025196182812244470610 92 361999 72452
2013.33880682 -0.0167635177997 5 20130504115850000000025172766690551070610222 194999 72452 3621
2013.33881157 -0.0275649523167 5 20130504120120000000025174755893034270610323 310999 72452 3521
2013.33881664 -0.0140525793461 5 20130504120400000000025180030738727370610448 1228999 72452 3621
2013.36509193 0.0120695138546 5 20130514022345000000026733660790817370610378 217999 73215 10418
2013.3651008 0.0223604941937 5 20130514022825000000026756387195554470610 36 588854 73217
2013.36510967 0.0281266475292 5 20130514023305000000026750171310704070610 23 873999 73217
2013.36511601 0.034013917503 5 20130514023625000000026749947788492370610128 376999 73216 10218
2013.36512092 -0.00576467269934 5 20130514023900000000026757882000759070610 42 461999 73219
2013.36512742 -0.0112512802509 5 20130514024225000000026755057837152270610 21 878249 73221
2013.37602067 -0.0256595110325 5 20130518021150000000025873956496926370610594 438999 72778 14919
2013.37603066 -0.0417553877262 5 20130518021705000000025875183741271370610443 271999 72785 15019
2013.37603969 0.0261790061566 5 20130518022150000000025872499798736270610414 167999 72788 15019
2013.37604777 0.00830619579278 5 20130518022605000000025886146595069070610142 234261 72789 15119
2013.3760587 0.010879447517 5 20130518023150000000025899032095701170610121 391999 72796 15019
2013.37606678 0.00512593036615 5 20130518023605000000025881022455670370610135 416287 72795 14919
2013.37607438 0.014317562637 5 20130518024005000000025878564643557270610 37 656999 72796
2013.37608373 -0.0102943872837 5 20130518024500000000025884504104210370610199 369999 72798 15020
2013.4012398 0.00129144435846 5 20130527071605000000023680675838063370610684 188856 72921 13811
2013.40125295 -0.0108540748981 5 20130527072300000000023668965961742070610427 186661 72920 13811
2013.40126071 0.00391583686792 5 20130527072705000000023665209671616270610319 201278 72920 13811
2013.40127592 -0.015458533707 5 20130527073505000000023670592650515370610735 392927 72912 13811
2013.40128907 -0.0355448221592 5 20130527074200000000023659617851930070610306 268466 72911 13711
2013.40129462 -0.0168075060276 5 20130527074455000000023656724219045270610139 361 89 72905
2013.40130048 -0.0184760784534 5 20130527074800000000023664867054682370610769 153767 72901 13711
2013.41809501 0.00933640247308 5 20130602110115000000025567526208335370610120 377999 73052 8754
2013.41811703 -0.0114212726978 5 20130602111250000000025556674009799370610101 464881 73048 8255
2013.4181259 -0.00712711566962 5 20130602111730000000025541367805565070610 30 694888 73055
2013.41813478 -0.0134533142475 5 20130602112210000000025548349569890370610 62 561905 73054
2013.41814301 0.00878947025262 5 20130602112630000000025539398036096270610 32 1114202 73055
2013.41815189 0.0697336698147 5 20130602113110000000025540693892897370610 6 4704140 73058
2013.41816678 0.016510298309 5 20130602113900000000025534338681450370610152 313999 73060 7957
2013.41817359 -0.000786731186283 5 20130602114235000000025569712898895170610 55 345345 73064
2013.44998954 -0.0354895090488 5 20130614023630000000026281659940475370610 26 1508183 73045
2013.45000412 -0.0407314991382 5 20130614024410000000026289741768566370610 17 2036 61
2013.45822433 -0.03457147831 5 20130617024740000000025247361521137370610266 398456 73198 19233
2013.53217719 -0.0178693031696 5 20130714030355000000025718833281695370610153 357999 73190 17440
2013.53218543 -0.0337060188679 5 20130714030815000000025730776616875070610162 306999 73191 17440
2013.53219446 0.00870256668054 5 20130714031300000000025722734180882270610129 885999 73194 17440
2013.53220365 -0.0147683119205 5 20130714031750000000025753780273511170610 82 258999 73198
2013.53221363 -0.0201247429279 5 20130714032305000000025739871721473370610165 402999 73207 16941
2013.61424174 -0.0215925669102 5 20130813022635000000025020440977961370610318 247999 73312 14776
2013.61425188 -0.0211101269153 5 20130813023155000000025015624714465270610 46 409601 73320
2013.61426075 -0.0532137846378 5 20130813023635000000025028705825933370610153 304999 73321 14677
2013.61426946 -0.033452460709 5 20130813024110000000025035946633220070610155 267416 73327 14578
2013.61427834 -0.02154392952 5 20130813024550000000025059077520665170610144 190999 73326 14579
2013.61429862 -0.0435176586536 5 20130813025630000000025046465006992370610156 289999 73328 14280
2013.66729853 -0.0356453155903 5 20130901113220000000026622134939192370610377 437999 73154 16560
2013.6673158 -0.00249428504981 5 20130901114125000000026609421694079370610128 466999 73156 16660
2013.66736143 -0.0679003691105 5 20130901120525000000026576888774885370610110 276999 73169 16556
2013.66737125 -0.0687373375324 5 20130901121035000000026573582219906070610 73 275496 73173
2013.6673787 0.0221667790981 5 20130901121430000000026565099899212270610 56 343441 73178
2013.66738789 -0.0392783378986 5 20130901121920000000026558824154284370610110 437949 73180 16356
2013.66739581 0.0260983014675 5 20130901122330000000026580113835903170610 94 315999 73183
2013.74676908 -0.0508823394775 5 20130930121040000000026284099140610370610145 246789 72842 10433
2013.74678144 -0.0762519836426 5 20130930121710000000026281041056684070610 91 340866 72843
2013.7467919 -0.00564086437225 5 20130930122240000000026268175569973270610130 223999 72842 10433
2013.74679998 -0.0293099880219 5 20130930122655000000026264053886061370610211 227999 72841 10432
2013.74681218 -0.0175234079361 5 20130930123320000000026280859264782170610391 141999 72845 10531
2013.74682153 -0.0583484172821 5 20130930123815000000026266993748861470610 87 221835 72841
2013.74682961 -0.054047703743 5 20130930124230000000026245922572726370610309 197999 72846 10431
2013.7813457 -0.00509035587311 5 20131013031635000000024377970044691370610 57 858108 73032
2013.7813758 -0.0235247612 5 20131013033225000000024386789137832370610372 141610 73041 10441
2013.8037178 0.0284663438797 5 20131021072325000000025845718714696370610626 135158 72555 7824
2013.8037308 -0.000726461410522 5 20131021073015000000025840486097302070610232 157183 72551 7625
2013.80374236 0.0650537014008 5 20131021073620000000025841522242735270610 98 167 39
2013.80375361 0.0123584270477 5 20131021074215000000025841278249691370610284 157250 72561 7924
2013.85232812 -0.0117741823196 5 20131108013030000000024174548966758370610140 191999 73233 3152
2013.85233811 -0.0481868982315 5 20131108013545000000024171392149645070610109 207999 73234 3355
2013.85234983 0.00934660434723 5 20131108014155000000024173936904447270610105 206999 73233 3154
2013.85235823 0.0266364812851 5 20131108014620000000024222387064541170610149 187999 73237 3152
2013.85236805 -0.0110994577408 5 20131108015130000000024195230183768370610328 144999 73238 3052
2013.86041144 0.00825190544128 5 20131111002200000000024578478145903370610737 136999 73183 7343
2013.8604379 -0.0541219711304 5 20131111003555000000024584349430020470610166 156265 73190 7143
2013.86044392 -0.0332065820694 5 20131111003905000000024562488770779070610532 139999 73193 6944
2013.86044931 0.0327122211456 5 20131111004155000000024563521248328270610447 141999 73191 7044
2013.86045628 0.0638270378113 5 20131111004535000000024607630856597170610293 143999 73193 7043
2013.86046246 0.00670480728149 5 20131111004850000000024570860154602370610656 136999 73197 7143
2013.86046895 -0.0165255069733 5 20131111005215000000024580621714066470610168 180280 73200 6944
2013.86047545 -0.0337213277817 5 20131111005540000000024559026644725070610640 135999 73204 6944
2013.86048226 0.0281566381454 5 20131111005915000000024560179767584270610335 154999 73210 6745
2013.86048796 0.0503797531128 5 20131111010215000000024604770165554170610438 137999 73211 6744
2013.86049763 0.00320065021515 5 20131111010720000000024568215264648370610724 527999 73215 6745
2013.87216946 -0.0218496322632 5 20131115072615000000025500929847746370610551 143471 72432 3962
2013.87220875 -0.0440403223038 5 20131115074655000000025516718818589070610277 151254 72413 4651
2013.87221573 0.031778216362 5 20131115075035000000025523532725826270610404 142356 72413 4455
2013.8722227 -0.0171496868134 5 20131115075415000000025532037093841370610754 387629 72414 4355
2013.9084143 -0.0279197692871 5 20131128130935000000025234021181593370610323 213999 72650 2220
2013.90843474 -0.0619776248932 5 20131128132020000000025229015131446070610110 210999 72659 2020
2013.90844107 0.0245673656464 5 20131128132340000000025213746063830270610136 195999 72664 2320
2013.90844789 -0.0550646781921 5 20131128132715000000025237302134407470610 17 712329 72666
2013.90846595 -0.040793299675 5 20131128133645000000025209883193250370610158 285999 72681 2220
2013.93432454 0.0333795547485 5 20131208001720000000024223736341732370610 37 646354 71976
2013.93433436 -0.0143013000488 5 20131208002230000000024226119303377370610 37 743464 71980
2013.9425487 0.0398287773132 5 20131211002255000000025129621288673270610236 167999 72660 -760
2013.94255821 0.000564813613892 5 20131211002755000000025131753441135370610757 136999 72667 -763
2013.9425777 0.0440155267715 5 20131211003810000000025165283557326170610451 138999 72666 -861
2013.94258293 -0.0544636249542 5 20131211004055000000025117144765642070610505 142999 72662 -662
2013.94258831 0.00377178192139 5 20131211004345000000025134503270106470610 45 397 55
2013.9426021 -0.0150935649872 5 20131211005100000000025123852130377370610592 147999 72672 -1066
2013.96790805 -0.0472700595856 5 20131220064055000000026659389343196370610148 228203 71910 946
2014.02195335 0.00543785095215 5 20140109002635000000025438141187427370610167 241999 72406 239
2014.0220096 -0.0368937253952 5 20140109005610000000025434475084892370610 85 402844 72425
2014.05002091 -0.0301587581635 5 20140119062900000000026505533603924370610999 136272 73081 1034
2014.05004167 0.0148075819016 5 20140119063955000000026490648484314270610496 135267 73073 1434
2014.05005466 -0.0654084682465 5 20140119064645000000026491298701676070610915 125773 73072 1135
2014.05006464 -0.0325264930725 5 20140119065200000000026480856091354370610748 150353 73066 1334
2014.05008397 -0.0224320888519 5 20140119070210000000026470790265004370610999 135488 73068 1135
2014.06994116 -0.0183521509171 5 20140126130615000000024339673868782370610206 229999 72320 517
2014.06995003 -0.0399094820023 5 20140126131055000000024334744790629070610103 224999 72322 517
2014.06996064 0.0176240205765 5 20140126131630000000024316528557686270610 90 240999 72327
2014.06996983 0.0044891834259 5 20140126132120000000024350261479711170610142 182999 72331 317
2014.0699833 -0.0419768095016 5 20140126132825000000024320523206248370610271 206999 72343 317
2014.07000358 -0.0436608791351 5 20140126133905000000024311655923100070610 21 812999 72345
2014.07001372 -0.0299714803696 5 20140126134425000000024308398669333370610186 244999 72349 116
2014.09048502 -0.00305116176605 5 20140203011130000000024269828659439370610585 144999 72136 -4678
2014.09049421 -0.0480312108994 5 20140203011620000000024286194786915470610 80 229764 72145
2014.09050292 -0.0343248844147 5 20140203012055000000024273715654859070610226 164999 72147 -4780
2014.09051338 0.0100940465927 5 20140203012625000000024285172056161270610356 149999 72152 -4780
2014.09052257 0.0331535339355 5 20140203013115000000024334504720211170610349 141999 72161 -4780
2014.0905316 -0.0241417884827 5 20140203013600000000024305164801676370610538 138999 72171 -4780
2014.09054364 -0.0624817609787 5 20140203014220000000024324286329121470610 60 293999 72178
2014.10962209 -0.000956535339355 5 20140210005650000000026509332592790370610168 207135 72527 5251
2014.10963254 -0.051990032196 5 20140210010220000000026504968586733370610 55 340 34
2014.10967041 -0.0319985151291 5 20140210012215000000026490110602666070610 95 216 35
2014.10968039 0.0476530790329 5 20140210012730000000026489198745993270610 78 237 89
2014.10969038 -0.00891947746277 5 20140210013245000000026483522036042370610119 220115 72523 5453
2014.11024175 0.0175144672394 5 20140210062245000000026544981448376370610 73 276 73
2014.11025458 -0.00832211971283 5 20140210062930000000026551968341865370610403 149509 72545 4950
2014.11026029 -0.00393724441528 5 20140210063230000000026555826064118070610102 228433 72545 5150
2014.11026789 -0.00289726257324 5 20140210063630000000026560129488439070610317 139298 72542 5148
2014.11027771 0.045783996582 5 20140210064140000000026566681745649270610983 121999 72545 5346
2014.11028754 -0.0129722356796 5 20140210064650000000026570833088619370610999 126999 72551 5246
2014.11030655 0.0439722537994 5 20140210065650000000026583885253054270610302 382849 72543 5346
2014.11031241 -0.0266427993774 5 20140210065955000000026586682204123070610268 156492 72542 5345
2014.11031843 -0.00787603855133 5 20140210070305000000026589657610114370610670 140979 72543 5345
2014.12941716 -0.0117627382278 5 20140217062815000000026156082712952370610442 172186 72834 6521
2014.12942667 -0.0390239953995 5 20140217063315000000026155266886408070610264 155201 72835 6421
2014.12943649 0.00854122638702 5 20140217063825000000026141039932853270610183 159 84 72835
2014.12944837 -0.0239471197128 5 20140217064440000000026140426991851370610481 164174 72834 6421
2014.129462 -0.0467964410782 5 20140217065150000000026134057168897370610178 220103 72827 6521
2014.12947594 -0.0327209234238 5 20140217065910000000026127839459991370610443 171305 72839 6321
2014.14109074 -0.0170642137527 5 20140221124805000000025098066150251370610957 145999 72481 1119
2014.14109913 -0.0447423458099 5 20140221125230000000025118441050342470610253 151999 72487 1119
2014.14110595 -0.0212644338608 5 20140221125605000000025100174460415070610424 315999 72489 1119
2014.14111434 0.0277372598648 5 20140221130030000000025086936680627270610464 141999 72486 1319
2014.14112195 0.0154418945312 5 20140221130430000000025123067082527170610311 145780 72489 1219
2014.14115776 -0.0329891443253 5 20140221132320000000025106269328772070610595 138999 72505 1119
2014.14116409 0.0203410387039 5 20140221132640000000025093266907497270610674 132999 72505 1119
2014.14117122 -0.0276935100555 5 20140221133025000000025107321508637370610806 157999 72503 1219
2014.18085532 -0.0183392763138 5 20140308012240000000025965198076427370610171 224999 72063 6029
2014.18086689 -0.0382498502731 5 20140308012845000000025966127791146070610 56 318415 72078
2014.1808943 0.0306869745255 5 20140308014310000000025977786412070270610 38 424940 72084
2014.19513445 0.00325846672058 5 20140313063255000000026506794495056370610 79 260 58
2014.22862765 -0.0403070449829 5 20140325120900000000024256050593046370610 87 283999 72770
2014.22863589 -0.0215173959732 5 20140325121320000000024251995305314370610180 184999 72770 3038
2014.2286557 -0.0381563901901 5 20140325122345000000024242636158605370610118 226999 72772 3238
2014.22866552 -0.016453742981 5 20140325122855000000024224060698071270610 51 327999 72775
2014.22867534 -0.0474141836166 5 20140325123405000000024227800126049070610 15 927147 72777
2014.2657775 -0.00553691387177 5 20140408014820000000026456557631083370610122 252204 72780 4721
2014.26580602 -0.0448729991913 5 20140408020320000000026457994403531370610 51 433149 72809
2014.26581552 0.000854849815369 5 20140408020820000000026458783691662370610 92 284306 72813
2014.26582614 -0.0314466953278 5 20140408021355000000026462899841661070610100 242163 72820 4322
2014.26583691 -0.0383062362671 5 20140408021935000000026461125041240370610169 210568 72828 4423
2014.26584658 0.0224725008011 5 20140408022440000000026463890698145270610141 204999 72832 4323
2014.26585513 0.0202391147614 5 20140408022910000000026491321268576170610 93 221999 72838
2014.2772451 0.0521315336227 5 20140412061950000000026053256846064370610 65 377 59
2014.27725683 0.00256407260895 5 20140412062600000000026056182691410370610191 236211 72733 9728
2014.2772714 -0.000781893730164 5 20140412063340000000026060130760894370610 64 446233 72719
2014.27728614 0.0166985988617 5 20140412064125000000026060464111877270610 53 287115 72720
2014.2772958 -0.03000831604 5 20140412064630000000026067495062931370610146 245123 72712 9528
2014.27731687 -0.00166845321655 5 20140412065735000000026074597476663370610211 239168 72714 9529
2014.28540573 -0.00545823574066 5 20140415055200000000025310221001587370610 93 280 62
2014.28541271 0.0186778306961 5 20140415055540000000025299167688243270610 32 245 18
2014.28542094 -0.0099059343338 5 20140415060000000000025305580749954370610169 210 94 72814
2014.28543964 -0.0100885629654 5 20140415060950000000025300417444140370610 93 317 90
2014.28545342 0.00233471393585 5 20140415061705000000025296995587341370610 64 394163 72835
2014.28545913 0.0109511613846 5 20140415062005000000025286754253491270610100 196429 72834 -1641
2014.28546705 0.0329481363297 5 20140415062415000000025295699700662070610 41 349 62
2014.28547434 0.00983965396881 5 20140415062805000000025292432930692370610 51 487642 72837
2014.28548495 0.0172864198685 5 20140415063340000000025281461957341270610 86 224999 72846
2014.28549272 -0.0263392925262 5 20140415063745000000025290850304975070610 46 317308 72848
2014.28550143 -0.00176000595093 5 20140415064220000000025287658043075370610346 179999 72849 -135
2014.28551458 0.00549793243408 5 20140415064915000000025276828172487270610118 191999 72856 332
2014.28552013 -0.0142071247101 5 20140415065210000000025286947620261070610144 175999 72858 132
2014.28552821 -0.00103557109833 5 20140415065625000000025284206083602370610206 213999 72859 -233
2014.28553772 0.0211437940598 5 20140415070125000000025274283608959270610 47 320999 72861
2014.28554722 -0.0146453380585 5 20140415070625000000025284390083928070610234 161999 72865 333
2014.28555578 -0.0121576786041 5 20140415071055000000025281971825089370610508 158999 72867 332
2014.28556814 0.00855112075806 5 20140415071725000000025272371812875270610181 174999 72867 133
2014.28557653 -0.0228275060654 5 20140415072150000000025283078725925070610203 161999 72870 233
2014.28558509 -0.00754797458649 5 20140415072620000000025281063519294370610446 170999 72875 035
2014.28559364 0.0181678533554 5 20140415073050000000025272021899644270610330 143999 72871 934
2014.28560378 -0.0172593593597 5 20140415073610000000025283211251959070610415 141999 72867 836
2014.2856144 0.00752389431 5 20140415074145000000025281659456461370610722 152999 72871 735
2014.28562327 0.0193442106247 5 20140415074625000000025273040976207270610446 138999 72867 535
2014.28563135 0.0110784769058 5 20140415075040000000025306438169996170610 15 880560 72865
2014.28564023 -0.0140941143036 5 20140415075520000000025285405201786070610348 143999 72861 934
2014.28564831 -0.0030266046524 5 20140415075935000000025284205744890370610730 150999 72860 1034
2014.28565861 0.0298091173172 5 20140415080500000000025276235613802270610495 130999 72858 1034
2014.28566795 0.0770133733749 5 20140415080955000000025310267433552170610 10 980135 72854
2014.28567556 -0.0191886425018 5 20140415081355000000025289702171113070610545 133999 72849 1034
2014.2856838 -0.0148946046829 5 20140415081815000000025288969345767370610999 141999 72845 834
2014.28569251 0.0123010873795 5 20140415082250000000025281289142242270610632 125999 72840 1034
2014.28570091 -0.0191870927811 5 20140415082715000000025294074661194070610637 126999 72836 635
2014.28571279 0.0218813419342 5 20140415083330000000025318027285431170610 15 711642 72827
2014.28572103 -0.00355112552643 5 20140415083750000000025296217592826370610844 146999 72822 036
2014.28572784 0.017555475235 5 20140415084125000000025288573784355270610290 145999 72812 036
2014.28574099 -0.0288009643555 5 20140415084820000000025303127082827070610160 181999 72809 037
2014.28574892 0.000988483428955 5 20140415085230000000025303111218225370610622 157999 72807 -137
2014.28575525 0.0258049964905 5 20140415085550000000025295602158672270610482 133999 72807 -237
2014.28576112 0.0472750663757 5 20140415085855000000025330039145747170610 19 523 90
2014.28576967 -0.0101329088211 5 20140415090325000000025311160391557070610401 140999 72804 -337
2014.28577553 0.00375986099243 5 20140415090630000000025310824074063370610570 165999 72807 -338
2014.28578441 0.0286475419998 5 20140415091110000000025304353065678270610144 183301 72806 -538
2014.2857909 0.0289039611816 5 20140415091435000000025339247393368170610 54 238 62
2014.28579724 -0.0173490047455 5 20140415091755000000025320060654131070610254 153999 72797 038
2014.28580453 -0.00427830219269 5 20140415092145000000025320440611709370610565 165955 72797 538
2014.28581736 0.00979816913605 5 20140415092830000000025315767285935270610145 192103 72791 138
2014.28583257 -0.0178215503693 5 20140415093630000000025333082922588070610165 173398 72793 -139
2014.28583875 -0.00686144828796 5 20140415093945000000025333351166006370610581 157296 72790 -140
2014.28584556 0.0267106294632 5 20140415094320000000025326759700441270610119 184 52 72789
2014.28585285 -0.0182852745056 5 20140415094710000000025341341013844070610267 167350 72784 339
2014.28585998 -0.00850641727448 5 20140415095055000000025342170045490370610307 189128 72786 439
2014.28586616 0.0189893245697 5 20140415095410000000025335468158807270610108 185 54 72783
2014.28587393 -0.0106701850891 5 20140415095815000000025350499003912070610155 179128 72784 537
2014.28587979 0.00828588008881 5 20140415100120000000025350929442579370610338 198113 72784 437
2014.28588723 0.00641298294067 5 20140415100515000000025344945268167270610 58 206 27
2014.28590165 -0.00386798381805 5 20140415101250000000025361171274145370610155 237 45 72783
2014.28592114 0.00917685031891 5 20140415102305000000025370782045092370610283 207 73 72776
2014.2859278 -0.0158381462097 5 20140415102635000000025364707954204270610124 188 59 72774
2014.28593651 -0.0246948003769 5 20140415103110000000025380917871473070610 82 210 52
2014.28594491 0.015909910202 5 20140415103535000000025383084551841370610281 289110 72771 1037
2014.28595172 0.0398056507111 5 20140415103910000000025377238995815270610 95 208 47
2014.28596487 0.0362800359726 5 20140415104605000000025393884674910370610135 255 68 72777
2014.2859777 0.0238789319992 5 20140415105250000000025401039708728370610171 240 55 72777
2014.33700883 0.00557565689087 5 20140504021310000000026347149039407370610957 132999 73009 11417
2014.33701961 -0.00999772548676 5 20140504021850000000026367084213147470610155 174999 73010 11417
2014.33702991 0.00517153739929 5 20140504022415000000026363226333877070610323 155999 73010 11318
2014.33704068 0.0428711175919 5 20140504022955000000026369885764542270610460 139999 73008 11218
2014.33705114 0.0303785800934 5 20140504023525000000026403741410520170610681 121999 73011 11118
2014.3370608 -0.000488758087158 5 20140504024030000000026381927161929370610491 148999 73014 11218
2014.33707728 -0.00485157966614 5 20140504024910000000026395889315021070610324 150999 73018 11218
2014.33708394 -0.0322326421738 5 20140504025240000000026411279939780470610 97 206999 73020
2014.35075085 0.0174443721771 5 20140509024055000000026190145990479370610116 290 74 72542
2014.35076368 0.042250752449 5 20140509024740000000026186099485253270610 59 287179 72548
2014.35077446 0.0330836772919 5 20140509025320000000026193991063835070610163 177176 72557 5527
2014.35078333 0.0641312599182 5 20140509025800000000026212788142873170610391 134999 72560 5628
2014.35079299 0.0372042655945 5 20140509030305000000026189210819481370610363 185572 72555 5428
2014.39005232 0.0703729391098 5 20140523111155000000024726852955435370610238 166999 72829 9251
2014.39006341 0.0591515302658 5 20140523111745000000024712497789783070610151 187999 72824 9350
2014.39007371 0.0803678035736 5 20140523112310000000024708771204295270610469 135999 72822 9251
2014.3900829 0.0349630117416 5 20140523112800000000024720119167124470610 65 243999 72824
2014.39009177 0.0689203739166 5 20140523113240000000024739780161201170610224 149999 72829 9051
2014.39009906 0.0507419109344 5 20140523113630000000024700867040928370610578 136999 72833 9051
2014.39010539 0.0412484407425 5 20140523113950000000024689592996186070610248 150999 72833 8852
2014.39011094 0.0715092420578 5 20140523114245000000024688754317551270610342 145999 72831 9052
2014.39011744 0.0516763925552 5 20140523114610000000024701921123383470610100 209999 72834 9051
2014.39012219 0.0604790449142 5 20140523114840000000024723951962276170610297 146999 72838 9051
2014.39012694 0.0421390533447 5 20140523115110000000024686588545040370610352 904999 72841 8952
2014.45301591 0.00643181800842 5 20140615110815000000023822439861213370610378 142182 72784 13833
2014.45303033 -0.0169744491577 5 20140615111550000000023820599579648070610385 135386 72783 13734
2014.4530392 0.0111738443375 5 20140615112030000000023818354116799270610239 158111 72782 13635
2014.45305838 -0.0186411142349 5 20140615113035000000023839264207484370610266 153192 72789 13636
2014.45307612 -0.0357974767685 5 20140615113955000000023839813527163070610271 150418 72789 13637
2014.45308278 -0.00852239131927 5 20140615114325000000023837062549429270610166 171177 72795 13636
2014.45308895 -0.0169206857681 5 20140615114640000000023852979190053370610126 195135 72798 13537
2014.47220337 -0.000379800796509 5 20140622112005000000025370110980114370610263 183999 72922 15150
2014.47222254 -0.0456886291504 5 20140622113010000000025359376987157370610 11 1602132 72930
2014.4722425 -0.00542616844177 5 20140622114040000000025348582067103370610216 200999 72929 14751
2014.47224789 0.0140616893768 5 20140622114330000000025345611026584270610171 185999 72929 15050
2014.47225391 -0.0239716768265 5 20140622114640000000025337048241489070610 35 451217 72932
2014.66831524 -0.0180857181549 5 20140902022705000000025125696302319370610121 391999 73122 18325
2014.66832617 0.00398623943329 5 20140902023250000000025127673896972070610397 145999 73126 18325
2014.66833235 -0.00135850906372 5 20140902023605000000025114039872010270610 36 571999 73130
2014.66833885 -0.0261231660843 5 20140902023930000000025154578222925170610267 154999 73133 18325
2014.6683436 -0.0214591026306 5 20140902024200000000025133001610724370610402 189999 73133 18325
2014.69624211 -0.0224159955978 5 20140912071530000000024435268938561370610471 164424 73131 10086
2014.7535825 0.00212156772614 5 20141003055415000000024363359200973370610757 144981 73172 9819
2014.75359248 0.00536549091339 5 20141003055930000000024395530035674170610130 189999 73169 9919
2014.75360167 -0.00654876232147 5 20141003060420000000024357708911766270610263 165999 73172 9720
2014.75360911 -0.011133313179 5 20141003060815000000024361879033825270610 56 336834 73173
2014.75361815 0.00671970844269 5 20141003061300000000024378509471439070610449 138945 73172 9821
2014.75362876 -0.00206053256989 5 20141003061835000000024389304138203370610362 180552 73168 9822
2014.75364952 0.0194356441498 5 20141003062930000000024401533852197370610256 202463 73166 9522
2014.76184818 -0.016912817955 5 20141006062140000000023766559964420370610492 126282 72930 10030
2014.7618721 -0.019054889679 5 20141006063415000000023773733910131370610478 131631 72922 9831
2014.76188161 0.0044139623642 5 20141006063915000000023771187899619070610176 152131 72923 9632
2014.76189064 -0.0246744155884 5 20141006064400000000023769741909743270610535 127424 72926 9732
2014.76190426 -0.0254517793655 5 20141006065110000000023784836213580370610653 125956 72929 10032
2014.76191773 -0.00624752044678 5 20141006065815000000023784328824107070610329 140305 72920 10032
2014.76192597 -0.0295199155807 5 20141006070235000000023783025456828270610301 151391 72915 9731
2014.76193516 -0.027151465416 5 20141006070725000000023797023987995370610513 132547 72912 9233
2014.82415852 -0.0234951972961 5 20141029003425000000024709885154884370610232 215999 73020 7656
2014.82417754 -0.0399746894836 5 20141029004425000000024714228743657370610 96 328999 73030
2014.82418863 0.00657892227173 5 20141029005015000000024712380656050070610171 187999 73038 7655
2014.82419655 -0.0186361074448 5 20141029005425000000024703427729778270610107 208999 73045 7649
2014.82420764 -0.00935447216034 5 20141029010015000000024749170750950170610163 190999 73046 7253
2014.8242173 -0.00806415081024 5 20141029010520000000024725097109728370610303 181999 73050 6754
2014.82422665 0.0166977643967 5 20141029011015000000024745817188927470610 31 350184 73051
2014.82423869 -0.00726103782654 5 20141029011635000000024716148924722270610 90 245999 73051
2014.82424836 -0.0119251012802 5 20141029012140000000024735204990471370610167 243999 73055 6150
2014.87757149 -0.0320113897324 5 20141117124730000000026323218174567370610249 176999 72566 5069
2014.87758321 -0.0108588933945 5 20141117125340000000026318714711668070610158 164999 72565 5069
2014.87759319 -0.0268869400024 5 20141117125855000000026307325344363270610306 139999 72569 5069
2014.87760302 -0.0361076593399 5 20141117130405000000026334101489842170610468 133999 72570 5069
2014.877613 -0.0141985416412 5 20141117130920000000026319439020417470610 80 225999 72579
2014.87762029 -0.0172822475433 5 20141117131310000000026300071827986370610316 843999 72587 5069
2014.87762678 -0.0361938476562 5 20141117131635000000026323482096413170610191 284999 72587 5069
2014.8776328 -0.0172116756439 5 20141117131945000000026289544592408270610251 151999 72584 5069
2014.87763787 -0.00296938419342 5 20141117132225000000026294109001545070610170 194999 72584 5069
2014.87764279 0.0103666782379 5 20141117132500000000026306845833688470610 48 747564 72587
2014.87764802 -0.0174044370651 5 20141117132745000000026288587017667370610232 186999 72584 5069
2014.90078745 -0.00291645526886 5 20141126001810000000024440870531040370610173 199999 72802 -1123
2014.90081026 0.00117874145508 5 20141126003010000000024450196881744370610111 271999 72841 -1323
2014.90082231 -0.0189927816391 5 20141126003630000000024440633775669270610 31 455999 72832
2014.90083609 0.0282533168793 5 20141126004345000000024461597941142370610 63 392999 72827
2014.90084576 -0.00993895530701 5 20141126004850000000024494521436947170610 41 342537 72830
2014.90085621 -0.0221402645111 5 20141126005420000000024456264734323270610 19 945268 72840
2014.90086778 0.0367813110352 5 20141126010025000000024471090309167070610 26 632574 72844
2014.90087728 0.00541567802429 5 20141126010525000000024481539295336370610111 280999 72844 -1623
2014.91516893 -0.00758898258209 5 20141201062215000000024544991166499370610585 127999 72916 4426
2014.91517986 -0.00740551948547 5 20141201062800000000024584718228155170610 19 586409 72919
2014.91519111 -0.0106850862503 5 20141201063355000000024554164773903270610185 165999 72919 4326
2014.9152003 0.00727117061615 5 20141201063845000000024562465859306070610395 135688 72916 4426
2014.91520965 -0.0169080495834 5 20141201064340000000024574454281700370610746 122999 72916 4326
2014.91522042 -0.0284885168076 5 20141201064920000000024614412911288170610 92 193999 72911
2014.91523135 -0.0195198059082 5 20141201065505000000024584009026162270610168 175999 72916 4226
2014.91523928 -0.00565218925476 5 20141201065915000000024591652843629070610213 159535 72922 4326
2014.91525591 -0.0115578174591 5 20141201070800000000024609507805643370610209 160522 72922 4126
2014.99737211 0.0101488828659 5 20141231065750000000025090452226479370610339 163718 72347 145
2014.99737892 0.0415136814117 5 20141231070125000000025092666813424070610192 171486 72346 145
2014.99738589 0.0354200601578 5 20141231070505000000025100653128447270610 77 257477 72339
2014.99739064 0.00850582122803 5 20141231070735000000025137233346662170610 72 252999 72337
2014.99739524 0.00679707527161 5 20141231071000000000025107953045671370610249 176677 72329 641
2015.04194489 -0.0100713968277 5 20150116134120000000025037908297936370610118 384552 72948 2713
2015.04195202 0.0130593776703 5 20150116134505000000025032916436940070610137 222999 72946 2713
2015.04195836 0.0477818250656 5 20150116134825000000025051264764297470610 15 1518296 72947
2015.04196422 0.0128647089005 5 20150116135130000000025012844097311270610138 226999 72949 2614
2015.04197008 -0.00957477092743 5 20150116135435000000025049780076119170610117 205999 72950 2514
2015.04197594 -0.00730633735657 5 20150116135740000000025023410788534370610384 177999 72949 2813
2015.06785624 -0.00507152080536 5 20150126004940000000024334861095901370610484 151999 72917 4115
2015.06786559 0.00805473327637 5 20150126005435000000024332434976834070610427 138999 72931 4115
2015.06787525 -0.0117106437683 5 20150126005940000000024339184057956270610198 169999 72929 4115
2015.06788618 -0.00921666622162 5 20150126010525000000024378390019670170610321 140999 72932 4115
2015.06789585 -0.00801193714142 5 20150126011030000000024347246848684370610368 155999 72953 4115
2015.06790932 0.006343126297 5 20150126011735000000024362024997122470610 78 230464 72960
2015.06791787 0.0133217573166 5 20150126012205000000024350224014788070610 82 252976 72970
2015.06792468 -0.0151026248932 5 20150126012540000000024356594943289270610 79 243999 72980
2015.0679307 -0.0178338289261 5 20150126012850000000024394695709786170610 55 257999 72989
2015.06793878 -0.00782155990601 5 20150126013305000000024363663975733370610293 168999 72994 4115
2015.10415589 -0.0205357074738 5 20150208070150000000026649798446042370610375 167340 72777 10020
2015.10417395 -0.00693666934967 5 20150208071120000000026630754720065270610181 178163 72778 10020
2015.1041841 -0.00528705120087 5 20150208071640000000026632879951315070610 66 373211 72774
2015.11028991 0.000960230827332 5 20150210124805000000026151770187312370610430 185999 72719 10020
2015.1102972 0.0140818357468 5 20150210125155000000026172264952538470610 66 243999 72719
2015.11030528 0.0218373537064 5 20150210125610000000026154225227568070610272 156999 72719 10020
2015.11031194 0.0105545520782 5 20150210125940000000026141702927579270610316 155664 72724 10020
2015.11031859 -0.0215795040131 5 20150210130310000000026178976361136170610 74 247210 72726
2015.1103243 0.00825273990631 5 20150210130610000000026156707728699370610680 164999 72727 10020
2015.11033032 0.00390112400055 5 20150210130920000000026177438468059470610109 193999 72730 10020
2015.11033697 0.00654745101929 5 20150210131250000000026159557237155070610168 174999 72732 10020
2015.11034363 0.00619852542877 5 20150210131620000000026147295785334270610377 140930 72733 10020
2015.11034949 -0.0561784505844 5 20150210131925000000026184723454429170610 34 654 62
2015.11035646 0.00290846824646 5 20150210132305000000026163089503131370610630 618999 72733 10020
2015.11036264 -0.00450682640076 5 20150210132620000000026184219639872470610 91 201999 72733
2015.11037009 0.0215291976929 5 20150210133015000000026166873250098070610321 147999 72733 10020
2015.11037658 -0.0107346773148 5 20150210133340000000026191030038123170610 54 282117 72733
2015.11038229 -0.0128889083862 5 20150210133640000000026169412709486370610668 163999 72733 10020
2015.12128552 0.0228617191315 5 20150214131120000000024738054026451370610330 202999 73070 6515
2015.12129297 0.00572061538696 5 20150214131515000000024754368516427470610 21 554681 73070
2015.12130358 0.0247973203659 5 20150214132050000000024726688948668070610138 232999 73071 6610
2015.12131262 0.0189714431763 5 20150214132535000000024707323227521270610150 212999 73070 68
2015.1213207 0.0222537517548 5 20150214132950000000024744797203744170610114 218999 73068 6810
2015.12133274 -0.000938296318054 5 20150214133610000000024715663040982370610 72 609445 73072
2015.17827037 0.0102554559708 5 20150307084305000000026570729575476370610 62 455 41
2015.17829081 0.0553661584854 5 20150307085350000000026565366518765270610 19 844 6
2015.17830317 -0.0544617176056 5 20150307090020000000026573778010880370610 24 703 20
2015.18691979 0.026146531105 5 20150310123220000000026162511378301370610520 179389 72399 -566
2015.18693785 0.0291866064072 5 20150310124150000000026167945891614070610164 189812 72404 -365
2015.18694768 0.0254083871841 5 20150310124700000000026157578026628270610 59 365 51
2015.18695592 0.0225974321365 5 20150310125120000000026198155003586170610 21 743 11
2015.18696574 0.00521290302277 5 20150310125630000000026178254933639370610496 174466 72415 -364
2015.18697905 0.0241993665695 5 20150310130330000000026169205667390270610111 215156 72415 063
2015.18698491 -0.00290763378143 5 20150310130635000000026185707953078370610292 207533 72417 063
2015.20064137 0.0143595933914 5 20150315124920000000024500054771405370610 77 521999 73062
2015.23496432 0.00372087955475 5 20150328014150000000025906631966162370610489 173999 73049 8127
2015.2349724 0.0207906961441 5 20150328014605000000025906733815311070610558 146999 73051 8126
2015.23498206 0.00835680961609 5 20150328015110000000025913812301351270610 96 254999 73055
2015.23499236 0.0656951665878 5 20150328015635000000025909838794676370610 3 4918 90
2015.2350033 -0.00128555297852 5 20150328020220000000025911451509356370610591 158999 73057 8126
2015.23501344 -0.0237404108047 5 20150328020740000000025946037131740170610527 126999 73057 8226
2015.2350231 -0.0213632583618 5 20150328021245000000025920144593186270610163 211999 73061 8325
2015.23503213 0.00205647945404 5 20150328021730000000025916085593958070610247 175544 73066 8325
2015.23504354 0.0081479549408 5 20150328022330000000025919135422511370610219 230999 73075 8524
2015.24930223 0.00752782821655 5 20150402072300000000026634627437652370610457 138350 72536 7345
2015.2493111 0.000165104866028 5 20150402072740000000026638183820216070610136 210113 72542 7345
2015.24932061 -0.00251007080078 5 20150402073240000000026637916175227270610264 150177 72546 7146
2015.24933946 0.00323557853699 5 20150402074235000000026648908879907370610252 168183 72547 7144
2015.24934897 -0.0137162208557 5 20150402074735000000026653301233097070610 67 286 45
2015.24935594 0.00609838962555 5 20150402075115000000026652378296973270610 77 203 52
2015.2493664 0.00913214683533 5 20150402075645000000026660560678129370610292 163197 72550 6945
2015.26310128 0.0244692564011 5 20150407082045000000025996427995340370610232 237211 72620 7528
2015.2631477 0.00339901447296 5 20150407084510000000025986738264179370610448 188192 72600 7428
2015.26315626 0.028491973877 5 20150407084940000000025971118396233270610142 310124 72594 7328
2015.26316719 0.0134152173996 5 20150407085525000000025981892139584070610118 516187 72589 7229
2015.26317543 0.0138131380081 5 20150407085945000000025982709982146370610227 548160 72584 7329
2015.2716924 0.0434774160385 5 20150410113920000000025211333183650370610476 185753 72688 4958
2015.2717019 0.0409222841263 5 20150410114420000000025229857245063470610 67 242716 72690
2015.27171157 0.0296581983566 5 20150410114925000000025206166636783070610183 183999 72689 4959
2015.27172028 0.0159087181091 5 20150410115400000000025190889883233270610401 148544 72689 4959
2015.27172995 -0.0237063169479 5 20150410115905000000025231891840623170610 61 300 93
2015.27173866 0.0154097080231 5 20150410120340000000025207045436337370610237 257945 72690 5060
2015.27174357 0.0279752016068 5 20150410120615000000025226558505334470610 44 300999 72691
2015.27174975 0.0311412811279 5 20150410120930000000025203641992386070610222 171999 72694 4961
2015.27175625 0.00910937786102 5 20150410121255000000025188880579186270610303 158646 72697 5060
2015.27176227 -0.0133340358734 5 20150410121605000000025230495165363170610 21 703 55
2015.27176877 0.00705397129059 5 20150410121930000000025206184422218370610525 189999 72699 4960
2015.30345273 -0.0158553123474 5 20150422020400000000024910307474046370610357 179999 72420 9222
2015.3034624 0.00947904586792 5 20150422020905000000024927930005925470610 36 364996 72421
2015.3034727 0.00703370571136 5 20150422021430000000024925913181251070610 63 351836 72426
2015.30347983 -0.0103322267532 5 20150422021815000000024932371595790370610294 197999 72428 9122
2015.30348632 -0.00120091438293 5 20150422022140000000024941881675424270610 52 424920 72432
2015.30349694 -0.0218728780746 5 20150422022715000000024978984387115170610 41 553633 72432
2015.30351659 0.00495159626007 5 20150422023735000000024963141651714370610105 407999 72441 8922
2015.3259695 0.0198413133621 5 20150430072655000000026631370241475370610318 158391 72730 6136
2015.3259939 0.00281608104706 5 20150430073945000000026645616868942370610189 174356 72719 6034
2015.32601148 0.011012673378 5 20150430074900000000026651328019645270610153 161195 72715 5933
2015.3260324 0.000248789787292 5 20150430080000000000026669436987963370610218 175249 72714 6131
2015.32871685 0.0283826589584 5 20150501073155000000026502476469911370610715 137456 72835 9924
2015.32872604 0.0355286598206 5 20150501073645000000026506386965731070610 77 217 70
2015.32873793 0.0322756767273 5 20150501074300000000026505091936636270610430 136430 72827 9924
2015.32876454 0.0359107255936 5 20150501075700000000026525697704097370610332 165246 72821 9924
2015.32877263 0.0148817300797 5 20150501080115000000026529649531802070610128 182109 72819 10024
2015.32878213 0.0287835597992 5 20150501080615000000026535002596807370610609 143918 72814 10024
2015.34830516 0.0127400159836 5 20150508111435000000025023857319204370610523 167659 72450 6148
2015.34832101 0.00304818153381 5 20150508112255000000025020834076252070610385 145999 72451 6147
2015.34833083 -0.0038822889328 5 20150508112805000000025008753558925270610220 176257 72454 6147
2015.34834018 0.00811052322388 5 20150508113300000000025051792733708170610 49 400 76
2015.34834794 -0.000699043273926 5 20150508113705000000025026946549179370610407 184597 72448 6246
2015.34836109 0.00100004673004 5 20150508114400000000025024721496316070610216 163999 72452 5947
2015.34836695 -0.00710070133209 5 20150508114705000000025012635796368270610 95 256187 72448
2015.34837963 0.00427103042603 5 20150508115345000000025031164143611370610494 213888 72451 5948
2015.39656961 0.00412142276764 5 20150526021945000000026462311709422370610292 154999 72597 9737
2015.39658022 0.00956249237061 5 20150526022520000000026464365649574070610435 137817 72591 9737
2015.39659274 0.00441813468933 5 20150526023155000000026466136818488270610328 136999 72601 9438
2015.3966032 -0.00461113452911 5 20150526023725000000026500058972731170610427 131999 72605 9538
2015.39661476 -0.00643229484558 5 20150526024330000000026473698687398370610191 167999 72609 9239
2015.39662712 0.0155888795853 5 20150526025000000000026477185130042070610405 139999 72609 9339
2015.39663821 0.00488829612732 5 20150526025550000000026479349712657270610320 139999 72611 9439
2015.39664708 -0.00426173210144 5 20150526030030000000026513482236526170610355 138999 72619 9538
2015.39665659 -0.0137763023376 5 20150526030530000000026487311597839370610724 129999 72623 9538
2015.4134489 0.0305120944977 5 20150601061735000000025665710398598370610 85 402 32
2015.41346696 0.0485543012619 5 20150601062705000000025665784835203370610 60 508 48
2015.4134771 0.0263087749481 5 20150601063225000000025651849237235270610 99 266 46
2015.41348582 0.0099550485611 5 20150601063700000000025652222052204270610139 191 83 73207
2015.41349548 0.0328521728516 5 20150601064205000000025667030089315370610139 302 70 73203
2015.41350974 0.00537359714508 5 20150601064935000000025653902424434270610108 240 98 73200
2015.41351735 0.024894118309 5 20150601065335000000025666469273646070610151 201112 73199 14346
2015.41352733 0.0430105924606 5 20150601065850000000025670033576215370610183 248 84 73200
2015.4678095 0.00494062900543 5 20150621024905000000026377753826131370610 21 979 94
2015.47599992 0.0306769609451 5 20150624023655000000026531343822808370610 11 1339439 73270
2015.47601164 0.0212454795837 5 20150624024305000000026535673500077370610 30 445238 73267
2015.47602986 -0.0185636281967 5 20150624025240000000026537019774294270610 15 1132138 73253
2015.47605331 -0.0256775617599 5 20150624030500000000026552781842168370610 28 509325 73254
2015.66270518 0.00788986682892 5 20150831071625000000023484438773908370610230 206 69 73208
2015.66271881 -0.0439990758896 5 20150831072335000000023478698441497070610 40 574 18
2015.66273956 0.0193967819214 5 20150831073430000000023478284125933370610289 155161 73198 15242
2015.66275018 -0.0233175754547 5 20150831074005000000023471529254902270610156 180 76 73197
2015.6627657 -0.00759816169739 5 20150831074815000000023474985328510370610462 137272 73189 14943
2015.66277363 -0.0103951692581 5 20150831075225000000023471198485844070610427 135296 73187 14943
2015.66278313 -0.0247939825058 5 20150831075725000000023468155918603270610297 154139 73182 14943
2015.66279359 -0.00550270080566 5 20150831080255000000023472798808786370610448 137255 73178 15243
2015.67415678 0.00806546211243 5 20150904113930000000024514778875036370610715 161999 72973 13755
2015.67416565 0.018646478653 5 20150904114410000000024523942913432470610187 159999 72980 14055
2015.67417468 -0.000453352928162 5 20150904114855000000024514007495216070610335 161999 72984 14055
2015.67418894 -0.000665545463562 5 20150904115625000000024517090227266370610613 162999 72987 13856
2015.67421556 -0.0212228298187 5 20150904121025000000024520342805600370610355 189593 72990 13956
2015.67422174 -0.0336933135986 5 20150904121340000000024555064488972170610194 189211 72995 13856
2015.67423236 -0.0418838262558 5 20150904121915000000024523019836383370610 28 1023297 73006
2015.67424662 -0.0244196653366 5 20150904122645000000024530283567027270610 31 639 86
2015.68512308 -0.0438115596771 5 20150908114720000000025973135166205370610 29 1352264 73133
2015.685131 -0.0157984495163 5 20150908115130000000025968937171652370610537 177999 73133 14161
2015.68513955 -0.0204883813858 5 20150908115600000000025998544715417170610438 137999 73134 14163
2015.68514874 -0.00312829017639 5 20150908120050000000025965247025397270610161 206999 73137 13766
2015.68518376 -0.0125977993011 5 20150908121915000000025942615875258370610215 238999 73148 13869
2015.68518883 -0.014423251152 5 20150908122155000000025948641277462470610 37 367518 73150
2015.68520261 0.00251483917236 5 20150908122910000000025932266320753070610 74 316615 73153
2015.68520959 -0.0132057666779 5 20150908123250000000025930857296274370610454 180999 73153 13678
2015.71131835 0.00606322288513 5 20150918012500000000026499109317672370610596 156999 73035 17051
2015.71133103 0.0176591873169 5 20150918013140000000026503305372373070610170 186999 73038 16952
2015.71133847 0.0374414920807 5 20150918013535000000026494680145640270610105 220716 73037 16952
2015.71135131 0.00791835784912 5 20150918014220000000026516266601734370610295 205999 73036 16952
2015.71136018 0.0272880792618 5 20150918014700000000026546137620274170610145 185999 73039 16852
2015.71137301 0.00359702110291 5 20150918015345000000026547063630650470610 19 603203 73042
2015.71138062 -0.00147068500519 5 20150918015745000000026532505127531370610269 218999 73046 16852
2015.71138902 0.0320580005646 5 20150918020210000000026522481448910270610 62 315999 73048
2015.71138902 0.0320580005646 5 20150918020350000000026524309589415270610 5 2806994 73051
2015.71139218 -0.040869474411 5 20150918020350000000026524309589415270610 5 2806994 73051
2015.71139741 0.0337933301926 5 20150918020635000000026567187634287170610 35 791829 73050
2015.71140454 0.0203337669373 5 20150918021020000000026546384488081370610158 275999 73053 16751
2015.73874217 0.0646158456802 5 20150928014850000000023614317553320370610 24 690515 72923
2015.73874946 0.0489475727081 5 20150928015240000000023603885935396270610 11 865133 72925
2015.73878321 0.0553600788116 5 20150928021025000000023582825955871370610 47 323399 72942
2015.73879699 0.065291762352 5 20150928021740000000023567701520242270610 25 485535 72946
2015.73880523 0.0650672912598 5 20150928022200000000023564414391514070610 59 253999 72951
2015.738813 0.0636501312256 5 20150928022605000000023560561417256370610148 171999 72952 16330
2015.73881847 -0.00250315666199 5 20150928022955000000023550461020039270610 23 549978 72953
2015.73882028 0.0607045888901 5 20150928022955000000023550461020039270610 23 549978 72953
2015.73884088 0.0544344186783 5 20150928024045000000023535533242312270610 71 232999 72956
2015.73884768 -0.0259240865707 5 20150928024410000000023533740397876070610 39 339938 72960
2015.73885308 0.0703364610672 5 20150928024710000000023531578018747370610 27 452302 72960
2015.73885942 0.041885137558 5 20150928025030000000023522381227683270610 91 210999 72961
2015.73886449 0.0690786838531 5 20150928025310000000023521682283812070610132 179999 72963 16828
2015.73887067 0.0673190355301 5 20150928025625000000023519269363389370610139 179999 72966 16528
2015.73887701 0.0480806827545 5 20150928025945000000023510172600612270610135 172999 72966 16628
2015.73888398 0.0658452510834 5 20150928030325000000023508260790154070610 70 237999 72969
2015.73889063 0.0696014165878 5 20150928030655000000023505632226850370610158 179999 72971 16329
2015.73889649 0.0558426380157 5 20150928031000000000023496973005015270610135 189999 72973 16528
2015.73891535 0.0521976947784 5 20150928031955000000023484554394941270610 26 588999 72973
2015.73892067 -0.0110347270966 5 20150928032340000000023484679071068370610259 165999 72976 16328
2015.73892248 0.05937063694 5 20150928032340000000023484679071068370610259 165999 72976 16328
2015.73892897 0.0476368665695 5 20150928032705000000023478671406563070610161 160999 72977 16727
2015.738935 0.0354707241058 5 20150928033015000000023472005983934270610206 1169999 72977 16428
2015.7389407 0.063493847847 5 20150928033315000000023473168824726370610279 154999 72977 16128
2015.73895306 0.0785783529282 5 20150928033945000000023463717684755070610138 193999 72977 15929
2015.73895939 0.0413572788239 5 20150928034305000000023457014421120270610173 172999 72979 16228
2015.73896557 0.0502252578735 5 20150928034620000000023458058644424370610316 150999 72977 16228
2015.73897302 0.0357165336609 5 20150928035015000000023448943614173270610272 147999 72977 16128
2015.74811408 -0.0575842857361 5 20151001115805000000024041586776625370610463 169274 73346 13347
2015.74812296 -0.057056427002 5 20151001120245000000024044882669096070610999 126999 73347 13348
2015.74815068 -0.0747545957565 5 20151001121720000000024061409166533370610998 136961 73359 13648
2015.74815908 -0.0743683576584 5 20151001122145000000024075979431070470610 21 520 33
2015.74816637 -0.0718322992325 5 20151001122535000000024069199477604070610676 139999 73357 13547
2015.7481792 -0.0767353773117 5 20151001123220000000024078168294970370610655 153612 73356 13448
2015.74818491 -0.0694472789764 5 20151001123520000000024080381871848070610746 136999 73358 13548
2015.79340064 -0.0489424467087 5 20151018005700000000025926471013637370610202 264999 73237 7687
2015.79340793 -0.0426794290543 5 20151018010050000000025926000769502070610 48 395354 73232
2015.79341933 -0.0621211528778 5 20151018010650000000025932984760164370610108 415879 73227 7587
2015.79342678 -0.0294662714005 5 20151018011045000000025918221650847270610 64 346999 73225
2015.79343597 -0.0234053134918 5 20151018011535000000025963448561449170610 55 345475 73233
2015.79344532 -0.0562163591385 5 20151018012030000000025942808823722370610 59 693618 73245
2015.81320411 0.0119667053223 5 20151025063250000000023586012092433370610910 133467 73177 1987
2015.81321758 0.000414967536926 5 20151025063955000000023589648513867070610466 135358 73175 2086
2015.8132274 -0.00769996643066 5 20151025064505000000023584941540309270610612 129386 73180 2284
2015.813248 -0.00605499744415 5 20151025065555000000023600091843625370610999 134511 73175 2084
2015.81325639 -0.0173863172531 5 20151025070020000000023594938727086270610444 135441 73170 2283
2015.81326273 0.0066887140274 5 20151025070340000000023605146550736070610196 171248 73170 2184
2015.81326907 -0.00336992740631 5 20151025070700000000023607904503822370610577 147472 73171 2582
2015.83852257 0.010126709938 5 20151103122920000000025864416698560370610999 136999 72584 3477
2015.83853382 0.0164836645126 5 20151103123515000000025861973708265070610841 133999 72584 3477
2015.83854396 0.00692844390869 5 20151103124035000000025873550566597470610216 163999 72585 3477
2015.83855395 -0.00749552249908 5 20151103124550000000025869492604921270610757 133937 72588 3477
2015.83856329 -0.0201563835144 5 20151103125045000000025900411877981170610294 149473 72586 3477
2015.83857169 -0.00508034229279 5 20151103125510000000025866837541208370610637 158999 72586 3477
2015.8385785 0.0218690633774 5 20151103125845000000025876152530938470610215 164999 72587 3477
2015.83858548 0.0144990682602 5 20151103130225000000025865713400462070610349 166999 72592 3477
2015.83859245 -0.00150883197784 5 20151103130605000000025873078015928270610319 166604 72593 3477
2015.83859863 -0.0265760421753 5 20151103130920000000025904154729543170610240 154589 72592 3477
2015.8386037 -0.00686550140381 5 20151103131200000000025870664307353370610454 179999 72594 3477
2015.8864112 -0.0110154151917 5 20151121001650000000024150208613822370610918 132913 72509 7331
2015.88642213 -0.0126662254333 5 20151121002235000000024144172353281070610400 136398 72513 7331
2015.88643528 -0.0333561897278 5 20151121002930000000024128883762237270610301 143871 72511 7432
2015.88644526 -0.00813436508179 5 20151121003445000000024159305251494170610424 131999 72521 7233
2015.88645509 -0.00789475440979 5 20151121003955000000024128604711108370610644 144536 72530 7233
2015.88646633 -0.0106445550919 5 20151121004550000000024140667306881470610106 198 84 72536
2015.88647473 -0.0160466432571 5 20151121005015000000024119561281763070610388 142745 72543 7033
2015.88648123 -0.0233935117722 5 20151121005340000000024108017184715270610428 135999 72547 7232
2015.88648741 -0.0226775407791 5 20151121005655000000024140690879011170610182 165999 72547 6933
2015.88649501 -0.0145593881607 5 20151121010055000000024111573198789370610566 148927 72550 6933
2015.88984223 0.0428916215897 5 20151122062125000000023936300804839370610999 135773 72856 1924
2015.88986282 0.015939116478 5 20151122063215000000023946994139143070610894 122732 72857 1823
2015.8898728 -7.8558921814e-05 5 20151122063730000000023944460857410270610999 117999 72855 1923
2015.88988389 -0.014876127243 5 20151122064320000000023983453106429170610 28 412 93
2015.88989198 -0.00627219676971 5 20151122064735000000023961591852688370610773 140710 72851 1821
2015.88990418 0.0118194818497 5 20151122065400000000023968874173462070610448 136562 72848 1821
2015.88990956 -0.00847959518433 5 20151122065650000000023964213798088270610556 138999 72847 2021
2015.88991669 -0.057229757309 5 20151122070035000000024001413943536170610 24 519113 72843
2015.88992255 0.00160360336304 5 20151122070340000000023978603397322370610640 143776 72841 2219
2015.91521725 0.00229477882385 5 20151201124740000000025826134507010370610785 146999 72249 -1028
2015.91522486 0.00800538063049 5 20151201125140000000025838252477868470610294 142999 72259 -1128
2015.91523516 0.0246187448502 5 20151201125705000000025829805550898070610872 127999 72261 -1128
2015.91524355 0.0178931951523 5 20151201130130000000025837822584820270610453 149345 72261 -1328
2015.91525401 -0.00856494903564 5 20151201130700000000025873046093363170610 93 249107 72265
2015.91526257 0.0120006799698 5 20151201131130000000025842940485952370610728 147999 72269 -1227
2015.91526875 0.0161248445511 5 20151201131445000000025855095682265470610138 181999 72268 -1327
2015.91527477 0.0318073034286 5 20151201131755000000025845536128361070610575 142999 72269 -1327
2015.91528063 0.0153412818909 5 20151201132100000000025852886692468270610311 158475 72274 -1126
2015.91528681 -0.0041332244873 5 20151201132415000000025886788777840170610 51 338 99
2015.9152933 0.00897240638733 5 20151201132740000000025856247964640370610686 145999 72273 -1125
2015.92893709 0.00188541412354 5 20151206130345000000026596362558567370610560 126999 73563 3212
2015.92894659 0.0553455352783 5 20151206130845000000026606259017973470610 23 513228 73563
2015.92895673 0.020915389061 5 20151206131405000000026583242352851070610150 169999 73564 4213
2015.92896592 0.000392436981201 5 20151206131855000000026575328651052270610153 178999 73563 5012
2015.92897606 -0.0205428600311 5 20151206132415000000026610092584652170610180 174999 73566 4413
2015.92898351 0.0194592475891 5 20151206132810000000026568278800667270610159 172999 73566 3513
2015.92898985 0.0138494968414 5 20151206133130000000026569981641006070610 81 222999 73567
2015.92900205 0.00476729869843 5 20151206133755000000026569892855981370610204 161999 73569 3712
2015.96307165 -0.0223876237869 5 20151219001710000000024257544145619370610999 124999 72903 3225
2015.96308084 -0.0174577236176 5 20151219002200000000024271144577151470610134 180302 72902 3025
2015.96308734 -0.0190463066101 5 20151219002525000000024253469112522070610638 130999 72905 3526
2015.96309368 -0.0220942497253 5 20151219002845000000024245477767804270610519 132999 72909 3227
2015.96310017 -0.00145435333252 5 20151219003210000000024277831995087170610576 131999 72911 3527
2015.9631073 -0.0249443054199 5 20151219003555000000024249253860564370610708 136999 72912 3528
2015.96311316 -0.0141739845276 5 20151219003900000000024264085794389470610221 165544 72915 3528
2015.96311934 -0.0329836606979 5 20151219004215000000024246823202816070610612 137999 72917 3628
2015.96312505 -0.0205920934677 5 20151219004515000000024239234067658270610333 140999 72918 3530
2015.96313107 0.000793814659119 5 20151219004825000000024272017702552170610515 131999 72919 3830
2015.96314723 -0.0204883813858 5 20151219005655000000024242613031263370610791 129999 72918 3528
2015.9631607 0.007288813591 5 20151219010400000000024257045771350470610 93 213285 72919
2015.96853896 -0.0293281078339 5 20151221001245000000024179156850093370610 68 317 75
2015.96857983 -0.00832426548004 5 20151221003415000000024156159114982270610 55 325106 72357
2015.96859061 -0.0215079784393 5 20151221003955000000024152805317007370610107 247118 72360 -743
2015.96859885 -0.00537967681885 5 20151221004415000000024177266877613170610 60 254855 72364
2015.96860883 0.00682544708252 5 20151221004930000000024144401106759370610 52 406 46
2015.96862277 -0.0230557918549 5 20151221005650000000024138298707250370610 47 611 34
2016.00561576 0.00999855995178 5 20160103131340000000026505023131036370610615 130999 72793 1112
2016.00562527 0.0344787836075 5 20160103131840000000026518716766054470610 52 316999 72796
2016.00563604 0.0083155632019 5 20160103132420000000026497524572007070610178 161999 72800 1011
2016.00564571 0.0169723033905 5 20160103132925000000026490102699627270610557 128999 72805 1012
2016.00565712 0.00324046611786 5 20160103133525000000026528547708202170610400 141999 72803 1012
2016.00566551 0.00381767749786 5 20160103133950000000026498453357030370610326 157999 72803 712
2016.00567185 0.00460517406464 5 20160103134310000000026513292507113470610 36 386313 72801
2016.00567835 0.00529885292053 5 20160103134635000000026493240711530070610175 167999 72804 1012
2016.00568405 0.00762593746185 5 20160103134935000000026486629329713270610409 142999 72807 912
2016.00568944 0.021267414093 5 20160103135225000000026526066781827170610 70 238406 72812
2016.00569578 -0.00854325294495 5 20160103135545000000026496592663430370610317 149999 72814 1212
2016.03430061 0.0165394544601 5 20160114004045000000024300889897830370610288 161999 72396 615
2016.03431218 -0.0149472951889 5 20160114004650000000024304099356256070610 75 252856 72391
2016.03432137 -0.0215975046158 5 20160114005140000000024300474640276270610 67 251999 72385
2016.03433151 -0.0104174613953 5 20160114005700000000024313848795483370610198 188999 72387 517
2016.03434704 0.0109306573868 5 20160114010510000000024337232482880470610 21 1020926 72391
2016.03435575 -0.0297508239746 5 20160114010945000000024323525834369070610 95 220999 72393
2016.03436541 -0.0273081064224 5 20160114011450000000024320641008565270610125 187999 72390 517
2016.03437571 0.0109831094742 5 20160114012015000000024362003146545170610 81 224893 72386
2016.03438268 -0.0119180679321 5 20160114012355000000024338292179884370610295 163999 72384 617
2016.05346794 0.00823056697845 5 20160121004200000000024846667514508370610160 288 62 72288
2016.05348807 0.0317866802216 5 20160121005235000000024835185323905370610 51 655 19
2016.05350042 0.0164798498154 5 20160121005905000000024832490419788270610172 212118 72294 1451
2016.05351009 0.036158323288 5 20160121010410000000024823360904663070610 84 283 38
2016.05352942 0.00456631183624 5 20160121011420000000024812817734186370610193 238106 72294 1252
2016.07340561 -0.0212153196335 5 20160128072825000000026454111560332370610451 141421 72847 046
2016.07341401 -0.0131446123123 5 20160128073250000000026445686352232070610259 147470 72848 446
2016.07342352 0.0174930095673 5 20160128073750000000026440494677654270610118 233 81 72854
2016.07343477 -0.0267693996429 5 20160128074345000000026440299695550370610437 140367 72850 1045
2016.07344253 -0.00960552692413 5 20160128074750000000026431791023185270610218 158238 72848 1344
2016.07678436 0.00302493572235 5 20160129130530000000026555270442990370610672 125943 72648 1921
2016.0767945 -0.00391209125519 5 20160129131050000000026573909299064470610 20 609404 72649
2016.07680274 -0.000552654266357 5 20160129131510000000026559329875615070610364 143999 72643 1821
2016.07681192 0.0134440660477 5 20160129132000000000026559103741244270610178 176159 72639 2121
2016.07682096 -0.0128304958344 5 20160129132445000000026571323435980370610834 124999 72649 2620
2016.0768387 -0.0165573358536 5 20160129133405000000026576136291632070610250 159999 72654 3320
2016.07685201 -0.042817234993 5 20160129134105000000026601000842196470610 17 657131 72659
2016.07686342 -0.0154137611389 5 20160129134705000000026592445896551370610462 137999 72658 2820
2016.09323 3.21865081787e-05 5 20160204131515000000025633495328048370610 71 504386 72665
2016.0932384 0.0111002922058 5 20160204131940000000025628671342320370610221 244999 72670 -86
2016.09324885 -0.0308828353882 5 20160204132510000000025641611796275470610 29 461999 72681
2016.09325741 -0.0162080526352 5 20160204132940000000025614281467900070610127 216999 72672 -87
2016.09326755 0.017226934433 5 20160204133500000000025595935749366270610213 179999 72680 -87
2016.09327642 0.0341876745224 5 20160204133940000000025633603605387170610156 193999 72672 -88
2016.09328624 0.0087286233902 5 20160204134450000000025603060258796370610323 211999 72668 -88
2016.11375897 0.015823841095 5 20160212011240000000023977914559328370610963 120999 73183 6115
2016.11377164 -0.0136342048645 5 20160212011920000000024000054919775470610 70 224999 73186
2016.11378099 -0.0231090784073 5 20160212012415000000023990696268429070610233 153999 73188 6017
2016.11379018 0.00192904472351 5 20160212012905000000023992305281964270610251 153999 73184 6017
2016.11380016 0.044895529747 5 20160212013420000000024031455438668170610118 188999 73182 6018
2016.11380713 -0.0196756124496 5 20160212013800000000024022140540827470610 21 706295 73183
2016.11381902 0.00466787815094 5 20160212014415000000024015205734573370610280 159999 73183 6018
2016.11382567 -0.0108803510666 5 20160212014745000000024015109300071270610152 177999 73187 6318
2016.12470657 -0.00101327896118 5 20160216011040000000024540635807364370610272 163761 72527 5528
2016.12471718 0.00776016712189 5 20160216011615000000024572028416036170610213 129999 72533 5430
2016.12472717 0.00709676742554 5 20160216012130000000024544388458937270610 83 285999 72519
2016.12474602 0.00488221645355 5 20160216013125000000024541108609156370610336 155999 72541 5131
2016.12475568 -0.00998246669769 5 20160216013630000000024541861265910070610394 119555 72542 5032
2016.1247644 0.0116600990295 5 20160216014105000000024546021102125270610397 117999 72550 5232
2016.12477422 0.00593256950378 5 20160216014615000000024543073328133370610725 101999 72555 5232
2016.12478325 0.0133737325668 5 20160216015100000000024554564653410470610119 167157 72557 5133
2016.13626036 0.022554397583 5 20160220062730000000025531345975366370610106 281141 73063 8126
2016.13627399 0.0525298118591 5 20160220063440000000025538568110486270610 24 480 18
2016.13628429 0.0347738265991 5 20160220064005000000025539248766870370610229 188190 73050 8126
2016.15278665 -0.0121644735336 5 20160226071940000000026650385117171370610999 68818 73088 1130
2016.15279996 -0.0254534482956 5 20160226072640000000026639774047961070610342 103697 73085 1230
2016.15280677 0.0192427635193 5 20160226073015000000026632680304324270610150 164127 73084 1430
2016.15281834 -0.023975610733 5 20160226073620000000026636926055289370610604 86701 73082 1530
2016.15282468 -0.0162756443024 5 20160226073940000000026629669806621070610331 98883 73082 1530
2016.15283086 0.0119667053223 5 20160226074255000000026623010035696270610306 108300 73082 1430
2016.15283719 -0.00843739509583 5 20160226074615000000026629631606229370610737 74973 73079 1530
2016.16159958 -0.000461935997009 5 20160229123455000000026451767553569370610849 98999 72708 4631
2016.16161067 -0.0171154737473 5 20160229124045000000026470556375239470610 61 198673 72708
2016.1616186 -0.0120533704758 5 20160229124455000000026449213300955070610693 76999 72711 4231
2016.16162826 0.0145243406296 5 20160229125000000000026438647271573270610798 79877 72714 4331
2016.16163777 0.00417006015778 5 20160229125500000000026481452836018170610167 160195 72719 4331
2016.16164601 -0.000778436660767 5 20160229125920000000026456143390203370610697 110999 72719 4331
2016.16165155 -0.0302052497864 5 20160229130215000000026475051232726470610 55 247514 72719
2016.16165932 -0.0103813409805 5 20160229130620000000026454220334977070610287 123999 72719 4331
2016.16166549 0.0280554294586 5 20160229130935000000026443609803376270610355 121632 72719 4331
2016.161675 0.0192873477936 5 20160229131435000000026486972346863170610 64 268 71
2016.1616834 -0.000376462936401 5 20160229131900000000026462283206488370610749 104999 72718 4231
2016.16979682 -0.00318920612335 5 20160303122620000000025647417902130370610614 126999 72924 7117
2016.16980743 -0.0262628793716 5 20160303123155000000025661805253249470610 58 244452 72937
2016.16981725 -0.0159131288528 5 20160303123705000000025634345349661070610243 142999 72947 7317
2016.16982739 0.0045839548111 5 20160303124225000000025615166484938270610510 98999 72956 7416
2016.16983627 0.013624548912 5 20160303124705000000025653009970092170610529 98999 72964 7317
2016.16984625 -0.00801599025726 5 20160303125220000000025624261572408370610947 99999 72963 7516
2016.1698651 -0.0323992967606 5 20160303130215000000025613435767895070610198 153999 72975 7516
2016.16987382 0.0195195674896 5 20160303130650000000025595443450319270610135 188999 72979 7616
2016.16987952 0.0385099649429 5 20160303130950000000025635078265617170610105 211999 72997 7316
2016.16988681 -0.00820505619049 5 20160303131340000000025608078276208370610204 250999 72992 7516
2016.19318437 -0.0030437707901 5 20160312012715000000023805913418812370610334 114999 72684 5542
2016.1931953 -0.0146604776382 5 20160312013300000000023826648245669470610 19 525136 72682
2016.19320449 -0.0267556905746 5 20160312013750000000023820658402210070610175 152999 72685 5443
2016.1932132 -0.00751686096191 5 20160312014225000000023826001119879270610323 104999 72689 5243
2016.19322255 0.0170611143112 5 20160312014720000000023862668286549170610182 140999 72689 5243
2016.19323443 -0.0104258060455 5 20160312015335000000023842106169866370610456 108999 72689 5443
2016.19324362 0.002601146698 5 20160312015825000000023862047559397470610 22 664594 72695
2016.19325376 -0.0112315416336 5 20160312020345000000023857191036477070610155 153999 72694 5442
2016.19326248 -0.0125472545624 5 20160312020820000000023863344485278370610401 116999 72698 5342
2016.20960403 0.00296127796173 5 20160318012320000000025481279095529370610999 95999 72332 7921
2016.20961322 -0.0237659215927 5 20160318012810000000025487700444992470610 47 291 44
2016.20962399 -0.00724041461945 5 20160318013350000000025474560664219070610534 113490 72334 7721
2016.20963302 0.0219297409058 5 20160318013835000000025479431896032270610336 128999 72337 8021
2016.20964332 0.0326104164124 5 20160318014400000000025507125799398170610761 75999 72333 7821
2016.20965108 0.00416553020477 5 20160318014805000000025471671289106370610732 116999 72333 8021
2016.20965837 0.00443518161774 5 20160318015155000000025479129476136470610 44 295 63
2016.20966312 0.00524210929871 5 20160318015425000000025467593256017070610234 152350 72333 8021
2016.20966994 0.0337060689926 5 20160318015800000000025473230229797270610182 178612 72332 8121
2016.2096758 0.0279054641724 5 20160318020105000000025502082492467170610506 95999 72333 8021
2016.20968008 -0.0213122367859 5 20160318020320000000025467497545395370610217 213708 72333 8321
2016.21849111 0.0227309465408 5 20160321071735000000026245789091070370610661 97442 73085 3926
2016.21850157 -0.000191569328308 5 20160321072305000000026246731967805070610168 177 93 73085
2016.21850949 0.0524315834045 5 20160321072715000000026252096332998270610552 90380 73082 4821
2016.21853151 0.0217607021332 5 20160321073850000000026263283360607370610565 97437 73082 4621
2016.232091 -0.0180324316025 5 20160326063035000000026751182039527370610368 111233 72017 3220
2016.23210019 0.00789368152618 5 20160326063525000000026734427571776270610244 130131 72017 3120
2016.23210875 -0.0260798931122 5 20160326063955000000026737195209121070610170 134174 72009 3220
2016.23211889 -0.0193004608154 5 20160326064515000000026737590702604370610597 91326 72011 3320
2016.2321398 -0.00540673732758 5 20160326065615000000026715928456728270610219 138114 72006 3520
2016.23214646 -0.0323070287704 5 20160326065945000000026720086757575070610164 137348 72008 3320
2016.23215279 -0.00945150852203 5 20160326070305000000026722563107071370610396 117420 72004 3320
2016.27261832 0.00205588340759 5 20160410014620000000023846663439845370610562 111999 72535 8240
2016.27262846 -0.00359189510345 5 20160410015140000000023866379868376470610 11 1028116 72538
2016.27263845 -0.00269067287445 5 20160410015655000000023863477174580070610 98 211999 72540
2016.27264811 -0.0102113485336 5 20160410020200000000023872739648150270610100 200999 72540 8042
2016.27265777 -0.000356197357178 5 20160410020705000000023908376048807170610 20 734267 72542
2016.27267251 0.00415241718292 5 20160410021450000000023890168331253370610472 123999 72542 8041
2016.27268043 0.00746369361877 5 20160410021900000000023908411713136470610 52 264879 72543
2016.27268693 -0.011447429657 5 20160410022225000000023902957747719070610 54 324999 72547
2016.27269374 0.0239615440369 5 20160410022600000000023910116126221270610176 164999 72550 8140
2016.2726996 -0.00719153881073 5 20160410022905000000023942784896366170610 18 712686 72549
2016.2727099 0.000981688499451 5 20160410023430000000023921182224979370610222 173999 72549 8139
2016.29780877 0.0194244384766 5 20160419063530000000026536777252517370610919 76568 72776 4769
2016.29782604 0.0216778516769 5 20160419064435000000026538476515302070610112 239 57 72774
2016.29783776 0.00961863994598 5 20160419065045000000026547918331035370610449 99508 72773 4471
2016.29784537 0.0418006181717 5 20160419065445000000026546446763588270610307 106214 72768 4272
2016.29786026 0.0149750709534 5 20160419070235000000026557492810303370610314 120404 72763 4073
2016.2978647 0.0226296186447 5 20160419070455000000026554757065900070610 55 323 78
2016.31431573 -0.0126107931137 5 20160425071730000000026496168733773370610665 114398 72349 8230
2016.31432539 -0.0207042694092 5 20160425072235000000026487089311510070610247 140324 72348 8230
2016.31433395 0.0191045999527 5 20160425072705000000026472550314208270610175 176103 72345 7931
2016.31434948 0.0100544691086 5 20160425073515000000026481712632721370610807 104497 72330 8031
2016.314365 -0.00809645652771 5 20160425074325000000026470934195536070610109 215130 72319 7931
2016.31437736 0.00857532024384 5 20160425074955000000026471066611600370610518 119529 72312 7831
2016.31438338 0.018303155899 5 20160425075305000000026453274785869270610148 179120 72318 7831
2016.31438924 -0.0212326049805 5 20160425075610000000026462233965370070610205 144408 72314 7731
2016.31439526 -0.00148713588715 5 20160425075920000000026464869189805370610500 131466 72303 7532
2016.33394365 -0.0108963251114 5 20160502112100000000024355849350592370610109 331902 72697 2063
2016.33395284 -0.0161774158478 5 20160502112550000000024367608553622470610 19 744186 72699
2016.33396139 -0.0201926231384 5 20160502113020000000024343140044667070610114 194999 72699 2262
2016.33397074 0.0042712688446 5 20160502113515000000024323468300080270610143 172999 72699 2462
2016.33397993 0.0215109586716 5 20160502114005000000024350567307078170610154 136999 72701 2462
2016.33398991 -0.0125246047974 5 20160502114520000000024319553718197370610183 241999 72705 2661
2016.33400385 -0.0231983661652 5 20160502115240000000024310544008743070610 33 487999 72709
2016.3575378 0.0106648206711 5 20160511021035000000024733689339275370610354 164999 72692 11619
2016.35754985 -0.00142347812653 5 20160511021655000000024751055458589470610 56 246558 72702
2016.35755634 0.00378262996674 5 20160511022020000000024745199226343070610108 228999 72704 11419
2016.35756822 0.0250389575958 5 20160511022635000000024760225136596270610 60 405709 72712
2016.35759326 0.0218349695206 5 20160511023945000000024774350418271370610178 231999 72716 11120
2016.35759896 0.0017341375351 5 20160511024245000000024778716249748370610132 283999 72719 11120
2016.35761861 -0.0193837881088 5 20160511025305000000024793995984073370610 77 434601 72725
2016.37172472 0.025820851326 5 20160516063220000000026523528894698370610101 228149 72537 10535
2016.37173391 -1.34706497192e-05 5 20160516063710000000026524827232324070610 59 295 63
2016.37174278 0.0205870866776 5 20160516064150000000026536326863846370610173 166227 72534 10535
2016.37175387 0.0509052276611 5 20160516064740000000026540721980127270610 35 438149 72532
2016.37176179 0.028174161911 5 20160516065150000000026550162998761370610195 148388 72535 10138
2016.3717713 0.0441823005676 5 20160516065650000000026590609102811170610 21 704295 72536
2016.37177986 0.0358585119247 5 20160516070120000000026559975309300270610 21 394 61
2016.37178936 0.0432534217834 5 20160516070620000000026570843190386370610 77 258202 72536
2016.39645458 0.0206135511398 5 20160525071915000000025929338610586370610951 103655 72881 10519
2016.39646995 0.00464129447937 5 20160525072720000000025917834185512070610173 168241 72875 10520
2016.3964785 0.0236859321594 5 20160525073150000000025901042383952270610232 157150 72882 10320
2016.39649498 0.0238835811615 5 20160525074030000000025908518012358370610516 138276 72876 10120
2016.56385815 -0.0116302967072 5 20160725104650000000024270010723392070610 57 247999 73352
2016.5638694 -0.00605845451355 5 20160725105245000000024265469145759370610613 103892 73355 14571
2016.56388287 0.00339496135712 5 20160725105950000000024278988274791470610156 143999 73358 14571
2016.5638938 -0.0161248445511 5 20160725110535000000024257044246831270610477 89397 73357 14770
2016.56390426 0.0078307390213 5 20160725111105000000024285545217222170610160 131171 73358 14770
2016.56391471 -0.0251861810684 5 20160725111635000000024260465847591070610650 81999 73355 14870
2016.56392644 -0.00285375118256 5 20160725112245000000024256959800017370610999 83999 73350 14670
2016.56393658 -0.00479698181152 5 20160725112805000000024272156285210470610169 143999 73347 14570
2016.56394894 -0.0165202617645 5 20160725113435000000024251042776481270610523 92399 73351 14670
2016.56395734 0.0173133611679 5 20160725113900000000024280654869963170610229 119295 73347 14571
2016.56396652 0.00292158126831 5 20160725114350000000024254440511414370610594 112999 73346 14671
2016.56397413 -0.0238667726517 5 20160725114750000000024256556563325070610372 106999 73349 14869
2016.69696666 0.0087605714798 5 20160912013635000000025589707092324370610549 137269 73266 14155
2016.69697917 0.0026593208313 5 20160912014310000000025584781169506370610999 83310 73268 14245
2016.6969966 0.0068324804306 5 20160912015220000000025562658308063270610115 231125 73278 14147
2016.69700849 0.0188410282135 5 20160912015835000000025574226934526370610130 332449 73285 14248
2016.6970172 0.00444459915161 5 20160912020310000000025568959924096070610 60 351 75
2016.69703685 0.0363396406174 5 20160912021330000000025565345110147370610230 237306 73303 14247
2016.69704572 0.0193849802017 5 20160912021810000000025562838546508370610548 155179 73303 14347
2016.711338 -0.0232088565826 5 20160917073520000000023785164622432370610115 260 15 73105
2016.71134925 -0.0216839313507 5 20160917074115000000023784950189948370610 38 546 13
2016.71136303 0.0239160060883 5 20160917074830000000023784996017086370610142 241 27 73110
2016.71137254 0.0481054782867 5 20160917075330000000023787209019551070610 53 504 25
2016.71138395 -0.0111246109009 5 20160917075930000000023779793779622270610 69 401 29
2016.71139123 0.0290153026581 5 20160917080320000000023786144883257370610229 181 54 73111
2016.7200668 0.00429570674896 5 20160920120620000000023826993573842370610 58 382102 73452
2016.72007472 0.0415071249008 5 20160920121030000000023830345251984370610 48 465159 73454
2016.72008042 0.0135005712509 5 20160920121330000000023832817518057370610190 200515 73454 14566
2016.72010783 0.0205204486847 5 20160920122755000000023845375613028370610193 197191 73459 14666
2016.72011813 0.0224318504333 5 20160920123320000000023850378022510370610589 126146 73460 14666
2016.73100109 0.0249841213226 5 20160924115720000000024812670067204370610 37 918999 72872
2016.73101424 0.0109403133392 5 20160924120415000000024809273935486370610226 202999 72864 7777
2016.73102375 0.0177110433578 5 20160924120915000000024806979205019370610812 121206 72857 7577
2016.73103325 0.0173894166946 5 20160924121415000000024804820707796370610298 193999 72853 7776
2016.73104007 0.0247874259949 5 20160924121750000000024812079404144470610 62 247999 72853
2016.73105068 0.0110642910004 5 20160924122325000000024799175942366070610294 138999 72850 7874
2016.73105813 0.0203900337219 5 20160924122720000000024797787366961070610204 181 89 72854
2016.73107017 0.01012134552 5 20160924123340000000024802154873266270610185 172999 72864 7675
2016.73107888 0.0125135183334 5 20160924123815000000024830306777598170610237 128637 72873 7775
2016.73108855 0.00236010551453 5 20160924124320000000024795037333225370610275 218102 72877 7676
2016.73922383 -0.0327305793762 5 20160927120210000000025788989905928370610 32 1039 38
2016.73923587 0.0601025819778 5 20160927120830000000025781568971731370610 27 1166 60
2016.73925821 0.0064332485199 5 20160927122015000000025768091652979370610 29 874200 73159
2016.73929402 0.0252768993378 5 20160927123905000000025747361909989370610 29 761 30
2016.73930685 -0.0210355520248 5 20160927124550000000025740218819042370610 58 543201 73174
2016.76267967 0.00956594944 5 20161006013900000000026741003236993370610324 160296 72693 10137
2016.76269045 0.00144124031067 5 20161006014440000000026746679102822370610243 199 78 72701
2016.78785142 -0.040016412735 5 20161015061820000000023592006489389370610151 266 42 73107
2016.78786029 -0.0105535984039 5 20161015062300000000023591757828510370610340 161 93 73106
2016.78787234 -0.0416706800461 5 20161015062920000000023594905068119070610147 180 69 73102
2016.78788358 -0.031541466713 5 20161015063515000000023586099735412270610240 142 92 73101
2016.78789483 0.00503265857697 5 20161015064110000000023592126273695370610478 136140 73101 11928
2016.78790529 -0.0205371379852 5 20161015064640000000023592655110174370610398 151141 73095 12027
2016.78791971 -0.00619566440582 5 20161015065415000000023593700028604370610305 176 92 73099
2016.79891769 -0.00780248641968 5 20161019071845000000023746153190759370610970 109528 72881 11328
2016.79893005 -0.00901079177856 5 20161019072515000000023741627334659370610999 105216 72876 11628
2016.79894003 -0.0211069583893 5 20161019073030000000023738472727951070610643 109132 72874 12027
2016.7989516 -0.0359807014465 5 20161019073635000000023738395415782270610647 111125 72870 11428
2016.79897537 -0.0135018825531 5 20161019074905000000023726856167255370610697 119140 72867 11528
2016.79898376 -0.0145736932755 5 20161019075330000000023755930528084170610 3 765 2
2016.7989958 -0.0270495414734 5 20161019075950000000023725269530545270610570 127134 72874 10929
2016.79900531 -0.00888562202454 5 20161019080450000000023719096142826070610 76 389 40
2016.7990202 -0.00504457950592 5 20161019081240000000023715200923852370610999 80205 72873 11129
2016.8131664 -0.000115275382996 5 20161024121300000000025527607942206370610408 152999 73456 11244
2016.81317923 0.0201079845428 5 20161024121945000000025523742201726370610854 121172 73459 11543
2016.81318858 0.00980734825134 5 20161024122440000000025528874892943470610225 125999 73464 11144
2016.81319809 0.0257084369659 5 20161024122940000000025512621046531070610 81 327 49
2016.81320316 -0.00446569919586 5 20161024123220000000025511308940159070610311 146999 73468 11543
2016.81321045 0.0134267807007 5 20161024123610000000025509491527684070610429 157152 73468 11243
2016.81322265 0.0128881931305 5 20161024124235000000025514077936701270610387 151170 73471 11542
2016.81323057 0.0198789834976 5 20161024124645000000025547115817673170610366 122869 73474 11343
2016.81324023 0.0189718008041 5 20161024125150000000025545110283543170610442 137197 73479 11642
2016.81325449 0.01396048069 5 20161024125920000000025506094953743370610999 82253 73485 11841
2016.81867347 0.00251626968384 5 20161026122930000000026182564272346370610367 160576 73325 9954
2016.81868963 -0.00867557525635 5 20161026123800000000026174011680793370610396 202151 73333 9854
2016.81869835 -0.029308795929 5 20161026124235000000026178374915038470610 24 661442 73342
2016.81870611 0.000728964805603 5 20161026124640000000026158040064462070610142 229999 73343 9755
2016.8187191 -0.0145754814148 5 20161026125330000000026156882996858270610268 167999 73340 9855
2016.81873923 -0.00441825389862 5 20161026130405000000026149673762663370610322 193215 73342 9954
2016.88382085 0.0238089561462 5 20161119073425000000024711692643390370610999 113224 73410 57
2016.88385143 -0.0212327241898 5 20161119075030000000024697122527591370610191 399173 73417 54
2016.8838611 0.0265663862228 5 20161119075535000000024687888144149070610 91 559 54
2016.90088362 -0.0093902349472 5 20161125130845000000026650539761670370610 14 1600231 73229
