1988.16071428 -0.149461269379 5 19880229044917113971926536370586891371112 11 1836 19
1988.22337825 -0.168271303177 5 19880323020801526638525334774535763471112 4 2353860 79670
1988.22609336 -0.219450354576 5 19880324015603827408925635530114100071112 10 1300138 79700
1988.22628542 -0.824569582939 5 19880324033704755061725747791616442071112 3 2979 18
1988.22891808 -0.199513077736 5 19880325024145313501525969653111900071112 12 2100 15
1988.22905739 -0.0580489635468 5 19880325035501402728326052263874284371112 12 1566853 79850
1988.22912383 -0.614830374718 5 19880325042958067046726082566773500071112 4 3500 6
1988.23182161 0.0180712938309 5 19880326040853587487226278665247062371112 6 1837 39
1988.23192631 -0.419878959656 5 19880326050357752888626325437412600071112 10 1700 16
1988.23475523 -0.0489196777344 5 19880327055151592040726517507887200371112 27 1000 43
1988.23481256 0.0276905298233 5 19880327062200804049726544211286900071112 6 1600 7
1988.23728175 0.0254842042923 5 19880328040042517832126508918607436371112 29 1342 11
1988.23751274 -0.0578181743622 5 19880328060212012803026582449002885371112 27 1031 37
1988.3110503 -0.0521750450134 5 19880424024000808104026368434306994371112 5 1162999 79580
1988.31109795 -0.0825343132019 5 19880424030504554641026384511798000371112 14 1000475 79500
1988.31115983 -0.257548809052 5 19880424033737329106626402424611644071112 6 3257 3
1988.3112899 -0.0991759300232 5 19880424044602208809926482292395000371112 20 1500297 79600
1988.31656466 -0.051914691925 5 19880426030021066615426473702293428371112 14 1241 19
1988.3169003 -0.0465189218521 5 19880426055652861448726579242692160371112 25 1686 24
1988.38764541 -0.193629622459 5 19880522020558674234326388680670900071112 20 1000 96
1988.38771514 -0.138560175896 5 19880522024239192459526442778219900471112 7 2100 42
1988.39048178 -0.112917780876 5 19880523025747845922526495172166100371112 23 1100604 79700
1988.39310816 -0.0961883068085 5 19880524015909942493726450856536400371112 27 700216 79700
1988.39318311 -0.262332201004 5 19880524023835181977726461078218700071112 11 1600 10
1988.39333964 -0.0202665328979 5 19880524040055016267326521247949206371112 14 1164102 79850
1988.39340244 -0.139253973961 5 19880524043356778860926554578011600371112 6 1500103 79800
1988.4668741 0.0986895561218 5 19880620003706131966126513304516914471112 11 1354 3
1988.4699548 0.157860279083 5 19880621033725659996426617553308914071112 5 2042 13
1988.47245981 -0.136492729187 5 19880622013457748620226403887673800371112 10 1000 60
1988.47253478 -0.112675428391 5 19880622021423636397826421187891600071112 9 1400 53
1988.47271724 -0.288757324219 5 19880622035021476720926496791723100371112 7 2300201 80100
1988.47510509 -0.00629043579102 5 19880623004616332827226243472505829371112 11 1468 22
1988.47514058 -0.123669624329 5 19880623010456425128126240885164400071112 17 1000 19
1988.47519535 0.289900660515 5 19880623013344842132226227449034722271112 13 1419 34
1988.47525756 -0.145568490028 5 19880623020628052914026236251740500371112 11 1400 48
1988.47538102 -0.272535800934 5 19880623031124068445826264296481400071112 7 1300 47
1988.4754169 -0.11123073101 5 19880623033016424689826272747251700371112 8 1500 83
1988.47548345 0.126134037971 5 19880623040516507986526293287316600271112 5 2000796 80000
1988.47817287 -0.0579668283463 5 19880624033948112833826010412693032371112 13 1315 54
1988.47823084 0.166414856911 5 19880624041017513792026020590101275271112 8 1604 17
1988.47829431 0.170886397362 5 19880624044340440558926050173962059371112 8 1125 13
1988.48092203 -0.0322294235229 5 19880625034544971277825695208452100371112 12 1100 19
1988.48098729 -0.0564026832581 5 19880625042004486091725699169017700271112 7 1900 14
1988.48107883 -0.0809116363525 5 19880625050813152801925728693119200371112 10 1200 39
1988.48112669 0.768211841583 5 19880625053323743755225753172890103071112 8 1789 3
1988.48389346 -0.315452098846 5 19880626054836194526225377150507700371112 11 1500 24
1988.63396891 -0.208690643311 5 19880820012217192955925835079627600371112 14 1800 93
1988.63401126 -0.2149310112 5 19880820014433848490525850612290623071112 5 1693 19
1988.6340912 -0.408799052238 5 19880820022636476395125862202994000371112 4 4400105 80000
1988.63659158 -0.12082195282 5 19880821002142522196025491050345400371112 16 1200 11
1988.63674951 -0.215509176254 5 19880821014446263576525482673200647071112 7 1662 6
1988.63957654 0.426279306412 5 19880822023140628096725068945532354371112 5 2389 20
1988.64231312 -0.300265431404 5 19880823023100423179924654995381400371112 5 1400 23
1988.64238042 -0.565263986588 5 19880823030624461799524640243648100271112 5 1500 36
1988.64516765 1.03032982349 5 19880824033222548197224235760125922371112 5 2669 9
1988.64544711 0.423365831375 5 19880824055921589176324239529879319371112 13 1146 5
1988.68184153 -0.062758564949 5 19880906130122208127026259506478884371112 16 1409 18
1988.68198669 -0.0842759609222 5 19880906141743200783426217562381100371112 12 1308 10
1988.74142514 -0.00969934463501 5 19880928071957879513723972283503613371112 13 1300112 80030
1988.74180543 0.997216820717 5 19880928103958915504824025034010085371112 5 1719 22
1988.74410871 0.120167255402 5 19880929065125054398224401761516387371112 6 1995 28
1988.74696167 -0.0283297300339 5 19880930075157554441624825190381844371112 9 1332 34
1988.74987509 0.075963139534 5 19881001092418047220525235476576327371112 10 981 66
1988.75064462 0.0556204319 5 19881001160902565727225467134485666371112 5 1241 25
1988.75540902 0.100021004677 5 19881003095455727167426033775638337271112 6 1145 33
1988.75575701 0.95505464077 5 19881003125757543711025940571959095271112 3 2461 63
1988.75822614 0.254201889038 5 19881004103637374615926324237953517271112 5 1310158 80450
1988.80096616 -0.485976696014 5 19881020011609841119024257446471799371112 9 646 11
1988.80114552 -0.0876911878586 5 19881020025029833853324227234839687371112 10 839 62
1988.80131241 -0.0438886880875 5 19881020041816596833024248335151642371112 3 3231 26
1988.80398194 -0.198397040367 5 19881021034220323466923945522874324371112 5 2761 13
1988.83229108 -0.00150072574615 5 19881031115148898583625879323847497371112 6 837 53
1988.83528451 0.0113868713379 5 19881101140614342175526187075279250371112 4 1143 77
1988.90889301 -0.149715304375 5 19881128112121941824325858609137992371112 11 826 99
1988.91431534 -0.0179570913315 5 19881130105317620388726354004530309371112 14 788108 80270
1988.91467655 -0.167560100555 5 19881130140316763964426375519368406371112 13 857 30
1989.03929265 -0.683204293251 5 19890115022621798205224412819347026371112 5 1317 15
1989.06447342 -0.189994335175 5 19890124071026409981926322751901025371112 8 1102158 79550
1989.15229418 0.15159535408 5 19890225090038875707826598444022920371112 9 1028 22
1989.36246735 -0.165585041046 5 19890513032319606498626179389977789371112 9 1449 34
1989.36253093 0.293664097786 5 19890513035646119979426206279528292071112 6 1784 7
1989.36508341 -0.132477045059 5 19890514021916177684826353596794213371112 16 1042 67
1989.36511853 -0.299108862877 5 19890514023744429950626353877546799071112 5 1424 19
1989.36786415 -0.374525666237 5 19890515024149736010426506979331816371112 9 831 23
1989.36794321 -0.18320286274 5 19890515032324487797826511232589796271112 5 1113 10
1989.36808083 0.0650202035904 5 19890515043547655898726550316973489371112 9 931 11
1989.37091569 -0.110655665398 5 19890516052648847716126631467210927371112 10 1245 12
1989.7216952 0.00604736804962 5 19890921082248296607324594739257721371112 9 1228 24
1989.72186135 -0.0114203691483 5 19890921095011700386824530829171627371112 16 759196 79820
1989.72464073 -0.0977479219437 5 19890922101202438161524911951626615371112 10 1386159 80000
1989.72468715 -0.0434504747391 5 19890922103627224698524895709788412371112 12 989261 80000
1989.77604368 0.0679135322571 5 19891011044756031400024276459944024371112 12 872 42
1989.7786379 0.231366634369 5 19891012033223311644523890949086971371112 10 2154 12
1989.80977456 -0.124615907669 5 19891023122901717110825917740415849371112 6 2752999 80390
1989.84686195 0.220276594162 5 19891106013530584237925282371853327371112 10 1413229 79850
1989.84705534 0.12322306633 5 19891106031713491223925323687030527371112 6 1577246 79850
1989.85241148 0.145440459251 5 19891108021420497896624454114606221371112 14 913 61
1989.85266474 0.0248740911484 5 19891108042732867448024476717122769371112 7 1499 38
1989.85509403 -0.120678067207 5 19891109014515468965124091319662909371112 8 1502 14
1989.85530881 0.121467351913 5 19891109033813455402624050069310655371112 9 1006 88
1989.85554031 0.101144313812 5 19891109053958903223024097057242157371112 8 1715 21
1989.85786105 0.037158370018 5 19891110020035978709723771826969641371112 20 1067 19
1989.85815148 0.072536110878 5 19891110043321127057023709985708349371112 9 1116 13
1989.85841099 0.125330328941 5 19891110064950634487023779583284064371112 5 1395 9
1989.86107467 -0.0308384895325 5 19891111061049888009223479366653580371112 9 1434 21
1989.92627627 0.0585395097733 5 19891205014415862162224932145009699371112 10 1734999 79760
1989.92644866 0.127088308334 5 19891205031456312616124991214039940371112 6 2602999 79760
1989.92912261 0.151149272919 5 19891206024119775251524606955734645371112 26 749492 79340
1989.92926357 0.146821260452 5 19891206035528092642224657256908442371112 5 1930124 79280
1989.93729482 0.0957525968552 5 19891209021934877137323777349259094371112 21 983 17
1989.93767401 0.0224734544754 5 19891209053901212874223800055759438371112 23 763 29
1989.9378829 -0.0698808431625 5 19891209072853508684323905518134309371112 10 1026 17
1990.00569713 0.0720257759094 5 19900103015627841094224595398268073371112 14 1046731 79340
1990.0195402 -0.0556336641312 5 19900108031721687663823970951645455371112 9 1596 13
1990.03649053 0.0586253404617 5 19900114075233532890825428564851760371112 6 1287 22
1990.03681195 -0.062504529953 5 19900114104136807825025443315561376371112 14 1067 11
1990.03939781 -0.0505768060684 5 19900115092140266086725769479344703371112 12 1362 44
1990.04216472 0.00870645046234 5 19900116093657250469326095556747397371112 5 3122 8
1990.04500098 0.00866687297821 5 19900117102842840683426349561025433371112 7 1405 78
1990.09330606 0.0152000188828 5 19900204015515174732024233666197334371112 7 1876 95
1990.09603584 -0.0688222646713 5 19900205015100738377324320071660781371112 23 756 84
1990.09624994 -0.0723438262939 5 19900205034337122116524321075643291371112 16 824 55
1990.09653646 -0.0683608055115 5 19900205061418853435124430980845130371112 9 1078 51
1990.10198676 -0.091072678566 5 19900207060057432452824604522917366371112 10 821 84
1990.11582504 -0.140554308891 5 19900212071920342918225903782380632371112 8 906118 79850
1990.12996562 0.0126377344131 5 19900217111643132563826614012166462371112 8 2115141 79730
1990.20380975 0.14796769619 5 19900316103546599088226672355471791371112 5 1633121 79280
1990.20670378 -0.219041466713 5 19900317115755260121926642418231968371112 8 1978 15
1990.40826123 0.0279767513275 5 19900530024904604212125141500849366371112 18 1214999 79280
1990.4111001 0.0728377103806 5 19900531034212521694125571097334249371112 4 2406999 79610
1990.41378096 -0.0113152265549 5 19900601031214169061625867352230491371112 19 866 76
1990.41390099 0.164667129517 5 19900601041521977955925934498900925371112 7 1468 57
1990.41637726 0.0942504405975 5 19900602015747147346826131379744165371112 70 860 10
1990.41647811 0.114402890205 5 19900602025049498820126145498867801371112 22 887 39
1990.41660093 0.0203671455383 5 19900602035525635183426187358173853371112 14 781 35
1990.49039436 0.0657712221146 5 19900629024748991453925885978173128371112 12 976148 79880
1990.49300985 0.0113031864166 5 19900630014327615958526127229218403371112 5 957 70
1990.49310069 0.0281082391739 5 19900630023114370601926160404717399371112 15 635231 79940
1990.49574473 0.0840479135513 5 19900701014153737630726377712055654371112 12 817 37
1990.495948 0.0675557851791 5 19900701032848666992126435811892843371112 39 434117 80240
1990.49869487 0.0841645002365 5 19900702033333178270826588430923577371112 14 1272 30
1990.5241496 0.264638066292 5 19900711104143566376425370820675311371112 23 631 43
1990.68246754 0.274138331413 5 19900907063037783175724270550337417371112 13 795 19
1990.68280701 0.272549390793 5 19900907092910390084924211778420293371112 17 776 46
1990.68872071 0.230094313622 5 19900909131932616979324149742619517371112 20 775 15
1990.69105135 0.206802129745 5 19900910094522045838424103721596346371112 18 631 0
1990.69108167 0.229513406754 5 19900910100118940034524096025100906371112 19 718 0
1990.69141946 0.201300144196 5 19900910125858716114124110543716860371112 15 797 82
1990.69389238 0.144049048424 5 19900911103938306341724172266978851371112 31 583278 80090
1990.69652561 0.0600984096527 5 19900912094436653841824366852089737371112 23 695774 80060
1990.69655189 0.113181233406 5 19900912095825779001924353066043504371112 17 1079774 80090
1990.6968159 0.0997046232224 5 19900912121717311082724261336196472371112 47 433325 80120
1990.69683864 0.107560396194 5 19900912122915105241424258086597509371112 3 1032325 80120
1990.77354239 0.157002925873 5 19901010125221312825124236922533267371112 25 683 38
1990.77600988 0.0816732645035 5 19901011103009327995524535665453971371112 54 426452 79700
1990.77603747 0.10377407074 5 19901011104440010623524525256999511371112 14 1144452 79700
1990.77606294 0.0574685335159 5 19901011105803898088524516539666890371112 33 466452 79700
1990.77625147 0.104191422462 5 19901011123713491094424481832932583371112 10 710164 79700
1990.77634027 0.0730503797531 5 19901011132355846334724485329382317371112 10 778 0
1990.77882724 0.0514965057373 5 19901012111158488711424816442217184371112 19 602999 79820
1990.78162107 0.0506901741028 5 19901013114124965927825110079345251371112 21 668793 79790
1990.78166691 0.0074667930603 5 19901013120531632577225088518442181371112 23 723793 79790
1990.78448586 0.133468031883 5 19901014124810955293125363659067777371112 6 1529 47
1990.81603833 0.0473475456238 5 19901026012331296271226302389711665371112 9 1428122 80320
1990.81881411 0.022544503212 5 19901027014328295984425978629390239371112 28 1038 40
1990.86109613 0.0574867725372 5 19901111122207369765325501705511767371112 6 1117424 80410
1990.92370165 0.0988389253616 5 19901204091007286694923504807931062371112 9 2091131 80440
1990.92400529 0.181277990341 5 19901204114949334022723620379757076371112 18 1090 34
1990.93471917 0.0746914148331 5 19901208094453704231125102970619375371112 11 1294 41
1990.93475303 0.0638548135757 5 19901208100242153919025091431241269371112 12 1313 38
1990.93502359 0.0652143955231 5 19901208122500324315425066413725659371112 20 1023 27
1990.93758618 0.12424492836 5 19901209105249595602825508087708950371112 16 1504221 80170
1990.93763097 0.079372048378 5 19901209111623055534825495624134828371112 12 1249149 80170
1990.93779634 0.12063908577 5 19901209124321829332625478850301925371112 24 908470 80200
1990.93783219 0.0752599239349 5 19901209130213132464225481660930569371112 9 1343127 80230
1990.93785193 0.0700461864471 5 19901209131236028205325484215863986371112 18 905373 80230
1990.94045672 0.115555405617 5 19901210120236843963925870066054270371112 7 1432252 80050
1990.94059083 -0.00407326221466 5 19901210131309095340725852053307584371112 13 1264999 80080
1990.94062307 0.1055560112 5 19901210133006453461125852453113025371112 9 1883223 80080
1990.94330205 0.0732024908066 5 19901211125908864155626181855498041371112 12 1210714 79690
1991.08517274 -0.107674002647 5 19910201083727240961624453695041689371112 15 1805 19
1991.09928059 0.204182863235 5 19910206121737158833826359652265547371112 19 697138 79930
1991.09931147 0.112402200699 5 19910206123351566690026360710819251371112 24 817138 79960
1991.10201888 0.127734065056 5 19910207121750896278126570657362085371112 10 864752 80440
1991.13935668 0.081526517868 5 19910221033602231744624492487915322371112 12 1241249 79870
1991.1419296 0.175704956055 5 19910222020917389272824236290711217371112 15 913 53
1991.14196149 0.100693106651 5 19910222022604007339124242825558023371112 10 1513 53
1991.14224936 0.108713388443 5 19910222045728478086924363798041733371112 14 1126 34
1991.14464013 0.131244182587 5 19910223015455365974224103657306882371112 21 1001 27
1991.1842228 -0.00641620159149 5 19910309125349360025426629323493685371112 6 968268 79840
1991.22433946 -8.53538513184e-05 5 19910324043335080635924292698524378371112 23 1064 25
1991.30091143 0.14445567131 5 19910421034722594297124323948270417371112 8 2285118 79540
1991.34282481 0.149935245514 5 19910506111208143042426347666075563371112 10 1473 57
1991.38026372 0.134160161018 5 19910520032330355399224489829326719371112 12 881982 79690
1991.3855592 0.0998258590698 5 19910522014842880578225025498888380371112 23 848 27
1991.42206315 0.0948543548584 5 19910604094819996988726135783552650371112 13 1083226 79570
1991.42209491 0.0705661773682 5 19910604100502263299726118362401898371112 17 1099226 79570
1991.42221049 0.0637310743332 5 19910604110549892843826068599018214371112 19 672229 79600
1991.42225064 0.019969701767 5 19910604112656706763926056646522557371112 8 1124229 79600
1991.45965347 0.152238607407 5 19910618031920426126024790741646971371112 10 1228563 79900
1991.46220737 0.151106715202 5 19910619014235170647725050481560653371112 19 694 42
1991.46240497 0.143974304199 5 19910619032631006013325151314150642371112 6 1050174 79960
1991.50989737 0.125426054001 5 19910706114537336973024621961452360371112 24 931356 79840
1991.5126593 -0.109204769135 5 19910707115817068520124265864923667371112 6 1550 45
1991.541718 -0.132206559181 5 19910718024200053950425494569853595371112 3 1853116 80270
1991.54440578 -0.0498716831207 5 19910719021539807006325820140568662371112 6 2086217 80050
1991.54442605 0.0766500234604 5 19910719022619466773925828307893770371112 16 1032217 80080
1991.54444379 0.0964225530624 5 19910719023539418376225836001846171371112 12 1021217 80080
1991.54446153 0.157464504242 5 19910719024459277263525844193290094371112 11 1230217 80080
1991.58925303 0.0131531953812 5 19910804112331298496324380542686799371112 3 1371999 80300
1991.589279 0.0975307226181 5 19910804113710859213424367768626506371112 5 2525999 80320
1991.73976916 0.129683256149 5 19910928104859399101724437934989003371112 12 1804 60
1991.73980194 0.216252565384 5 19910928110613695297424439947978716371112 11 1160 60
1991.73982842 0.0923142433167 5 19910928112009342322924442852649409371112 3 2267 60
1991.74502197 0.0130503177643 5 19910930085145352450124345253134577371112 7 1069188 80470
1991.74505808 0.0470869541168 5 19910930091044891723524324267665898371112 17 753188 80470
1991.74508475 0.0850950479507 5 19910930092446437577324309704496835371112 11 951188 80450
1991.74515113 0.0674241781235 5 19910930095941145283224277240683192371112 27 756160 80470
1991.7451745 0.0776541233063 5 19910930101158782166224267188962575371112 10 994160 80470
1991.74528214 0.0751960277557 5 19910930110835613725724231082055475371112 47 416317 80470
1991.745658 0.174960374832 5 19910930142617002608024249454620502371112 20 1206 27
1991.74780094 -0.0995110273361 5 19911001091323013280724324340744231371112 3 1365160 80450
1991.74789645 -0.012109875679 5 19911001100337129877924265095241811371112 8 989695 80420
1991.75095058 -0.124072551727 5 19911002124957950790824147885649891371112 9 1771 37
1991.79085518 0.0901914834976 5 19911017023811524213226460343118407371112 29 554 43
1991.82468578 0.0820430517197 5 19911029111144067236524143490575009371112 16 626105 79750
1991.82473465 -0.110945105553 5 19911029113726225229024137129091477371112 8 2122 35
1991.82489169 0.0993111133575 5 19911029130002107956924144125429963371112 19 595 78
1991.82723496 -0.00770032405853 5 19911030093230114727824363565933130371112 13 967260 79800
1991.82728335 0.0390454530716 5 19911030095756961960424336854248883371112 4 1401 93
1991.82745505 0.0111784934998 5 19911030112815525192824266553405818371112 8 1065290 79750
1991.82748579 0.119939804077 5 19911030114425596728324258617516245371112 5 1696231 79800
1991.87275682 0.130484461784 5 19911116003510777545826011013445671371112 25 1138 22
1991.90138558 0.21733725071 5 19911126113245600041523938391827739371112 14 1584 22
1991.90385012 0.0432376861572 5 19911127090900544917524219256632421371112 19 691 42
1991.90387162 -0.000229001045227 5 19911127092018896025224210208454883371112 12 1240 42
1991.90399937 0.135295629501 5 19911127102730603946624170476321243371112 10 887 37
1991.90404022 0.0293942689896 5 19911127104859709877524163288869201371112 21 953 37
1991.90424464 0.0581361055374 5 19911127123630712570524171263681708371112 60 479 74
1991.90427771 0.0412918329239 5 19911127125354113121024179549250147371112 17 688 74
1991.94677169 0.064661860466 5 19911213012402384701726340594440150371112 12 1137999 79870
1991.94949667 0.083389878273 5 19911214011716112589926041192039555371112 5 1555 35
1991.94954959 0.0202680826187 5 19911214014506186907426045889748996371112 8 1575 79
1991.94958558 0.0740040540695 5 19911214020402024986426051891860681371112 4 2278 17
1991.95216682 0.0791767835617 5 19911215004139700894825701129400427371112 10 1930 3
1991.95245315 0.109850764275 5 19911215031215544333325702903228993371112 7 1805 3
1992.10850679 0.204981684685 5 19920210031013980044525540683593240371112 3 1370102 79720
1992.19620226 0.149136066437 5 19920313035432506153824210411974660371112 20 1083 0
1992.27549504 0.0565959215164 5 19920411025922392931924148352772620371112 13 1208 28
1992.27551661 -0.0481929779053 5 19920411031043015290124153206402280371112 14 1355 5
1992.27861744 0.0927519798279 5 19920412062137839652524198015101412371112 11 983 23
1992.27863987 0.0293654203415 5 19920412063325515445424212409439613371112 13 1105 33
1992.35758905 0.0834839344025 5 19920511023732358167024288567368216371112 11 1093 31
1992.3576366 0.0253120660782 5 19920511030232807506124295835272806371112 30 665 98
1992.35785159 0.140161752701 5 19920511045537347363424377420019440371112 8 1660 27
1992.35788942 -0.013254404068 5 19920511051531174619424399211008774371112 15 1272 17
1992.36033691 0.0266853570938 5 19920512024248144005424414064621611371112 19 828 15
1992.36037755 -0.0135186910629 5 19920512030410662131424414405743745371112 28 887 28
1992.36052979 -0.000247240066528 5 19920512042414849753224442421538395371112 17 1094 23
1992.36055817 0.0029708147049 5 19920512043910463785424452187599723371112 17 1183 2
1992.43149719 0.123359918594 5 19920607023015639813324236607231562371112 8 1031797 79800
1992.47623503 0.0741804838181 5 19920623104034435055226125261865597371112 9 1321999 80120
1992.47634376 0.130944252014 5 19920623113745850242126074776581751371112 9 1317456 80150
1992.48181699 0.123371601105 5 19920625113627969820225453642457392371112 3 1158999 79850
1992.51379261 -0.00187528133392 5 19920707035421765576024807031396500371112 4 1051999 80200
1992.51929624 0.0828219652176 5 19920709040903144906625387189006404371112 27 1002 7
1992.67792578 0.186940550804 5 19920905024150461017226083927473119371112 9 3968 3
1992.686556 0.124018311501 5 19920908062059609097826695205019937371112 25 1370 -3
1992.71140886 0.0851806402206 5 19920917081236130066325483024676418371112 8 1334 55
1992.71144802 0.213176369667 5 19920917083312171646125462546519704371112 9 1246116 80150
1992.7117099 0.175157666206 5 19920917105056306783925387115348213371112 7 2157 0
1992.71176852 0.207021713257 5 19920917112146105778925385854417630371112 21 1172 53
1992.71179531 0.123113512993 5 19920917113551619908625387187184803371112 17 1191 27
1992.71412875 0.124905228615 5 19920918080309550304825247454836377371112 8 1417 21
1992.71415826 0.0921207666397 5 19920918081840649733125227348302341371112 7 1388 53
1992.71446797 0.168734073639 5 19920918110134491775425086396248315371112 14 1115224 79920
1992.7144895 0.181104898453 5 19920918111253991502625082100104148371112 18 933197 79920
1992.71450858 0.163239479065 5 19920918112256008204025078937162308371112 8 1320352 79920
1992.7145886 0.126160979271 5 19920918120501051104525072274523430371112 21 986131 79950
1992.71461574 0.135367512703 5 19920918121917742464125072425390572371112 7 1158122 80000
1992.71463642 0.202765345573 5 19920918123010297295925073349528688371112 4 1321105 80000
1992.72268097 0.0287375450134 5 19920921110117015147824246044340563371112 8 1014891 79670
1992.72282009 0.124040722847 5 19920921121427178415924162106809225371112 5 1637999 79720
1992.72284225 0.00815010070801 5 19920921122606704553624151154468685371112 5 1521999 79720
1992.79395197 0.169322133064 5 19921017114658767649524700736752274371112 8 1386 40
1992.79658312 0.0976033210754 5 19921018105051456732024506072673231371112 15 978999 80320
1992.79659832 0.120812416077 5 19921018105851015360024500805002726371112 10 1499173 80350
1992.79661933 0.0966515541077 5 19921018110954197595024494130520238371112 12 930567 80370
1992.79664342 0.108412265778 5 19921018112234235001324487365524179371112 8 938190 80350
1992.79677173 0.0274735689163 5 19921018123003482795724467711230143371112 4 1228 11
1992.83665148 0.0475252866745 5 19921102020512621081326462578634251371112 8 1376262 79670
1992.83930085 0.0995931625366 5 19921103011840482664826537243843891371112 9 990 73
1992.83932954 -0.018855214119 5 19921103013345830249826538186025991371112 4 1951 16
1992.83934653 0.0440104007721 5 19921103014242165990726539440877287371112 10 1669 38
1992.83936436 0.123196840286 5 19921103015204635901626541312330672371112 9 1634 25
1992.91317705 0.0709383487701 5 19921130005436228571826463111582371371112 3 1299325 80270
1992.91864257 0.145188212395 5 19921202004914643243126530931258768371112 5 1437 88
1992.91866345 0.159243106842 5 19921202010013716807226531681751263371112 9 1243120 80220
1992.91868148 0.130665898323 5 19921202010942545127326532970117010371112 8 1623182 80220
1992.91870191 0.105710983276 5 19921202012027281019626535144737639371112 5 1222999 80220
1992.92175469 0.217142224312 5 19921203040605826538626520731284390371112 8 1072 46
1992.92177331 0.110266089439 5 19921203041553312086326529954404723371112 7 1745 39
1993.03460015 0.111596941948 5 19930113091817731944724118489088603371112 19 901 21
1993.03464134 0.0895204544067 5 19930113093957593293324106957834176371112 42 675 32
1993.03744851 0.225116252899 5 19930114101625158568824390238824418371112 12 1702 7
1993.03762769 0.16762149334 5 19930114115039666477724368306696130371112 13 1438 1
1993.03776022 0.21145093441 5 19930114130021775417224388541031132371112 9 2176 4
1993.03777892 0.0539568662643 5 19930114131012169664424393907264469371112 9 1675 60
1993.23908162 0.014496088028 5 19930329014722204892625555034838701371112 2 1556999 79440
1993.23921423 0.027373790741 5 19930329025707061991825612420021196371112 4 1553393 79470
1993.24475558 0.058788061142 5 19930331033138626328424859083829048371112 12 1424 5
1993.36334398 0.0343850851059 5 19930513110424053011026391033883799371112 19 719179 80060
1993.36336667 0.0550112724304 5 19930513111620130708926383851543723371112 18 1295 47
1993.3634027 0.0998152494431 5 19930513113516981612226374152958542371112 11 785107 80060
1993.36343617 0.0295714139938 5 19930513115253220815526367077910301371112 9 1177107 80060
1993.36613567 0.0425382852554 5 19930514113243028200226546143102131371112 5 1160491 80010
1993.36888257 -0.00193607807159 5 19930515113728565742726638611569352371112 3 1875392 79910
1993.40898239 0.0233345031738 5 19930530030822516017524134235771005371112 9 1229 25
1993.40902423 0.0833979845047 5 19930530033022910171824144310525132371112 9 1123 40
1993.40921015 0.103587865829 5 19930530050810334703624223175687107371112 14 1277 21
1993.40924862 -0.0313000679016 5 19930530052824162333724245578076662371112 10 1608 12
1993.41165048 0.0405172109604 5 19930531023141281967024102232737722371112 8 750 32
1993.41186833 0.0311660766602 5 19930531042615861150024127478616857371112 14 1169 27
1993.4118955 0.000645995140076 5 19930531044033544984224136410986665371112 12 967 54
1993.41192072 0.0973697900772 5 19930531045349178639724145768310640371112 8 1466 30
1993.41206596 0.0557909011841 5 19930531061012806932924218017143542371112 6 984 19
1993.41725965 0.0770919322968 5 19930602034153281371524245066902572371112 4 2365 18
1993.41728671 0.0116767883301 5 19930602035607113321024241499928602371112 9 1630 20
1993.41732681 0.177637457848 5 19930602041712530870024238503539001371112 5 2541 4
1993.41755868 0.170745968819 5 19930602061909697021924275225405124371112 5 1901 2
1993.43981034 0.154782056808 5 19930610092238891721826376197780957371112 10 1162 32
1993.43982668 0.243367910385 5 19930610093114384435826369904511533371112 6 2032 39
1993.44003439 -0.0252425670624 5 19930610112029406939326328177255772371112 12 1096 22
1993.44259751 0.0357192754745 5 19930611094835056887726523516464707371112 13 831 41
1993.44281334 0.0335909128189 5 19930611114206280672326458121106476371112 10 692154 80060
1993.44539482 0.007444024086 5 19930612101951604408226582313636035371112 7 966990 79990
1993.44541158 0.0287454128265 5 19930612102840526254326573588322142371112 5 1033999 79990
1993.44822678 0.00420570373535 5 19930613110921368522826534774182248371112 4 1077999 79990
1993.48842461 0.0372968912125 5 19930628033148602534824364233740930371112 9 1786 74
1993.48845393 -0.00691890716553 5 19930628034713737768124376367906347371112 6 1849 48
1993.49112218 -0.0533879995346 5 19930629031037256931624451767273300371112 17 1129 61
1993.49114373 0.0112316608429 5 19930629032157295615424455615527900371112 7 1251 64
1993.51908395 0.0414451360703 5 19930709081723531276926552445724023371112 10 762122 79890
1993.51910966 -0.0143387317657 5 19930709083054918022526539962738505371112 27 626286 79890
1993.51912946 0.0323244333267 5 19930709084119755465726531006083332371112 12 588125 79890
1993.51938733 0.0829025506973 5 19930709105657736574926473684048030371112 14 993 58
1993.51942002 -0.0518782138824 5 19930709111409136456926474901244857371112 8 1069 58
1993.56783871 -0.0203028917313 5 19930727034027030373724686160264803371112 11 1061 18
1993.57320325 0.0466215610504 5 19930729024158954176625101151575659371112 8 1794 10
1993.57336863 -0.127962470055 5 19930729040857760945525118277552443371112 4 1144 3
1993.57339422 -0.0746960639954 5 19930729042225589234525124977286661371112 7 934 77
1993.5734076 -0.084646821022 5 19930729042927768859025128900192396371112 17 972 79
1993.57619397 -0.104678153992 5 19930730045458802388425354535107640371112 6 1331 10
1993.57624661 -0.00232744216919 5 19930730052240142393225367888853481371112 38 665 44
1993.60395335 -0.043474316597 5 19930809081518361665026480895037232371112 20 767438 80540
1993.60399019 -0.00563037395477 5 19930809083440797814226456380192516371112 18 720198 80540
1993.60415546 0.0284118652344 5 19930809100136263965426368272092577371112 12 979194 80540
1993.60418283 0.0269322395325 5 19930809101600210395926357612134220371112 43 506832 80540
1993.60420795 0.0125801563263 5 19930809102912757916826348907858027371112 45 498999 80540
1993.6044027 0.0123262405396 5 19930809121138623411026318150976771371112 9 1134 78
1993.60442402 -0.082061290741 5 19930809122251320720226318817895035371112 13 1392104 80590
1993.60690119 -0.00255382061005 5 19930810100544851843726179349636289371112 5 1158999 80590
1993.60693253 -0.0056688785553 5 19930810102214007530526162740165231371112 4 1158999 80590
1993.60711219 0.0995903015137 5 19930810115643713921826096910663583371112 4 1074999 80590
1993.60713801 0.100611686707 5 19930810121018451303526091848730940371112 3 1946315 80590
1993.609688 0.0507967472076 5 19930811103129894952225902938551575371112 4 1026600 80340
1993.60972629 -0.0240145921707 5 19930811105138218610725879846630588371112 7 1024999 80360
1993.60990078 0.0508594512939 5 19930811122324745786025801499017487371112 9 1000130 80390
1993.64710216 -0.0677392482758 5 19930825022950988576224984047336040371112 11 1052122 79960
1993.65278376 -0.109580874443 5 19930827041808676000825597645005661371112 7 990 53
1993.65538509 -0.0144132375717 5 19930828030620415635025826050172261371112 8 1096 15
1993.65542304 0.0221024751663 5 19930828032618217873225824393114754371112 10 1546 13
1993.65544628 -0.0396647453308 5 19930828033831401351925824590644635371112 9 1552 12
1993.72643939 0.0233105421066 5 19930923015803785039425308093718049371112 9 1173445 80210
1993.72647576 0.0540691614151 5 19930923021711549777125320644453848371112 7 1382471 80210
1993.72667578 0.0121278762817 5 19930923040223656486625425389746843371112 6 1225123 80310
1993.72918982 -0.0184676647186 5 19930924020440748433925641151264737371112 17 872 42
1993.72938198 0.0549705028534 5 19930924034544661765225701937247422371112 9 1706 17
1993.7294152 0.036318063736 5 19930924040313185943525718418280694371112 30 715104 80260
1993.73459763 -0.0359530448914 5 19930926012858218628826214157445960371112 9 1633 25
1993.73463606 -0.170053362846 5 19930926014911066981526203415495368371112 9 2100 3
1993.7349206 0.0163711309433 5 19930926041850423211026202246592261371112 3 1504 28
1993.734952 -0.0178300142288 5 19930926043521357814326210850694881371112 6 1213 31
1993.73497567 0.0130789279938 5 19930926044748208929226218453601468371112 16 1040 65
1993.74047467 0.0818974971771 5 19930928050003522528026507313010276371112 14 1464 4
1993.7405177 0.186864376068 5 19930928052241385146326511431822178371112 8 2042 2
1993.76831095 -0.130296349525 5 19931008090049784516425366678859453371112 3 1492106 79790
1993.76836492 -0.0625191926956 5 19931008092912897622925328325704081371112 9 1022999 79790
1993.76853178 -0.0821323394775 5 19931008105658548839625233196777165371112 8 1305881 79810
1993.76857428 -0.0645872354507 5 19931008111919676687525215510278668371112 9 1327879 79810
1993.7713512 -0.14357984066 5 19931009113952554845524851566840246371112 4 1141393 80110
1993.80597529 0.0257009267807 5 19931022031045891816325687296172360371112 6 1714159 80790
1993.81426376 0.0526798963547 5 19931025035010092153626420477194766371112 8 1631 14
1993.81429385 -0.0274292230606 5 19931025040559607427126428943399629371112 9 1032 29
1993.8143692 0.0404857397079 5 19931025044537525093026447068906912271112 13 1267 7
1993.81690069 0.170276999474 5 19931026025705189192926537083965900371112 16 1395 -1
1993.81698158 -0.0857101678848 5 19931026033938012788626524861880554271112 9 1337 20
1993.81701678 -0.0115154981613 5 19931026035808842763126527691714076271112 6 1813 6
1993.84502053 -0.147823691368 5 19931105092700006165825255094501052371112 3 1602 8
1993.84506654 -0.234440207481 5 19931105095111837227525234731265192371112 10 1617 27
1993.84514397 0.0257498025894 5 19931105103155486757825214622516740071112 5 1857 77
1993.85083074 -0.154861927032 5 19931107122256104961824571223743745371112 9 912373 79810
1993.85626925 -0.133654952049 5 19931109120322424178424083137898686371112 10 958999 80390
1993.85631876 -0.0300824642181 5 19931109122925038649124052337619703271112 7 1196999 80390
1993.8824366 0.0112345218658 5 19931119012621278501225556522559518371112 9 899766 80110
1993.8879221 -0.00818490982056 5 19931121013130567769526143508489091371112 6 1323237 80090
1993.88794938 0.0358090400696 5 19931121014551337192826150632299519371112 6 904478 80090
1993.88815738 0.0722117424011 5 19931121033515322973126246052274975371112 8 1356 59
1993.88818758 -0.0236942768097 5 19931121035108466470226265349712699371112 3 1109500 80110
1993.89061415 0.0635422468185 5 19931122010724999289326351465187322371112 8 1206101 80060
1993.8906362 0.0353111028671 5 19931122011900899698126351423967133371112 5 944209 80060
1993.89069753 0.00886154174805 5 19931122015116325455926346149664426271112 7 1243893 80090
1993.89094024 -0.00180327892303 5 19931122035855786774826439412016423371112 6 1937 46
1993.89098368 -0.0552920103073 5 19931122042146460884126464331482406371112 8 1326 63
1993.92993966 -0.194342374802 5 19931206095103770208924503843949347371112 3 1300289 80240
1993.9299669 -0.117803215981 5 19931206100523321928224487672394995371112 4 1963328 80260
1993.93011302 -0.0237808227539 5 19931206112214746135624426183547979071112 3 2074999 80210
1993.93016431 -0.0167926549911 5 19931206114913368594724410976204332071112 4 2178999 80210
1993.93019408 -0.0633608102798 5 19931206120452728998224398109219224371112 3 1890137 80190
1993.9302197 -0.107608795166 5 19931206121821145982424393599107323371112 7 1316300 80210
1993.96451787 0.0252627134323 5 19931219005749085085226109518394012371112 7 1322439 79990
1993.96454208 0.0438177585602 5 19931219011033071370626119725751044371112 3 1186999 79990
1993.97555602 0.147500991821 5 19931223014326557717526462353940863371112 15 1086 11
1993.97578496 -0.227819561958 5 19931223034351338744026477695062693371112 3 2009 6
1993.97581314 0.0160768032074 5 19931223035840827210126485836509740371112 7 1889 5
1993.97584131 0.0234546661377 5 19931223041329736667226495249968805371112 12 845 50
1993.97591223 0.0859705209732 5 19931223045047704723226513079395771271112 4 2598 4
1993.97594268 0.117691993713 5 19931223050648786612926527724985067271112 5 2001 14
1993.97597484 0.119123935699 5 19931223052343708028326544515788936271112 4 1449 89
1994.01220964 -0.0217385292053 5 19940105110146910911924330464417457371112 11 922513 79960
1994.01227813 -0.0947513580322 5 19940105113748161245724306553575057071112 4 1304350 79910
1994.01237914 -0.0621942281723 5 19940105123055920064524282100758618371112 6 1157999 79940
1994.01239684 -0.00352990627289 5 19940105124014664893824279872216367371112 5 1593999 79910
1994.01258146 0.048109292984 5 19940105141720557161424289797386317371112 8 1237 13
1994.04664152 -0.00130414962769 5 19940118005134334428226450600012853371112 4 2226999 80160
1994.04667848 0.0253467559814 5 19940118011100701094726463509858571371112 5 1280813 80190
1994.04671782 -0.104087352753 5 19940118013142348786726472227054203071112 5 1249226 80190
1994.04675624 0.0177621841431 5 19940118015154712098826490424646131071112 4 1763671 80210
1994.04691357 -0.0459516048431 5 19940118031439739247426593272613358371112 3 1386397 80210
1994.05222387 0.0614891052246 5 19940120014740103119726443812057907371112 6 1395 21
1994.05231469 0.0304526090622 5 19940120023525980073426453491654161271112 3 1173999 80060
1994.05239862 -0.00423014163971 5 19940120031934535384926495263318978371112 9 1138117 80090
1994.05241953 -0.00878322124481 5 19940120033034414953526504550179477371112 12 1088241 80060
1994.08613543 0.0501869916916 5 19940201110347569183324131459381529371112 6 1624 27
1994.08616343 -0.0777816772461 5 19940201111831005691324132495663417371112 8 1680 13
1994.08639691 0.0880086421967 5 19940201132118979177724194483957394371112 5 958 89
1994.08642542 0.0162162780762 5 19940201133618919696324208147729075371112 6 1064 46
1994.08912834 -0.0727607011795 5 19940202131756606538824277795435661371112 10 1125 58
1994.09186592 -0.023383975029 5 19940203131748077431724412608652431371112 9 1015128 79890
1994.09189035 0.00128293037415 5 19940203133039002408124416023022858371112 9 1458177 79910
1994.1426657 0.0245465040207 5 19940222023627065834525118046495805371112 6 1542 11
1994.14269504 -0.0930120944977 5 19940222025153125865025108408979466371112 10 1236 17
1994.14280334 -0.0180398225784 5 19940222034850599810425078806578749271112 6 1626 8
1994.14284503 -0.0311735868454 5 19940222041046401682125075306955451271112 9 1023 10
1994.2192749 -0.165749549866 5 19940322020949691994925165117001681371112 6 925 50
1994.24188447 -0.0588034391403 5 19940330082133224432423775456726065371112 9 1803 13
1994.24193708 -0.00748634338379 5 19940330084913596640323769556277334371112 7 1974 11
1994.24473064 0.0253295898438 5 19940331091831497198424078999263730371112 9 1507 11
1994.24478142 0.150544047356 5 19940331094514266207624074192970658371112 8 1990 0
1994.24498083 0.103991746902 5 19940331113006951099724097012075652371112 18 763 89
1994.24500727 0.113944411278 5 19940331114401446040624105045071218371112 14 1367 40
1994.24763621 0.0698866844177 5 19940401104644409289024432891754335371112 8 1559 9
1994.24766472 0.0579503774643 5 19940401110144058133124432642342653371112 5 1245 25
1994.24775789 -0.0330454111099 5 19940401115044500061724432693901971071112 4 1337 50
1994.24780983 0.045058965683 5 19940401121803380091724443912260720071112 9 1090134 80160
1994.24784836 0.106514573097 5 19940401123819332628524463700403441371112 17 851153 80190
1994.24787047 0.064404129982 5 19940401124957252240524471225214070371112 20 713114 80210
1994.25058453 0.0778548717499 5 19940402123726228099624817245577830371112 12 997 32
1994.2506078 0.0631489753723 5 19940402124940753982624820967702874371112 6 1125136 79990
1994.29046214 -0.00840771198273 5 19940417021127883865325994380878676371112 3 1637502 80760
1994.29064897 0.055261015892 5 19940417034943841952526088256595348371112 3 1871 74
1994.30441198 -0.184090852737 5 19940422042831559550424065369811348271112 5 2200 11
1994.30463139 -0.0431808233261 5 19940422062355598381124121329506650371112 11 1838 0
1994.30467834 -0.107214093208 5 19940422064837242810624141926095364371112 10 1830 2
1994.32710681 -0.0178010463715 5 19940430112505992958324659019666712371112 11 1480 34
1994.32712846 0.142472028732 5 19940430113629121474624662910299218371112 18 854116 80110
1994.32717284 -0.00544083118439 5 19940430115949712913524662352458802071112 3 1693 64
1994.32722373 -0.0113303661346 5 19940430122635704322524678495920993071112 5 885 34
1994.32733728 0.0840833187103 5 19940430132619081198524740617229990371112 12 1549 4
1994.32976164 0.0594809055328 5 19940501104125879251725073072426467371112 6 1557 29
1994.32980026 0.157990098 5 19940501110144794984425068277079411371112 4 1756 21
1994.32985096 0.0950436592102 5 19940501112824734209525053544359373071112 5 1804 26
1994.32991709 0.133464097977 5 19940501120311526988525069063536524371112 5 963260 79940
1994.32993638 -0.0169509649277 5 19940501121320177285525071462995353371112 4 2536 12
1994.33535623 0.109586119652 5 19940503114357888067525833251210244371112 12 1189365 79860
1994.40628565 0.196352005005 5 19940529092959962519424955565776744371112 7 1292 27
1994.40630177 0.0376603603363 5 19940529093828823383424953604476145371112 7 1325 14
1994.40647108 0.155591964722 5 19940529110731599968524959950292098371112 10 2239 6
1994.4065111 0.104110956192 5 19940529112834541683624968804975449371112 9 1351 11
1994.40908806 -0.229766726494 5 19940530100357504297025363648079266371112 5 1736 7
1994.40913086 -0.060397028923 5 19940530102628157038025356821304367371112 9 1577 8
1994.41468805 0.181977152824 5 19940601110919544234826065882383539371112 7 1076 22
1994.45757138 -0.00571525096893 5 19940617030414642765424436084219513371112 8 1495 33
1994.4602695 -0.00632500648499 5 19940618024320895565924184114063081371112 5 1490 23
1994.46029909 -0.15709733963 5 19940618025854695957124187673236155371112 5 1153 18
1994.46308874 -0.0424430370331 5 19940619032609307467924000504221352371112 5 731139 80140
1994.46591677 0.0819051265717 5 19940620041334947541623874180638543271112 11 1270 15
1994.48297724 0.0451792478561 5 19940626094642597989924950960659616371112 11 1665 6
1994.4830079 0.041699051857 5 19940626100250073683124957091450153371112 19 971 16
1994.48562168 0.0475896596909 5 19940627085734645025325318206157081371112 11 1009 50
1994.4856407 0.00209105014801 5 19940627090735073501325315512381554371112 10 1056 14
1994.48595002 0.14638030529 5 19940627115016380921325361963626347371112 4 1366 1
1994.48597393 0.0355485677719 5 19940627120251024893625372589853302371112 22 527 74
1994.48845845 0.038867354393 5 19940628094936413409425670251825185371112 6 1084 46
1994.48848753 0.100456237793 5 19940628100454176006125666584541245371112 11 831 53
1994.48851562 0.0800936222076 5 19940628101940614345025664455556195371112 13 1015109 80260
1994.48858987 0.0726798772812 5 19940628105843619457525653999589056071112 13 1663 0
1994.61914036 -0.0549739599228 5 19940815032303824532224399876748201371112 6 1581 55
1994.62190215 0.0167186260223 5 19940816033539395051424471984024223371112 8 1406 29
1994.62447908 0.0299888849258 5 19940817021100949083224585777550985371112 5 911 12
1994.62449827 -0.0694978237152 5 19940817022106583400124582652185536371112 9 1256 92
1994.62454295 0.0805829763412 5 19940817024436525020924569978628415271112 5 1379 15
1994.62458358 0.0716284513474 5 19940817030558714650024568340931404271112 5 1296 19
1994.6246618 0.068670630455 5 19940817034707132957224581003363893371112 8 2050 0
1994.62471191 -0.187481760979 5 19940817041328618756324589552377646371112 10 1780 7
1994.62761868 -0.132091164589 5 19940818054219233294924761065641309371112 7 1798 4
1994.62766818 -0.1219009161 5 19940818060821354906024779231380068371112 14 977 26
1994.64430164 0.12999856472 5 19940824075653581249626085888944746371112 7 1535 5
1994.64449313 0.021191239357 5 19940824093736403758826086622137877371112 16 758 29
1994.64452001 0.0380077362061 5 19940824095144674448426092059864593371112 6 1055 17
1994.6446952 0.0525116920471 5 19940824112353364533626158210119852371112 5 1583 8
1994.6447317 -0.00629496574402 5 19940824114304964918826178197653157371112 12 776 22
1994.64700691 -0.0509459972382 5 19940825073945133818326308561467720371112 12 751 52
1994.64704626 0.0926909446716 5 19940825080027028092526295096730818371112 6 2038 17
1994.64709856 -0.0786379575729 5 19940825082757361144326274263759300071112 7 901110 80510
1994.647121 -0.0481014251709 5 19940825083945608165126269676176614071112 6 1520 22
1994.64730562 -0.0695188045502 5 19940825101651682372826272342018834371112 5 1356 9
1994.64732946 0.00522935390472 5 19940825102924054283126276279292593371112 8 926 22
1994.64742091 -0.0550217628479 5 19940825111730161179926294235464685071112 8 903 33
1994.64984102 -0.0205523967743 5 19940826083022834232926439762651175371112 9 964 50
1994.64986655 -0.00570142269135 5 19940826084348623862526430775935729371112 19 777 72
1994.64996923 -0.0728862285614 5 19940826093748903148826400517205634071112 10 920163 80390
1994.65008049 0.0627777576447 5 19940826103620144045126398258288761371112 5 2159 9
1994.65010011 0.0537188053131 5 19940826104639220731926399290789222371112 8 1226 31
1994.6501847 -0.0154542922974 5 19940826113108665378726404147633621271112 9 1025 36
1994.65020915 -0.0740205049515 5 19940826114400404620826409978103589271112 16 786179 80390
1994.6526266 -0.0118389129639 5 19940827085529183186626519585433242371112 10 1083261 80310
1994.65270775 0.00781202316284 5 19940827093810183978726502196811340471112 2 1565118 80310
1994.65293757 -0.00798320770264 5 19940827113902685053926457221661492371112 8 1142 58
1994.65295879 -0.00498044490814 5 19940827115012274798426459001153643371112 16 681237 80360
1994.65539323 -0.0237576961517 5 19940828091037533523126531811978662371112 15 798304 80310
1994.65543839 -0.0249906778336 5 19940828093422493991826502146382139271112 11 1002 27
1994.65555167 -0.105198860168 5 19940828103357445859826476980196631471112 3 1301999 80310
1994.65560752 -0.0550705194473 5 19940828110320029134226445420725169071112 6 1399351 80310
1994.65566129 -0.0808362960815 5 19940828113136858492126435811919186371112 10 933364 80310
1994.65566972 -0.0577881336212 5 19940828113602857229926434668799823371112 10 1068666 80310
1994.65815087 -0.031281709671 5 19940829092101962846326471198899904371112 13 969999 80210
1994.65819276 0.0438516139984 5 19940829094303720606826438971814173271112 16 1100 71
1994.65841218 -0.0970623493195 5 19940829113828342968126343789847577071112 5 979999 80210
1994.65847433 -0.0909192562103 5 19940829121109475829026326647563712371112 7 1396424 80210
1994.66385526 -0.140526175499 5 19940831112118841392525991320505935371112 10 583999 80060
1994.66393525 -0.0792864561081 5 19940831120323030344725937161439360271112 3 1255584 80060
1994.72948235 -0.0444296598434 5 19940924103832253930626520187130177371112 6 1405 38
1994.7294937 -0.0589826107025 5 19940924104430505764326521670348174371112 19 680560 79910
1994.72953124 -0.179558515549 5 19940924110415175638426527268357238071112 5 2226 7
1994.72963254 -0.0367807149887 5 19940924115731784249226557187084997371112 7 1133 10
1994.73180627 -0.0519688129425 5 19940925070049443048226640867044438371112 24 571279 80260
1994.73183165 -0.092197060585 5 19940925071410430152726625050951849071112 5 1015304 80260
1994.73187368 -0.0503964424133 5 19940925073616897910026599349414668071112 5 1134 56
1994.73192438 -0.0803500413895 5 19940925080256828692426586244500218471112 3 1242342 80310
1994.7320795 -0.0729891061783 5 19940925092432104432726505910094585371112 10 1006 53
1994.73478019 -0.0764334201813 5 19940926090459177473226447644473685371112 16 907120 80210
1994.73493192 -0.124582529068 5 19940926102447651230226389161540051071112 5 1706999 80190
1994.73495826 -0.147652387619 5 19940926103838862630726382200744035071112 4 1175999 80190
1994.73499312 0.0160100460052 5 19940926105658742174026366165525429271112 4 1857 0
1994.73504319 -0.0804545879364 5 19940926112319062347026358918943582271112 8 1216 13
1994.73510357 0.0118799209595 5 19940926115504320692826361512278349371112 7 1500 24
1994.73515284 -0.141447424889 5 19940926122059266420726363704210568371112 4 1181 54
1994.737571 -0.0577020645142 5 19940927093250730557026277873491221371112 10 1103557 79990
1994.7378144 -0.115159630775 5 19940927114051561180726175006080772371112 14 958168 80010
1994.73787285 -0.109475255013 5 19940927121136291416726164420525325371112 11 1299999 80010
1994.7381399 -0.165748476982 5 19940927143203560642926189239709291371112 4 1213 11
1994.73818674 0.0226954221725 5 19940927145641942217026205165019074371112 12 1192 14
1994.74032836 -0.103468775749 5 19940928094306390757326056661531329371112 9 1171999 80240
1994.74049178 -0.0930601358414 5 19940928110903525795625956214215029371112 46 590999 80260
1994.74051754 -0.109121084213 5 19940928112236432643325943715653820371112 43 575999 80260
1994.74054124 -0.0794874429703 5 19940928113504374587925933108760358371112 24 833999 80260
1994.74073183 -0.092257976532 5 19940928131518752715225881210093554371112 6 1032 20
1994.74078314 -0.212432861328 5 19940928134217911380025877817934316371112 6 2422 0
1994.74327256 -0.190575838089 5 19940929113138209795725643972005165371112 6 1344779 80190
1994.74332081 -0.100585341454 5 19940929115700919934425616510080753371112 5 1880999 80210
1994.77499001 0.146088480949 5 19941011013344862548624559991325236371112 3 2783999 80240
1994.77503668 -0.0533850193024 5 19941011015817539134924579470363530371112 3 1459999 80240
1994.77775671 -0.0349743366241 5 19941012014855114493624854717572752371112 7 1182 60
1994.77780046 0.0594865083694 5 19941012021155882680924867620882794371112 8 1726514 80010
1994.77792337 -0.0521947145462 5 19941012031634605145624920560628956371112 5 1179999 80010
1994.78048469 0.0514588356018 5 19941013014343747812625146431894573371112 10 1330 2
1994.82542533 -0.212842941284 5 19941029114042477857724963716360251371112 5 2025999 79740
1994.85704303 0.0787825584412 5 19941110005021026089425104073685696371112 13 1179999 80190
1994.85708552 0.027471780777 5 19941110011242027069125112533199930371112 8 1662999 80210
1994.8572349 -0.0344685316086 5 19941110023116191926825167250379755371112 5 1648607 80260
1994.85737005 0.00410556793213 5 19941110034221119665425247401492706371112 7 1466968 80290
1994.85986716 0.00887250900269 5 19941111013543878803825462556050161371112 26 890547 79910
1994.85989042 0.0467721223831 5 19941111014757778875225466316849410371112 16 1206999 79910
1994.8599593 0.0665628910065 5 19941111022411572887425470383468936071112 11 2219 2
1994.86001957 -0.0187376737595 5 19941111025553551938725497181970944271112 5 1125999 79940
1994.86012497 0.0513951778412 5 19941111035119905953925557176679972371112 5 2657 36
1994.86018665 0.0067001581192 5 19941111042346235931425595655571760371112 5 1089 89
1994.86854934 -0.0493264198303 5 19941114054212659295326313719729365371112 18 777 49
1994.87088072 -0.0790339708328 5 19941115020825528414026457143935401371112 10 1058 18
1994.87091826 -0.0380655527115 5 19941115022810125992726443160959579371112 6 1114 15
1994.89068062 -0.0959469079971 5 19941122074222616998726263855432869371112 10 1407 30
1994.89071381 -0.0604958534241 5 19941122075950252759626248724700035371112 10 1700 20
1994.89097455 -0.0918385982513 5 19941122101658565805526192310272813371112 8 1456 38
1994.8909897 -0.0645540952682 5 19941122102456405474226192611609311371112 10 1596 23
1994.90209468 -0.12514603138 5 19941126114543056859425032676182314371112 7 1514345 79840
1994.90771527 -0.179442763329 5 19941128130155457791724289990298098371112 9 1326780 79660
1994.93933113 0.101082205772 5 19941210021036034642225754518423129371112 5 1839307 79780
1994.9393752 0.076756477356 5 19941210023346691544625772659316821371112 3 2605 87
1994.95302907 -0.128087997437 5 19941215021510062663626629671690749371112 11 1065 28
1994.95304898 -0.0223999023438 5 19941215022538364889726621090869855371112 10 951 59
1994.95318174 -0.0304017066956 5 19941215033528102894426579508871878371112 18 785 37
1994.95321787 0.0350307226181 5 19941215035428119265526568770692615271112 7 1328 4
1994.95324612 -0.0421776771545 5 19941215040919877140726565349477163271112 8 1308 26
1994.96746828 -0.146917819977 5 19941220084937052194226034768901308371112 6 1450 5
1994.96752386 0.0565292835236 5 19941220091850870167426035648719952371112 16 1360 1
1994.96770508 0.0392651557922 5 19941220105409930483926074664173618371112 6 1082 -1
1994.96773962 0.097510099411 5 19941220111219937533726087911483069371112 12 1000 20
1994.97001933 -0.165648937225 5 19941221071122095001925907789452416371112 18 953 9
1994.97006039 -0.00243306159973 5 19941221073257812504825888132282147371112 15 841 11
1994.97030652 0.0763974189758 5 19941221094225049740825828948429214371112 17 1161 32
1994.97033303 -0.107437133789 5 19941221095621611157025828910730662371112 6 2175 0
1994.97036298 -0.0268174409866 5 19941221101206929439925830362000489371112 21 1134 24
1994.97040417 0.111265420914 5 19941221103346740946025842452933934071112 7 2146 4
1994.9704383 0.0257909297943 5 19941221105143764235725848486390489071112 9 1129 29
1994.9706248 -0.0819656848907 5 19941221122949226045725905911578383371112 16 1303 7
1994.97065445 -0.0835880041122 5 19941221124525008440425920720752503371112 11 1083 31
1995.03266992 0.0536236763 5 19950113042304234059826453690858377371112 11 1126 5
1995.0327136 0.0998992919922 5 19950113044602706875626456088542338371112 13 1287 6
1995.03298589 0.0093252658844 5 19950113070915451486326539941066409371112 21 1045 4
1995.0330452 0.058450460434 5 19950113074027164162526571772581717371112 12 1548 1
1995.05504865 0.0321944952011 5 19950121083323151245324980624891879371112 5 1670 5
1995.05507797 0.0686414241791 5 19950121084848419078324967450739161371112 8 1079 7
1995.05543024 0.0287009477615 5 19950121115405230331624927384470650371112 8 963100 79780
1995.0579973 0.00548505783081 5 19950122102415659888724739028245970371112 38 564113 79430
1995.05805494 0.0367789268494 5 19950122105434625539924730449569553071112 11 928824 79430
1995.05808602 0.135432124138 5 19950122111055283932824726217794506071112 7 1334245 79430
1995.05827382 0.0229336023331 5 19950122124941939691124733454607851371112 22 952121 79430
1995.05829521 0.00725269317627 5 19950122130057025344124738650472252371112 19 733258 79450
1995.05834014 0.0416814088821 5 19950122132434848894024746117716346271112 11 1725 7
1995.05836782 0.0138719081879 5 19950122133908472417924755912282566271112 7 1289 14
1995.06069576 -0.0359951257706 5 19950123100332390941324601923344241371112 35 553999 80080
1995.06071489 -0.036213517189 5 19950123101336268812824592923908392371112 66 372999 80080
1995.06086894 0.0180121660233 5 19950123113437535850124544673250936071112 5 1425338 80050
1995.06090923 -0.00296151638031 5 19950123115548974923124535896858928371112 22 689405 80080
1995.06093195 -0.00747084617615 5 19950123120746047273524533535955663371112 66 431999 80100
1995.0609655 -0.0503050088882 5 19950123122524857753624524935441715271112 18 911 42
1995.06105809 -0.0338305234909 5 19950123131406760231824537180233043371112 24 536257 80150
1995.06109688 -0.0864715576172 5 19950123133431036840724543900553315371112 15 730845 80150
1995.09531032 -0.010804772377 5 19950205012924951476925987337194647371112 5 1045999 80380
1995.09808555 0.00378882884979 5 19950206014904395364626216130410178371112 9 878999 80400
1995.09810412 -0.00271439552307 5 19950206015850673701426225469963039371112 10 724999 80380
1995.10082569 0.0164933204651 5 19950207015016728576826364814740756371112 15 641999 80050
1995.10085026 0.0499068498611 5 19950207020312260229326373204025107371112 25 440999 80050
1995.10090643 0.0455050468445 5 19950207023244671352326392554597131071112 10 785 72
1995.1010677 0.0091290473938 5 19950207035733978915426486418503121371112 12 670999 80030
1995.10620591 0.0122268199921 5 19950209010003651095726465027241268371112 9 924 62
1995.10659531 0.0388063192368 5 19950209042452239843126510948206230371112 7 1251 20
1995.10662084 -0.0234109163284 5 19950209043817849896226522344164949371112 10 961 32
1995.10667361 -0.00743579864502 5 19950209050603237722426544803954131271112 9 1001293 80100
1995.11459352 0.0057635307312 5 19950212023136375066326071843407691371112 17 791 14
1995.11462624 -0.0810295343399 5 19950212024848997655826057996178425371112 13 1141 29
1995.11482272 -0.0974675416946 5 19950212043209360818826011901150938371112 17 638 25
1995.11484762 -0.201257228851 5 19950212044515324293826010783955463371112 5 2538 -5
1995.1151904 -0.119393348694 5 19950212074532486160226097611257777371112 22 808 25
1995.11521847 -0.077587723732 5 19950212080018339044326111980732543371112 10 967 21
1995.11741487 -0.020437836647 5 19950213031531404282225825526878464371112 17 818 14
1995.11743945 -0.0225647687912 5 19950213032827211194025814230427569371112 16 880 16
1995.11769623 -0.0253629684448 5 19950213054330396386525756454632192371112 15 1462 3
1995.11772637 -0.057147860527 5 19950213055921745377625757189160892371112 10 1024 4
1995.13734069 -0.00674939155579 5 19950220095542526791024410550502457371112 36 497451 80630
1995.13736218 -0.0175108909607 5 19950220100700742543724405596173055371112 43 504287 80630
1995.1374214 0.134991407394 5 19950220103809540301524396011589962071112 9 820109 80630
1995.13758301 0.0197355747223 5 19950220120309650163824401585526587371112 20 731 71
1995.13760427 0.0515053272247 5 19950220121420641792624405697814232371112 15 924101 80650
1995.13769879 -0.0727659463882 5 19950220130403444483624433019605690371112 9 1186 79
1995.13772095 -0.0315651893616 5 19950220131542568802824441462774451371112 18 713232 80680
1995.14579034 -0.043964266777 5 19950223115953228471224366209818002371112 30 615999 79850
1995.14594484 -0.0475317239761 5 19950223132108971140524331593003279371112 20 624621 79900
1995.14597694 -0.0324953794479 5 19950223133802019846024329346098064371112 10 1426149 79930
1995.14611002 -0.0010439157486 5 19950223144801485665424338679255847371112 8 945 16
1995.14613631 -0.0648864507675 5 19950223150151088430024344035562022371112 9 749112 80000
1995.17474704 -0.018136382103 5 19950306014957296565626328814789593371112 9 873999 79630
1995.17746911 0.00294232368469 5 19950307014139330756726425850583880371112 9 823999 79230
1995.18021979 -0.0681812763214 5 19950308014824032602926477611861905371112 4 1213858 80250
1995.18025037 0.0279762744904 5 19950308020429155554826489907973405371112 4 1209363 80250
1995.18041741 -0.0669746398926 5 19950308033220404807726579394846520371112 4 1280772 80300
1995.18571998 -0.0280199050903 5 19950310020116771078726357970878703371112 13 989107 80050
1995.18576654 0.0482989549637 5 19950310022546006764626362489473124371112 5 1740 87
1995.1858109 0.0640627145767 5 19950310024906059396926370159378726371112 4 1410 53
1995.18592631 0.0791063308716 5 19950310034948110726126404690527103371112 13 1107 55
1995.18841192 -0.0853172540665 5 19950311013707894555226197719311196371112 9 1295 22
1995.18847467 0.0710581541061 5 19950311021008349755626188046637563371112 16 1058 56
1995.18894763 -0.00322556495667 5 19950311061853611019426318477103673371112 6 1157 22
1995.18898368 0.0019599199295 5 19950311063751236155626340081278544371112 5 1246 19
1995.19110831 -0.02159512043 5 19950312011519557646025999317440769371112 53 552146 79750
1995.19113541 -0.0544664859772 5 19950312012934805734225987625696081371112 12 1045 24
1995.19121903 -0.13266992569 5 19950312021333529687525956065069456271112 8 1481 27
1995.19125572 -0.0739486217499 5 19950312023251506332525947199670996271112 10 1440 16
1995.19129686 -0.0901745557785 5 19950312025429924743925943104770220371112 15 1031 38
1995.19132021 -0.0776107311249 5 19950312030646774577325940372377162371112 19 902 38
1995.19166665 0.0567677021027 5 19950312060859492625626006596285208371112 18 928 33
1995.19170002 0.0874929428101 5 19950312062632662578026022267094569371112 10 1344 9
1995.21092229 0.0303978919983 5 19950319065641181631524163006339966371112 12 924 30
1995.2109635 0.0500044822693 5 19950319071821688966624147297040802371112 22 712 23
1995.21115573 0.0518046617508 5 19950319085928097502424112077527035371112 15 1080 13
1995.21119546 0.0352863073349 5 19950319092021717205524112943600769371112 26 732 59
1995.21148729 0.0518832206726 5 19950319115351187995324200826525380371112 4 1428 2
1995.21151857 -0.0557268857956 5 19950319121018378079624217749675798371112 7 1103 7
1995.21382538 0.0730229616165 5 19950320082335720914624108727355668371112 27 695 74
1995.21386262 -0.0011442899704 5 19950320084310963899824099202020898371112 15 861 35
1995.21392168 0.131239652634 5 19950320091414707688224086791772035071112 17 1023 67
1995.21399729 0.0130013227463 5 19950320095400798721424084516713548371112 11 1104 17
1995.21405805 -0.220058202744 5 19950320102558295168824088248960464371112 3 3496 -2
1995.21424144 0.144554376602 5 19950320120225765452324137356840045371112 7 1468 27
1995.21427925 -0.0065940618515 5 19950320122218704713924154027784783371112 9 1436 14
1995.21662642 0.0314358472824 5 19950321085649994567624159093041858371112 61 436302 79850
1995.21664809 0.0145716667175 5 19950321090813834201224152249030344371112 19 550121 79850
1995.21671923 0.0732431411743 5 19950321094538664969924130649165211071112 22 801278 79830
1995.21674703 0.0431705713272 5 19950321100016212113524126209197616071112 10 832375 79830
1995.21677163 0.0242549180984 5 19950321101312367658424119588940533271112 39 560 49
1995.21694657 0.0366234779358 5 19950321114512986170324137239890672371112 11 951 38
1995.21697786 0.028807759285 5 19950321120140368328124144428012201371112 41 380295 79800
1995.21708146 0.0341506004333 5 19950321125610035492524179455693326371112 27 579181 79850
1995.21710193 0.0252676010132 5 19950321130655832564824188309390091371112 8 796 53
1995.21971859 0.0773704051971 5 19950322120311468412224221059292234371112 21 791120 79550
1995.21974006 0.0331817865372 5 19950322121428838327224223335261567371112 41 493195 79580
1995.22230233 -0.0123206377029 5 19950323104207997444824385565781207371112 27 864181 79880
1995.22233462 -0.0071108341217 5 19950323105906870158624375524226910371112 27 678177 79900
1995.22238128 0.0737709999084 5 19950323112339430834624355652886854071112 8 1099999 79900
1995.22242061 0.050594329834 5 19950323114420715630024347371438663271112 4 2354 1
1995.22244776 -0.0544168949127 5 19950323115837312197124343876037650271112 10 1031 33
1995.22252453 0.00119042396545 5 19950323123900126407024350124751725371112 33 489984 79930
1995.22254208 -0.0191053152084 5 19950323124813832687824350823819670371112 43 376999 79930
1995.22512835 -0.0348209142685 5 19950324112830363969524546914222818371112 41 604999 79500
1995.22515076 -0.0117610692978 5 19950324114017601387024539175918635371112 23 599999 79500
1995.22518059 -0.0166866779327 5 19950324115558919302624541430887315471112 9 974999 79500
1995.22521042 0.0923472642899 5 19950324121140226292424533691316169471112 5 2222356 79500
1995.22525274 -0.0783418416977 5 19950324123355889402624504087418947271112 11 1171 23
1995.22530505 0.0613405704498 5 19950324130126592291424507087716554371112 7 1020104 79530
1995.22534014 0.0633878707886 5 19950324131954128639624505268465946371112 5 1625 15
1995.2280659 0.0551981925964 5 19950325131332318956424689494945536371112 14 1325 12
1995.26262412 -0.112718105316 5 19950407040946818030226534942976529371112 5 1136608 79800
1995.26779688 0.025883436203 5 19950409013026773842225966034756402371112 9 1664 42
1995.26781877 -0.0098671913147 5 19950409014157724745425963091512907371112 20 924229 79430
1995.26785611 -0.0381528139114 5 19950409020136063664525960019721278371112 37 769279 79430
1995.26787572 -0.0351957082748 5 19950409021154865932025959388695941371112 15 1261133 79430
1995.26793696 -0.0451637506485 5 19950409024407499363325969490655957071112 7 1626 14
1995.26797539 -0.132074713707 5 19950409030420206206225974313482879071112 5 3428 -3
1995.26816867 0.00230276584625 5 19950409044559467108326025655315923371112 7 1024 90
1995.26820765 -0.087012052536 5 19950409050629657377126043867670272371112 11 906185 79430
1995.26838243 -0.0708341598511 5 19950409063825376806226144252987409371112 6 2062 14
1995.2705508 -0.0726419687271 5 19950410013853880292025660497760859371112 11 1302 38
1995.27337635 -0.00511467456818 5 19950411022501493492725291706975028371112 9 1376 18
1995.27340779 0.084370970726 5 19950411024133646355725282355310044371112 6 1643 0
1995.27343718 0.0847662687302 5 19950411025701302924025275206501957371112 4 1636 -1
1995.27370937 0.01418197155 5 19950411052010905472025282283679908371112 18 949 -1
1995.27615006 0.0152024030685 5 19950412024353217625724923090869801371112 8 1545 0
1995.27620726 -0.0608582496643 5 19950412031358130643924901601067417371112 8 1196 21
1995.30170317 0.0713938474655 5 19950421104348068946224467836806169371112 15 637157 79280
1995.30173489 0.0299299955368 5 19950421110028995251424460435650908371112 44 519272 79280
1995.30185224 0.0585950613022 5 19950421120212380440324447322142902371112 90 392793 79280
1995.30188009 0.0421653985977 5 19950421121651056863424447638753016371112 53 438227 79330
1995.30450561 0.0627483129501 5 19950422111746322809724757409219870371112 6 1528161 79580
1995.30453167 0.0744495391846 5 19950422113128472722924749610645695371112 7 1240188 79580
1995.30733461 0.00258076190948 5 19950423120542649136025039061487334371112 10 1108356 79950
1995.31009781 0.0461727380753 5 19950424121902786905025334436787372371112 8 2285 17
1995.33627395 -0.0841799974442 5 19950504014638700071326664514907507371112 3 3351 21
1995.33903108 0.0535401105881 5 19950505015647264140126522333678027371112 4 995405 80030
1995.34449624 -0.0197049379349 5 19950507015114446993926030179664426371112 9 1291999 79200
1995.34999603 -0.131175994873 5 19950509020354846113025335760249088371112 4 1385 6
1995.35004746 0.0189056396484 5 19950509023057772306025331912072999371112 7 1469 24
1995.350235 -0.123833179474 5 19950509040935942663925357275330053371112 9 1558 11
1995.35028757 -0.0615911483765 5 19950509043714925309925374622523671371112 11 1162 44
1995.35273658 -0.019421339035 5 19950510020520031934824948199910885371112 35 780 76
1995.35276639 0.0667997598648 5 19950510022100623510724940414156556371112 14 1044 16
1995.35280176 -0.0480364561081 5 19950510023936675678124927397577937271112 15 1137 35
1995.35283326 -0.0330957174301 5 19950510025611032761724922941828512271112 7 1277 28
1995.35293619 -0.0825105905533 5 19950510035019090190124926952391414371112 11 1739 22
1995.35295643 -0.0381456613541 5 19950510040057753644624928808549790371112 23 829103 79880
1995.35313102 -0.0626138448715 5 19950510053247490189724972907415740371112 9 1949 4
1995.35317279 -0.0232039690018 5 19950510055445784339824990178415823371112 9 1633 23
1995.35550411 -0.0199843645096 5 19950511022056392004524558616989754371112 14 1032 10
1995.35555027 -0.0265958309174 5 19950511024513312964024542186333812371112 5 929 15
1995.35574238 -0.0812335014343 5 19950511042615607379224515194778841371112 24 881 22
1995.38113822 0.14885699749 5 19950520110327578023924622400266068371112 29 794 75
1995.38117507 0.0779700279236 5 19950520112250543537324619370328828371112 46 481479 79980
1995.38374688 0.00950026512146 5 19950521095530586650225051033475846371112 22 899140 79950
1995.38377694 0.00671911239624 5 19950521101119108409125037824164675371112 34 695317 79950
1995.38381457 0.0418251752853 5 19950521103106569997325010594025509071112 7 879999 79950
1995.383833 0.0697823762894 5 19950521104048130579125004064308816071112 7 1107999 79980
1995.38386596 -0.0580656528473 5 19950521105808564643424999321275212271112 8 2225 -1
1995.38392001 -0.0996434688568 5 19950521112634085144424985773287422271112 7 1567 18
1995.38395567 -0.00997924804688 5 19950521114519535354824986232280833371112 16 780616 79980
1995.38397171 0.00413274765015 5 19950521115345673722024984113450400371112 18 844146 79980
1995.38665421 0.0301815271378 5 19950522112439028412725366932290829371112 50 544999 80030
1995.38672998 0.000345826148987 5 19950522120429943590125343662168652371112 31 753754 80050
1995.38674299 0.0288047790527 5 19950522121120527101825340583283508371112 69 566537 80080
1995.38680904 0.034000992775 5 19950522124605073373025329348184426371112 15 896 63
1995.38682924 0.055046081543 5 19950522125642451964225327421876862371112 27 587154 80100
1995.38939019 0.0248500108719 5 19950523112339776724925722916090611371112 9 1099999 79930
1995.38944089 0.0603158473969 5 19950523115019824951225699229791276371112 4 2550 19
1995.39218721 0.0291174650192 5 19950524115447029820926013491778641371112 8 1467 20
1995.39221545 -0.0312608480453 5 19950524120938214367625998599906058371112 5 2188 7
1995.42129669 0.0422139167786 5 19950604030512436457926170151979866371112 4 1323999 79900
1995.42396454 -0.0707639455795 5 19950605022823352945725802388044322371112 8 1318999 80050
1995.42410527 -0.1036850214 5 19950605034224353747525869293768877371112 6 1251999 79930
1995.4266989 -0.132658362389 5 19950606022633241064625432778498220371112 10 1145999 79650
1995.42673178 -0.0898201465607 5 19950606024350838777425441226286164371112 18 1067720 79650
1995.42679025 -0.132351756096 5 19950606031435911886625454498420366271112 6 1608559 79650
1995.42685486 -0.0938616991043 5 19950606034835018600825487286277707371112 6 2470 76
1995.42688353 -0.143759846687 5 19950606040339791979325500944657595371112 11 1597139 79680
1995.42946054 -0.114597916603 5 19950607023904064917825041985284650371112 10 1248 42
1995.42949084 -0.0976190567017 5 19950607025500172653325046097966061371112 24 849 73
1995.42954191 -0.116969943047 5 19950607032151635327925049568292936271112 14 922619 79500
1995.42966761 -0.0263044834137 5 19950607042758554428525099479396277371112 14 926 38
1995.43221535 -0.0379385948181 5 19950608024759207416324641509004206371112 39 645157 79650
1995.43224074 -0.0449373722076 5 19950608030120398308524641391062648371112 31 650182 79650
1995.4322968 0.081339597702 5 19950608033049553307524650962006897071112 13 953 22
1995.43236163 -0.0981552600861 5 19950608040455454140124648201992058271112 16 754578 79700
1995.432387 -0.123730659485 5 19950608041816020302724654408348718271112 6 1187129 79680
1995.43241433 -0.0420316457748 5 19950608043238514912724670363564623371112 17 1199 67
1995.43243378 -0.0455604791641 5 19950608044252180090524676629489496371112 14 972 83
1995.43498144 -0.0162582397461 5 19950609030250166661824259450878413371112 13 808 47
1995.4350044 -0.0200805664062 5 19950609031454990612324256618450176371112 55 564137 79800
1995.43507297 -0.0616675615311 5 19950609035058829887124244737350245271112 29 592181 79830
1995.43509307 -0.0661824941635 5 19950609040133036493024245471976718271112 6 1435 48
1995.43512722 0.122825026512 5 19950609041930758313824261376618649071112 4 1758 6
1995.43517107 0.158140420914 5 19950609044234536347124268044769755071112 13 930 20
1995.4352162 -0.0668896436691 5 19950609050618595813524274176261902371112 28 826 41
1995.43524217 -0.0522993803024 5 19950609051958265697724281451798555371112 17 1041 36
1995.43768998 -0.00636231899261 5 19950610024725396128223945254147942371112 20 929 29
1995.43771893 0.0396881103516 5 19950610030238795048323935705972631371112 8 1553 1
1995.43800215 -0.0309476852417 5 19950610053136746814123919413488212371112 17 805 51
1995.43802453 -0.0368922948837 5 19950610054322972020423923984483182371112 12 1262 24
1995.45190559 0.0249812602997 5 19950615072415765487723784953373273371112 14 1289 21
1995.45230806 0.0721864700317 5 19950615105556743734723826226570701371112 19 1082 16
1995.45466055 0.0626376867294 5 19950616073315882539724121873742881371112 6 1603 20
1995.45471434 0.154440522194 5 19950616080133413124824104999142645371112 4 1343 6
1995.4631057 0.019082069397 5 19950619093504321180225319951155175371112 11 905 90
1995.46313637 0.00175297260284 5 19950619095112360553425307316733533371112 14 946191 80250
1995.46319691 0.135470271111 5 19950619102302809801325275015436326071112 5 1322455 80300
1995.46324952 0.0622072219849 5 19950619105042972347725261336634453071112 6 1430999 80280
1995.46329949 0.0223151445389 5 19950619111659841733525263741034756371112 46 601412 80300
1995.46332966 0.0541591644287 5 19950619113251974602925260488199238371112 18 909220 80280
1995.46876299 -0.0222119092941 5 19950621111034954873726007286262201371112 27 712999 80030
1995.46878789 -0.0186488628387 5 19950621112340586136925996477392375371112 46 543999 80030
1995.46894721 0.0832957029343 5 19950621124728403795525949158847512371112 20 1068 29
1995.5060961 0.0662868022919 5 19950705022618353193925138821558549371112 11 1164825 79980
1995.50615406 0.0266274213791 5 19950705025647393828325160342713581371112 10 1203999 80030
1995.50890962 0.158441781998 5 19950706030606126226524793553578419371112 13 1521 62
1995.50897201 -0.0908620357513 5 19950706033854976900524805767592356271112 5 2104370 80480
1995.51169568 0.0248194932938 5 19950707033127485144924439855492375371112 25 894 63
1995.51174314 -0.0270377397537 5 19950707035625331003124441551074527271112 7 1858 6
1995.51447369 0.0414264202118 5 19950708035234971354724110980150813371112 8 2281 11
1995.51449854 -0.0320205688477 5 19950708040539107913824114386769678371112 36 687126 80750
1995.51461497 -0.0907323360443 5 19950708050653239290524143463986298371112 18 910 26
1995.51711347 0.00883841514587 5 19950709030100022028323852269136212371112 64 413230 80650
1995.51715502 -0.0185159444809 5 19950709032251189123423844605431124371112 87 441194 80680
1995.51722922 -0.0434713363647 5 19950709040152776005923826596812709271112 30 505168 80730
1995.51724447 -0.0389932394028 5 19950709040954064966123826457483996271112 33 608 81
1995.51727933 0.115045428276 5 19950709042814035384623839389804815371112 15 1450 12
1995.5173018 0.0538939237595 5 19950709044003435211323841262329110371112 46 742117 80750
1995.51742343 -0.0592358112335 5 19950709054401608370423865685718606371112 52 464 81
1995.51986827 -0.189615607262 5 19950710030954809380323685761804359371112 14 1730 3
1995.51992248 0.00939619541168 5 19950710033825637844923669255183428371112 8 1458 0
1995.52010958 0.0237916707993 5 19950710051650090258623649980429505371112 69 399 63
1995.52013551 -0.0150094032288 5 19950710053028294578023651999246094371112 65 383126 80800
1995.52016865 -0.015038728714 5 19950710054754154097723644164190490271112 29 672 35
1995.52023682 0.0895949602127 5 19950710062345334263023666458855023071112 19 1030 6
1995.52028202 -0.0382950305939 5 19950710064731732296223684017982834371112 20 1039 23
1995.52030756 -0.0774807929993 5 19950710070057889961923692991575137371112 33 631 60
1995.54281481 0.0490069389343 5 19950718121852532301525559790035286371112 21 793115 80350
1995.5428428 0.0396593809128 5 19950718123335992663525565681592497371112 37 625139 80350
1995.54287062 0.0258519649506 5 19950718124813774622925572933690056371112 37 665 89
1995.54289663 0.0419217348099 5 19950718130154652187225580963783996371112 52 475164 80350
1995.54551176 -0.0197602510452 5 19950719115721798893025893171289083371112 17 935999 80300
1995.54554235 -0.00821268558502 5 19950719121327372961225892015973404371112 12 741135 80300
1995.54831323 -0.113463282585 5 19950720123049477044026173931018464371112 5 1554 26
1995.59651731 -0.00741243362427 5 19950807030414660836923932121070366371112 5 2116 6
1995.59660726 -0.0968135595322 5 19950807035133166224023927164920601371112 9 1114 8
1995.59679044 0.00785171985626 5 19950807052754036470023958930042076371112 3 1775 -1
1995.59683015 0.0659910440445 5 19950807054847255029423972764778234371112 10 1518 12
1995.59920942 -0.00393795967102 5 19950808024011347267523880050521541371112 23 949 14
1995.59925975 -0.0194940567017 5 19950808030639533857123863580452612371112 8 1317 8
1995.63030916 0.0236495733261 5 19950819111724460118626507873044945371112 3 2514205 80200
1995.66757216 0.0616476535797 5 19950902015615098523824394678310930371112 9 1897999 80550
1995.66759861 0.00540959835052 5 19950902021009772900424401792619808371112 11 924999 80550
1995.66761796 -0.0161978006363 5 19950902022020490960524407685720614371112 6 924996 80550
1995.67024592 0.0175610780716 5 19950903012232638668824269686912793371112 11 1330 39
1995.67027168 -0.0434312820435 5 19950903013605623228924269374994072371112 37 464394 80525
1995.67033814 0.0767585039139 5 19950903021102794668324268602981917071112 10 785 24
1995.67045761 -0.0104752779007 5 19950903031353026580424300061259711371112 36 535392 80600
1995.67048139 -0.0160508155823 5 19950903032623383225924307962884776371112 46 431999 80600
1995.67304644 -0.0458750724792 5 19950904015530315740424197429801075371112 28 573117 80675
1995.67313862 -0.0759004354477 5 19950904024359224314324182720359117271112 9 916 44
1995.67319703 -0.0110021829605 5 19950904031442608580124201064282144371112 13 571300 80700
1995.67324498 0.00813114643097 5 19950904033955903028624210256548421371112 9 1482 63
1995.67331381 -0.0618659257889 5 19950904041607811499924229916870150371112 10 689239 80725
1995.6733428 -0.0245856046677 5 19950904043122839232124240379655786371112 9 943211 80725
1995.67581913 -0.0461131334305 5 19950905021349642346324175659643522371112 12 1092 6
1995.67585082 -0.0703721046448 5 19950905023029925308824169626341868371112 11 1196 10
1995.67594033 -0.123234152794 5 19950905031734656598124149916806844271112 32 581174 80750
1995.67596337 -0.112739562988 5 19950905032941644826324150118560427271112 39 393377 80750
1995.67598907 -0.0354071855545 5 19950905034312550790524163417156304371112 64 359269 80750
1995.67601379 0.0588881969452 5 19950905035612699691324165787672823371112 5 1985 4
1995.6760366 -0.0325028896332 5 19950905040812747267524168905335051371112 58 331431 80750
1995.67620744 -0.0161654949188 5 19950905053803940587024219418336798371112 7 1689 14
1995.6762325 -0.0953904390335 5 19950905055114841745424230594954122371112 17 672 69
1995.67851617 -0.0528010129929 5 19950906015221880993424243403907303371112 12 735 67
1995.67856667 -0.0762866735458 5 19950906021855466311324223387327116371112 11 700 17
1995.67874132 0.0128353834152 5 19950906035047229212124185660421237371112 10 1979 4
1995.67877646 -0.0869165658951 5 19950906040915913272424184376247137371112 24 862 38
1995.67884438 -0.0457317829132 5 19950906044459452499324188058087199371112 53 445171 80700
1995.67887618 -0.0624992847443 5 19950906050142797745424192563560136371112 21 824 39
1995.67890975 -0.0676171779633 5 19950906051922324106824187944775163271112 29 758 22
1995.68138625 0.0128908157349 5 19950907030154825524124314855649886371112 17 766 11
1995.68141343 -0.0706726312637 5 19950907031612505451824305215959039371112 44 489 44
1995.68147074 -0.201515078545 5 19950907034620921311724279087044628271112 16 965 13
1995.68149874 -0.234639167786 5 19950907040104484483324272984254059271112 8 1455 6
1995.68152406 -0.1942101717 5 19950907041423694979724268616645851271112 11 1074 -2
1995.68157159 -0.0777175426483 5 19950907043923707370824273228241271371112 27 711 19
1995.68160323 -0.0515851974487 5 19950907045602223342724272043213331371112 17 1097 27
1995.68175441 -0.0286293029785 5 19950907061532847964024291085672039371112 19 960 4
1995.68196139 -0.0918347835541 5 19950907080424881106924379678406780371112 18 1086 12
1995.68198765 0.0242305994034 5 19950907081813566003324395429528023371112 17 1443 3
1995.74419678 0.0158202648163 5 19950930013744421923724334103351329371112 11 947999 80000
1995.74702956 -0.0532382726669 5 19951001022740192152324345059010453371112 10 1160999 80375
1995.74709795 -0.038632273674 5 19951001030338298151324376750110999371112 23 784999 80375
1995.75243097 -0.0427864789963 5 19951003014835696385924406658053052371112 36 476356 80050
1995.75244917 -0.0463750362396 5 19951003015810068886024406166734252371112 41 452305 80050
1995.75247878 0.0586774349213 5 19951003021344432158824397181092982071112 10 848 26
1995.75250948 0.13197863102 5 19951003022953010051524399279433168071112 6 1966 16
1995.7525686 -0.0543481111526 5 19951003030058704183324406239960528271112 8 1193188 80100
1995.7526114 0.00807178020477 5 19951003032329570324524427301183937371112 12 941 91
1995.75263346 -0.0720777511597 5 19951003033505825077524433652122776371112 33 407252 80100
1995.75281244 -0.0687795877457 5 19951003050913729134824513089561828371112 11 841 38
1995.75512235 -0.0888121128082 5 19951004012409142073024529474628734371112 28 489 80
1995.7551442 -0.0748368501663 5 19951004013538618510624523542110341371112 29 566131 79950
1995.75517793 -0.0361559391022 5 19951004015323069642624505986921572071112 27 657 30
1995.7552245 -0.166041612625 5 19951004021752625876124498692331323271112 40 383467 80000
1995.75524384 -0.148256778717 5 19951004022802977952524496730896330271112 17 673115 80000
1995.75533861 -0.0598287582397 5 19951004031753773230224506775727193371112 28 796112 80000
1995.7553588 -0.0753910541534 5 19951004032830795683224508862104676371112 49 443236 80000
1995.75537598 -0.12307202816 5 19951004033733159941924511208611940371112 30 678153 79950
1995.75540514 -0.0420469045639 5 19951004035253185140724506190697525271112 17 1336 45
1995.7554258 -0.0461384057999 5 19951004040345101581724510724457698271112 24 942 89
1995.75558562 -0.0533932447433 5 19951004052748625638024580309110837371112 35 475197 79900
1995.75560756 -0.0880995988846 5 19951004053921129646824591561152873371112 24 702 55
1995.75570616 -0.0794816017151 5 19951004063112849081224650115966327371112 20 932 84
1995.75572655 -0.098335981369 5 19951004064156031605224663692371663371112 21 540153 79850
1995.75784309 -0.117111802101 5 19951005011509139868924700606035026371112 39 427251 79500
1995.75786222 -0.127988815308 5 19951005012512883526024692070120868371112 33 501133 79500
1995.75788047 -0.129177212715 5 19951005013448803091024675902725950271112 16 806 37
1995.75790297 -0.145057559013 5 19951005014638890592724667123642292271112 15 1123 22
1995.75792962 -0.0199488401413 5 19951005020039784771424656303989574071112 8 1994 5
1995.75795135 0.00882065296173 5 19951005021205509512224649517708764071112 14 853 23
1995.7580212 -0.0762903690338 5 19951005024849681616424642914622093371112 18 831 38
1995.75805885 -0.0839883089066 5 19951005030837851278024637451107483371112 35 669 45
1995.75811727 -0.132567048073 5 19951005033921608576124625133834193271112 25 786 48
1995.7582316 -0.0571618080139 5 19951005043929621369424644929886185371112 38 487 85
1995.7582505 -0.0660942792892 5 19951005044925986865424649006012914371112 32 526213 79600
1995.77760267 -0.0880036354065 5 19951012062754128541826277201201900371112 12 972 22
1995.77762838 -0.064848780632 5 19951012064125211896726265058616410371112 25 491 93
1995.77778628 -0.0628770589828 5 19951012080428363346726210582285763371112 28 756 24
1995.77782108 0.0442634820938 5 19951012082246465222526203740307794371112 9 1679 1
1995.7780723 0.0929292440414 5 19951012103454496942026215669631471371112 7 1359 4
1995.77809672 -0.0262331962585 5 19951012104744908808426222610665463371112 27 635 66
1995.77812032 -0.0698264837265 5 19951012110009680176426230258727242371112 18 630 38
1995.7803567 -0.106980681419 5 19951013063624686630826487675173928371112 15 1214 12
1995.780401 -0.0815320014954 5 19951013065942500040226462653443735371112 9 1082 14
1995.78042492 -0.0324099063873 5 19951013071217557051526450027569976371112 10 1355 16
1995.78603877 -0.114873170853 5 19951015082456955982226598702915939371112 8 1333 79
1995.78607634 -0.047523021698 5 19951015084442772791226576178597615371112 7 917102 80825
1995.78612811 0.00669968128204 5 19951015091156340763526562652111009471112 4 1069999 80825
1995.78628649 -0.0255726575851 5 19951015103514677381726484263075359371112 13 1054 81
1995.78631926 -0.0180724859238 5 19951015105228531865326475959925877371112 8 1152 61
1995.78644052 -0.0957901477814 5 19951015115615437082726460985941611371112 17 701 92
1995.7864752 -0.103507041931 5 19951015121429913470226461366275666371112 17 872121 80850
1995.78886394 -0.113267540932 5 19951016091052587359126534358445327371112 5 1221753 80550
1995.78889448 -0.0720380544662 5 19951016092656394480026514753362019371112 7 779999 80550
1995.7889859 -0.071457862854 5 19951016101501404468126462763828407371112 10 957999 80575
1995.78900179 -0.0861880779266 5 19951016102322814505426454858739284371112 16 884999 80575
1995.79175308 -0.0945312976837 5 19951017103027000587126338950395183371112 20 726999 80325
1995.82349744 0.0294513702393 5 19951029004642840909024158782461238371112 15 690999 80225
1995.82352472 0.0125081539154 5 19951029010103762882624169200742440371112 5 1068999 80200
1995.82920364 0.0620092153549 5 19951031024756741539624525252718430371112 6 793999 80025
1995.82923531 0.00764954090118 5 19951031030436227306824539320813314371112 5 1374999 80025
1995.8317895 0.0137981176376 5 19951101012800440395624682086221244371112 49 543243 79825
1995.83180741 0.000954985618591 5 19951101013725595168124682168358033371112 44 430318 79825
1995.83185414 -0.09809923172 5 19951101020200257752524674427381318071112 6 1833 17
1995.83187454 0.02942943573 5 19951101021244028143824676954479298071112 18 502268 79850
1995.83193066 -0.0208200216293 5 19951101024215065687424689830782858271112 6 872999 79825
1995.83195547 -0.0731643438339 5 19951101025518027646424696326277336271112 12 771999 79850
1995.83198671 0.047530412674 5 19951101031143641900024714646547398371112 13 762132 79825
1995.83201413 -0.00937676429749 5 19951101032608978853924724574091537371112 39 399399 79850
1995.8321731 -0.0650081634521 5 19951101044945918280924805558291899371112 18 616407 79825
1995.83219692 0.00131392478943 5 19951101050217424392624820797434997371112 20 817195 79825
1995.83446515 -0.0132776498795 5 19951102005517262107324921586131315371112 97 339346 80000
1995.83449322 0.0125753879547 5 19951102011003127648524914265655090371112 18 892123 80000
1995.83450538 -0.0721480846405 5 19951102011627020860324901132097738071112 19 1042 44
1995.83453231 0.0138703584671 5 19951102013036809547824895930699455071112 17 1052 36
1995.83455398 -0.11954665184 5 19951102014200569610324895964700560271112 31 476539 80025
1995.83457821 -0.0968877077103 5 19951102015445212195124893225295486271112 10 1450 59
1995.83467391 -0.0243510007858 5 19951102024505302084324899914751825371112 44 555206 80050
1995.83470086 -0.0213567018509 5 19951102025915860451424902816911524371112 90 295734 80025
1995.83473025 0.0308982133865 5 19951102031443229512624897300777865071112 13 886 38
1995.83475565 0.0498660802841 5 19951102032804792799624902614368320071112 19 727 48
1995.83477806 -0.0926495790482 5 19951102033952209905624911052599697271112 22 476416 80075
1995.83480815 -0.119744420052 5 19951102035541720865524919963972890271112 4 854 35
1995.83496535 -0.0135345458984 5 19951102051822510947724998735822939371112 29 612 82
1995.83500617 -0.0588399171829 5 19951102053950806333025023420511087371112 27 614185 80050
1995.83742472 -0.0770328044891 5 19951103025154416803725117547865355371112 41 466110 80250
1995.83744497 -0.0593054294586 5 19951103030233496486125116701390560371112 32 686 50
1995.83747528 -0.132277131081 5 19951103031829998418525110965970004271112 32 572 78
1995.83749833 -0.165644049644 5 19951103033037212034425112152892214271112 11 982 37
1995.83763381 -0.00762665271759 5 19951103044152878767325144812647914371112 66 487107 80300
1995.83766246 -0.023166179657 5 19951103045656938539525154663606369371112 39 593 89
1995.86258377 -0.0148138999939 5 19951112072433688462826637345411376371112 20 1061 15
1995.86262233 -0.0774827003479 5 19951112074450293437126615664954763371112 27 545102 80650
1995.86276925 0.0434985160828 5 19951112090206929995426556078883310071112 12 1091 79
1995.86278951 0.0483093261719 5 19951112091246221826926549824674447071112 10 821188 80600
1995.86282491 -0.0189015865326 5 19951112093123372435226535876514150371112 24 776 29
1995.86285036 0.0985761880875 5 19951112094446453525226530423084930371112 10 1036 23
1995.8631328 -0.0467746257782 5 19951112121319550763926544731022961371112 20 698 98
1995.86315535 -0.0237808227539 5 19951112122511338552826551674942578371112 25 974 51
1995.8631815 -0.0133061408997 5 19951112123856648701126560723549695371112 17 1059 44
1995.86576326 -0.114315509796 5 19951113111650530375826439980564462371112 10 1267 27
1995.8657989 -0.094188451767 5 19951113113535227818726438553834402371112 17 895127 80400
1995.86582514 0.0082448720932 5 19951113114923425074926455967527743471112 5 1489492 80350
1995.86584649 -0.0119049549103 5 19951113120037320981826457205823008471112 5 1050956 80350
1995.86587189 -0.0674608945847 5 19951113121358828040026442600515647371112 15 773155 80325
1995.86589192 -0.0847140550613 5 19951113122431003290626445330663558371112 8 1122 26
1995.8659216 -0.0411275625229 5 19951113124007482174526450632555052371112 15 740 64
1995.86826044 -0.0498379468918 5 19951114091015754734326400018461990371112 11 1397271 80475
1995.86828891 -0.072117805481 5 19951114092514038925726382778856793371112 18 978176 80475
1995.86833106 0.017529129982 5 19951114094724277884126365326774545071112 5 1015999 80425
1995.86839533 -0.0958374738693 5 19951114102112434621826328422668799371112 16 707999 80425
1995.86842162 -0.0222629308701 5 19951114103502024343726317663324964371112 10 1107157 80450
1995.86852545 -0.045702457428 5 19951114112938616381126304211519872471112 4 1119999 80425
1995.86858669 -0.10681283474 5 19951114120151259306326276809977001371112 10 1079510 80425
1995.86861645 -0.00801765918732 5 19951114121730441826526274543816560371112 9 1343352 80450
1995.86873836 -0.0990699529648 5 19951114132137591626726281658108226371112 8 2035105 80500
1995.86875524 -0.0191569328308 5 19951114133030351022426284679905817371112 18 805189 80475
1995.86877602 -0.0668902397156 5 19951114134126159372326289057979609371112 37 644332 80475
1995.87107647 -0.140629291534 5 19951115095122755356626170411404640371112 3 1996 67
1995.87129034 -0.106152772903 5 19951115114352107091526060530585187371112 17 798999 80250
1995.87132244 -0.0264040231705 5 19951115120045032255526050408322201371112 22 594999 80200
1995.90836824 0.0817483663559 5 19951129004521641086924661534230570371112 5 1226563 80100
1995.90860481 -0.014765381813 5 19951129024947121254324741375373737371112 10 1172789 80075
1995.91114643 -0.0412155389786 5 19951130010634657881424975751630971371112 12 860200 80400
1995.91135771 0.015965461731 5 19951130025742214964325022516108010371112 17 886309 80425
1995.91155576 -0.0526714324951 5 19951130044151936537425134357107275371112 25 602126 80425
1995.91381232 -0.0518494844437 5 19951201002843743128225299873633901371112 12 1162 37
1995.91385493 -0.00991117954254 5 19951201005108417520525290255275048371112 16 724 69
1995.91404215 -0.00148975849152 5 19951201022936624096825285819575468371112 18 853 77
1995.91407937 -0.0658721923828 5 19951201024911017730025292527440685371112 9 830 28
1995.91660796 -0.00622951984406 5 19951202005907395853625589760763235371112 11 1389 43
1995.91662758 -0.0366406440735 5 19951202010926523203525583816738045371112 18 827 37
1995.91667333 -0.00803005695343 5 19951202013330212225125569864562224271112 7 1902 31
1995.91669938 -0.108658909798 5 19951202014712424094525564882538032271112 8 1002 88
1995.91683287 -0.117569804192 5 19951202025725105399325560880305452371112 14 1151 14
1995.9168664 -0.0151736736298 5 19951202031502951396425564292436185371112 17 884 50
1995.91709622 0.0349617004395 5 19951202051555747437925641263657510371112 8 1209 28
1995.9171141 -0.0705571174622 5 19951202052519823282925650914403611371112 7 1226 13
1995.91935086 -0.048600435257 5 19951203010146625285525872662812195371112 18 665 44
1995.91936926 -0.00994884967804 5 19951203011127210783025864670524458371112 17 999 27
1995.91946897 0.014993429184 5 19951203020353838178625828560921550271112 5 1253 5
1995.9195178 -0.137575507164 5 19951203022934864320325817262695888271112 16 1087 27
1995.91955578 0.0006023645401 5 19951203024933443330825812838028286371112 24 808 32
1995.91958617 -0.0120844841003 5 19951203030532509624625809896295697371112 8 1451 10
1995.91970845 -0.018279671669 5 19951203040951328690725812925567698271112 13 1264 29
1995.91973405 -0.140127778053 5 19951203042319105564225817306004096271112 13 1079 39
1995.9198395 -0.0243664979935 5 19951203051846892420325849545129852371112 10 846 36
1995.91986384 0.00769126415253 5 19951203053135049732325859253176835371112 13 1373 8
1995.92000281 -0.0733643770218 5 19951203064440758418025932298337489371112 11 1623 10
1995.92003832 -0.0700634717941 5 19951203070321280978125955294936712371112 17 1266 26
1995.92216907 0.0246167182922 5 19951204014402553986526095231419154371112 15 1507 0
1995.92237363 -0.119290947914 5 19951204033138073498226031399754156371112 11 1103 -1
1995.92241286 -0.118032097816 5 19951204035216208447726026950018982371112 10 1107 2
1995.92278392 -0.0317274332047 5 19951204070725844824126117296095630371112 12 1176 7
1995.92284174 -0.0858342647552 5 19951204073750349408926151090001622371112 28 835 10
1995.9419996 0.0195419788361 5 19951211073406496057626562256889590371112 10 1857 5
1995.94204206 -0.0267436504364 5 19951211075626464784426541443610996371112 12 1379 7
1995.94224598 -0.000299572944641 5 19951211094341605661626481482739132371112 8 1520 11
1995.9422807 -0.01140832901 5 19951211100157279916826478391844671371112 20 976 23
1995.94249883 -0.0866968631744 5 19951211115640951922726507346766126371112 10 996 8
1995.94255069 -0.0914542675018 5 19951211122357797715826525864108585371112 11 1147 15
1995.9505543 -0.0734751224518 5 19951214103332331433525876055451718371112 20 1011999 80225
1995.95057923 -0.11035990715 5 19951214104639025469625864781160214371112 16 872999 80175
1995.95327094 -0.0206546783447 5 19951215102223173540625590225498358371112 6 1959999 80200
1995.95331303 -0.0198551416397 5 19951215104431252546125563883642260371112 4 1121999 80150
1995.95616814 -0.174077510834 5 19951216114611592959125153821615801371112 11 1307999 80000
1995.95623653 -0.125997424126 5 19951216122209901062325119149088635371112 12 1371808 79975
1995.95636918 -0.142786383629 5 19951216133156178202425074723712677371112 4 1803184 79925
1995.95639148 -0.0750744342804 5 19951216134339904184725070349937900371112 11 1292218 79925
1995.98782968 0.0491814613342 5 19951228011854044081624906277431976371112 6 1205999 80600
1995.98786126 0.0352109670639 5 19951228013530538705124918572341580371112 4 1423564 80625
1995.98802032 0.0710269212723 5 19951228025909993545325005429480620371112 5 2386314 80600
1995.98805632 -0.00668752193451 5 19951228031806261385225030309512291371112 7 705999 80600
1995.98815581 -0.0172493457794 5 19951228041025677756825107280047977371112 6 1193999 80600
1996.06451877 0.0237069129944 5 19960125013417628666024827599476353371112 7 987999 80535
1996.07009959 0.0983595848083 5 19960127022934709986025597533137060371112 6 1167665 79980
1996.07011355 0.0930532217026 5 19960127023655387112525604951554673371112 6 2883999 80030
1996.07030623 0.0577290058136 5 19960127041816033076225734905256295371112 5 904999 80080
1996.07547799 0.0171684026718 5 19960129013824214619426155772668540371112 22 633122 79730
1996.07550156 0.00332617759705 5 19960129015048078463726156173656220371112 27 595323 79805
1996.07551808 0.0450718402863 5 19960129015929254768126157032952337371112 25 597117 79780
1996.07569593 -0.0827386379242 5 19960129033301913740726196257348495371112 3 985 3
1996.07572203 0.0320817232132 5 19960129034645682584826206487965482371112 7 1052 32
1996.07841847 0.010262131691 5 19960130032458622473526374870882954371112 6 1338 21
1996.07844182 0.0156375169754 5 19960130033715458799026379183940966371112 30 651152 79855
1996.07846827 0.035973906517 5 19960130035110393531326385192989785371112 10 772110 79880
1996.07858694 -0.044331908226 5 19960130045335145712126426285095217371112 11 1002 73
1996.0786046 -0.0269079208374 5 19960130050252505695226434282769617371112 17 657 97
1996.07866703 -0.00860941410065 5 19960130053542805126626467584040849271112 10 994 71
1996.08095287 -0.0782870054245 5 19960131013758246351626540470314610371112 15 1206 25
1996.08097207 -0.0460542440414 5 19960131014804222682826534001368680371112 15 1170 46
1996.08099707 -0.0541630983353 5 19960131020113249585726526424978856371112 7 1470 8
1996.08127402 0.0492316484451 5 19960131042652916303326511902790199371112 15 1244 19
1996.08130268 -0.0498642921448 5 19960131044157422836126517880885224371112 16 1159 20
1996.08159886 -0.00779497623444 5 19960131071744176880126652983694687371112 10 801 26
1996.08162338 -0.0403386354446 5 19960131073037994422826669171572112371112 17 970 60
1996.08407864 -0.0213166475296 5 19960201050200027223526569189624474371112 7 1564 11
1996.08409663 -0.00033164024353 5 19960201051127790560526571636099772371112 12 870 48
1996.08433624 0.0173547267914 5 19960201071729236440626653990584470371112 9 1062 3
1996.08437983 -0.0555871725082 5 19960201074024838402526677838402368371112 8 932 21
1996.08440131 -0.00730621814728 5 19960201075142653437726690425735946371112 12 1073 13
1996.10340872 -0.187490582466 5 19960208062850937274025866538593696371112 17 1380 25
1996.10343342 -0.123530387878 5 19960208064150454057425849860616565371112 13 1491 5
1996.10361098 0.0419126749039 5 19960208081513944017525755431804691371112 16 1103 14
1996.10363686 0.0157737731934 5 19960208082850546971625745865621474371112 10 1029 17
1996.10385558 -0.0194208621979 5 19960208102353004426225712830245503371112 7 1285 2
1996.10388587 -0.0495957136154 5 19960208103948695143925715117772005371112 6 1068 28
1996.10390586 0.030893445015 5 19960208105019612244025717526937786371112 7 1392 13
1996.10633192 -0.0644555091858 5 19960209080620070508925567432517855371112 4 3414 0
1996.10636071 -0.0101873874664 5 19960209082128719869025551802754442371112 18 1276 17
1996.10639007 0.0566320419312 5 19960209083655228864425537180537830371112 4 2573 7
1996.10640085 0.0347945690155 5 19960209084235579454025534628348543071112 3 1308179 80080
1996.10646066 0.0563676357269 5 19960209091402942413625510314197365071112 8 1923 5
1996.10659869 0.119599342346 5 19960209102638881856725475271793230371112 9 1925 17
1996.1066122 0.0972578525543 5 19960209103345113512125473938602812371112 6 2084 31
1996.10663587 -0.00320732593536 5 19960209104612186759725472403243285371112 10 1454 17
1996.10680609 0.0398664474487 5 19960209121543940470725490833282546371112 31 683100 80080
1996.10683585 0.0113189220428 5 19960209123123036702525499135749517371112 21 892 70
1996.10922395 0.00634300708771 5 19960210092725687596725271357102756371112 17 1108 62
1996.10924622 -0.0431765317917 5 19960210093908610036025261278506529371112 21 994107 79955
1996.1092671 -0.0393598079681 5 19960210095007440842825252567474983371112 9 1037268 79955
1996.10937522 -0.106330037117 5 19960210104659427604925207850293168271112 13 1184 9
1996.1094113 -0.0500310659409 5 19960210110557960900825201307500209271112 11 797 42
1996.10946432 -0.0398625135422 5 19960210113351131723125207515714421371112 24 945130 79955
1996.10949279 -0.0123745203018 5 19960210114849646042425206741803782371112 31 552227 79930
1996.10964135 -0.0420087575912 5 19960210130658004591225225710325914371112 8 1111 79
1996.10968223 -0.0386848449707 5 19960210132828062245825237363919963371112 8 1098 60
1996.16588688 -0.0510255098343 5 19960302020951829645926482065520905371112 5 837 29
1996.16591293 -0.103767752647 5 19960302022333919265826468900479014371112 13 1534 13
1996.16604219 0.0141842365265 5 19960302033133105799126418927009235371112 13 1041 4
1996.16607724 -0.0523031949997 5 19960302034959163440526410104299509371112 19 819 15
1996.16632846 -0.0448325872421 5 19960302060206957745226409984741901371112 20 816 28
1996.1856884 0.0596410036087 5 19960309074440161024325101134084448371112 20 880 35
1996.18571245 0.0805345773697 5 19960309075719097605025088833226839371112 13 1145 16
1996.1859077 0.0462311506271 5 19960309094000911204725023470629801371112 8 1403 10
1996.18593233 -0.0216890573502 5 19960309095258005934225019881553915371112 26 768 54
1996.18625177 -0.0409817695618 5 19960309124058734202525068498327200371112 10 1169 25
1996.18628504 -0.0421930551529 5 19960309125828753512225082844181411371112 10 1172 25
1996.1885704 -0.0338990688324 5 19960310090029395283824878062771121371112 23 685 73
1996.188597 -0.015872836113 5 19960310091428564537924866567917697371112 25 685 79
1996.18878851 0.00380313396454 5 19960310105512131892524816618382997071112 11 737416 80605
1996.18882179 -0.00792181491852 5 19960310111242458133424816355799104371112 45 481277 80555
1996.18884446 0.00590765476227 5 19960310112437953937124816151288374371112 30 661333 80655
1996.18896687 0.0343079566956 5 19960310122900996816724830316372652371112 41 552325 80605
1996.18898254 -0.00769186019897 5 19960310123715309349124833933111030371112 16 962142 80655
1996.23153112 -0.030298948288 5 19960326013606351353326297617561151371112 4 980999 79605
1996.23703755 -0.0177592039108 5 19960328015216247642026460481455956371112 21 723145 79730
1996.23706207 0.000423908233643 5 19960328020509918568926461159688556371112 17 804 72
1996.23708909 0.15231347084 5 19960328021922567501026466664244508071112 8 2394 8
1996.23712432 -0.0743862390518 5 19960328023754578470126471185932546071112 3 1060 29
1996.23728485 -0.00192105770111 5 19960328040220532993626514061341101371112 7 1281 18
1996.24558887 0.0440564155579 5 19960331044955180939926115756608545371112 11 807 34
1996.24562834 0.0211812257767 5 19960331051040988305626119865505772371112 8 1515 3
1996.24821152 0.0671005249023 5 19960401034919726534525904262835208371112 23 1039 12
1996.24825061 0.0500857830048 5 19960401040953312727925893623887923371112 16 1140 6
1996.2679643 0.00950372219086 5 19960408085830077056624463075382656371112 19 621 65
1996.2679853 0.00249052047729 5 19960408090932852984324455556772510371112 19 685 58
1996.26818096 0.027373790741 5 19960408105227455880724420327267895371112 17 686162 79730
1996.26819611 0.0314521789551 5 19960408110025585344024420315346175371112 18 525158 79780
1996.27075037 0.0337252616882 5 19960409092351953469524411262832321371112 10 1343 42
1996.27078902 0.0119158029556 5 19960409094411584842024394851610603371112 14 1064 53
1996.2708847 -0.198620915413 5 19960409103430863964224364029357552371112 5 1427 1
1996.27091952 -0.00128710269928 5 19960409105249834432024356474048014371112 11 992 76
1996.2710394 0.0207868814468 5 19960409115553116692224346145407248371112 14 780109 80055
1996.27365466 -0.00344681739807 5 19960410105124207659824342204336467371112 22 410688 80080
1996.27367687 0.0107346773148 5 19960410110305189724124334585230431371112 8 653425 80080
1996.30824023 -0.0101985931396 5 19960423020201763972826414937083873371112 4 1097344 80330
1996.31100588 -0.0904316902161 5 19960424021639136127226495301796219371112 2 1185999 80530
1996.31117109 -0.0685894489288 5 19960424034332880966726594733090120371112 2 1174999 80630
1996.31375611 -0.046346783638 5 19960425022309940762126495684479376371112 9 1134999 79970
1996.31379332 -0.0569233894348 5 19960425024244028895526510185776708371112 5 1408643 79995
1996.31920405 -0.0255552530289 5 19960427020833662920926271268405536371112 20 879 75
1996.31940037 -0.0125060081482 5 19960427035149247006326298203450800371112 5 1746 13
1996.31944795 -0.0448695421219 5 19960427041650678868926314434092419371112 8 1495 11
1996.32742594 -0.0867737531662 5 19960430021256808249225538776460921371112 13 969 19
1996.32746235 -0.026003241539 5 19960430023205838018725520733306542371112 12 839 18
1996.32786417 -0.134424448013 5 19960430060326458718325476807979445371112 13 1381 11
1996.32789087 -0.0374431610107 5 19960430061728870251725483954096495371112 13 1226 9
1996.34453363 -0.0251132249832 5 19960506081054552739824111175878189371112 20 839 15
1996.34456382 0.0551787614822 5 19960506082647144814724103247505345371112 22 802 39
1996.34460771 0.033222079277 5 19960506084952175304524088186908902071112 10 1571 11
1996.344646 0.0384941101074 5 19960506091000476467824083143801929071112 9 1677 9
1996.34479904 -0.012379527092 5 19960506103030277327724094037892034371112 18 914 41
1996.34483064 0.023183465004 5 19960506104707291387624099953275336371112 10 781 26
1996.34498826 -0.0189492702484 5 19960506121001608179424153011068101371112 17 919 10
1996.35012671 0.0216166973114 5 19960508091238533735824194631119571371112 15 807 64
1996.3501504 0.0570113658905 5 19960508092506358425324185301064835371112 13 884 99
1996.35030189 0.00195467472076 5 19960508104446880660624146288097757371112 8 1110 95
1996.35032937 0.045011639595 5 19960508105914059462024143277609574371112 20 633120 79920
1996.35037901 0.0157526731491 5 19960508112520708525024132793452598071112 7 763952 79920
1996.3504319 0.0702909231186 5 19960508115309624009624143584821531371112 12 757101 79945
1996.35046401 0.080349445343 5 19960508121003116600724147441877775371112 23 931 47
1996.3530558 0.0429358482361 5 19960509105313807417524267467957040371112 18 510437 79919
1996.35308814 -0.0134829282761 5 19960509111014211338524259491989960371112 16 678178 79919
1996.35313318 0.00189483165741 5 19960509113355547458224242432148257071112 6 726851 79944
1996.35322352 0.0230952501297 5 19960509122126601365724245400981809371112 13 1084 33
1996.35324798 0.027636885643 5 19960509123418302422724246278482107371112 18 761 65
1996.35581903 0.0383991003036 5 19960510110634501871024430277953629371112 16 992999 80069
1996.35584027 -0.0310328006744 5 19960510111744998736224422373301587371112 11 713999 80044
1996.35586903 0.0565170049667 5 19960510113252394803024404084822370271112 9 974 62
1996.35590214 0.163789749146 5 19960510115017392436824394640220525271112 7 1459 24
1996.35594144 0.0583282709122 5 19960510121057619578424394563258285371112 25 773127 80094
1996.3904433 -0.0946635007858 5 19960523023733424205326629109041199371112 6 1263756 79519
1996.39315071 0.0203231573105 5 19960524022132814753726501971252478371112 8 1136921 79469
1996.39318165 -0.0358219146729 5 19960524023749282668126516005677829371112 7 1218999 79469
1996.39321289 -0.110053062439 5 19960524025415007848526536780046846071112 7 805150 79469
1996.39334551 -0.00851130485535 5 19960524040400395591226610213601400371112 6 2007139 79519
1996.39591569 -0.140664935112 5 19960525023549103676026331684188127371112 5 1253774 79494
1996.39866367 -0.101431012154 5 19960526024108594785426085063238837371112 12 944219 79319
1996.39869227 -0.0524892807007 5 19960526025611200791326090721428522371112 8 1129 80
1996.39874043 -0.141734957695 5 19960526032131061409126108436637253071112 9 1662 8
1996.39883442 -0.0801923274994 5 19960526041057166153426138377183013371112 7 1563 59
1996.39885763 -0.0300326347351 5 19960526042309400840026148971820844371112 8 1453 61
1996.4013408 -0.0783666372299 5 19960527020912529750925783106993987371112 21 1009 88
1996.40136382 -0.121834993362 5 19960527022118911604825781076058389371112 7 1243 54
1996.4014416 -0.114132404327 5 19960527030213288745625773563277953271112 6 1282154 79669
1996.40146726 -0.119981408119 5 19960527031543226791525776012731340271112 6 953130 79619
1996.40155538 -0.129850745201 5 19960527040203991638525800976670499371112 13 1255 45
1996.40158703 -0.098219037056 5 19960527041842724840525810254064262371112 13 845 74
1996.40166484 -0.0546816587448 5 19960527045938260544525844220006458071112 15 1401 13
1996.40171784 -0.138771414757 5 19960527052730895601725868937333165071112 5 923 63
1996.40419493 -0.0822508335114 5 19960528031022044294925430174273618371112 66 486192 79719
1996.40421448 -0.0955699682236 5 19960528032039007785525429144808382371112 50 526215 79769
1996.40430354 -0.0138989686966 5 19960528040729424955825423487656573271112 20 848 42
1996.4043439 -0.0442316532135 5 19960528042843054721225443246226269071112 21 743 21
1996.4044596 -0.108710885048 5 19960528052934381043825472534553110371112 58 556123 79769
1996.40453435 -0.234149217606 5 19960528060853314972725504197702591371112 7 1949 30
1996.40964968 -0.0264091491699 5 19960530025920836115924721927530355371112 14 1186 9
1996.4096744 -0.0726081132889 5 19960530031220701359424711680913722371112 23 873 33
1996.40985759 0.029288649559 5 19960530044841888817224668873147732371112 17 856 38
1996.40988911 -0.0445610284805 5 19960530050516631888424667529297520371112 31 775 31
1996.40999744 0.116606593132 5 19960530060215211874324676141878400371112 8 1825 1
1996.41003726 -0.00742959976196 5 19960530062311893372724684263102290371112 30 726 33
1996.41010169 0.0152668952942 5 19960530065705119788924689807894681271112 12 1252 10
1996.42689652 0.0748372077942 5 19960605101029693626423867089977565371112 50 398198 80069
1996.42691201 0.0820993185043 5 19960605101838363331023867485856190371112 40 360 0
1996.42693771 0.0811109542847 5 19960605103209410984523860250705350071112 12 910 0
1996.42696666 0.128769636154 5 19960605104723041116523863449411190071112 17 850 0
1996.42707619 0.132131099701 5 19960605114459597948423897440735714371112 35 766 70
1996.42709541 0.0923526287079 5 19960605115505981302723903949524170371112 18 650 0
1996.42942458 0.0335336923599 5 19960606082009145786424126452833190371112 7 2100 0
1996.42945905 0.1049015522 5 19960606083816790599124110943004088371112 32 951 74
1996.42949517 -0.00772643089294 5 19960606085716882118424087036526799071112 14 621499 79994
1996.42952665 0.0407027006149 5 19960606091350185105824075978438520071112 16 930 0
1996.42963377 0.0807783603668 5 19960606101010676355824059357661253371112 14 855 97
1996.42965439 0.0280221700668 5 19960606102101424188024056548611250371112 31 480 0
1996.42968867 0.0109610557556 5 19960606103903075930724044935756720271112 12 730 0
1996.42971078 0.0411206483841 5 19960606105040794976224044045427921271112 19 809 64
1996.42977972 0.0890446901321 5 19960606112656635873224055545687360371112 26 830 0
1996.4298052 0.100588798523 5 19960606114020432535224058765386460371112 36 598167 79994
1996.43794469 -0.0118863582611 5 19960609110123377602924911090393460371112 22 930 0
1996.43797151 0.0131536722183 5 19960609111529726298524899704499260371112 8 1550 0
1996.47528904 -0.0944995880127 5 19960623022301507020626173409029685371112 5 1215999 79594
1996.48074785 -0.0928356647491 5 19960625021408408863925491760643417371112 7 831 68
1996.48077426 -0.109619855881 5 19960625022801732545925492706276470371112 16 800 0
1996.4808287 -0.160506129265 5 19960625025639829180925498521536850371112 7 1050 0
1996.48085896 -0.0324341058731 5 19960625031234687480225507155839771071112 6 868 43
1996.48088915 -0.0374928712845 5 19960625032827543885725514109729750071112 13 810 0
1996.48091453 -0.107840418816 5 19960625034148475123525517801031693371112 18 1141 58
1996.48092642 -0.131520628929 5 19960625034803581260025521394399560371112 23 1070 0
1996.480971 -0.152047514915 5 19960625041130439967925536743574602371112 4 1294 75
1996.48362946 -0.0174361467361 5 19960626032945196824225099866573000371112 14 900 0
1996.48364923 -0.0844557285309 5 19960626034008820906725102019641590371112 32 730 0
1996.48370221 -0.0164439678192 5 19960626040800801508425097987231258271112 20 632108 80119
1996.48375524 -0.0438191890717 5 19960626043554456637725124534172541371112 14 1292 44
1996.48376693 -0.034898519516 5 19960626044203196626025128088666880371112 23 870 0
1996.48378217 -0.043977856636 5 19960626045004067246025133024724220371112 10 1166 52
1996.49178386 -0.222702383995 5 19960629025838292327024017588840221371112 12 1566 0
1996.49180717 -0.122440695763 5 19960629031053871112424006365138790371112 30 1040 0
1996.49182462 -0.184261918068 5 19960629032004518520923998507981791371112 18 1092 12
1996.49197798 -0.0561174154282 5 19960629044044167891523950732877369371112 8 968 11
1996.49200924 0.0204675197601 5 19960629045710807007623945871498670371112 8 1065 38
1996.4922338 0.0841636657715 5 19960629065517438332723959743548352371112 8 1207 8
1996.49224872 -0.0377197265625 5 19960629070308302509723963563697220371112 18 1280 0
1996.49226464 -0.0257318019867 5 19960629071130526665023968006389567371112 8 962 7
1996.50322494 0.0542058944702 5 19960703071611219945723628343711509371112 15 1400 5
1996.50325088 -0.011357665062 5 19960703072949894036523620987077550371112 31 610 0
1996.50340028 0.058616399765 5 19960703084824651454923600550239143371112 75 370178 80169
1996.50342202 0.0829038619995 5 19960703085950642695023600814514220371112 71 450 0
1996.50344023 0.0162522792816 5 19960703090925528398223593116336340071112 8 890 0
1996.50347174 0.026051402092 5 19960703092559778783823596025509490071112 31 564104 80169
1996.50358334 0.126711845398 5 19960703102441545302323619007977113271112 32 539 88
1996.50359909 0.104581475258 5 19960703103258746128623624138820271271112 39 382 97
1996.50365482 0.0758270025253 5 19960703110217280429523655474620092371112 41 514176 80194
1996.50882032 0.0836313962936 5 19960705081908224143024151221742549371112 35 577224 80069
1996.50882879 0.0801386833191 5 19960705082335427116824147947554850371112 67 440 0
1996.50884083 0.0859569311142 5 19960705082955424664724143469086625371112 47 569291 80069
1996.50885847 0.129167318344 5 19960705083912180519024137292790520371112 29 840 0
1996.50887102 0.146502494812 5 19960705084548146260124133185249588371112 14 1380 45
1996.50890412 0.0177927017212 5 19960705090312802516424114669901010071112 8 930 0
1996.50893227 0.0526649951935 5 19960705091801058074024107853957080071112 5 1160 0
1996.50904969 0.0542283058167 5 19960705101946478735224102703209560371112 49 550 0
1996.50906171 0.046481013298 5 19960705102605782240224102645722340371112 21 667243 80094
1996.5091172 0.105487108231 5 19960705105516884750624100775225564271112 24 865 63
1996.50913752 0.158282160759 5 19960705110558279148324103299538466271112 14 1394 17
1996.50923614 0.0754469633102 5 19960705115750379283224131336302720371112 75 370253 80094
1996.50925845 0.0597229003906 5 19960705120934461114524138950485230371112 25 510 0
1996.51167604 0.126681208611 5 19960706092107872611924486262988148371112 12 1246 86
1996.51170018 0.100827097893 5 19960706093349631575424478178952836371112 28 707104 80144
1996.51173742 0.0170238018036 5 19960706095324700108924459267581450071112 8 1200 0
1996.51179732 0.200114488602 5 19960706102455180831324452333423085271112 11 1868 5
1996.51181353 0.12196290493 5 19960706103326650797824449970298800271112 20 1360 0
1996.5118326 0.118264913559 5 19960706104328320060324447773657180271112 8 1123 16
1996.51191193 -0.0781285762787 5 19960706112511987883324457130704950471112 4 1890 0
1996.51194014 0.0303089618683 5 19960706114002044221824450336663492371112 20 882 78
1996.51195371 0.0416049957275 5 19960706114710533953824451817291020371112 36 630 0
1996.51196941 -0.016499876976 5 19960706115525848074024453949387883371112 18 1349 22
1996.51437022 0.0437542200089 5 19960707085809739905924913139296640371112 38 460 0
1996.51437976 0.0348267555237 5 19960707090310772886824908169911128371112 17 628247 80094
1996.51445476 0.156050920486 5 19960707094237581242124872302030898271112 9 1638 17
1996.51447898 0.0275008678436 5 19960707095521721764524862399605773271112 15 1045 45
1996.51456134 0.0606648921967 5 19960707103840917049424835662072050371112 42 570 0
1996.5146158 0.0585869550705 5 19960707110719652112324816321049970071112 10 1020 0
1996.514679 0.0592950582504 5 19960707114033922083424815599759180371112 40 689363 80094
1996.51470559 0.0310480594635 5 19960707115433176675324814382981060371112 38 550 0
1996.51718209 -0.057142496109 5 19960708093705553407425285164382820371112 12 970 0
1996.51728247 0.061430811882 5 19960708102953324607825235956264462371112 7 1733999 79869
1996.51730626 0.0438914299011 5 19960708104224028198825226120287360371112 23 968999 79894
1996.51739795 0.0344976186752 5 19960708113037677235125195791139870371112 10 1010 0
1996.51742853 0.0152167081833 5 19960708114642680877725188563748960371112 11 970 0
1996.55743675 -0.122164130211 5 19960723022926108111425599640049038371112 4 2778 26
1996.55750896 -0.100410819054 5 19960723030724717094625626410880970371112 8 1100 0
1996.5602189 -0.0606739521027 5 19960724025243932111125216798095483371112 30 742234 80294
1996.56025899 -0.0609253644943 5 19960724031348966154125227127698600371112 20 980 0
1996.56277028 -0.0667498111725 5 19960725011439324366224824850107710371112 11 1790 0
1996.56309999 -0.0115506649017 5 19960725040804121020724829791300610371112 19 1030 0
1996.56311627 -0.0362080335617 5 19960725041638151645124834618170087371112 5 1235 24
1996.56562921 -0.0206394195557 5 19960726021820288423924418208898109371112 21 856 70
1996.56564429 -0.0233601331711 5 19960726022616308629724414875066280371112 49 530 0
1996.56565435 -0.0183820724487 5 19960726023133856785624412869813170371112 29 646172 80394
1996.56567491 0.063685297966 5 19960726024222441710124393314917171271112 10 1403 34
1996.56570663 0.0426434278488 5 19960726025903554946324389239503030271112 15 1090 0
1996.56597784 -0.0297819375992 5 19960726052142147168424439248528082371112 11 1424 25
1996.56599804 -0.0982969999313 5 19960726053219783876124446266481200371112 17 852114 80519
1996.56833506 -0.0745311975479 5 19960727020130557693524089845368657371112 19 902 63
1996.56835611 -0.0287551879883 5 19960727021234845245924080701892853371112 14 950 95
1996.56852399 -0.00926399230957 5 19960727034052783560024033846217070371112 12 1495 12
1996.56855988 0.0152410268784 5 19960727035945204717224030044896414371112 20 901 72
1996.56880927 -0.0351270437241 5 19960727061055506800224062660012544371112 21 976 33
1996.56883143 -0.0250008106232 5 19960727062234590150724070160343560371112 20 670 0
1996.58585206 0.152786493301 5 19960802113445022206923998099729980371112 12 1390 0
1996.63676223 0.0307114124298 5 19960821015127687681725282808875510371112 5 1210 0
1996.63678754 -0.0184234380722 5 19960821020446621173025290467310775371112 15 915503 80319
1996.6395257 -0.0542914867401 5 19960822020456116110124926418474631371112 20 799523 80169
1996.63954769 -0.0464223623276 5 19960822021630244802724930246020770371112105 390 0 80160
1996.63957902 -0.0607656240463 5 19960822023259006110424935802423885071112 23 614176 80219
1996.63964171 -0.044423699379 5 19960822030557146647824955044046500371112 19 940 0
1996.63967004 -0.0668812990189 5 19960822032051341935024965033399065371112 55 555999 80294
1996.68436856 -0.0442534685135 5 19960907111029184184526605847887561371112 6 814999 79994
1996.6872293 -0.0381015539169 5 19960908121507508112326667529394702371112 5 1395185 80069
1996.71316815 0.115491747856 5 19960917233755238167425182176187383371112 6 1229 7
1996.71320612 -0.0393849611282 5 19960917235753515721025187861463712371112 11 1503 7
1996.71324201 -0.0460834503174 5 19960918001645915293025195413075134371112 8 1729 5
1996.71890592 -0.00705623626709 5 19960920015545487826124669789086880371112 9 1016999 80019
1996.71891794 0.00430834293365 5 19960920020204653510024672323532900371112 16 740 0
1996.71893504 0.0599477291107 5 19960920021104339979124676320488276371112 9 1306999 80044
1996.71900211 0.0304005146027 5 19960920024620869182224696252082660371112 6 1210 0
1996.7190268 0.0235991477966 5 19960920025920022549424705215755201371112 14 895999 80044
1996.72168904 -0.0309414863586 5 19960921021933965895324399424141235371112 7 1330 66
1996.7218424 -0.0154252052307 5 19960921034013603418924434140615030371112 22 860 0
1996.7218665 -0.0217089653015 5 19960921035254115163024442810114258371112 15 854184 79994
1996.72430678 -0.0127046108246 5 19960922011623749211324178058064440371112 41 460 0
1996.7243325 -0.0405474901199 5 19960922012955308533024171479986014371112 30 482473 80019
1996.72435761 -0.00661420822144 5 19960922014307803949124166139660284371112 26 649229 80019
1996.72441826 -0.0224483013153 5 19960922021501544752324152447959928071112 10 859 62
1996.72444595 -0.0334621667862 5 19960922022935450604824150744531578071112 17 839122 80044
1996.72447759 0.0534590482712 5 19960922024613941606324140624861178271112 5 848135 80069
1996.72450741 0.0567420721054 5 19960922030154998871124141838346543271112 13 791241 80069
1996.72457881 -0.0279417037964 5 19960922033928319630624166007763840371112 36 560 0
1996.72460922 -0.0257097482681 5 19960922035528047196124172440790230371112 14 730 0
1996.7246893 -0.0139544010162 5 19960922043735071657424196277493214371112 21 690136 80094
1996.72471939 -0.0653059482574 5 19960922045324667046324207673692480371112 31 470 0
1996.72707336 -0.0359736680984 5 19960923013130167678324003860110591371112 53 418311 80069
1996.72709043 -0.0549175739288 5 19960923014028980560923997372931026371112 52 355321 80069
1996.72710497 -0.0372735261917 5 19960923014807713527523992220603270371112 93 300 0
1996.72711492 -0.0204136371613 5 19960923015321743488523988892699856371112 53 440333 80069
1996.7271825 0.022932767868 5 19960923022854332769023964916815195071112 11 1261 16
1996.72721543 -0.0268741846085 5 19960923024613653010123958903796930071112 11 1710 0
1996.72730628 -0.0450844764709 5 19960923033400816839923944369881720271112 14 1320 0
1996.72737839 -0.028796672821 5 19960923041156347816923962715771836371112 12 1210 22
1996.72740374 -0.0083372592926 5 19960923042516403159323966564208380371112 72 383476 80169
1996.72742468 -0.0155177116394 5 19960923043617228122523970560387492371112 76 301501 80119
1996.72756139 -0.0476678609848 5 19960923054811334806524013859684130371112 39 510 0
1996.72757934 -0.0533846616745 5 19960923055737746410324021609876986371112 28 659159 80094
1996.72981496 -0.00834429264069 5 19960924013328666931223914817869986371112 34 557130 80244
1996.7298455 -0.00779736042023 5 19960924014932405950823899340437390371112 29 720 0
1996.72987642 0.0325709581375 5 19960924020548210276623873983345550271112 10 900 0
1996.72990564 -0.00549530982971 5 19960924022110135468223861814759972271112 7 893 76
1996.73003301 -0.0303407907486 5 19960924032809622672423836325750488371112 30 660 95
1996.73005154 -0.0138738155365 5 19960924033754437862423833327253115371112 26 819 93
1996.73016616 -0.070333480835 5 19960924043811582454123828377452739371112 22 679 80
1996.73018182 -0.0543999671936 5 19960924044625847631123829523652217371112 23 836108 80294
1996.73833649 -0.0352003574371 5 19960927041527615077324074555694316371112 44 569133 79744
1996.7383679 -0.0550467967987 5 19960927043158724186524061558770138371112 31 540 42
1996.73840261 -0.198605418205 5 19960927045014249494724043721167938071112 11 1436 5
1996.74402069 -0.0359659194946 5 19960929060507181643024654739200097371112 12 1350 1
1996.74405429 -0.0539556741714 5 19960929062247757841824643311623948371112 11 1478 4
1996.7440898 0.0181339979172 5 19960929064128133873324633080231191371112 8 1372 4
1996.74677276 0.0434528589249 5 19960930061236072882725062906268690371112 13 1440 0
1996.74681087 0.00364542007446 5 19960930063238820829525046343085090371112 33 670 0
1996.74732881 0.0567809343338 5 19960930110503524091925046204688013371112 31 479 63
1996.74957781 0.0193481445312 5 19961001064756685000625461628330794371112 7 1167 24
1996.74961254 0.0317659378052 5 19961001070612777229425445377293295371112 12 976 48
1996.74963589 0.0433937311172 5 19961001071829604393925435235291486371112 5 1531 6
1996.74993542 0.0438977479935 5 19961001095601964514725374806066643371112 7 934 10
1996.74996824 -0.00555813312531 5 19961001101317594206725377129287691371112 11 939 9
1996.75274604 0.022664308548 5 19961002103418534904225734375801900371112 11 770 0
1996.75276455 -0.0138657093048 5 19961002104402484402825734454247960371112 29 540 0
1996.79551445 -0.010039806366 5 19961018012846957140324619762391780371112 7 1960 0
1996.79555148 0.00706362724304 5 19961018014815459149524633983993988371112 23 752999 80169
1996.79810798 -0.0173590183258 5 19961019001252399076524431374344890371112 27 670 0
1996.79813179 0.00236797332764 5 19961019002523629731724430766881831371112 10 654605 79994
1996.79826889 0.0278021097183 5 19961019013730470145624446103837407371112 8 1108999 79969
1996.80098305 -0.0402106046677 5 19961020012502632819824303018791036371112 8 965 46
1996.80107557 -0.00357627868652 5 19961020021342264465724311848745250371112 8 970 0
1996.80130185 0.0211491584778 5 19961020041243351928524391567883170371112 10 1540 0
1996.80363845 -0.0133111476898 5 19961021004140903104624229757310103371112 24 714258 79369
1996.80366204 -0.0462107658386 5 19961021005405281628924223159188050371112 89 310 0
1996.80370902 -0.0259492397308 5 19961021011847902149024212844145849371112 47 481355 79394
1996.80919639 0.17303788662 5 19961023012455923145624205316144470371112 4 3930 0
1996.80922291 -0.16107237339 5 19961023013852842706424193541761560371112 7 2120 0
1996.8093357 -0.0502392053604 5 19961023023812312869624156002365998371112 9 1278 15
1996.80946043 -0.0403480529785 5 19961023034348530854324140137392010371112 11 1043 70
1996.80947907 -0.0191813707352 5 19961023035336583933824140184977289371112 23 1061 35
1996.81258522 -0.101306438446 5 19961024070719181118224277413999930371112 7 1640 0
1996.81261266 -0.0804693698883 5 19961024072145428135424291855843860371112 7 1810 0
1996.81265528 -0.0512199401855 5 19961024074410373859424316384943310371112 25 480 0
1996.82890436 0.036209821701 5 19961030061032311173925861540727773371112 11 1214 4
1996.82894983 -0.0432327985764 5 19961030063427216613525838925551360371112 11 1210 0
1996.82916005 -0.0285449028015 5 19961030082501297689825768766858479371112 8 1762 2
1996.84035086 0.010067820549 5 19961103103056284808726531583340795371112 9 1308999 80169
1996.84037896 -0.0308163166046 5 19961103104543062237426518719827480371112 9 870 0
1996.84326989 -0.106570124626 5 19961104120613800458626462930919380371112 3 1020 0
1996.84330247 -0.0342738628387 5 19961104122321934321326451879077046371112 8 1271999 79894
1996.84342834 -0.023484826088 5 19961104132934039805526426349626491371112 5 724115 80019
1996.84344705 -0.00730979442596 5 19961104133924684805926424959482020371112 8 1070 0
1996.843484 0.0511348247528 5 19961104135850775234826424072808740371112 13 1059101 80044
1996.84604883 -0.025443315506 5 19961105122750448397526365666973349371112 12 845999 79894
1996.84606246 0.0203632116318 5 19961105123500697509926359472242840371112 3 1420 0
1996.84617204 -0.0718871355057 5 19961105133238865098926320833891156371112 6 1593 20
1996.8461837 -0.0388810634613 5 19961105133846765074026317940049570371112 18 980 0
1996.87778925 0.0318579673767 5 19961117024202084024124338839199200371112 6 840 0
1996.8802914 -0.00980293750763 5 19961118003803998892924287749811951371112 19 470982 80294
1996.88032058 0.0177351236343 5 19961118005324744226724287394103014371112 23 483999 80269
1996.88035027 -0.123455524445 5 19961118010901648070524281972071939071112 5 1232 55
1996.8803792 -0.102060556412 5 19961118012414685769124284691650954071112 16 547305 80319
1996.88041231 0.0926837921143 5 19961118014139527411924286739261633271112 8 1384999 80269
1996.88048573 0.0253894329071 5 19961118022016607216424313958028044371112 15 616999 80319
1996.88069024 0.0437264442444 5 19961118040750298479324408682297801371112 6 1251 56
1996.88311449 -0.0412439107895 5 19961119012253847526924349628555760371112 58 310 0
1996.88340147 0.00348424911499 5 19961119035350169261624407577719070371112 16 840 0
1996.8834304 0.0385837554932 5 19961119040903035859424421127710260371112 7 1235106 80069
1996.88356258 -0.107755541801 5 19961119051834432261924497989554877371112 6 2006 4
1996.89416421 -0.0388196706772 5 19961123021436556454824981656758433371112 11 1451 8
1996.89418169 0.00713610649109 5 19961123022348221355224973652304517371112 14 1022 10
1996.89420773 0.00974416732788 5 19961123023729978804324963487774800271112 7 2280 0
1996.89424394 -0.0168699026108 5 19961123025632689953424949574513630271112 22 1070 0
1996.8943479 0.0279402732849 5 19961123035113433369224920187350910371112 18 1380 0
1996.89436324 -0.0424848794937 5 19961123035917286912124917503815792371112 17 544 58
1996.89438434 -0.0280401706696 5 19961123041023388634524914471103443371112 19 960 26
1996.89488539 -0.0765111446381 5 19961123083355125398525067368882570371112 15 1130 0
1996.89492305 -0.00657033920288 5 19961123085343545181025093922071670371112 12 1480 0
1996.91676356 -0.0732405185699 5 19961201082057762984526609790546480371112 10 1520 0
1996.91681109 0.0115277767181 5 19961201084557600180126582561797390371112 12 810 0
1996.91698477 -0.0759595632553 5 19961201101718442373326509950180568371112 11 748150 79719
1996.91701174 -0.0517303943634 5 19961201103129774305426502958532554371112 5 999 80
1996.91703096 0.0173696279526 5 19961201104136282849026498735833520371112 13 960 0
1996.91720489 -0.00554764270782 5 19961201121304964890026490241472080371112 4 1160 0
1996.91724978 -0.0741970539093 5 19961201123641641128326496826577280371112 9 1010 0
1996.91959424 -0.0549951791763 5 19961202090947165456726577018240098371112 30 485999 79594
1996.91962076 -0.0412225723267 5 19961202092344182323426560808720520371112 39 370 0
1996.91965008 -0.136260390282 5 19961202093909515752726545647831570071112 4 381999 79544
1996.91969833 0.00155353546143 5 19961202100431893246726515231847540271112 24 550 0
1996.91974458 -0.0259464979172 5 19961202102851476632826497849130730371112 34 480 0
1996.91976647 -0.0440024137497 5 19961202104022486473126489121534427371112 9 899229 79494
1996.91996942 -0.0328040122986 5 19961202122707044797126447284251040371112 5 1160 0
1996.92806572 -0.032923579216 5 19961205112526701287525977496818310371112 5 1708999 79969
1996.92822003 -0.12421476841 5 19961205124636363710725885661526158371112 7 805999 79919
1996.95980673 0.0445246696472 5 19961217013956890710224368325666174371112 3 873882 79269
1996.9600318 0.00428926944733 5 19961217033819649390024475842635665371112 7 692999 79319
1996.96545621 0.0416450500488 5 19961219031120805987624809100719590371112 10 630 0
1996.96549035 -0.0447655916214 5 19961219032918132950724819413203506371112 7 1585 30
1996.9656976 0.0405142307281 5 19961219051818565447924922724581510371112 6 1270 0
1996.96573433 0.147516131401 5 19961219053737608218924947430563701371112 3 1660 11
1996.96795433 -0.00401842594147 5 19961220010515701661425050236616766371112 17 516154 79644
1996.96797333 0.031679391861 5 19961220011515284707025044593934900371112 25 877 62
1996.96806275 0.0778042078018 5 19961220020217024574825027126813129271112 8 689 74
1996.96809351 0.0710966587067 5 19961220021827887604125023857954548271112 6 805137 79694
1996.96817836 0.0330216884613 5 19961220030305420168425022619625456371112 23 666 92
1996.96819792 0.019367814064 5 19961220031322653439125024414653190371112 23 690 0
1996.96830459 -0.0712368488312 5 19961220040928946915225043245649226071112 14 631 17
1996.96837984 -0.00392389297485 5 19961220044903605947825073535836125371112 10 1273 29
1996.96842057 0.0812345743179 5 19961220051028959138125092178118890371112 9 1970 0
1996.9684944 0.0500719547272 5 19961220054918950199825132943401610271112 13 1800 0
1997.00470683 -0.0794268846512 5 19970102111536329062825969833965620371112 7 1150 0
1997.0048736 -0.0332170724869 5 19970102124319111822525908928968054371112 16 872999 79969
1997.0049153 -0.113515853882 5 19970102130515175253425901378053552371112 6 1600193 79969
1997.00504043 -0.1487596035 5 19970102141103979194225897666393333371112 10 677 66
1997.03914294 0.0530636310577 5 19970115010737168015824493598669167371112 7 1154887 79369
1997.03915996 0.0755558013916 5 19970115011634420959524499050068880371112 17 610 0
1997.03917188 0.0900114774704 5 19970115012250498020124503169059315371112 10 674999 79419
1997.03939526 -0.0414841175079 5 19970115032019938967124622975482520371112 4 1180 0
1997.04182603 0.0585827827454 5 19970116003849157649124805177238322371112 16 539999 79894
1997.04184894 0.0777899026871 5 19970116005052135950824806446860210371112 13 690 0
1997.04189422 -0.0615202188492 5 19970116011441059596124807752341806071112 5 968 50
1997.04197057 -0.0446466207504 5 19970116015450368841224825115154272071112 6 1020184 80044
1997.04211772 0.0474218130112 5 19970116031214125471224890772467400371112 3 2050 0
1997.04214848 0.0123327970505 5 19970116032825016717724908071019925371112 6 1202261 80069
1997.05042567 0.0331020355225 5 19970119040153185801225728527442370371112 8 1543 26
1997.05044095 0.0635117292404 5 19970119040955385646525731569773960371112 16 1080 0
1997.05045623 0.0928916931152 5 19970119041757585491925735014064122371112 8 1577 11
1997.08169651 -0.0552868843079 5 19970130140905810145826019972174763371112 5 1447 -1
1997.08977477 -0.0327839851379 5 19970202125756292174524923017733193371112 7 2209999 79769
1997.08979803 -0.0299773216248 5 19970202131010231450424913667981380371112 8 1020 0
1997.11854248 0.037440776825 5 19970213010836079388424706748347578371112 6 828999 79444
1997.11855536 0.0661104917526 5 19970213011522617905624712222249930371112 11 930 0
1997.11856695 0.0464245080948 5 19970213012128453874424717384472750371112 4 1152999 79444
1997.11871063 0.0354959964752 5 19970213023702446169724798806564300371112 7 1260 0
1997.12412393 -0.00790500640869 5 19970215020413179160425464012256747371112 9 727999 80344
1997.12431848 0.0946633815765 5 19970215034632993038225542462553736371112 4 1262373 80394
1997.12681728 -0.0250601768494 5 19970216014048987298525784855945680371112 6 826 30
1997.12684864 0.0552815198898 5 19970216015718698100125785080549343371112 12 1259 51
1997.12703071 0.0589547157288 5 19970216033304278847825819917358649371112 10 1681 28
1997.12706852 0.126983046532 5 19970216035257486972025834171113590371112 6 1710 0
1997.13000703 0.0176730155945 5 19970217053829980794226159451486332371112 8 952 54
1997.1353935 -0.0216714143753 5 19970219045133856944326443952553018371112 15 1206 4
1997.13544415 -0.0340296030045 5 19970219051812324377226449526139670371112 21 1070 0
1997.1356382 -0.00645518302917 5 19970219070016039847626511023910055371112 31 666 49
1997.13567064 -0.0599287748337 5 19970219071719634439226527059399436371112 10 1494 20
1997.1356923 0.134295105934 5 19970219072843276793626540825747730271112 5 1318 2
1997.13573096 0.179189324379 5 19970219074903469104926562929633208271112 12 1265 6
1997.13575916 0.0979908704758 5 19970219080353197861826580227203113271112 7 675 60
1997.15486854 -0.138056755066 5 19970226073439349809826279567285360371112 5 2800 0
1997.15489812 -0.0468187332153 5 19970226075013006828626264862080700371112 7 1710 0
1997.15492699 0.0667062997818 5 19970226080523873460426251844176850371112 9 1890 0
1997.15772676 -0.0442340373993 5 19970227083757980093026046475159165371112 41 491168 79169
1997.15774679 -0.0806251764297 5 19970227084830125414126037177523610371112 43 680 0
1997.15798355 -0.0435979366302 5 19970227105301631173325979080577300371112 14 920 0
1997.15800817 -0.0144910812378 5 19970227110558497587725978759232615371112 9 1097 46
1997.1605202 -0.0760709047318 5 19970228090712313046525795663593260371112 15 784191 78644
1997.16053905 -0.0365676879883 5 19970228091707093580125785674500350371112 17 870 0
1997.16056224 -0.0590929985046 5 19970228092918915240625774125149502371112 14 871188 78644
1997.16059222 -0.119672417641 5 19970228094505023231325758802441540071112 6 1020 0
1997.16069494 -0.0321836471558 5 19970228103906746637325724826611940371112 21 850 0
1997.16071746 -0.0630929470062 5 19970228105057438841125719438040430371112 16 910 0
1997.16079884 0.168174266815 5 19970228113345520597425691272235454271112 10 1731 28
1997.16082839 0.0226768255234 5 19970228114918022564725689781021030271112 9 1040 0
1997.16090839 -0.0487594604492 5 19970228123122650347025709713412012371112 20 949126 78694
1997.16331537 0.054455280304 5 19970301093721231630525498997567810371112 1 1370 0
1997.16335718 -0.124370217323 5 19970301095920514809525474889080886371112 15 896190 78994
1997.16338393 -0.111218810081 5 19970301101324672228025460798137504371112 20 678923 79019
1997.16350539 0.025861620903 5 19970301111717665003725393834228088271112 3 828 14
1997.16353484 0.0591472387314 5 19970301113246950479525385423654350271112 10 1130 0
1997.16358728 -0.0431514978409 5 19970301120021981160425391404166258371112 13 1281436 79019
1997.1636004 -0.0692976713181 5 19970301120716120657525389347141810371112 25 580 0
1997.16361279 -0.0513007640839 5 19970301121347063315225387681723654371112 14 784838 79044
1997.16374303 -0.0780055522919 5 19970301132216906771225386312264120371112 4 1060 0
1997.16377044 -0.121576070786 5 19970301133642122666025389703014376371112 22 592153 79094
1997.16641843 -0.100093841553 5 19970302124926139133925030908674640371112 23 850 0
1997.16643492 -0.0703709125519 5 19970302125806510884925028016848930371112 4 1100 0
1997.16645939 -0.0731490850449 5 19970302131058944614125024590909300371112 3 3190 0
1997.16653375 -0.0493543148041 5 19970302135005518433025020520116275371112 17 1020 65
1997.16911629 -0.0545259714127 5 19970303122824168431924691171653482371112 3 2310263 79619
1997.17190137 -0.140629529953 5 19970304125314720127324336200717920371112 9 1044999 79619
1997.17192887 -0.141021966934 5 19970304130742435660624322427866390371112 8 1661999 79619
1997.20622175 0.193124651909 5 19970317014423440846126042018134700371112 5 3073 70
1997.20627825 0.0359826087952 5 19970317021406550066026048618060710371112 7 950 0
1997.20641536 0.0453473329544 5 19970317032613359990226087316693133371112 12 879999 80094
1997.20642828 0.0468891859055 5 19970317033301123072326092564367680371112 20 940 0
1997.20644766 0.0476491451263 5 19970317034312767695726100929507997371112 8 1815 97
1997.2066093 0.0280215740204 5 19970317050813493349026191886063629371112 4 2150 30
1997.20664267 -0.0444098711014 5 19970317052546789292926214829213890371112 7 1860 0
1997.20892158 0.0425870418549 5 19970318012423559059326296519103235371112 22 745167 80119
1997.20896245 0.00657784938812 5 19970318014553483363326290528209594371112 14 602106 80119
1997.20902264 0.0823202133179 5 19970318021732934185126290652054405271112 9 950165 80169
1997.22585849 -0.0118342638016 5 19970324055232032516226378015388650371112 13 1530 0
1997.23991369 0.000490069389343 5 19970329090500325994525395540718270371112 10 1460 0
1997.28313378 -0.00769972801208 5 19970414035702709863326133121346043371112 4 813194 79869
1997.28565612 0.0309787988663 5 19970415020341556628826243099445410371112 4 1230 0
1997.28582019 0.0198205709457 5 19970415032959347390026300074748940371112 27 540 0
1997.28583541 0.0222642421722 5 19970415033759461455526307528867276371112 13 803999 79969
1997.2858561 0.0156673192978 5 19970415034852380723326318212147640371112 14 870 0
1997.28597349 -0.0174107551575 5 19970415045036872248426389744234420371112 8 1060 0
1997.28859226 0.0350502729416 5 19970416034759089318626448389160495371112 9 1491 78
1997.288609 0.00855147838593 5 19970416035647239601426454798949920371112 20 520 0
1997.28862013 0.0162742137909 5 19970416040238702847726459312648935371112 12 677182 80169
1997.28876245 -0.0465704202652 5 19970416051730028409426533174450030371112 6 650 0
1997.2888031 -0.00723838806152 5 19970416053852846442526559189603490371112 9 1470 0
1997.2888321 -0.002121925354 5 19970416055407745159326578876445132371112 33 610129 80144
1997.29117337 0.0116387605667 5 19970417022532860313626502868678690371112 15 940 0
1997.29120061 0.0111798048019 5 19970417023952281384126501323693350371112 14 900 0
1997.29130168 -0.00763833522797 5 19970417033301742357026507242492497371112 10 836 98
1997.2913261 -0.0451732873917 5 19970417034552390603826511412064149371112 24 487191 80244
1997.29671185 0.00447082519531 5 19970419025833835386626478658482026371112 23 495109 79719
1997.29675035 0.0155898332596 5 19970419031848745273526467856695097371112 17 885 35
1997.32212239 0.0213108062744 5 19970428094329664848424732420267794371112 15 752138 79419
1997.32214596 0.00850510597229 5 19970428095553400979324722358696660371112 34 500 0
1997.3222976 0.0517262220383 5 19970428111538898018424679016148660371112 32 690 0
1997.32231609 -0.00571167469025 5 19970428112522171702724676378077990371112 14 780 0
1997.32233915 -0.062739610672 5 19970428113729810572524673912619440371112 7 1890 0
1997.32245368 0.0621011257172 5 19970428123744261016924675239574921371112 15 1162 5
1997.32497806 -0.00191986560822 5 19970429104527668191224525495660720371112 25 720 0
1997.32501527 -0.014453291893 5 19970429110501993233324510764432560371112 19 520 0
1997.32507301 -0.00346970558167 5 19970429113524157116524492341738089371112 10 746237 79669
1997.32509661 0.0116536617279 5 19970429114748907901524486415199090371112 42 570 0
1997.32519945 0.0127152204514 5 19970429124154117316524471789900760371112 19 830 0
1997.32522791 -0.012591958046 5 19970429125652345533124470998474477371112 18 931 43
1997.37054003 -0.0706362724304 5 19970516020914078148326457430554550371112 7 940 0
1997.37057001 0.00258052349091 5 19970516022500088091826457025059330371112 19 1130 0
1997.3707477 -0.119496107101 5 19970516035827580988326487789253060371112 4 1950 0
1997.37328081 -0.0115610361099 5 19970517021046386471626384030057147371112 7 1671 12
1997.37329505 0.031557559967 5 19970517021815714828026381203026770371112 10 1210 0
1997.373316 0.146013975143 5 19970517022916862375726377709661759371112 4 2366 12
1997.373558 0.0281301736832 5 19970517043633914343326395178548410371112 8 1830 0
1997.37359194 -0.106288552284 5 19970517045425067047926405846767160371112 7 960 0
1997.39862292 0.133935451508 5 19970526081942536839724492790131540371112 10 1706 48
1997.39863437 0.0520168542862 5 19970526082543913508624487616918970371112 33 820 0
1997.39874733 0.0321369171143 5 19970526092508718822324447443873748371112 42 520231 79619
1997.39878534 0.0411885976791 5 19970526094508326629824438599683289371112 9 783325 79619
1997.39895419 0.0128519535065 5 19970526111356843493124429362573821371112 50 393277 79644
1997.40143455 -0.024018406868 5 19970527085830889482724402555198692371112 7 732 67
1997.40145256 0.0164157152176 5 19970527090759277186224393802784734371112 9 850 94
1997.44993746 -0.0180906057358 5 19970614020906293729626351888889425371112 15 696207 79669
1997.44996898 -0.0305832624435 5 19970614022541195495126354717791552371112 21 692404 79669
1997.45009558 0.0128535032272 5 19970614033216340805626383651069750371112 8 1030 0
1997.45012481 -0.0302431583405 5 19970614034738774254626394123921470371112 10 1240 0
1997.45805545 -0.0110663175583 5 19970617011850824914525718573491270371112 4 1630 0
1997.45809017 0.0632532835007 5 19970617013706505098325698720161660371112 8 1630 0
1997.45821296 -0.049680352211 5 19970617024141158449925643604568686371112 22 710150 79819
1997.45824375 -0.0451049804688 5 19970617025753028929525633724406347371112 15 936 45
1997.45838128 0.0116100311279 5 19970617041013025488325610035700257371112 11 1237 44
1997.45841555 -0.0103982686996 5 19970617042814610692825609382867144371112 15 884 71
1997.46104079 -0.0348182916641 5 19970618032900817373125314761411151371112 22 788 32
1997.46108065 -0.0456157922745 5 19970618034958825729025301924445850371112 15 900 0
1997.46129331 0.00773644447327 5 19970618054149746662325280277160801371112 7 1949 0
1997.46130919 -0.000943064689636 5 19970618055010963837725281816622180371112 15 1510 0
1997.46132309 -0.00970137119293 5 19970618055729528866125283512009032371112 8 2091 8
1997.47802571 0.0750223398209 5 19970624082224052378224080217647299371112 9 1001 5
1997.47836187 0.0982539653778 5 19970624111912437912424049392786626371112 18 993230 79969
1997.4783716 0.111627936363 5 19970624112419634787224051454099660371112 31 610 0
1997.47838279 0.154662966728 5 19970624113012719183824054024094825371112 14 882 89
1997.48116244 0.0777428150177 5 19970625115211805316924072216989218371112 52 407235 80019
1997.48698819 0.101937770844 5 19970627145618431279124338176707231371112 13 1233 4
1997.56860488 0.0823520421982 5 19970727102325417028224800753315130371112 4 1180 0
1997.56879613 0.0365790128708 5 19970727120400668133524738376629735371112 12 911999 80144
1997.61696318 -0.0207579135895 5 19970814021757289107624865842546721371112 7 1105999 80319
1997.61700395 -0.0722427368164 5 19970814023923793275024856206862971371112 6 2008999 80294
1997.61995103 0.0252102613449 5 19970815042926648527524422292351861371112 24 937999 79994
1997.62275182 -0.0718214511871 5 19970816050232852496124038870950398371112 15 1848999 79969
1997.6908247 -0.165795207024 5 19970910014609566628125374285114074371112 6 1536999 80169
1997.72730608 -0.00179958343506 5 19970923093354401231925435135792380371112 9 1310 0
1997.72733323 -0.0428519248962 5 19970923094811136745225423968752536371112 10 615999 79894
1997.72749536 -0.0149936676025 5 19970923111327509662425378051221835371112 8 1075999 79969
1997.77015147 -0.0585941076279 5 19971009010851936337425071720289909371112 10 687999 79794
1997.77288861 0.00703418254852 5 19971010010829655071724712070015498371112 7 980999 80119
1997.77301281 0.00649559497833 5 19971010021348969793924704496486946371112 19 663999 80219
1997.77304501 0.0243066549301 5 19971010023045258406324706827246765371112 4 760999 80169
1997.78116168 0.209524989128 5 19971013013947736818323805579933740371112 8 1380 0
1997.78119774 -0.019308924675 5 19971013015845909582623786568301000371112 11 1180 0
1997.78141782 0.027941942215 5 19971013035431143488423716958588477371112 16 840999 79744
1997.78143547 0.0342297554016 5 19971013040348054844323715067463640371112 17 1020 0
1997.78171765 0.0919890403748 5 19971013063213046699123759239276261371112 6 1631999 79894
1997.78175943 0.00775289535522 5 19971013065411510090223776717359810371112 13 1100 0
1997.79822706 0.140269398689 5 19971019071530413636124454224151780371112 25 1940 19
1997.79825288 0.0653698444366 5 19971019072905242104724446719343670371112 17 1790 51
1997.79837652 0.0790103673935 5 19971019083406980847524424972088840371112 11 1880 31
1997.79840473 0.00642204284668 5 19971019084856972061224423502458588371112 11 936999 79919
1997.79856094 0.0450645685196 5 19971019101106829120524440186638148371112 31 490999 79894
1997.79874611 0.0808391571045 5 19971019114830318786724513777376025371112 5 2367999 79944
1997.7987813 0.0843197107315 5 19971019120700597000324533853750810371112 18 2210 29
1997.8010868 0.0751060247421 5 19971020081936723486624871392618716371112 7 1491999 80119
1997.80111793 0.0674120187759 5 19971020083559135610124863563162000371112 15 1173999 80119
1997.80114704 0.0116541385651 5 19971020085117848046324857559599018371112 20 708999 80119
1997.80132049 0.117392659187 5 19971020102231442640024850279070535371112 24 553999 80069
1997.80135724 -0.108747005463 5 19971020104151367082424853743814646071112 5 1654999 80094
1997.80140817 0.241449713707 5 19971020110838429908824864609730515071112 4 435999 80044
1997.80154176 0.0265783071518 5 19971020121854134423024915275178290371112 16 2590 19
1997.80166994 0.0163456201553 5 19971020132619426724224988581682042371112 8 827999 80194
1997.8016901 0.00505328178406 5 19971020133655383548825002163919605371112 8 948999 80194
1997.80390605 0.0428928136826 5 19971021090225612915525302911636128371112 6 565999 80094
1997.80430067 -0.112941384315 5 19971021122958979794625305442281380371112 5 2040 99
1997.80957135 0.0290946960449 5 19971023104208683804626040080334140371112 26 2070 99
1997.80969807 -0.00286459922791 5 19971023114847741277526007020914150371112 20 2430 99
1997.80973347 0.017471909523 5 19971023120724943433226002366014160371112 8 2710 99
1997.81802623 -0.0363750457764 5 19971026124904493462226617231142410371112 5 2480 99
1997.82078112 0.107296228409 5 19971027125802140912326688818422020371112 4 3340 32
1997.84668486 0.0134853124619 5 19971106000222260785425030442392921071112 8 1115999 80294
1997.84687305 0.0245577096939 5 19971106014121120106825072979469320371112 6 2820 99
1997.85250166 0.00643455982208 5 19971108030146528086824507142651321371112 19 614999 79969
1997.85251972 -0.0311448574066 5 19971108031116457698124512591600943371112 21 436999 79969
1997.85257459 -0.0869092941284 5 19971108034007870974124530805611500071112 8 522999 79969
1997.85260777 -0.0103665590286 5 19971108035734929920724545992676128371112 20 727999 79969
1997.85262865 0.0133738517761 5 19971108040833769223124555462193802371112 12 1394999 79969
1997.85496965 -0.0461509227753 5 19971109003950343487624254782679570371112 12 2220 99
1997.85499312 -0.0445822477341 5 19971109005210880231024247178650490371112 31 2170 99
1997.85505087 -0.0148751735687 5 19971109012233245662724231677037880071112 11 2200 58
1997.8551249 -0.0137522220612 5 19971109020129545898324222452849967371112 31 469999 79569
1997.85515123 -0.0170471668243 5 19971109021520412553524221237656320371112 19 642999 79569
1997.85518695 -0.036544919014 5 19971109023407552444124210899815534271112 6 644999 79594
1997.85533657 -0.0473881959915 5 19971109035249398912424247105338748371112 15 752999 79569
1997.85535957 0.00812816619873 5 19971109040455084228324254307464121371112 27 532999 79594
1997.855546 -0.0454925298691 5 19971109054258359376724340122619810371112 14 2320 99
1997.86064643 -0.0491886138916 5 19971111022535897913523860502683004371112 9 908999 79669
1997.86068876 0.0299813747406 5 19971111024751726590123848992682788371112 9 1544999 79644
1997.86101772 -0.045704126358 5 19971111054052758562423869422271566371112 13 822999 79594
1997.86104248 0.00771617889404 5 19971111055354041811423878548304730371112 7 2320 19
1997.86124439 -0.00735521316528 5 19971111074006096136123985040514260371112 18 2020 35
1997.88044761 0.0251715183258 5 19971118080013592472825245138892217371112 13 1379999 80019
1997.88048633 -0.0490312576294 5 19971118082035361303125235829964861371112 9 881999 80019
1997.8808314 -0.0329090356827 5 19971118112204956027825262043155307371112 9 989999 80019
1997.8808586 0.0190209150314 5 19971118113623418653425272702726930371112 18 2030 19
1997.88308643 0.120861172676 5 19971119070808296663125707338175544371112 9 2304999 80294
1997.88313409 -0.0125049352646 5 19971119073312488674625683505298291371112 15 824999 80294
1997.88329497 0.122826457024 5 19971119085749461536925623057741608371112 4 1255999 80244
1997.88335066 -0.107232570648 5 19971119092706845891825610680082639371112 10 1510999 80269
1997.88365718 0.0584256649017 5 19971119120819891768825635611003428371112 10 1264999 80294
1997.88367693 0.0331453084946 5 19971119121842948487525642753926323371112 20 866999 80269
1997.88371484 0.0228370428085 5 19971119123839535746825656178190132071112 7 998999 80269
1997.88389986 -0.0659543275833 5 19971119141558089788825765040454100371112 10 2080 4
1997.88391718 -0.0173015594482 5 19971119142504719040825777359924942371112 12 1148999 80369
1997.88935451 -0.00484549999237 5 19971121140453749607826248958598207371112 17 763999 79769
1997.89182402 -0.0610846281052 5 19971122114345749366926420383221712371112 9 533999 79569
1997.89187797 -0.0153838396072 5 19971122121208359752626408076660929371112 9 900999 79569
1997.89192271 -0.0724823474884 5 19971122123540136710626399140635101271112 9 773999 79594
1997.89446909 -0.0470410585403 5 19971123105457645893126605295811450371112 8 2170 99
1997.89450109 -0.0248897075653 5 19971123111147596064726587872206396371112 9 500999 79994
1997.89457147 0.0302739143372 5 19971123114848629230626549770831400271112 7 2050 99
1997.89462126 -0.0129667520523 5 19971123121459996227426530605368220271112 10 1970 99
1997.8946897 -0.0298871994019 5 19971123125059537112126515785758527371112 10 636999 80044
1997.89736251 -0.0170638561249 5 19971124121647236356426590422576229371112 6 617999 80244
1997.8977532 0.0720655918121 5 19971124154216425145626525830468429371112 11 1374999 80444
1997.9001808 -0.024499297142 5 19971125125905470999926533428315430371112 5 2250 99
1997.92342474 -0.0295788049698 5 19971204004428432177024848497305663371112 6 1361999 79744
1997.9261843 -0.0181024074554 5 19971205005553709638824640656977740371112 12 2090 99
1997.92636294 0.0191435813904 5 19971205022950988689824719261115880371112 10 2510 99
1997.94264265 0.111462950706 5 19971211011219813344724252139311970371112 8 1940 1
1997.94267865 -0.0854163169861 5 19971211013115868246624233639642050371112 6 1900 62
1997.95964839 0.108226656914 5 19971217061640046977125725878796065371112 9 1524999 80194
1997.95968956 -0.0330948829651 5 19971217063819360363925706897844776371112 11 1168999 80119
1997.9599228 0.0408333539963 5 19971217084059750558625643912744023371112 16 1259999 80044
1997.9599547 0.0424262285233 5 19971217085746511346125642044355937371112 18 1138999 80044
1997.95999548 -0.032479763031 5 19971217091913412773425639866001581071112 9 1559999 80069
1997.9600437 0.027801156044 5 19971217094434961650125643890374199071112 10 788999 80069
1997.96029936 -0.0318547487259 5 19971217115903132265825733789106770371112 25 1840 31
1997.96033044 0.0701061487198 5 19971217121523901596925751522280290371112 13 2340 15
1997.96318375 -0.0435229539871 5 19971218131607483682626064537149515371112 25 860999 79769
1997.96525821 -0.080589056015 5 19971219072712372297326321132609260371112 12 1960 45
1997.96529314 -0.0580507516861 5 19971219074534879176926301442358350371112 6 2000 26
1997.96534828 -0.0761345624924 5 19971219081434963813426269383381470071112 12 1940 99
1997.96549687 -0.0135254859924 5 19971219093243895198726217576010600371112 18 1720 99
1997.96552048 0.00345647335052 5 19971219094509156330326211872749190371112 9 1880 99
1997.96555905 -0.221237421036 5 19971219100526213247126202471506265271112 8 2572999 79569
1997.96559955 -0.0538032054901 5 19971219102644201464926197498907740271112 14 2040 15
1997.9656772 -0.0199333429337 5 19971219110734784619926194995883740071112 4 457999 79519
1997.96572991 -0.0209877490997 5 19971219113518129918826200377774477071112 5 864999 79544
1997.96586808 -0.0207840204239 5 19971219124758492929226240985267586371112 6 898999 79494
1997.9658968 -0.004354596138 5 19971219130304915842226252847361640371112 9 2110 45
1997.97387663 -0.00399887561798 5 19971222110009020980826561457309460371112 7 692999 79044
1997.97408625 -0.0425933599472 5 19971222125024339737326496446469747371112 5 606999 79094
1998.00560063 -0.0595624446869 5 19980103010542486094824264577095960371112 3 3030 10
1998.00841932 0.0653892755508 5 19980104014813528418424244341349830371112 3 1920 99
1998.01110014 0.0466493368149 5 19980105011813886186224224960999673371112 12 1211513 79544
1998.0111389 0.0285527706146 5 19980105013836951628424233801751060371112 17 2050 99
1998.01663731 0.0820037126541 5 19980107015033440749024376123472570371112 4 2190 41
1998.01929835 -0.017928481102 5 19980108011009512783124532640242330371112 11 2210 15
1998.01951571 -0.00921928882599 5 19980108030428882782724503187634390371112 14 2130 23
1998.01978692 -0.00614929199219 5 19980108052707767726524581144371955371112 21 698 70
1998.01981572 -0.0294474363327 5 19980108054216490219124596285581520371112 13 1950 69
1998.01999421 -0.027660369873 5 19980108071609210301624712960153688371112 10 1157 42
1998.02001745 -0.00895214080811 5 19980108072822538327924730492942900371112 6 2460 21
1998.04496117 0.0397591590881 5 19980117100746571328726430961034470371112 12 2200 26
1998.04498141 0.00725305080414 5 19980117101825256525826430231760255371112 12 683 74
1998.04513477 0.0228123664856 5 19980117113905137073826448985757830371112 15 2240 65
1998.0475178 0.0114185810089 5 19980118083227859055226600729637270371112 15 1970 33
1998.04797041 -0.0139309167862 5 19980118123030965205426537810146860371112 20 957141 79969
1998.04799797 -0.0146483182907 5 19980118124500819114326545750938851371112 13 1248 69
1998.0503901 0.0157126188278 5 19980119094310725808126588500923910371112 18 652556 79894
1998.05041514 -0.000275015830994 5 19980119095620896383726577341893697371112 12 815287 79894
1998.05045359 -0.0100141763687 5 19980119101634179553426557720789290071112 3 1980 99
1998.05060691 0.0330321788788 5 19980119113712729354426526572733330371112 9 1950 99
1998.05065414 0.0104434490204 5 19980119120203216069026524109532609371112 13 990145 79819
1998.05086521 -0.0139575004578 5 19980119135304094564926562186257916371112 35 406999 79869
1998.05089549 -0.0328792333603 5 19980119140859617408326562477454280271112 29 1740 36
1998.08778779 -0.0279533863068 5 19980202013251825765224086872332619371112 9 805999 79394
1998.08797549 -0.0154011249542 5 19980202031135285678624206250184566371112 4 1186999 79469
1998.09057513 0.0150793790817 5 19980203015853860127124255519910100371112 15 2140 99
1998.09080836 -0.0647095441818 5 19980203040133850154324397519294680371112 6 2380 99
1998.09322431 0.12559401989 5 19980204011215494162424428679040096371112 9 1097105 79444
1998.09347537 -0.0206599235535 5 19980204032418400023324514096414764371112 10 893490 79394
1998.09350354 0.035104393959 5 19980204033907327066124529919942361371112 17 934266 79369
1998.09368122 -0.0377752780914 5 19980204051234320457024652396769872371112 5 2140 83
1998.09651773 0.138717293739 5 19980205060428042275124894915771021371112 8 1749 20
1998.09880135 -0.0101376771927 5 19980206020533425827024920330551570371112 13 2260 23
1998.09901297 -0.0100804567337 5 19980206035651659464524948897585510371112 6 2130 51
1998.0990452 -0.0164940357208 5 19980206041348869124524959937216643371112 13 1178 47
1998.09932099 -0.00503504276276 5 19980206063852157789925116266221090371112 3 2250 21
1998.09935305 0.0982376337051 5 19980206065543748812125140258714830371112 9 1713 0
1998.10144197 0.0461221933365 5 19980207011424972951825209919481140371112 7 2420 4
1998.10146973 0.0321120023727 5 19980207012901215993325200392793570371112 13 2060 50
1998.10164176 -0.0652672052383 5 19980207025930049593325167951080433371112 18 698 61
1998.10166899 -0.061092376709 5 19980207031349167535725167298469149371112 11 1273 14
1998.1020001 -0.0533418655396 5 19980207060758456204125263626026340271112 10 1830 61
1998.1020254 0.0106779336929 5 19980207062116715818825277693443012271112 8 1170 43
1998.1020596 -0.0827527046204 5 19980207063916111764625294025908276371112 18 733 47
1998.10208155 -0.0370663404465 5 19980207065048751354225307888745740371112 11 2070 23
1998.10691149 -0.0676678419113 5 19980209011109984889825785826524572371112 8 738 12
1998.10694037 -0.0463825464249 5 19980209012621483977525768771494607371112 11 1362 4
1998.107139 -0.0292540788651 5 19980209031049637250825675920210610371112 38 1650 41
1998.10718306 -0.0526267290115 5 19980209033400196638825665240379898271112 25 786 13
1998.13245863 -0.0106251239777 5 19980218090756442558726459857658336371112 13 736168 78969
1998.13248832 -0.0225528478622 5 19980218092333291888826441968849328371112 12 613379 78969
1998.13822667 -0.01407122612 5 19980220114141849286425832630581887371112 6 1076999 79519
1998.13825433 -0.020651102066 5 19980220115614955069125819238533008371112 25 630999 79569
1998.13828051 -0.0140073299408 5 19980220121001027039225790150370820271112 10 2030 99
1998.13833079 -0.0332607030869 5 19980220123627733581425785307059440071112 5 2400 99
1998.13848036 0.0390762090683 5 19980220135507664259525757030586014371112 10 1245109 79519
1998.14112387 0.0105789899826 5 19980221130530649814025418373624756371112 14 1029999 78969
1998.16445552 0.096403002739 5 19980302013701594170723882420580080371112 6 2480 99
1998.16990321 0.015850186348 5 19980304012217506232424331169928685371112 31 610999 79244
1998.169936 0.0286756753922 5 19980304013932303943524345800795280071112 14 1700 99
1998.17011008 -0.015983581543 5 19980304031105751612324451295422480371112 27 2030 99
1998.17018063 -0.0388779640198 5 19980304034812160821124504527951780071112 6 2210 87
1998.17022857 -0.00411772727966 5 19980304041325047073624543399934164371112 13 837999 79294
1998.17272674 -0.0331559181213 5 19980305020721273508424673359461468371112 4 1711425 79244
1998.1784575 0.000484466552734 5 19980307042130304441025376601887390371112 14 1850 48
1998.18392147 -0.033189535141 5 19980309041520046683225879765645349371112 27 848 26
1998.18414274 -0.0392785072327 5 19980309061142938054825943924545851371112 15 1175 17
1998.18418516 -0.0905892848969 5 19980309063401580348425965266282010371112 18 1540 61
1998.18420667 -0.0943291187286 5 19980309064520355014525978855340630271112 12 808 57
1998.18423655 -0.143307924271 5 19980309070103488667125996314892820271112 6 2710 7
1998.18438165 -0.0155692100525 5 19980309081722269411726094736704420371112 16 1880 39
1998.18441567 -0.0459409952164 5 19980309083515976361426122866041542271112 7 1872 16
1998.18652074 0.0102741718292 5 19980310030226946124626129925029920371112 16 1760 31
1998.18674149 0.00360643863678 5 19980310045833167396026103266431954371112 17 1188 11
1998.18676083 -0.104838609695 5 19980310050843527590226104979252297371112 15 1178 39
1998.18679477 -0.0298670530319 5 19980310052634480035126109675208723271112 12 1071 5
1998.18716599 0.0104570388794 5 19980310084149470073326282258268971371112 6 693 21
1998.18719172 -0.0203803777695 5 19980310085521376222426301063153233371112 10 667 76
1998.20639622 -0.0220972299576 5 19980317091609460450726542228011820371112 30 1690 96
1998.206673 -0.00508189201355 5 19980317114143748179826554448577643371112 11 1110108 79094
1998.20905325 -0.0140688419342 5 19980318083338956625726448684270660371112 33 1540 99
1998.20918967 -0.0376029014587 5 19980318094523857707526395662598762371112 34 654102 79244
1998.20922301 0.0259684324265 5 19980318100256186639126371093045363271112 13 1017 29
1998.20925321 0.0550113916397 5 19980318101849200355926377554169769071112 11 1113487 79269
1998.20943645 0.00163781642914 5 19980318115511809480226380732659671371112 32 604108 79319
1998.20947937 -0.0667428970337 5 19980318121746145357326372288047090271112 17 1900 16
1998.20950865 0.0303068161011 5 19980318123310155488826392610080511071112 11 947999 79319
1998.20960333 -0.0256878137589 5 19980318132258068146926428934040060371112 35 1880 56
1998.2123703 0.0249314308167 5 19980319133816959276726170815480989371112 17 839 31
1998.21474496 -0.00672125816345 5 19980320102715506958925912456887300371112 20 708999 79819
1998.21480143 -0.0174847841263 5 19980320105657498898125869886256210271112 4 1930 66
1998.21483001 -0.0528970956802 5 19980320111159602124525859150595651271112 6 739 90
1998.21500831 0.00551605224609 5 19980320124546106519525841052067342371112 16 878177 79869
1998.21512479 -0.0457211732864 5 19980320134702139923025847045549451371112 20 999 46
1998.21514457 -0.00901639461517 5 19980320135726308202825850288695080371112 15 1770 57
1998.2177196 -0.0104900598526 5 19980321123147963477825495069090440371112 4 1415482 79669
1998.22046362 0.0050927400589 5 19980322123502797333825115596578211371112 8 956948 80019
1998.24659276 0.0473285913467 5 19980401013755769999024219444032300371112 6 2200 99
1998.24674549 -0.0530159473419 5 19980401025815543225924336973187438371112 6 1415894 79494
1998.2467684 -0.0711634159088 5 19980401031018407058824356377622691371112 2 2356999 79469
1998.24934735 0.0109828710556 5 19980402014643942869824565138647901371112 7 904999 79169
1998.24956953 -0.00556349754333 5 19980402034335434680424723456959294371112 4 1480999 79169
1998.24959365 -0.0211433172226 5 19980402035616646167424743646231130371112 8 2150 99
1998.25483484 0.10856962204 5 19980404015255917314925302313835602371112 7 818999 79819
1998.25485859 0.0178529024124 5 19980404020525366529525308810847460371112 5 1107855 79819
1998.25492538 0.066148519516 5 19980404024033234773325329585323105071112 6 835 18
1998.25505481 -0.00773441791534 5 19980404034837759913525397523821700371112 13 1740 99
1998.2552501 -0.0496245622635 5 19980404053120678375625537723994820371112 9 2400 99
1998.25755065 -0.000709652900696 5 19980405014120311721825649622335192371112 13 884129 79369
1998.2577742 0.0145164728165 5 19980405033855116753825699798566674371112 8 855188 79469
1998.25780535 -0.0350284576416 5 19980405035518104355825713458493574371112 13 1038263 79419
1998.25807578 -0.0195256471634 5 19980405061732343775525888642069700371112 8 2340 48
1998.25810419 -0.0584164857864 5 19980405063228633553725911680947270371112 9 1750 99
1998.26025549 0.0122731924057 5 19980406012358720438425974507101701371112 26 792 88
1998.26029957 -0.0820010900497 5 19980406014709808532025968796065890271112 9 2200 99
1998.2603865 0.150876164436 5 19980406023253099386725958221150337071112 10 1931 12
1998.26051538 0.060987830162 5 19980406034040078180425979416713466371112 20 916121 79319
1998.26054134 -0.107427716255 5 19980406035419455610725987727495060271112 1 4320 99
1998.26055186 -0.0887821912766 5 19980406035951340588725990873330820271112 2 3040 99
1998.26075855 0.0142607688904 5 19980406054834068437526084249300400071112 6 2830 18
1998.26077798 -0.0129144191742 5 19980406055847166105726096701020470071112 5 2970 11
1998.26088953 -0.0273380279541 5 19980406065727496438226180073522550371112 19 642190 79069
1998.28278583 -0.201342582703 5 19980414065402181880726520707713061371112 23 1090 75
1998.28282278 0.116946578026 5 19980414071328118398726506629191270371112 8 2160 40
1998.28284391 0.0720447301865 5 19980414072435052053126494620873762071112 17 631 82
1998.28299974 -0.00815713405609 5 19980414084632635661326471331350210371112 32 1520 78
1998.28314037 0.0828559398651 5 19980414100030589002026478141840857071112 18 622 60
1998.28326825 0.0160177946091 5 19980414110746076711926521624218247371112 22 523 89
1998.28329398 0.00711750984192 5 19980414112118153689226532484220403371112 20 572 76
1998.28340489 -0.000783801078796 5 19980414121938312099926589224218401371112 13 693 85
1998.28341948 -0.0637038946152 5 19980414122718595320526597753560993371112 12 1465 20
1998.28544426 0.0366405248642 5 19980415061215685726126458123338953371112 5 1795 0
1998.28548166 0.0178784132004 5 19980415063156098825726434507758170371112 9 2380 32
1998.2856938 0.0483599901199 5 19980415082330616956126337568285680371112 9 2030 49
1998.28572135 -0.0117086172104 5 19980415083800092132626330206199870371112 8 2620 6
1998.28612946 -0.0628185272217 5 19980415121239123009426372918449844371112 5 2104 13
1998.28617264 0.0862108469009 5 19980415123521721203026392614862720371112 11 2390 11
1998.29125699 0.00524604320526 5 19980417090931630565925905526791896371112 6 1068 57
1998.29128924 0.0660917758942 5 19980417092629211668225887875981261071112 4 1715209 79519
1998.29150388 0.0313110351562 5 19980417111922941527925836023884170371112 16 1650 99
1998.29163567 -0.131533503532 5 19980417122841957968225823863136260271112 11 1890 30
1998.29165534 0.0732815265656 5 19980417123902519902425844348458111371112 14 887 60
1998.29167421 0.0745830535889 5 19980417124857892644325845670898024071112 6 1009191 79544
1998.29417373 0.0286316871643 5 19980418104336763314225554858577150371112 38 1530 99
1998.29419238 0.0233156681061 5 19980418105325588201625548222779304371112 15 788557 79719
1998.29421556 0.0389975309372 5 19980418110536848869825524179063084271112 8 1930 26
1998.29424049 -0.0421704053879 5 19980418111843828612025517141709310271112 10 2190 44
1998.2944187 0.128331542015 5 19980418125227530711825514532848812371112 29 724 90
1998.29452541 -0.00531375408173 5 19980418134834926645225528550549273371112 30 751 80
1998.29685002 -0.00487542152405 5 19980419101114213151925274844859200371112 9 2180 99
1998.29687903 -0.0329928398132 5 19980419102629602198825257237721694371112 12 699999 79969
1998.29966086 -0.0136713981628 5 19980420104937407850324902629489840371112 8 1870 99
1998.29980757 -0.0325776338577 5 19980420120647272735424804152055400271112 5 1880 99
1998.30533968 -0.0129325389862 5 19980422123627483781524130225125612371112 16 793 52
1998.33154277 0.0622642040253 5 19980502021814148029725285581544891371112 4 1954999 79794
1998.33175051 0.0485602617264 5 19980502040730032762525432437668589371112 3 2233999 79844
1998.3371736 -0.0440156459808 5 19980504033949449753226008085413985371112 9 1085999 79944
1998.33726529 -0.0451020002365 5 19980504042802988525926060185170754371112 4 1006999 79944
1998.33730898 -0.00293707847595 5 19980504045101810801126089092008369371112 9 1068287 79944
1998.33746726 -0.0394335985184 5 19980504061416861628326211354056489371112 10 1299122 79944
1998.33978433 -0.0203732252121 5 19980505023257919151126218708797010371112 30 1880 99
1998.33980683 0.00806045532227 5 19980505024448165231226221675322168371112 11 1057165 79619
1998.33989687 -0.0720180273056 5 19980505033209325020026240572407596271112 5 1745999 79619
1998.33994081 -0.198654532433 5 19980505035516234468326252832830740071112 3 3240 0
1998.33998711 0.0280824899673 5 19980505041937236107026272575590000071112 6 2590 29
1998.34004115 -0.0203264951706 5 19980505044802517182326304904079809371112 14 1248284 79669
1998.34253826 -0.161805868149 5 19980506024125297509826422251556312371112 17 1730 70
1998.34259315 -0.0835148096085 5 19980506031017671747826418750389115271112 12 1429 75
1998.3426209 -0.135934472084 5 19980506032453242413726421170299665271112 14 1050512 79669
1998.34285363 -0.236658453941 5 19980506052717695073626499539480113371112 10 1563 4
1998.34551237 -0.00639653205872 5 19980507044541279063826566851519693371112 14 1941 15
1998.34573686 -0.0283799171448 5 19980507064345437773626658581271590371112 10 2153 17
1998.34576325 -0.0311635732651 5 19980507065738402769626674366611757371112 8 2076 13
1998.34800364 -0.053758263588 5 19980508023559602564626657414058041371112 8 2139 11
1998.34804578 -0.0822342634201 5 19980508025809412026726642682161367371112 22 1306 75
1998.34830673 0.0535694360733 5 19980508051524444820026621105561953371112 7 1415 47
1998.37082279 0.0241938829422 5 19980516103757387824925416424000292371112 11 1465 56
1998.37086154 -0.0281538963318 5 19980516105820064078025412246414675371112 17 1181146 80244
1998.41096463 0.00707280635834 5 19980531023057444482325673662919169371112 6 1277537 80094
1998.41098751 -0.0373282432556 5 19980531024259553146625689464728617371112 14 899999 80069
1998.41366384 0.0718231201172 5 19980601021037970367525947431901740371112 1 2150 99
1998.41370603 -0.00252020359039 5 19980601023249502543525968937055550371112 2 1780 99
1998.4165178 -0.00049090385437 5 19980602031142140218126246954868092371112 5 1011309 79994
1998.41668954 0.0089955329895 5 19980602044201722127326354395191505371112 5 1243999 80094
1998.41922125 0.00451934337616 5 19980603025336371301026408488757180371112 8 1670 99
1998.41923996 0.00380063056946 5 19980603030326934480126414091124967371112 13 812999 79819
1998.41929352 -0.121857762337 5 19980603033137066867326427499629685271112 4 1148277 79844
1998.41951976 -0.00544226169586 5 19980603053036910713126563482697643371112 23 661295 79844
1998.41956128 -0.184314608574 5 19980603055227059620026588017093224271112 3 1190999 79794
1998.42187175 -0.000745296478271 5 19980604020739812983926516989460120371112 23 2090 99
1998.42191775 0.0587695837021 5 19980604023151715404926510108066640071112 12 684 26
1998.42210064 -0.0704463720322 5 19980604040803285681126544698337459271112 8 1198438 79694
1998.42212867 0.0142576694489 5 19980604042247748865126563612408749371112 10 1147 76
1998.42466573 -0.0113930702209 5 19980605023711389193626566955793504371112 27 503328 79569
1998.42469774 0.111545681953 5 19980605025401271090226557456256393071112 9 1240 47
1998.42472203 0.0888892412186 5 19980605030647792244726556466301800071112 16 931 79
1998.42478096 -0.0610822439194 5 19980605033747680778926554767050907271112 12 834108 79644
1998.42487476 0.0126831531525 5 19980605042707683881026581027343580371112 23 1770 99
1998.42734515 -0.0890175104141 5 19980606020627282182926575628869940371112 17 2180 35
1998.42738278 -0.143956184387 5 19980606022614674152426550443496930271112 11 2260 26
1998.42740608 -0.173088431358 5 19980606023830002785626543291259844271112 8 1905 8
1998.4276303 0.0231531858444 5 19980606043625854959126535715643155371112 2 1214 27
1998.4276753 0.131346225739 5 19980606050006002146726542735256714371112 7 1457 16
1998.42785063 0.00963425636292 5 19980606063218946170626602484679309371112 7 746 23
1998.42787435 -0.00355637073517 5 19980606064447499133126614171427958371112 15 667117 80144
1998.43014765 0.0423772335052 5 19980607024027475231726490052785243371112 8 1768 7
1998.4301776 -0.0678671598434 5 19980607025612549975826477739943120371112 6 2100 29
1998.43034143 0.0446676015854 5 19980607042222661714126437144149293371112 19 909 28
1998.44990763 0.00891268253326 5 19980614075324903041025017943652860371112 43 2050 99
1998.44993462 0.128618836403 5 19980614080736657044225002356773375071112 12 1072114 80069
1998.44997249 0.00488138198853 5 19980614082731701636924972153490190271112 13 2160 43
1998.44999107 -0.0471044778824 5 19980614083718261319124963474229797271112 8 1082 31
1998.45275869 0.0225651264191 5 19980615085257697442324780053961800371112 6 1520 64
1998.45278767 -0.0291718244553 5 19980615090812294917524764496231880371112 5 1890 28
1998.45551172 -0.132573366165 5 19980616090056802119124613964193800371112 3 2660 25
1998.45556561 0.0218963623047 5 19980616092917329913524579789412497371112 15 903129 79744
1998.4557347 0.0241719484329 5 19980616105813341528424499884431837371112 22 789159 79744
1998.45578104 0.0149163007736 5 19980616112235615420224487882713562071112 8 1060999 79744
1998.45580549 -0.124323606491 5 19980616113527278083124472521715450271112 6 1950 99
1998.45587413 -0.0232046842575 5 19980616121133371836624470052461950371112 19 2540 54
1998.45840314 -0.0154992341995 5 19980617102143029851024381746449968371112 5 1176999 79719
1998.45842764 0.0490503311157 5 19980617103436065146424367677169539371112 11 1119999 79719
1998.45847151 -0.069747209549 5 19980617105740595960024339119710160271112 6 2410 40
1998.45863669 -0.0194536447525 5 19980617122433095611224286040543730371112 14 2120 65
1998.46122475 0.0107357501984 5 19980618110546167492524224436669274371112 14 1048999 80119
1998.46125324 0.054536819458 5 19980618112045314655324207940696331371112 4 1575999 80119
1998.490391 -0.154236793518 5 19980629024603130387926092050146190371112 1 2700 99
1998.49041282 -0.145171165466 5 19980629025731607194026109080061290371112 2 2300 99
1998.49043292 -0.138898968697 5 19980629030805944759226125169683239371112 5 1239615 80119
1998.49047528 -0.115504026413 5 19980629033022717592226160197631140371112 3 2390 99
1998.5040655 0.019390463829 5 19980704023817433680826466297872530371112 53 1790 99
1998.50410118 -0.0835275650024 5 19980704025703433742126453529453690271112 13 2580 99
1998.50438258 -0.0689089298248 5 19980704052503562143326532268835270271112 12 2210 67
1998.50441981 -0.0428665876389 5 19980704054438671918526565180543360371112 4 2110 99
1998.50443123 -0.0211168527603 5 19980704055038829860026571483410449371112 13 897208 80194
1998.50445783 -0.0111144781113 5 19980704060438509227426586771640250371112 14 1940 99
1998.53233103 0.0703654289246 5 19980714102449563700924298031089020371112 40 551323 80094
1998.53236515 0.043186545372 5 19980714104246395653824293121068076371112 40 472524 80119
1998.53244999 0.0557941198349 5 19980714112723916773624290087982272371112 27 637341 80094
1998.53248618 0.0356053113937 5 19980714114625763301624292776374270371112 36 1680 99
1998.53499435 0.0114524364471 5 19980715094537605477124270827506394371112 13 760623 80019
1998.53501772 0.0362545251846 5 19980715095755168396024260670877010371112 8 1990 99
1998.53777568 -0.032133102417 5 19980716100829838885624255312194720371112 18 2180 99
1998.53786445 -0.0964471101761 5 19980716105511163588324214328968920271112 15 850122 80469
1998.53788688 0.0477348566055 5 19980716110659139233424206980865508371112 14 962999 80519
1998.537917 0.0514628887177 5 19980716112249541308524197302752780371112 20 2070 99
1998.54624538 0.0372331142426 5 19980719122313260136424401155622200371112 4 2970 41
1998.58070821 0.127988100052 5 19980801022917468207826470434703780371112 6 2340 99
1998.58643325 0.066912651062 5 19980803044025867233126075313838790371112 17 1520 58
1998.66286086 -0.000263333320618 5 19980831023818026438926078619733940371112 10 1227165 80269
1998.66288193 0.0300250053406 5 19980831024922734472826081723764060371112 7 1730 99
1998.66292713 -0.0853255987167 5 19980831031309088765726074177091736271112 6 2170193 80219
1998.6630731 0.0165349245071 5 19980831042955798486726140605198402371112 12 809188 80244
1998.66569361 -0.000679135322571 5 19980901032812745994225741967121850371112 10 845 84
1998.66575453 -0.0364764928818 5 19980901040015282363525734821423303271112 6 1676 65
1998.66588314 0.00704383850098 5 19980901050753667445325789384064032371112 10 1082 29
1998.6907508 -0.180014252663 5 19980910070717391212523921818572560371112 8 2130 0
1998.69350072 -0.150067567825 5 19980911071338434357024188822137570371112 7 1942 10
1998.69369632 -0.0373457670212 5 19980911085630987759224093061304052371112 4 945 10
1998.69374621 0.0467940568924 5 19980911092245260779624076734591494371112 7 1502 30
1998.69404049 0.0765846967697 5 19980911115732193782524064281282223371112 16 697142 79969
1998.69426269 0.0701266527176 5 19980911135424320579924152775185215371112 13 980 19
1998.69921249 -0.0428801774979 5 19980913091748066367424739060162650371112 6 1263999 79644
1998.69942882 -0.0720897912979 5 19980913111134887979424649233819241371112 6 923999 79694
1998.70208521 -0.147070646286 5 19980914102844169864325027605053980371112 4 2550 99
1998.702518 -0.207233071327 5 19980914141621920513024939790787510271112 18 2120 41
1998.70264368 -0.111171841621 5 19980914152228046667124970157587000271112 13 1890 22
1998.70780954 0.0872603654861 5 19980916123930486019925580656787010371112 8 2230 11
1998.70796933 -0.0605747699738 5 19980916140332772052625521497581784371112 5 1001 10
1998.70798944 -0.213800787926 5 19980916141407668119625516696538040371112 8 2530 56
1998.73385405 0.00473845005035 5 19980926005752535950626622479714590371112 12 2080 99
1998.73387641 -0.0160789489746 5 19980926010938077559026631980722391371112 4 1294999 79744
1998.73954296 0.0354684591293 5 19980928025000956191226197366266810371112 5 2210 99
1998.73958211 0.00936317443848 5 19980928031036301550226213460836297371112 14 1029999 80169
1998.74222891 0.0207514762878 5 19980929022242901114025821444382427371112 26 625491 80019
1998.74228017 0.0905541181564 5 19980929024940749203825829264839022071112 19 658291 80069
1998.7423112 -0.0627720355988 5 19980929030559952719025822025893459271112 5 1192999 80069
1998.7423488 0.0135457515717 5 19980929032546508659625849630562771371112 19 826344 80119
1998.74237484 0.0119307041168 5 19980929033928357777225858488775277371112 31 710412 80094
1998.7448552 0.0399779081345 5 19980930012402417585625432836423231371112 42 674672 79919
1998.74487192 0.0286442041397 5 19980930013249962894525429242540610371112 31 745324 79919
1998.74488864 -0.105773329735 5 19980930014137593679825410698667100271112 6 1940 99
1998.74504608 0.0282343626022 5 19980930030426053612625420192646973371112 21 733232 79994
1998.74506263 0.053191781044 5 19980930031308376759825421975612298371112 18 806384 80019
1998.74517649 -0.247345924377 5 19980930041301752697825429998433950271112 3 3460 53
1998.74523071 0.0297546386719 5 19980930044132689833525463700764463371112 28 882299 80019
1998.7476214 0.0718414783478 5 19981001013857185098125015468391151371112 9 1066108 79894
1998.75036596 -0.015754699707 5 19981002014228801448824605830767114371112 11 1136102 79744
1998.75039145 -0.042983174324 5 19981002015553292554224593108277228371112 18 768508 79744
1998.75043099 -0.0870410203934 5 19981002021641130056624563219064384271112 21 577131 79769
1998.75313581 0.0419646501541 5 19981003015918717141724217526321525371112 6 1961 8
1998.7531701 0.0301120281219 5 19981003021720829649224197264617670371112 12 2260 10
1998.75339127 0.025273680687 5 19981003041340219253624112240973856371112 6 2172 7
1998.75341748 -0.00611674785614 5 19981003042727584471224107795169276371112 10 1497 16
1998.7537613 0.103405714035 5 19981003072817448521524158765127347371112 9 1398 29
1998.75378879 0.08078956604 5 19981003074245120069724170630692410371112 22 1770 59
1998.76752809 0.0991777181625 5 19981008080904326474823553626404345371112 10 1539 14
1998.76755181 0.113005042076 5 19981008082133062793423551205279780371112 9 2500 4
1998.7677471 0.0191125869751 5 19981008100415773328023569036484180371112 21 682 70
1998.76777279 0.0849069356918 5 19981008101746651996923576369379700371112 18 2010 19
1998.76803919 -0.031867980957 5 19981008123753620803723713042831470371112 11 2340 2
1998.76808675 0.0661563873291 5 19981008130254362934123747166876740371112 5 2550 4
1998.77050894 0.104759097099 5 19981009101652896020723819646769370371112 27 1990 30
1998.77064917 0.0719462633133 5 19981009113038128417723856781380571371112 15 1040 54
1998.77066762 -0.00629043579102 5 19981009114020629202123864126596654371112 11 1082 71
1998.77306518 0.0580388307571 5 19981010084121783822024187012181340371112 12 1910 61
1998.77328048 0.0715237855911 5 19981010103436058801124155778461847371112 26 839 93
1998.77348405 0.0512721538544 5 19981010122140319788724197859221956371112 19 731148 79969
1998.77351857 0.0402903556824 5 19981010123949480679224211885032610371112 49 1630 99
1998.77584325 -0.0942161083221 5 19981011090230891680524591889012700371112 10 2640 19
1998.77604777 0.00989043712616 5 19981011105005022409624541152126335371112 12 935229 79969
1998.77606786 0.0301004648209 5 19981011110039229039424539644795030371112 24 1790 99
1998.77620734 0.0606878995895 5 19981011121400830133324547956816711371112 25 708189 80019
1998.77622931 0.0112270116806 5 19981011122534010297724552299160317371112 42 537645 80069
1998.77875951 0.0105760097504 5 19981012103621144494724958774642560371112 7 2530 69
1998.77892758 -0.00631475448608 5 19981012120445059254024930507594744371112 14 894194 80469
1998.78133305 0.0302089452744 5 19981013090955993364725458933466909371112 5 1431561 80469
1998.78156011 -0.0950751304626 5 19981013110921276463125347705973590371112 7 2380 99
1998.78158418 -0.00285887718201 5 19981013112200953701025339386843650371112 7 2260 99
1998.78163199 -0.121030926704 5 19981013114709642952025328006327590271112 7 2190 55
1998.78181476 -0.0258812904358 5 19981013132317457313025304621760001371112 39 498237 80444
1998.7845216 0.0175255537033 5 19981014130658710594525653642955794371112 19 740198 79969
1998.78709328 -0.0782454013824 5 19981015113934800661526052039280390371112 4 2860 99
1998.79000003 0.156779527664 5 19981016130824921400626260942500000371112 8 2770 1
1998.81324098 -0.0183525085449 5 19981025005213401613826476936637120371112 8 2140 99
1998.81605143 -0.0161077976227 5 19981026013024529747826231826519760371112 13 2000 99
1998.81872097 -0.0476784706116 5 19981027005428757025125887053175750371112 12 2050 99
1998.81889736 0.0640277862549 5 19981027022715480553425931473049520371112 17 2100 99
1998.82424763 0.016551733017 5 19981029012117052562725113713146150371112 18 2060 99
1998.82428117 -0.198600172997 5 19981029013855315807925095917074400271112 4 3240 99
1998.82446896 -0.0480160713196 5 19981029031741802863025119972654810371112 12 2280 99
1998.82449418 0.00341188907623 5 19981029033057477569925125780445120371112 6 2170 99
1998.82688184 0.0512052774429 5 19981030002646464353924743065820930371112 8 2440 6
1998.84960813 -0.0121105909348 5 19981107073953657192323979634919240371112 6 2570 4
1998.84965135 -0.0432555675507 5 19981107080237536640923969594565650371112 10 2400 1
1998.84991374 -0.000749707221985 5 19981107102037710462123973981255490371112 17 1910 61
1998.84994137 0.0261226892471 5 19981107103509888676423981250712150371112 10 2210 30
1998.84997877 -0.112913370132 5 19981107105450150754023991290616140071112 9 2140 0
1998.8502056 0.19657433033 5 19981107125408291170024111649839980371112 9 2350 7
1998.85024088 0.124612927437 5 19981107131241614943924136352700540371112 8 2350 9
1998.85234881 -0.211023330688 5 19981108074122713263624421214361350371112 6 3070 1
1998.85239055 0.0364738702774 5 19981108080319874172424405939112580371112 10 1980 43
1998.85264822 -0.02041888237 5 19981108101851580456024367870749560371112 6 2210 13
1998.85270107 0.0389364957809 5 19981108104639370375624373467124500371112 9 2080 31
1998.85292457 0.103825330734 5 19981108124412364305924445875828700071112 6 1890 90
1998.86081312 0.0423374176025 5 19981111095316228045925718920376570371112 8 2310 99
1998.86083848 0.0857934951782 5 19981111100636540201625706921917790371112 8 2680 99
1998.86088445 0.115409135818 5 19981111103047089823525679463512250071112 3 2500 99
1998.86092986 -0.127483129501 5 19981111105440113661025670185213470271112 22 2050 99
1998.86102488 0.0131747722626 5 19981111114438615983025644690890400371112 40 2010 99
1998.86106162 0.0694878101349 5 19981111120358280839225631147531420071112 8 2170 99
1998.86115407 -0.0171446800232 5 19981111125235526768325633480842860371112 26 1950 99
1998.86153609 0.0852619409561 5 19981111161331412005625769000179190371112 12 2220 8
1998.86156575 -0.0794137716293 5 19981111162907316784025789056483640371112 7 3140 7
1998.86359659 -0.0410614013672 5 19981112101715843520026092209506490371112 3 2540 99
1998.86423907 -0.147202134132 5 19981112155510734760726032410541050271112 8 2520 22
1998.87209165 -0.0572533607483 5 19981115124519566636926722496532730371112 6 2000 99
1998.8925559 0.0248625278473 5 19981123000842215533826134844618520371112 5 2090 99
1998.89537984 0.0244244337082 5 19981124005358905438725869177877200371112 8 2380 99
1998.89803616 0.0964901447296 5 19981125001106077398725526868500300371112 9 2290 99
1998.89821315 -0.0500801801682 5 19981125014411208896125561833166090371112 8 2070 99
1998.8982319 0.0658196210861 5 19981125015403014742325568331886120371112 7 2380 99
1998.9007849 -0.0305180549622 5 19981126001649474640325184940020740371112 5 2320 99
1998.90655092 -0.0553387403488 5 19981128024931315252724432008213700371112 11 2150 55
1998.90659457 -0.0535987615585 5 19981128031228818176024436554637830371112 12 2010 65
1998.91458024 -0.0514072179794 5 19981201011237478227923683993286650371112 5 2410 11
1998.91460952 -0.10256934166 5 19981201012801247536723665058744330371112 16 2160 65
1998.91481068 -0.000107526779175 5 19981201031349372179123568283107110371112 39 1790 41
1998.91484351 -0.260691285133 5 19981201033105459983223557206679160271112 8 2530 13
1998.9148747 -0.168417572975 5 19981201034729837150923549832845020271112 14 2080 70
1998.91508119 -0.00872564315796 5 19981201053606118689723546945003180371112 33 1860 32
1998.91520925 -0.19139790535 5 19981201064327519433523579600488368271112 6 1182 24
1998.91524566 -0.195410132408 5 19981201070236522201923594139903723271112 13 1151 18
1998.93505108 -0.0135645866394 5 19981208123927988549225171774720640371112 9 2060 79
1998.93509844 0.102648735046 5 19981208130422565259825187165255390071112 6 2040 97
1998.93523034 -0.262916922569 5 19981208141344924687425273426754592371112 15 1458 4
1998.9374742 0.00400233268738 5 19981209095355788115225564062770480371112 18 1930 99
1998.93763355 0.0290070772171 5 19981209111744433495125539473063408371112 17 732187 79669
1998.9377297 0.0597758293152 5 19981209120818686822025537804116760071112 5 2420 99
1998.93791389 0.0923842191696 5 19981209134511484664825603821280200371112 6 2590 43
1998.93793445 0.0396641492844 5 19981209135600288596625613885868730371112 15 2060 75
1998.94877097 -0.0241957902908 5 19981213125534638517326623965609344371112 5 973406 80569
1998.95147887 -0.0746496915817 5 19981214123949705607126743139120083371112 4 940999 80569
1998.9857986 -0.0391013622284 5 19981227013037977639824275909058960371112 12 2010 99
1998.98582318 -0.0594396591187 5 19981227014333519239224274492850250371112 3 2980 13
1998.98868173 -0.0141665935516 5 19981228024702550953124044933612259371112 21 890 74
1998.98872557 -0.0284436941147 5 19981228031006124109024047523259720371112 24 1910 99
1998.98874969 -0.142768502235 5 19981228032247300296624047802014640271112 8 1850 99
1998.98879507 -0.101594686508 5 19981228034639195252424055919114938271112 3 2439 7
1998.98885162 0.0736401081085 5 19981228041624015692624079176101379071112 9 1604 24
1998.98892449 -0.0295201539993 5 19981228045443532016224100472323670371112 4 2140 21
1998.98896362 0.00202429294586 5 19981228051518411611424118076678860371112 10 1960 22
1998.98898862 -0.057471036911 5 19981228052827144896524130393262950371112 10 1950 99
1998.99418084 -0.0167965888977 5 19981230025921375572723783987043720371112 17 1770 53
1998.99421807 -0.0920649766922 5 19981230031856009877723775673469920371112 38 1770 79
1998.9942947 -0.202103376389 5 19981230035914566131823766465944290271112 10 2510 15
1998.99432176 -0.144179701805 5 19981230041328306856623765523810120271112 4 2890 5
1998.99449878 0.0032354593277 5 19981230054634799039323790770827610371112 8 2680 6
1999.01383933 -0.0354398488998 5 19990106071856068062025561370628010371112 10 2370 23
1999.01413375 -0.059441447258 5 19990106095347196838225481774823213371112 11 1158 50
1999.01416156 -0.00785374641418 5 19990106100824847215025481562024210371112 4 2080 23
1999.01450606 -0.0823556184769 5 19990106130936550413025592455303250371112 12 2010 37
1999.01660392 0.00735676288605 5 19990107073300021164625965254805310371112 13 1980 22
1999.01688023 0.0208638906479 5 19990107095819600824625857113408036371112 11 1003144 79969
1999.01689797 0.0199643373489 5 19990107100739233263625854086470064371112 6 793292 79969
1999.01694105 -0.0369935035706 5 19990107103018919771525839906302113071112 7 1697 28
1999.01722511 -0.0107315778732 5 19990107125943086202625898937862680371112 19 1840 30
1999.01726281 -0.0436094999313 5 19990107131932715187525910381828840271112 13 2000 22
1999.0174744 -0.00878143310547 5 19990107151049976790626052866203539371112 14 1203 15
1999.01944413 -0.0544281005859 5 19990108082649971037126273990561485371112 7 949 79
1999.01948179 -0.0314424037933 5 19990108084638610582426253237062837371112 22 710155 79619
1999.01986867 -0.00726401805878 5 19990108121007481897326159166111890371112 29 564199 79544
1999.02001474 -0.104594230652 5 19990108132657193707626183804450352271112 10 1379 7
1999.02020074 -0.0366698503494 5 19990108150446819071726285176926060371112 22 1910 17
1999.0254218 -0.0850907564163 5 19990110125051005117226541534216692371112 3 1247999 80044
1999.02545087 0.00290632247925 5 19990110130608367184926538642753770371112 9 2040 99
1999.02810146 0.00946259498596 5 19990111122014531035226636197195996371112 4 1377999 80194
1999.02813004 -0.0631449222565 5 19990111123516550899126625678724730371112 8 2290 99
1999.03085787 0.0211902856827 5 19990112123000190344126637261406254371112 4 1413999 79419
1999.05989677 0.0709779262543 5 19990123030318278086924551746248123371112 3 1571999 79744
1999.0624358 0.0413674116135 5 19990124011844107472124303975596458371112 6 1147837 80144
1999.06509511 -0.00141060352325 5 19990125003725597039724201181385640371112 19 2900 99
1999.06514015 0.0753806829453 5 19990125010106815650224201459724794071112 24 740166 80319
1999.06527469 -0.0826621055603 5 19990125021152455482524204887292591271112 8 1489521 80369
1999.0653078 0.0170340538025 5 19990125022917507897624212709336450371112 15 1920 99
1999.06533076 0.00905621051788 5 19990125024121973347324218696265794371112 7 1368175 80369
1999.06563075 -0.0245517492294 5 19990125051909041883724367605847318371112 7 1007 55
1999.06786058 -0.00228404998779 5 19990126005156925159724150726792824371112 11 976141 80119
1999.06788329 0.00604927539825 5 19990126010353738924124145494737009371112 13 883157 80144
1999.06799873 0.0327954292297 5 19990126020436615336424136771737080071112 10 1442 24
1999.06809527 -0.0523283481598 5 19990126025523435406224140610615120271112 8 1245336 80169
1999.06813408 0.0232750177383 5 19990126031548012631224147923628481371112 23 644277 80119
1999.06833286 -0.0703704357147 5 19990126050020914646524224479325079271112 8 1128241 80069
1999.06842304 -0.14215862751 5 19990126054746799401924276939377569371112 4 1884 19
1999.07061739 -0.0106773376465 5 19990127010155470112224155205793810371112 16 2000 87
1999.07063919 -0.0340584516525 5 19990127011323168626624147538950623371112 15 879105 79869
1999.0706668 -0.048070192337 5 19990127012754496983424141674466514071112 4 2173 10
1999.07070721 0.0397996902466 5 19990127014909796370124131290487030071112 8 2250 54
1999.07090257 -0.146794557571 5 19990127033155032102224118548546927271112 9 858 65
1999.07097308 -0.00996065139771 5 19990127040900002930224129917005288371112 11 1219 59
1999.07100786 -0.0530208349228 5 19990127042717665569724139050296278371112 6 1365 58
1999.07122321 0.0106338262558 5 19990127062033604073324236061634548371112 5 2059 20
1999.07124669 0.0443677902222 5 19990127063254680457924250275626810371112 9 2490 7
1999.07129293 -0.00314605236053 5 19990127065713820364124279926615630371112 3 2035 1
1999.0738619 -0.0470448732376 5 19990128052824219733324178981505414371112 31 558101 79544
1999.07389502 -0.146834969521 5 19990128054549328387324191297010420271112 12 2030 79
1999.07391819 -0.0412516593933 5 19990128055800697635624200270669110271112 8 2290 38
1999.07398592 -0.028552532196 5 19990128063338082018124231832501840071112 7 2350 10
1999.074062 -0.0162165164948 5 19990128071338939023224272072706744371112 19 1158 93
1999.07410718 -0.222750782967 5 19990128073724693140424300888682190271112 9 2490 7
1999.09313577 -0.112033009529 5 19990204062541305688225986449595540371112 10 1790 39
1999.0931669 -0.0651284456253 5 19990204064203802073325969921849940371112 11 1760 99
1999.0932472 0.0338127613068 5 19990204072417972825025923571330360071112 7 1980 30
1999.09354576 -0.0218689441681 5 19990204100119612329425882481313810371112 14 1730 91
1999.09356765 -0.00984513759613 5 19990204101250386807525884977251312371112 34 549153 80094
1999.09359063 0.110800862312 5 19990204102455800808425879857924322071112 9 698200 80094
1999.09361632 0.0563360452652 5 19990204103826314844425885026316873071112 7 1147129 80094
1999.09369323 -0.0544036626816 5 19990204111853603815225908643092270271112 9 2040 41
1999.09373722 -0.0778521299362 5 19990204114201575723225926111494241271112 11 1704 19
1999.0939558 0.0550180673599 5 19990204133659435180226065213970160371112 12 2040 26
1999.09597086 -0.0543001890182 5 19990205071649910825326266408648200371112 13 1730 99
1999.0960013 -0.00963640213013 5 19990205073250744145126250152105448371112 13 974 49
1999.09894704 -0.026548743248 5 19990206092211063567126420508307002371112 10 789133 79869
1999.09898435 0.0233426094055 5 19990206094148597748026398763407593071112 14 1121394 79869
1999.09903962 -0.0867952108383 5 19990206101052666754126383349098100271112 14 2190 44
1999.09906159 -0.0917211771011 5 19990206102225957447326379099123820271112 10 2020 99
1999.09911044 -0.0361890792847 5 19990206104807707871826383193877420371112 15 1770 99
1999.09914005 -0.00549244880676 5 19990206110342181215526381410771750371112 5 1860 67
1999.10471156 -0.0481008291245 5 19990208115405452534626583314869873371112 19 615631 79744
1999.10500128 -0.151746988297 5 19990208142628390485326594764822340371112 10 2580 13
1999.11017716 -0.0600117444992 5 19990210114846826613926481202548303371112 6 1202999 79644
1999.11034748 -0.0694092512131 5 19990210131821681891826407979066250371112 3 2420 99
1999.13922462 0.0625419616699 5 19990221022634797413324221027176440371112 4 2500 99
1999.14186902 0.12983071804 5 19990222013725680626724160744638981371112 8 1270999 80094
1999.14189177 0.0550006628036 5 19990222014923654771224168969135770371112 6 2300 99
1999.14210136 -0.0263508558273 5 19990222033937850788224279885244854371112 6 1155999 80069
1999.14465266 0.0042849779129 5 19990223020130896004924219667519830371112 14 2110 99
1999.14469346 0.0794829130173 5 19990223022258424299724233955062648071112 5 973102 80019
1999.14471661 0.128581881523 5 19990223023508784677624241876169924071112 3 1270114 80019
1999.14474358 0.0735156536102 5 19990223024919892400524252177829846071112 6 1209 52
1999.14736403 -0.00655055046082 5 19990224014735214116224310506516850371112 6 1820 98
1999.14760891 0.0561376810074 5 19990224035623044189824369950184700371112 14 2010 53
1999.14787127 -0.0200973749161 5 19990224061422236238424528645235230371112 6 2140 32
1999.1500967 -0.0970247983932 5 19990225014451567051224454909063392371112 13 1098135 80119
1999.15019001 -0.0919525623322 5 19990225023356327225224450167903980271112 5 2360 32
1999.1503288 -0.0640323162079 5 19990225034656047716424466613331230371112 11 2270 77
1999.15035584 -0.0237036943436 5 19990225040109385541324473902883168371112 20 586210 80144
1999.15064417 -0.0678422451019 5 19990225063248590928524618661885200371112 9 1920 99
1999.15067419 -0.00299429893494 5 19990225064835671981524639521289217371112 7 821106 80119
1999.1560231 -0.0886369943619 5 19990227054154629258124826647512410371112 16 3200 52
1999.15623988 -0.162494540215 5 19990227073555607204624923523200047371112 7 1773 3
1999.15626648 -0.0159657001495 5 19990227074955096203224939976952140371112 21 2300 41
1999.15851707 0.168428659439 5 19990228033338176090425048359722830371112 8 3090 0
1999.15854546 -0.197139143944 5 19990228034834260893225040509179720371112 11 3220 0
1999.15878533 -0.0491728782654 5 19990228055444035513525027885480930371112 35 1910 99
1999.15880303 -0.049877166748 5 19990228060402424035725030916475750371112 32 1880 99
1999.15882669 -0.0296547412872 5 19990228061629230096225035823431680371112 13 2070 50
1999.15889465 -0.0512691736221 5 19990228065213682489825053172441050271112 19 1970 17
1999.15898528 0.0137441158295 5 19990228073953905832625093013131380371112 52 1740 39
1999.1590172 -0.0722343921661 5 19990228075641252878725109331121400371112 23 667106 80244
1999.17531017 -0.0150839090347 5 19990306064608271085026555990669501371112 23 531323 79969
1999.17533253 -0.0370106697083 5 19990306065753799802826543721119501371112 25 531171 79969
1999.17540776 -0.0045473575592 5 19990306073727972545926498187678161071112 11 1149142 79969
1999.17543712 0.0386530160904 5 19990306075254603725426486123600104071112 5 1151 75
1999.17550488 -0.0149763822556 5 19990306082832666579626460770128640271112 8 1960 26
1999.17552831 -0.0763370990753 5 19990306084052063102026454575730620271112 12 1890 66
1999.17557534 -0.00113809108734 5 19990306090536322808726456435953557371112 16 1116131 79969
1999.17560022 0.0101363658905 5 19990306091841448741626452929554494371112 19 545200 79969
1999.17562306 -0.0202535390854 5 19990306093042372640526450677668435371112 23 393476 79969
1999.1757252 0.0505130290985 5 19990306102425724356626443711303770071112 13 1870 49
1999.17597262 0.0559134483337 5 19990306123433478662026531884009350371112 13 2120 37
1999.18394779 -0.00352501869202 5 19990309102910763179726595123177980371112 33 499999 79869
1999.1839707 0.00913119316101 5 19990309104113747315326586456722908371112 10 1243999 79844
1999.18412863 0.0038104057312 5 19990309120417681869326550150635742371112 36 511999 79844
1999.18417475 -0.0424746274948 5 19990309122832951348826533235655120271112 7 1960 82
1999.18420519 -0.00947427749634 5 19990309124433561316926533543554800271112 11 1910 84
1999.18432982 -0.00688230991364 5 19990309135006771041626565883650740371112 52 1750 99
1999.18436236 -0.0449945926666 5 19990309140713664536326560181547860271112 8 1990 27
1999.18438007 0.00737524032593 5 19990309141632352570926565699639002271112 7 1467 13
1999.18446848 -0.0207401514053 5 19990309150302473767626614946435428371112 20 612 33
1999.18685821 0.0392615795135 5 19990310115956688982026423241397794371112 16 805999 79669
1999.24112442 0.0564239025116 5 19990330074148117201025894760153814371112 12 1470 7
1999.24116608 -0.0252774953842 5 19990330080342712207725914697737453371112 6 1014 10
1999.25488781 0.00798761844635 5 19990404082047451080526662096289030371112 43 2150 99
1999.25492612 0.0820413827896 5 19990404084056580848526647425899400071112 9 2230 22
1999.25495376 0.0483267307281 5 19990404085528809443026643888536500071112 10 2160 72
1999.25515623 0.0331888198853 5 19990404104158352699226666192074280371112 22 1740 18
1999.26039475 -0.0611462593079 5 19990406083713365930226671948685930371112 11 2000 99
1999.26042981 -0.0277073383331 5 19990406085539813602126655764552369371112 10 920462 79919
1999.26059854 0.0643873214722 5 19990406102424557206726599658698463071112 27 508999 79919
1999.26062768 -0.0110371112823 5 19990406103943959118026586247948959271112 17 626194 79894
1999.26068121 -0.00607085227966 5 19990406110753271150726596831764287371112 31 569221 79894
1999.26070468 0.0261652469635 5 19990406112013975891026596786907319371112 17 604251 79944
1999.26089415 0.0445319414139 5 19990406125953176299926625969967630071112 8 2060 22
1999.26092107 0.024261713028 5 19990406131402616811626639751107680371112 19 2040 37
1999.26094715 -0.113234996796 5 19990406132745756429326649867348260371112 13 2170 18
1999.30616868 0.0927449464798 5 19990423015228663379324859451303050371112 10 1900 99
1999.30620876 0.043364405632 5 19990423021333606709524869591359760371112 15 1850 99
1999.30634893 0.0782322883606 5 19990423032716979217924926051430441371112 5 1199447 79294
1999.31431269 -0.150357365608 5 19990426011554277923325872445475110371112 6 2940 0
1999.3143444 -0.00330364704132 5 19990426013234909078625860401725300371112 18 1710 52
1999.31445715 -0.044133067131 5 19990426023152984866225825429286040271112 18 2030 38
1999.3145156 0.0269799232483 5 19990426030237580837825813918340522071112 13 971 39
1999.31452804 -0.0307532548904 5 19990426030910232082825822163264114371112 8 1532 71
1999.31998957 -0.11591553688 5 19990428030142755884126331984633430371112 23 1050 34
1999.32052607 -0.211704850197 5 19990428074353652786826373787909355371112 15 1683 7
1999.32065898 -0.0575337409973 5 19990428085347862568326457683390470371112 13 1830 26
1999.32068057 -0.0601688623428 5 19990428090509028303326473348460730371112 6 1900 32
1999.34269539 0.0335302352905 5 19990506100404076768626268593281380371112 5 1860 59
1999.34273309 -0.0551413297653 5 19990506102353843353826256669543870371112 9 1850 99
1999.34289729 0.0749390125275 5 19990506115015453314126232270900410071112 3 2144221 79794
1999.34296054 -0.0245505571365 5 19990506122331652833426235440369570371112 14 2490 4
1999.34541778 0.0387041568756 5 19990507095556038595026024233395360371112 4 2082126 79719
1999.34546399 0.00158905982971 5 19990507102014535511926000767485526371112 15 1007684 79744
1999.34561689 -0.0130088329315 5 19990507114039491653525947055752160371112 30 1670 99
1999.34565205 0.0733671188354 5 19990507115908979050825927525508600271112 11 2100 7
1999.34583089 -0.0100862979889 5 19990507133312973484425938194728120371112 30 2050 73
1999.3828687 0.00233781337738 5 19990521021337296324824828907608377071112 14 973645 79869
1999.39387173 -0.0300785303116 5 19990525024046542847526183666150060371112 4 1780 67
1999.393891 0.135361671448 5 19990525025054557308626183153382260371112 14 2150 43
1999.39393108 -0.0359190702438 5 19990525031159510619226184258299540371112 12 2700 99
1999.39640785 0.0696071386337 5 19990526005440392004426492840396800371112 8 3230 8
1999.39663495 0.0871232748032 5 19990526025406958736026413294965660371112 7 2460 42
1999.3994093 0.0210083723068 5 19990527031318907789526586069334640371112 14 2330 48
1999.39943471 -0.0306557416916 5 19990527032640815132126569951070560271112 7 2330 49
1999.41394136 0.00834608078003 5 19990601103635811542826578118843190371112 8 2300 22
1999.41396374 -0.122254490852 5 19990601104822068068026586038984560371112 8 2470 21
1999.47035641 0.01637840271 5 19990622010839348467326189689434710371112 15 3760 36
1999.47620794 0.0151762962341 5 19990624042619708897226600637027400371112 18 3310 78
1999.47867649 0.0176166296005 5 19990625020441325404526711470454150371112 10 4020 8
1999.49579827 -0.0486395359039 5 19990701081003594730225984523754500371112 9 2510 49
1999.49583319 -0.062242269516 5 19990701082825333854525977277212670371112 7 3210 29
1999.49619739 -0.176193714142 5 19990701113958731322826024037399620371112 9 4990 5
1999.49624649 -0.0824930667877 5 19990701120548240312226045757474520371112 9 4750 11
1999.5609645 0.272632360458 5 19990725032453415048926527691592160371112 7 5430 0
1999.5609818 -0.0137377977371 5 19990725033359234403526523910303950371112 12 3980 62
1999.56121327 -0.0429488420486 5 19990725053544044679426522234641520371112 5 2170 26
1999.56124606 -0.00722742080688 5 19990725055258711043626529262143590371112 14 5230 36
1999.58903091 -0.137072086334 5 19990804092641853035324413661577490371112 3 2600 99
1999.5920313 -0.135684490204 5 19990805114447017151724163439985670371112 4 2110 99
1999.62646925 -0.0945405960083 5 19990818013745874912926419803386950071112 13 3410 84
1999.62653746 0.00153696537018 5 19990818021338678035926459866332720371112 5 1980 99
1999.63201488 -0.00665688514709 5 19990820021432625697826590773231100371112 32 2730 99
1999.6320396 -0.0235824584961 5 19990820022733035144026594965031840371112 35 2320 99
1999.63209996 0.0993492603302 5 19990820025917548052626597562661080271112 3 2000 99
1999.63226569 -0.0630495548248 5 19990820042627621672926678285795950371112 10 2750 99
1999.634722 -0.00328290462494 5 19990821015822857816926545244891690371112 38 2220 99
1999.63476008 0.0146962404251 5 19990821021824746146626543055487460371112 46 3640 99
1999.63484584 0.108198523521 5 19990821030330999680026535191187430271112 7 4220 47
1999.63487836 -0.0208078622818 5 19990821032037454615926552075127160371112 7 2400 99
1999.63490247 -0.00945222377777 5 19990821033318224546126556793639620371112 17 1970 99
1999.63505858 -0.0097234249115 5 19990821045524680740226609197074900371112 13 3330 99
1999.67141688 -0.0736703872681 5 19990903113825234292524188035963700371112 8 2750 99
1999.67694073 -0.078022480011 5 19990905120344849849924384913408790371112 4 2580 99
1999.67697121 0.0275654792786 5 19990905121946559422624369625732540371112 5 5360 99
1999.91219284 -0.0296951532364 5 19991130101656660989325285283722170371112 8 3530 99
1999.91227763 -0.00104975700378 5 19991130110132668929025251457369650371112 6 3120 99
1999.91250336 0.100142002106 5 19991130130016026519525215190891810371112 3 3300 99
1999.91253589 0.0434885025024 5 19991130131722658406425217206753160371112 9 4140 99
1999.95499713 -0.190775513649 5 19991216013017413370825220262368050371112 3 8520 0
1999.95504299 0.0708068609238 5 19991216015424741343325219862170590371112 10 4540 42
2000.03999265 -0.0559213161469 5 20000116023432019442824187979653100371112 12 5010 21
2000.06531103 -0.0737708806992 5 20000125083059286010225007828141410371112 15 3970 24
2000.0653329 0.0622965097427 5 20000125084229425523725001652978570371112 10 5400 43
2000.07368926 0.0367078781128 5 20000128095736275392126235861448110371112 3 1900 99
2000.07373571 -0.000215888023376 5 20000128102202016711226215353885290371112 6 4060 96
2000.07405384 -0.0551013946533 5 20000128130921507630726165134548930371112 8 3320 99
2000.07408912 -0.0111045837402 5 20000128132754705975126170408952090371112 5 3960 99
2000.12191451 -0.0612086057663 5 20000215004209297893524008075603050371112 5 3920 16
2000.12194308 0.00831949710846 5 20000215005710889339223995637848410371112 27 5460 54
2000.12203045 0.0249148607254 5 20000215014308093537223962122659470271112 6 4520 23
2000.12221412 -0.0197366476059 5 20000215031944168759323943007027810371112 26 2860 64
2000.12468755 -0.0180072784424 5 20000216010039938611423924150425920371112 14 3400 76
2000.12470623 0.0500180721283 5 20000216011029412705423910758551970271112 9 3670 64
2000.12495255 0.00479352474213 5 20000216032002445550623832890363090371112 34 3690 99
2000.15593456 -0.0104304552078 5 20000227105520480378726589254647290371112 4 2290 99
2000.15619455 -0.00543320178986 5 20000227131205166178226541410114480371112 6 3590 60
2000.18774336 0.0464432239532 5 20000310014529766354824687222491720371112 5 6410 99
2000.19053155 -0.0501898527145 5 20000311021158542865924505790254300371112 7 2410 99
2000.19324068 0.0649924278259 5 20000312015652109553424325963340810371112 13 2650 99
2000.19328429 -0.0937535762787 5 20000312021948294306624347584531720071112 10 3680 66
2000.19339941 0.0322260856628 5 20000312032021201599024400489792450371112 4 2460 99
2000.19592098 -0.00351512432098 5 20000313012635925716524199855194700371112 5 2400 99
2000.2016674 -0.0416995286942 5 20000315034859074127124141425496560371112 37 2910 99
2000.20168917 -0.0251907110214 5 20000315040026094121024146325717810371112 36 4280 99
2000.20185335 0.0307012796402 5 20000315052647230099924206749548670371112 13 4700 40
2000.2018791 -0.0439658164978 5 20000315054020032987124219673078840371112 30 3100 99
2000.20194389 -0.198840379715 5 20000315061424351458324254693126690071112 7 5160 8
2000.20210952 -0.0568513870239 5 20000315074131393764824366291549440371112 9 3030 9
2000.20422597 -0.0697886943817 5 20000316021441438544424181909151630371112 26 3600 94
2000.20444193 -0.0113235712051 5 20000316040816596720524164180349610371112 16 5290 36
2000.2044596 -0.063689827919 5 20000316041734171473224166242287910371112 23 3140 99
2000.20475658 -0.00857973098755 5 20000316065346198378224275300608310371112 6 3330 30
2000.20480554 -0.0538775920868 5 20000316071931203881224304934713800371112 10 3600 22
2000.28359849 -0.0459667444229 5 20000414020127746524124594084373310371112 34 3780 87
2000.28400183 -0.0389219522476 5 20000414053336095647224644656722770371112 22 4680 45
2000.28628247 -0.000411748886108 5 20000415013307539968024842330790380371112 11 2220 99
2000.2863111 0.0681364536285 5 20000415014811168445824830014144190371112 17 4060 34
2000.28646491 0.027818441391 5 20000415030905175369324785136111880371112 12 3640 48
2000.2868353 0.0188803672791 5 20000415062353616210324845000899680371112 10 5580 13
2000.28685841 0.0205997228622 5 20000415063602915819024856496336250371112 16 4940 30
2000.28705616 -0.175003767014 5 20000415082003607965724984630196900371112 5 5840 24
2000.28708196 -0.143079161644 5 20000415083337531951925004585687560371112 10 4600 4
2000.3118244 -0.0340811014175 5 20000424092709548619326667712089010371112 17 4520 44
2000.31203342 -0.0406215190887 5 20000424111705756678326627243906050371112 25 4000 75
2000.31213056 -0.118267893791 5 20000424120811252137226630176821640071112 4 3120 40
2000.31225336 0.0634509325027 5 20000424131246736137326662682911890371112 20 4850 19
2000.31227629 0.0147762298584 5 20000424132450275258026670801925750371112 21 4530 22
2000.31469082 -0.00151085853577 5 20000425103447095416826619183763180371112 15 2220 99
2000.31472324 -0.066675901413 5 20000425105150038722726609091022480371112 3 3230 99
2000.3149273 0.0307729244232 5 20000425123909890184926585076137250371112 23 5150 32
2000.35215581 0.0166734457016 5 20000509025952120219524134170057260371112 7 4090 99
2000.35792215 -0.0561683177948 5 20000511053244149291024695724792830371112 8 2570 99
2000.36041643 0.0191226005554 5 20000512032437382493724780285846000371112 23 3380 99
2000.36059564 -0.0235476493835 5 20000512045852860676324864408953230371112 9 2160 99
2000.36857887 -0.0352772474289 5 20000515025744473760425593362961320371112 20 4780 12
2000.37142736 -0.0656509399414 5 20000516035556089380425839978918630371112 17 3570 30
2000.3715738 -0.00945365428925 5 20000516051257304449825827606999340371112 4 2990 10
2000.37164105 0.00486779212952 5 20000516054819694562625834875566100371112 11 3470 17
2000.37195701 -0.065482378006 5 20000516083430493151025972587074970371112 10 5640 3
2000.37198751 0.00684285163879 5 20000516085033156072325993647636690371112 7 5500 0
2000.3940562 0.0880613327026 5 20000524101747891062126512139435610371112 5 3520 28
2000.39407627 -0.0732364654541 5 20000524102821320562926505708849850371112 13 5770 39
2000.39424944 -0.11096739769 5 20000524115926049837526478260745630371112 6 6200 4
2000.39427784 -0.115790724754 5 20000524121422207600226478657583760371112 17 4480 34
2000.44247945 -0.00415062904358 5 20000611024629642867625476950963120371112 22 3500 99
2000.44268043 0.0256233215332 5 20000611043211827575325542271635970371112 8 3030 76
2000.44287554 -0.0264503955841 5 20000611061449012737525667299434290371112 11 3240 56
2000.53005914 0.0936012268066 5 20000713022954315806826604745759160371112 11 5600 4
2000.53330027 -0.180908918381 5 20000714065436493364826722996552820371112 22 5530 0
2000.60941507 0.25511276722 5 20000811020757088651926713417960490371112 14 6520 6
2000.60958017 0.0503672361374 5 20000811033447283077026682963614390371112 17 5660 12
2000.64038165 -0.0724580287933 5 20000822093507983183224704019513540371112 3 2470 99
2000.68051529 0.081983089447 5 20000906012349309080426392704094200371112 5 2380 99
2000.6832301 0.108346581459 5 20000907011142065729826559464484030371112 9 3420 85
2000.68339583 0.0382548570633 5 20000907023852259832026569325150630371112 13 3630 30
2000.68593143 0.0983158349991 5 20000908005229601695126666990936930371112 19 4440 39
2000.68608436 0.0526344776154 5 20000908021255653446426636927457420371112 12 3830 45
2000.68627679 0.0168256759644 5 20000908035408292866726654087440810371112 10 4420 12
2000.68874589 0.0732696056366 5 20000909013247405085726666872925970371112 13 4690 16
2000.68891255 0.0577020645142 5 20000909030026623690326626626947250371112 5 2820 30
2000.68894874 0.0792683362961 5 20000909031928758552926623914164930371112 8 3220 21
2000.68907651 0.0533372163773 5 20000909042640732387926631978510710371112 7 2620 28
2000.68912246 0.0683510303497 5 20000909045050989246826641482542800371112 12 4410 13
2000.70856217 0.0158593654633 5 20000916071521422112525221286065450371112 16 5410 5
2000.72292788 0.0568200349808 5 20000921131108861396224171045605550371112 9 3760 23
2000.75991747 0.0315356254578 5 20001005012611696199126542758463570071112 3 2180 99
2000.75994141 -0.0279574394226 5 20001005013847037775226548349032080071112 5 3660 36
2000.8392889 0.0729240179062 5 20001103011223497871626627366539240371112 6 3110 99
2000.85913494 0.120366573334 5 20001110071036686966124798261175960371112 7 6420 8
2000.92694433 -0.0267211198807 5 20001205013538295075425929497394190371112 7 4980 40
2000.92696752 0.0781265497208 5 20001205014750250472925926540559410371112 5 3720 84
2000.92971995 -0.090388417244 5 20001206015530375720825559551157020371112 7 4790 2
2000.92975197 0.15154838562 5 20001206021220810918225552404114900371112 8 5380 26
2000.92981634 0.160304665565 5 20001206024612057419025539565193950271112 6 7880 4
2000.94971891 0.144362926483 5 20001213091409546131623545469387000371112 20 5650 7
2000.96634119 0.0690203905106 5 20001219105648852873825205608177080371112 5 4550 99
2001.01769768 0.0836184024811 5 20010107050816158615323924664647220371112 14 5290 9
2001.03735457 0.0341588258743 5 20010114092700545538624280140345180371112 10 3860 19
2001.03784117 0.026887178421 5 20010114134256603427624370155385630371112 4 2750 12
2001.03786124 0.0220527648926 5 20010114135330000461724382556639860371112 14 3750 54
2001.09124505 0.0358103513718 5 20010203015114678848024527050794320371112 9 5620 7
2001.09404172 0.0814251899719 5 20010204022211012709624128751005980371112 7 4410 15
2001.09696659 0.0557725429535 5 20010205040032968793423750798446340371112 16 4730 1
2001.09969573 0.0834074020386 5 20010206035558011831223499187833310371112 14 5800 9
2001.17341034 -0.0198320150375 5 20010305020654093454824018127635940371112 14 4500 23
2001.17894264 -0.0946449041367 5 20010307023640119199123628552084480371112 16 4010 27
2001.20465337 0.0714124441147 5 20010316115929288431326083712804290371112 4 2330 35
2001.20468016 0.0889991521835 5 20010316121334716890726083382019860371112 5 3900 99
2001.24470433 0.073317527771 5 20010331030441292718524714614307170371112 7 2730 99
2001.24749236 -0.0227706432343 5 20010401033104854102024456960838760371112 3 2390 99
2001.24991977 0.00197005271912 5 20010402004748243797124204881808670371112 22 3010 99
2001.25000894 0.121386408806 5 20010402013442282391624189024808610071112 9 3870 24
2001.25017731 0.0305352210999 5 20010402030315525241124196918733570371112 14 3210 99
2001.25032483 0.0939327478409 5 20010402042050876701824239846406470371112 7 5810 76
2001.25291879 0.0995761156082 5 20010403030509859600824009122721500371112 6 3900 17
2001.25533519 0.0411088466644 5 20010404001605876338924020819020060371112 9 4880 8
2001.25549034 -0.00792706012726 5 20010404013741820576123939253003810371112 14 3330 94
2001.25569692 -0.0103931427002 5 20010404032620977777223886881617430371112 24 3320 99
2001.32410888 0.0582078695297 5 20010429030818356279524404538848630371112 4 2770 99
2001.32416922 0.156739354134 5 20010429034002706695024438341715070071112 4 4290 44
2001.32943293 -0.214690685272 5 20010501014832751301224150770339570371112 4 6080 9
2001.32966888 -0.227011919022 5 20010501035238639426724204417212870371112 7 5690 0
2001.33218898 -0.0426217317581 5 20010502015806854870024139503378430371112 10 3230 99
2001.33221481 0.0878318548203 5 20010502021142045817124130444641260071112 9 2510 86
2001.3323134 -0.00821793079376 5 20010502030333407927124139916453230371112 9 3510 49
2001.33268381 0.195683002472 5 20010502061822532750124290614065650371112 7 5530 3
2001.34055572 -0.0595463514328 5 20010505031841344656024425084396890371112 13 4700 6
2001.34058744 -0.0612562894821 5 20010505033522304025324416598718590371112 12 5010 35
2001.41149499 -0.016042470932 5 20010531010954239034424383237525920371112 11 4200 56
2001.41161105 0.0256505012512 5 20010531021056910959824377530194840371112 10 3170 89
2001.41182908 -0.0530436038971 5 20010531040537406146524432226564550371112 8 2970 99
2001.41196536 -0.00814771652222 5 20010531051718095704124505985798840371112 11 2570 99
2001.41733167 0.0676811933517 5 20010602041945842085024770767742860371112 11 5590 39
2001.41735204 -0.100515842438 5 20010602043028619353024765731739180271112 6 3450 33
2001.41736876 -0.0875890254974 5 20010602043916378591724769687501960271112 5 3980 13
2001.41986899 -0.0397641658783 5 20010603023417562806825019970237990371112 12 3380 72
2001.42015935 0.0408551692963 5 20010603050700601760224989265286970071112 7 4870 19
2001.48569019 0.107135176659 5 20010627033336793630124317738562760371112 9 3270 99
2001.49106602 0.00437211990356 5 20010629024104914023224726947208870371112 16 2870 99
2001.491085 0.0902948379517 5 20010629025103998759524721224376600071112 6 2850 84
2001.49125781 0.0859220027924 5 20010629042157583518524813730511310371112 7 5160 99
2001.49395513 0.0275971889496 5 20010630040038285974325041016269950371112 6 4730 30
2001.49407553 -0.0381764173508 5 20010630050357978275625100038182010371112 21 2880 99
2001.502102 0.0107955932617 5 20010703032533927737025832357333340371112 11 4490 33
2001.50218421 0.10760474205 5 20010703040848346461325820098750360371112 12 6960 28
2001.50234343 0.0295486450195 5 20010703053233112635925828483631820371112 8 3620 28
2001.5167633 -0.0444096326828 5 20010708115649465796926726153555080371112 14 5890 0
2001.52486818 -0.00423085689545 5 20010711105940037014826478946093130371112 14 4100 45
2001.57588981 0.045552611351 5 20010730021500243616125756931416680271112 9 4640 31
2001.57628742 0.0609402656555 5 20010730054407948204725878736726250371112 11 5010 38
2001.58166934 -0.0535507202148 5 20010801045448227243226277146634640371112 10 4780 11
2001.58451297 0.0763574838638 5 20010802055026479997726458609690540371112 13 5290 8
2001.60433498 0.217638492584 5 20010809113601438566826274993677410371112 9 6240 3
2001.6470327 0.0739871263504 5 20010825015319095570425099027506910371112 3 1990 99
2001.65245153 -0.0875389575958 5 20010827012324280360225820197791800371112 9 4920 78
2001.65262055 0.0884226560593 5 20010827025218134207225852999146100371112 9 3010 99
2001.65276232 -0.175993442535 5 20010827040652079544925915864569120371112 8 3670 22
2001.68056816 0.125566840172 5 20010906075137678328526232677056180371112 13 4830 2
2001.68330863 -0.048073887825 5 20010907075300444200026033176497350371112 6 3510 22
2001.68333786 0.204716205597 5 20010907080822923611226018375500420371112 4 3400 22
2001.73780257 0.0860776901245 5 20010927053438360108826643464573770371112 10 6510 5
2001.76826745 0.170844078064 5 20011008083756844311425074991664750371112 9 4960 26
2001.76840223 0.205328941345 5 20011008094850269674625011660000700071112 3 2590 99
2001.76848857 -0.00294601917267 5 20011008103414849714424981755003770371112 7 4500 16
2001.77388836 -0.073152422905 5 20011010095419230195224521377112740271112 19 3720 99
2001.77393973 0.0666439533234 5 20011010102120500612424499973105330071112 5 2800 99
2001.77401517 -0.0171961784363 5 20011010110101186614824459245777860371112 4 2350 99
2001.77416967 -0.0842714309692 5 20011010122216774857824386667450760271112 9 3410 99
2001.77418619 -0.124742507935 5 20011010123058241280224382430766710271112 12 2950 99
2001.77422393 -0.00705254077911 5 20011010125048956895724387056238390371112 13 3860 99
2001.77705567 -0.0790383815765 5 20011011134012000675324103095879940271112 8 3640 22
2001.77952827 -0.0512862205505 5 20011012112041192734324062557246300371112 9 3280 99
2001.81681155 0.0255408287048 5 20011026021012174977526601454649400371112 10 3020 40
2001.81684807 0.236097097397 5 20011026022924504995226602320665630071112 6 4880 10
2001.81686692 0.256096839905 5 20011026023919438520926602869433480071112 6 6670 0
2001.83969291 0.0122894048691 5 20011103104452967673525248913302810371112 15 4970 6
2001.84785224 0.0459159612656 5 20011106101621858155624593239645910371112 5 3960 19
2001.84787511 0.0760316848755 5 20011106102823489297124588260905520371112 5 2610 99
2001.84832426 -0.0124629735947 5 20011106142437546354924659395674770371112 9 6490 1
2001.84834956 0.205332756042 5 20011106143756126930024671837383840371112 7 3980 5
2001.8905269 0.024299621582 5 20011122002131646683626477171229020371112 7 2570 99
2001.89898707 -0.180526018143 5 20011125023114287053926440653921240371112 7 1930 10
2001.89901074 0.0511348247528 5 20011125024341476971726439752626640371112 7 3070 48
2001.92151158 0.038143157959 5 20011203075813691465324436870531360371112 13 3760 33
2001.92155057 0.157873034477 5 20011203081844352544224426453731940071112 6 6190 11
2001.92424062 0.261076450348 5 20011204075335805839024347176465360371112 10 5670 2
2001.92426738 0.0823285579681 5 20011204080740225006824336271482050371112 11 5330 13
2001.92472981 0.083008646965 5 20011204121053371115024327773985950371112 16 4380 7
2001.924781 0.110839366913 5 20011204123748840204124344378197290071112 5 2390 84
2001.92480633 0.0699112415314 5 20011204125108158935324355459184340071112 11 2900 99
2001.97001443 -0.0432479381561 5 20011221010847277103626587985046420371112 3 3620 99
2002.01775389 -0.0636546611786 5 20020107113750081441324742704309190371112 3 2240 99
2002.02070164 -0.0599685907364 5 20020108132814074835424955451584690371112 6 3050 99
2002.06037208 0.00683808326721 5 20020123011317922611925680624173480371112 9 3570 54
2002.07146768 0.216777086258 5 20020127022908338803524180561723990371112 5 6930 1
2002.0714957 0.136999487877 5 20020127024352817392524163225508710371112 10 5030 4
2002.08607826 0.172494530678 5 20020201103343321507723764921043250371112 16 4860 15
2002.14546427 0.0279453992844 5 20020223030823298525124508270576500371112 18 5020 18
2002.14549646 0.00613343715668 5 20020223032518990454324490527760600271112 12 5020 31
2002.14589037 0.0772130489349 5 20020223065229824623524577630984880371112 7 2930 12
2002.16279323 -0.0610259771347 5 20020301110243756437823565327279770371112 11 4020 9
2002.17085834 0.111209869385 5 20020304094439105196024579948605910371112 15 4080 25
2002.17113155 0.022460103035 5 20020304120820928466624585033248060371112 7 4260 37
2002.17116081 0.195897936821 5 20020304122344430274024593206895310371112 9 5830 17
2002.17374705 -0.0103220939636 5 20020305110400002514325002806665740371112 9 2260 70
2002.17388655 0.123221516609 5 20020305121722175079225001517478950371112 5 4020 37
2002.17391441 0.084579706192 5 20020305123201405874625005174050040371112 8 3990 89
2002.17652292 0.0467114448547 5 20020306112359674017125425975100830371112 13 4440 99
2002.17656627 -0.258756756783 5 20020306114647701494325410160035850071112 3 2440 99
2002.17671682 0.0502111911774 5 20020306130558710674825411270874380371112 13 4280 99
2002.21640995 -0.0510687828064 5 20020321010258534257425442084010700371112 4 3510 90
2002.22193031 0.0395332574844 5 20020323012627884502524677765690200371112 11 4580 49
2002.22196237 0.0446475744247 5 20020323014319705980324670893158000371112 14 5170 65
2002.22216646 -0.0296015739441 5 20020323033040370266524666467009940371112 5 3550 21
2002.22220931 -0.0623999834061 5 20020323035312385454424673857031660371112 6 3880 20
2002.30438021 0.0174305438995 5 20020422041148881070724120265718470371112 5 4750 18
2002.30442046 -0.0887178182602 5 20020422043259260895824129139570200371112 5 2840 44
2002.32669852 0.13131570816 5 20020430075021117911824809583343050371112 4 3350 37
2002.32672927 -0.0297708511353 5 20020430080631648745324803269530980371112 6 3690 16
2002.3269705 0.1270185709 5 20020430101324195827724805003641590371112 11 3580 54
2002.32699255 0.0973792076111 5 20020430102500242938924809901203010371112 6 4990 27
2002.32981735 0.0906673669815 5 20020501111044129903125231639677710371112 7 2450 20
2002.32987656 0.0176010131836 5 20020501114152622494225246496927910371112 6 5090 16
2002.38627067 0.10969543457 5 20020522020255330942123977153740600371112 11 4200 22
2002.4547746 -0.0685896873474 5 20020616023314976058824414803076410371112 3 2470 99
2002.45754187 0.0096310377121 5 20020617024843174972324297629126160371112 3 3690 99
2002.46028342 0.084975361824 5 20020618025040111061524215711930310371112 3 2590 99
2002.46033619 0.0842269659042 5 20020618031825217327224228452182720071112 16 6070 10
2002.46303338 0.0271897315979 5 20020619025702225065324187825743420371112 22 4180 99
2002.494123 -0.0886282920837 5 20020630112855888087626399810026000371112 5 3890 99
2002.4995935 -0.0134897232056 5 20020702112611894919526521018779350371112 17 4080 99
2002.50225607 0.16307246685 5 20020703104636009709326513487039410371112 3 2510 97
2002.5424694 0.017650604248 5 20020718031712476705724441829015560371112 63 3380 99
2002.54264023 0.00158953666687 5 20020718044703268413124531561187750371112 6 4220 31
2002.61900459 -0.10807955265 5 20020815021139397358424465944754430071112 9 4070 94
2002.61902959 0.02756690979 5 20020815022448327333424485502795600371112 5 3020 99
2002.64968229 0.216419100761 5 20020826070653881670926648483723250371112 11 5410 0
2002.65025973 -0.156465768814 5 20020826121036359215226672588773440371112 16 5210 0
2002.65529952 -0.00335478782654 5 20020828082120228072626539272690170371112 19 4110 60
2002.65562433 0.0468362569809 5 20020828111210464492726458320927140371112 9 3800 34
2002.65565682 -0.0431579351425 5 20020828112915796485726460493989730371112 14 3320 95
2002.66116251 -0.0135586261749 5 20020830114502156853826042243490770371112 8 4030 99
2002.66119011 -0.00176858901978 5 20020830115933131096126037360460110371112 9 4680 99
2002.66124574 0.065124630928 5 20020830122848447895126022641204700271112 14 5610 19
2002.73482717 -0.177083849907 5 20020926092941808426926309790454100371112 8 3100 29
2002.73485831 -0.0200662612915 5 20020926094604447404026304194526020371112 5 3480 13
2002.73726716 0.0862137079239 5 20020927065302107637726280805405580371112 8 6580 12
2002.73729042 -0.00532627105713 5 20020927070516064502926263616895510371112 8 4890 32
2002.74059058 0.0942138433456 5 20020928120101231024625771741222960371112 4 3380 6
2002.74062443 -0.136029005051 5 20020928121849641527125770165124390371112 4 3020 11
2002.74296968 0.0305789709091 5 20020929085219872848025620863346580371112 6 3420 99
2002.74313754 -0.0315541028976 5 20020929102037127736925511878012800371112 9 4910 99
2002.77766361 0.0550317764282 5 20021012005957182526124991870574520071112 5 7170 18
2002.77771546 -0.00498104095459 5 20021012012713475490625017321423310371112 5 2850 99
2002.86265643 0.0356533527374 5 20021112020246499297026013352590250371112 5 2320 99
2002.86526951 0.134415030479 5 20021113005709028113526265987890470371112 4 3720 10
2002.86532706 0.0185196399689 5 20021113012725073672426261460749510371112 8 4180 15
2002.9422522 0.0314412117004 5 20021211034658086125926322930430100371112 3 3570 99
2003.03503953 -0.0340038537979 5 20030114010923606153126138678396510371112 11 3380 49
2003.03533448 -0.111446619034 5 20030114034431472177126057906245520371112 10 5650 2
2003.037838 0.0847630500793 5 20030115014116463720925891357245420371112 7 3530 34
2003.03786739 0.134302854538 5 20030115015644034261125865545145430271112 8 4980 20
2003.03798362 0.142502069473 5 20030115025751781474925825191957260371112 13 6010 9
2003.04099557 0.0161420106888 5 20030116052201723620025490915155780371112 12 6720 0
2003.06103274 0.118937253952 5 20030123130046696014924245271129560371112 16 3820 99
2003.06106055 0.216586947441 5 20030123131524401795524255095995210371112 3 3180 5
2003.06620238 0.0205664634705 5 20030125101948314138524379184996530371112 7 4140 99
2003.06622596 -0.0343750715256 5 20030125103212334584124368170982620371112 5 2670 99
2003.06627603 -0.0833395719528 5 20030125105832569378924341348652100071112 5 2780 99
2003.06631466 -0.0377817153931 5 20030125111851509332324325921329010271112 10 5140 6
2003.06647346 0.0449500083923 5 20030125124222750890724305651467520371112 14 3640 99
2003.06651555 0.131788611412 5 20030125130431000659324297343772590271112 11 4210 15
2003.06656501 -0.0562870502472 5 20030125133031826195124303893937160071112 4 2540 99
2003.06913458 -0.00691962242126 5 20030126120201401626724432220826430371112 3 1950 97
2003.18300604 0.00789964199066 5 20030309021351525371726551502645000371112 3 2020 99
2003.188361 -0.193499207497 5 20030311011020978569326087952861920371112 3 1730 99
2003.19102713 -0.0532250404358 5 20030312003237821830625811231406850371112 10 3760 10
2003.19127427 0.0543092489243 5 20030312024237007202725781665731430371112 10 4340 24
2003.19401212 0.0985330343246 5 20030313024237020276625411098762840371112 10 5210 8
2003.19405655 -0.0716812610626 5 20030313030559009439425391915503020271112 8 5370 17
2003.1941024 -0.0716978311539 5 20030313033005828699825407299105570071112 9 3390 24
2003.19441982 -0.155748128891 5 20030313061702814126525492365345080371112 5 4890 6
2003.19445408 0.0138230323792 5 20030313063503947424625508506019080371112 7 5270 13
2003.21650036 -0.0155974626541 5 20030321075031652405623765739824150371112 18 4210 22
2003.2222234 0.0582592487335 5 20030323100037029396024308385363910371112 7 2170 99
2003.22224393 0.0672650337219 5 20030323101125016405324305138168280371112 12 3920 91
2003.22227083 0.0409786701202 5 20030323102533850098024297308740450071112 4 5520 99
2003.22250779 0.0451947450638 5 20030323123011881812524324237354930371112 6 5110 23
2003.22253761 -0.0587564706802 5 20030323124552897852024333567076270371112 7 4520 21
2003.22526189 0.052996635437 5 20030324123844765201224646475324820371112 11 4350 65
2003.22528637 -0.0544445514679 5 20030324125137143572124651752642290271112 9 5920 6
2003.26790465 0.0141574144363 5 20030409022707786883825872595435530371112 3 6140 99
2003.26802254 0.119885921478 5 20030409032907982405225911765844730371112 4 3230 99
2003.27664148 -0.0431392192841 5 20030412070221313691224768889414240371112 20 5360 97
2003.28223071 0.146941781044 5 20030414080203697760023958241816760371112 20 6040 7
2003.34453446 -0.0166646242142 5 20030507021120702914325910145271270071112 4 3630 99
2003.59650247 0.00275158882141 5 20030807025626194553224298059953500371112 10 4110 22
2003.59652014 0.0106085538864 5 20030807030543957919824300698394830371112 7 3110 16
2003.63024544 -0.0532318353653 5 20030819104353394306726467920224850371112 3 2510 45
2003.63305647 0.060516834259 5 20030820112222938143626434927130340371112 3 2790 10
2003.70101709 -0.0643582344055 5 20030914070656920001426402238902710371112 8 3540 3
2003.94464067 0.0356192588806 5 20031212064312541961526206340150150371112 17 3820 38
2003.94466441 0.0534613132477 5 20031212065541625798026192955357310371112 21 4720 37
2003.94478602 -0.0626460313797 5 20031212075939213833026131455799220071112 8 6690 6
2003.94482298 0.128529548645 5 20031212081905624852726118375275750071112 4 7500 0
2003.94505301 0.113712668419 5 20031212102004931064026090087587720371112 6 6200 0
2003.94509443 0.0568118095398 5 20031212104152135891426093376969480371112 8 4110 26
2003.94536665 0.223372220993 5 20031212130502636458726178461199080371112 7 6510 2
2003.94539687 0.0557842254639 5 20031212132056360614126193700322730371112 12 4380 5
2003.96447469 0.0166989564896 5 20031219123506627948124061540575980371112 3 2380 99
2003.96450282 0.041564822197 5 20031219124954171790924045065049230371112 8 3360 99
2003.96460374 0.026468038559 5 20031219134258902578923995791160490371112 8 4540 91
2003.96732415 -0.000125765800476 5 20031220133348728698323812883750550371112 6 2820 99
2004.08115335 0.0218254327774 5 20040131032325092797026492320429370371112 9 3320 5
2004.0811821 0.110945343971 5 20040131033832170183026500141539910371112 7 5370 22
2004.08135619 0.0629938840866 5 20040131051006247033626573638021820371112 6 5390 4
2004.0838851 0.0477812290192 5 20040201032012473043826471369126820371112 4 2960 21
2004.08391577 0.103252053261 5 20040201033620207230026473945472550371112 14 3530 14
2004.15212534 0.0499609708786 5 20040226013150479696926262623934440071112 5 2010 99
2004.18558109 0.119670629501 5 20040309064813688194124462701427650371112 8 6210 5
2004.18560721 0.128103256226 5 20040309070158164581024450513545760371112 14 5580 19
2004.18564935 0.197499036789 5 20040309072408067277124430697343840071112 13 4100 17
2004.18839337 0.0150084495544 5 20040310072722494267624379034949440371112 11 4280 35
2004.18842081 0.190939426422 5 20040310074148690838924366291110220371112 8 4300 10
2004.18853949 0.144907474518 5 20040310084413661055324323439566580071112 8 4760 0
2004.24525729 0.214695811272 5 20040331015531537164325885213368680371112 10 5280 5
2004.327435 0.244420647621 5 20040430021742598844625199678125840371112 13 5420 7
2004.40727497 0.0483922958374 5 20040529061020517616224950368327850371112 7 4160 7
2004.51432157 0.206859707832 5 20040707083234396042124987841491890371112 11 7740 5
2004.6819859 0.108899235725 5 20040906141718103935526391111940110371112 8 5120 4
2004.68710383 0.0169323682785 5 20040908110907796599926554162298540371112 4 7680 99
2004.84295533 0.0673732757568 5 20041104092046973167926486916421630071112 4 3630 0
2004.84304224 0.0777306556702 5 20041104100629728365826446916231300371112 9 6360 50
2004.843065 0.0366418361664 5 20041104101828043137026436285107740371112 5 3000 93
2004.84337983 0.186653375626 5 20041104130403222892026370307202550371112 12 5210 41
2004.84576219 0.123181939125 5 20041105095704809545126328405644500371112 7 4950 99
2004.96815084 0.0743782520294 5 20041220024837046865225391912567210371112 6 3380 55
2004.97393481 0.209818482399 5 20041222053045139983426001539431850371112 7 4880 1
2004.97395982 0.00897574424744 5 20041222054354391149826014097416480371112 5 4980 11
2004.97416066 0.232338786125 5 20041222072932350023226144281102220371112 6 6410 2
2004.99879883 -0.111585259438 5 20041231072814081942026408900406280371112 8 5490 5
2004.99883146 0.104180693626 5 20041231074523795410826388589036350371112 15 3230 53
2004.99892545 0.0727670192719 5 20041231083449661725526333960322320071112 6 3800 58
2004.99895173 0.0651396512985 5 20041231084839247261026322190902520071112 5 3280 45
2004.99900411 -0.0363183021545 5 20041231091611979080826305956110590371112 14 3640 85
2004.99923398 0.0585191249847 5 20041231111706319555726272542808190371112 11 4870 20
2004.9992576 0.0219359397888 5 20041231112931765674026274396592150371112 12 4570 40
2004.99928954 0.128932714462 5 20041231114619728980626275129313420071112 12 3780 99
2005.04496935 0.0180929899216 5 20050117041204748255025489862441610371112 4 3420 99
2005.08397738 0.0764286518097 5 20050131100844626425625506204747790371112 3 3870 8
2005.08400986 0.130089044571 5 20050131102549512983525495236035090371112 5 4790 43
2005.21467538 -0.0241900682449 5 20050320035039738435226494319488540371112 13 2680 99
2005.21469903 -0.0260751247406 5 20050320040306045571326498589765410371112 7 5010 42
2005.21473141 -0.17168700695 5 20050320042008059684226492646802460271112 4 7890 21
2005.2172188 0.0353155136108 5 20050321020824075007126466778268190371112 5 3140 30
2005.2172488 0.0303393602371 5 20050321022410619557026457559308110371112 6 3760 19
2005.29942076 0.0938012599945 5 20050420024320637338426039170469410371112 4 3170 39
2005.29947493 0.0417913198471 5 20050420031150192370226024436797280371112 7 5660 29
2005.29952816 0.0283957719803 5 20050420033949912224426001214308070271112 8 3780 48
2005.29984822 0.116443276405 5 20050420062810160864926063404956090371112 15 4310 24
2005.30001093 0.0698313713074 5 20050420075344839551126147008198360371112 5 3830 30
2005.30003715 0.0671430826187 5 20050420080732383825426163139590840371112 6 5100 12
2005.30244887 0.028297662735 5 20050421051600318339025745830886400371112 11 3730 36
2005.3024834 0.0543651580811 5 20050421053410285658925735430811880271112 8 5880 16
2005.37364468 0.0234315395355 5 20050517052209389424326335077500460371112 6 3100 99
2005.3736703 -0.0168167352676 5 20050517053537982780326349841611390371112 10 3020 99
2005.46099732 -0.0172301530838 5 20050618030608958948624979278399880371112 18 5120 45
2005.46121077 0.214194178581 5 20050618045824912164924984904924210371112 8 5140 4
2005.46125272 0.0102260112762 5 20050618052028814764224994929309720371112 6 4410 54
2005.53208909 0.0764902830124 5 20050714021734517925025817546776200371112 4 3090 31
2005.53474947 -0.191152572632 5 20050715013650025021425449728863250371112 6 4720 11
2005.53489482 -0.00252985954285 5 20050715025316822830825464946618740371112 12 6230 6
2005.54035899 -0.004847407341 5 20050717024712812976924663916161940371112 10 6240 27
2005.54318098 0.0724270343781 5 20050718033128011122224275028596720371112 15 5400 19
2005.54334675 -0.124044656754 5 20050718045839302718324270835208350371112 5 6630 13
2005.69908453 0.0637671947479 5 20050913021030118244524285306608140371112 3 2580 14
2005.69912346 -0.0284194946289 5 20050913023058567035624281405178590371112 7 3890 24
2005.72419197 0.0263148546219 5 20050922061600434069125192576553140371112 5 2970 23
2005.72422194 0.104639291763 5 20050922063146138805725177684775230371112 6 2170 41
2005.73835399 0.124671578407 5 20050927102439794686326645909441710371112 7 3160 99
2005.74127542 0.0388123989105 5 20050928120113318582826647807520770371112 4 3700 99
2005.81545769 0.0191019773483 5 20051025141807441406826446249069940371112 13 2940 61
2005.81816366 -0.00440382957458 5 20051026140121647558226468835293900371112 8 2940 39
2005.89148023 -0.0457334518433 5 20051122084256382508626542722967790371112 14 2950 67
2005.89150581 0.0084171295166 5 20051122085623712872626529055966580371112 15 4510 99
2005.89155902 -0.0490894317627 5 20051122092422841968926494585397370071112 8 2920 99
2005.89162649 -0.0913164615631 5 20051122095952116159926464430294180271112 14 5350 19
2005.89175516 0.00412440299988 5 20051122110732648194526441917349310371112 19 2910 99
2005.89178656 -0.0877724885941 5 20051122112403583469226429638236700071112 9 2820 99
2005.89182551 0.0317267179489 5 20051122114432847300126423559090370271112 7 4400 30
2005.89194987 -0.0337359905243 5 20051122124957128824326443141943440371112 25 3350 99
2005.89423516 -0.0269848108292 5 20051123085155639515926627992810740371112 12 3880 99
2005.89428314 -0.0402556657791 5 20051123091709774567626590252991010071112 4 2790 99
2005.89448401 -0.0385717153549 5 20051123110248571385126498799325610371112 22 3370 99
2005.89452209 -0.0227648019791 5 20051123112250284458426480191229230071112 8 4310 99
2005.894561 -0.0345147848129 5 20051123114318177901626465616369450271112 8 2770 86
2005.89466648 -0.060068488121 5 20051123123846756931326463235388600371112 14 2640 99
2005.93735807 -0.0554525852203 5 20051209025251038435124437432286460371112 12 5050 99
2005.93741718 -0.0125740766525 5 20051209032356332391124457503877780271112 8 3460 99
2005.93759151 0.148302078247 5 20051209045537833975224557196365850371112 3 2750 33
2005.93761922 0.0788609981537 5 20051209051012298570424576345159710371112 5 3840 90
2005.94011584 -0.0041069984436 5 20051210030319629415524566402633800371112 9 3340 71
2005.96520736 0.00766575336456 5 20051219070027777164526473134222090371112 7 4670 13
2005.96523772 0.112498998642 5 20051219071626004853426459377458160371112 8 6670 3
2005.96549069 -0.20458483696 5 20051219092928867613426396351741680371112 8 6150 16
2005.96551586 -0.024361371994 5 20051219094243351640726395684160920371112 5 3680 18
2006.0222302 -0.157485365868 5 20060109025211895726425162381369360371112 4 2390 19
2006.02226393 0.198812961578 5 20060109030956042227925168171894660371112 5 3510 11
2006.02232889 -0.243194103241 5 20060109034406188953425178197684840271112 3 2700 6
2006.02236512 0.00660252571106 5 20060109040309653474225190392244670271112 3 2210 99
2006.02262715 -0.0398973226547 5 20060109062058471526225342268166590371112 4 3660 40
2006.02266623 -0.199373483658 5 20060109064131807927025370867785180371112 3 3170 1
2006.02844 0.0811157226562 5 20060111091818184639125936357857110371112 9 5120 11
2006.04736383 -0.0919795036316 5 20060118071128805785826663666981220371112 6 4930 8
2006.04738739 -0.246637821198 5 20060118072352246003526651181085350371112 4 3200 3
2006.0475941 0.0688952207565 5 20060118091235518135126578268783890371112 10 3540 20
2006.05030688 -0.20131456852 5 20060119085924377391926549065885400071112 7 4410 16
2006.05049771 -0.0986939668655 5 20060119103946565603826510451010230371112 11 3330 23
2006.05318075 0.0502923727036 5 20060120101056772374426403536462600371112 11 5300 61
2006.05320512 -0.102882027626 5 20060120102346013696926396789398090371112 6 4780 99
2006.05324635 -0.0328377485275 5 20060120104526930311726388675611980071112 5 5160 99
2006.05337059 -0.217847466469 5 20060120115047707556726379529033400371112 6 7310 2
2006.05340454 -0.230568528175 5 20060120120838998943226382188736500371112 5 4500 6
2006.05868384 0.055405497551 5 20060122102521123776625982159394540371112 4 4130 99
2006.05891751 0.0771471261978 5 20060122122815194725825898250629790371112 10 5220 99
2006.05893693 0.0297260284424 5 20060122123827916878725895514516320371112 6 5220 99
2006.05899824 0.0104761123657 5 20060122131043015733125896525597690071112 3 2530 99
2006.05903736 0.0595362186432 5 20060122133117262165725892025670350371112 3 3070 99
2006.09057204 0.00761771202087 5 20060203015716351841424245808416340371112 3 1920 99
2006.22037376 -0.176805377007 5 20060322114746934686725045051337500371112 3 3130 26
2006.26611775 -0.0170897245407 5 20060408044717630162026501326582130371112 12 4010 22
2006.26617493 0.0560116767883 5 20060408051722016952926513747728890271112 5 3550 50
2006.26859218 -0.096284031868 5 20060409022844588382626564580882300371112 3 2490 0
2006.26863081 0.00273156166077 5 20060409024903494443226554960701980371112 10 5300 6
2006.27148905 -0.0417045354843 5 20060410035222908790126553063720750371112 8 3910 25
2006.2715123 -0.0164572000504 5 20060410040436527806826549635176620371112 6 5710 52
2006.27155105 0.0374338626862 5 20060410042459286589826537436090010271112 10 4030 33
2006.27179796 -0.00753962993622 5 20060410063451352791426586845654400371112 13 4600 39
2006.33440523 -0.112045168877 5 20060503032346584234725922393775260371112 4 2800 99
2006.33720298 -0.0782285928726 5 20060504035516647954226195845793510371112 3 2590 99
2006.37364016 0.091828584671 5 20060517111946842588524752541211040371112 11 3050 0
2006.37622574 0.00820791721344 5 20060518095941460324824608719836260371112 7 4950 36
2006.37625197 -0.0102235078812 5 20060518101329129610224600027256590371112 5 2570 99
2006.37630331 -0.0877673625946 5 20060518104029405063724591748235750071112 4 2550 99
2006.37910433 -0.015300154686 5 20060519111342792365924434877359720371112 10 4490 31
2006.42188996 0.0189560651779 5 20060604021714572041226479107508370371112 3 5980 28
2006.45582993 0.00365364551544 5 20060616114818608169724211816977130371112 4 2040 99
2006.46112715 0.182533383369 5 20060618101426125898024296057506160371112 7 3590 99
2006.46393294 -0.0352202653885 5 20060619105010077430624369744295860371112 14 2850 99
2006.4640268 -0.0861570835114 5 20060619113932122736124322415584660071112 5 4360 54
2006.46663904 -0.0362964868546 5 20060620103328159198024539736251600371112 5 3030 99
2006.46672001 -0.0727084875107 5 20060620111603364406924485014461470271112 3 3260 99
2006.46674589 -0.10434794426 5 20060620112940065719924470685004720071112 7 3060 99
2006.46678743 -0.039720416069 5 20060620115131092486924456767946360371112 4 2540 99
2006.4694754 -0.0919402837753 5 20060621112516767610024669239704710371112 5 2750 99
2006.53217213 0.0593656301498 5 20060714090115266832423909504387440371112 12 4460 50
2006.53223705 -0.0282944440842 5 20060714093524016622523899907236920071112 7 5300 14
2006.532427 0.0856181383133 5 20060714111518440712723915628084870371112 11 3820 39
2006.53246408 -0.0952783823013 5 20060714113448492916823925896479190071112 7 7060 22
2006.54081521 0.142122030258 5 20060717124709940271624290284746570371112 9 5740 25
2006.54355418 -0.0356403589249 5 20060718124745330395224506650100200371112 7 6340 12
2006.54881589 0.0163484811783 5 20060720105512380522425124956379440371112 6 3180 99
2006.78174881 -0.00572216510773 5 20061013124836382681725445164783130371112 11 4510 68
2006.85492269 -0.0291842222214 5 20061109061508370569025022962888520371112 13 3890 37
2006.85774286 -0.187938332558 5 20061110065826118075225454137132490371112 3 5070 0
2006.85777033 -0.0406305789948 5 20061110071252991935025440665969260371112 8 3910 92
2006.85779105 -0.0911711454391 5 20061110072346796906825417987851000071112 5 5690 16
2006.85829782 -0.1358948946 5 20061110115019274655325360343338710371112 11 4550 15
2006.8634785 0.0395755767822 5 20061112091509098722726145879625790371112 9 5080 31
2006.86358972 0.0304973125458 5 20061112101339031743626085015092880071112 3 2360 99
2006.91185494 -0.122348070145 5 20061130011913550313324081254920120371112 9 4960 52
2006.92022114 0.0126671791077 5 20061203023930764816224002021990750371112 8 4970 7
2006.9202492 0.100935578346 5 20061203025416302655423991392929570371112 7 6560 0
2006.94277863 0.149926424026 5 20061211082350772905726381055072040371112 3 2170 5
2006.94280871 -0.0351514816284 5 20061211083940171528026363751510730371112 7 4450 99
2006.94283736 0.0470772981644 5 20061211085444242127426341247727670071112 5 5450 99
2006.94307721 -0.00558793544769 5 20061211110053269295326261654933980371112 8 3860 87
2006.94569346 0.0201241970062 5 20061212095655870080126510355641590371112 12 2290 99
2006.94574286 -0.0279978513718 5 20061212102254959346226482092062600071112 3 2120 99
2006.94586502 0.00149977207184 5 20061212112709826679326444033808160371112 3 3000 99
2006.94845801 -0.0663356781006 5 20061213101058398209226634370583810371112 11 3430 99
2006.94859292 -0.0135492086411 5 20061213112156026633726560745896050271112 8 3360 99
2006.94863712 -0.00930964946747 5 20061213114510911976026547756473950371112 13 3890 99
2006.95129035 -0.00612020492554 5 20061214110040298471126630967309630371112 7 2440 99
2006.95133279 0.0945984125137 5 20061214112259663010126602806800920271112 4 5280 59
2006.98605131 -0.0218136310577 5 20061227034332873565524373494166750371112 3 2340 99
2007.01650184 -0.0669785737991 5 20070107063918607014226148219114360371112 6 4570 14
2007.01654976 -0.067245721817 5 20070107070430674099326124208684910371112 5 4610 7
2007.02270047 0.111471772194 5 20070109125932418411426474615978490371112 9 5040 20
2007.0255067 0.0470196008682 5 20070110133530175336826550562947070371112 9 4270 99
2007.07336318 -0.0359048843384 5 20070128010605798412124660753567470371112 6 4120 29
2007.07338584 -0.021515250206 5 20070128011801067467524656418342140371112 4 2530 51
2007.07407447 0.0117266178131 5 20070128072012554164124891803952270371112 7 3430 33
2007.07897671 -0.0155638456345 5 20070130021835445786725098790939620371112 8 3940 15
2007.07899874 0.0408178567886 5 20070130023010663930025092176277390371112 5 4370 10
2007.07939697 -0.0977749824524 5 20070130055937859010025098537123720371112 8 4770 17
2007.07941663 -0.165566921234 5 20070130060958210808325105230211360371112 7 4380 27
2007.09866994 0.0265814065933 5 20070206065626529808426611161311450371112 7 3830 33
2007.09870546 -0.00020444393158 5 20070206071507355123926592491722320371112 7 5440 14
2007.14203081 0.0704373121262 5 20070222030231389001124140408435430371112 4 4400 99
2007.15550679 -0.0503439903259 5 20070227011021083315525357452813100371112 8 2850 94
2007.18403225 -0.0701487064362 5 20070309111336040772826539804373740371112 8 5650 9
2007.18406627 -0.222912430763 5 20070309113129862731926542189449120371112 10 5940 7
2007.18669306 0.0177990198135 5 20070310103304975197626383643673440371112 7 3690 7
2007.2352586 -0.0736587047577 5 20070328041636813076325754960697860371112 10 4020 29
2007.30075425 -0.0119806528091 5 20070421022442410898824331344193330371112 3 2400 99
2007.38568411 0.00152507043632 5 20070522025441123757825421615426700371112 5 2890 99
2007.38568463 0.0128809213638 5 20070522025441123757825421615426700371112 5 2890 99
2007.43303806 -0.0196830034256 5 20070608100041841136324551583918390371112 26 3970 99
2007.43307752 -0.042585849762 5 20070608102127216481324526895413850071112 3 2840 99
2007.43315643 0.0151640176773 5 20070608110257396658024472030160220271112 5 3120 64
2007.4732083 -0.0472030639648 5 20070623020838370134726452021062130371112 6 3070 99
2007.48430286 -0.220455408096 5 20070627032355820569426405497569620371112 7 2970 5
2007.84120139 0.0609028339386 5 20071104115816848260926124672084760371112 3 2270 99
2007.88093455 -0.143928408623 5 20071119001620197819324683258697690371112 4 6560 0
2007.88096119 -0.20329105854 5 20071119003020750339524671274994230371112 7 6980 3
2007.88100822 -0.0419748761579 5 20071119005517860639924652944975450371112 8 2330 0
2007.88100863 0.0630209445953 5 20071119005517860639924652944975450371112 8 2330 0
2007.88118632 0.115897893906 5 20071119022845551908124620103477520371112 12 5450 19
2007.88120957 0.113865494728 5 20071119024059127697524620039177390371112 8 5050 6
2007.88396268 0.0934845209122 5 20071120024900613953024204684153730371112 32 4240 99
2007.88420149 0.0753163099289 5 20071120045436956810824229937390220371112 8 5750 12
2007.88422213 0.187988758087 5 20071120050528156649024236577552160371112 8 3230 20
2007.88438712 -0.0382112264633 5 20071120063215066491824310402864490371112 3 1460 1
2007.88441988 -0.210239887238 5 20071120064928863821924328733945800371112 10 5780 22
2007.88694927 0.0977565050125 5 20071121045950208002823837615350620371112 9 4820 4
2007.88697871 0.0481654405594 5 20071121051519457428623843987711200371112 22 3510 66
2007.90927968 0.0586709976196 5 20071129084444294445124890930459520371112 11 3920 9
2007.90934907 -0.00716161727905 5 20071129092114239271324861280551500071112 6 2260 63
2007.90956341 0.0238757133484 5 20071129111358357542124858148914380371112 7 3850 15
2007.90959145 0.0674743652344 5 20071129112843129129424862140392890371112 10 4110 42
2007.90961793 0.119810461998 5 20071129114238811698024857587488480071112 16 5520 62
2007.90965163 -0.198113560677 5 20071129120022164263924872525910920271112 6 6960 7
2007.90967853 0.170187234879 5 20071129121431030407224880424251740271112 9 4650 13
2007.95504603 0.0135029554367 5 20071216015600501964625095693663740371112 5 2800 99
2007.96593682 -0.062068939209 5 20071220012407771015323867361850640371112 18 5410 8
2007.9971652 0.0221643447876 5 20071231110900567689626300511937460371112 5 2280 56
2007.99735934 0.0393990278244 5 20071231125107193155926281685521520371112 25 3390 99
2007.99739699 0.133007407188 5 20071231131055383037926284551583530071112 5 2550 99
2007.99744364 0.0728530883789 5 20071231133527414498326294595272010371112 19 3920 99
2008.03725068 0.0657678842545 5 20080115023221992947024490804693350371112 4 4070 99
2008.04004853 0.053084731102 5 20080116030355559617424286489904760371112 8 4610 72
2008.04006857 0.0633089542389 5 20080116031427766847724293818740910371112 12 4750 99
2008.04025881 0.154848814011 5 20080116045431323161524389335917910371112 12 3430 40
2008.04553525 0.203463077545 5 20080118030943282837723977089163760371112 17 4830 29
2008.04556568 0.158879041672 5 20080118032543595757923979296160740371112 9 3500 28
2008.04561529 -0.120010495186 5 20080118035148980191923971958392030271112 8 5720 3
2008.04577659 0.0946236848831 5 20080118051639314199324034119755240371112 12 1840 53
2008.04593649 0.23882651329 5 20080118064045492253924114897803680371112 9 3740 0
2008.04598682 0.219173789024 5 20080118070713602756124145498799370371112 11 6110 16
2008.11103458 0.0219605341463 5 20080211012041426937924476320248220371112 5 3090 99
2008.11103637 0.0357856750488 5 20080211012041426937924476320248220371112 5 3090 99
2008.13019034 0.132815241814 5 20080218011454724065424562315957400371112 10 5900 7
2008.130221 0.115298032761 5 20080218013102260822624547107974580371112 16 3820 41
2008.13050526 0.0387941598892 5 20080218040032818756124464677453450371112 8 4150 10
2008.13053207 0.133197188377 5 20080218041438766778524463209558350371112 14 4780 14
2008.13097951 -0.052992939949 5 20080218080959100467924606131091390371112 12 5550 6
2008.13100348 6.2108039856e-05 5 20080218082235431551524621488622400371112 9 5260 11
2008.13311089 0.0161598920822 5 20080219025100192471424703579688310371112 23 5100 8
2008.13315761 0.109353899956 5 20080219031534669963324679518504780271112 15 6000 0
2008.13339725 0.130506038666 5 20080219052137104974324642491630590371112 23 6200 5
2008.1388488 0.207263708115 5 20080221050854938525325168433156770371112 10 6110 0
2008.19333538 0.125695347786 5 20080312024640529871224142751059420371112 7 5260 99
2008.19603615 0.153908133507 5 20080313022710323349724151764072770371112 6 1240 99
2008.21253038 0.0606957674026 5 20080319030228747168825281271364870371112 22 3790 8
2008.21280313 0.132950544357 5 20080319052556109780425252722329730371112 9 2790 24
2008.21282775 0.0218721628189 5 20080319053852987295925256610814630371112 13 2870 30
2008.27813356 -0.0119817256927 5 20080412020707658631124358971266090371112 13 3060 99
2008.27817447 0.00138127803802 5 20080412022838775360924366685142750071112 12 3030 99
2008.27820101 0.0454776287079 5 20080412024236204947724379299095900071112 4 2660 99
2008.28086925 0.0453469753265 5 20080413020559486479424635334236810371112 15 4020 99
2008.28090771 0.0530908107758 5 20080413022613021252624645357152520371112 8 3970 99
2008.2809535 -0.00750756263733 5 20080413025018135168224651440368690071112 19 3410 91
2008.28114732 -0.0636761188507 5 20080413043214571316624753826808200271112 5 4130 99
2008.28123361 -0.010782122612 5 20080413051737923708224818383920460371112 10 3330 99
2008.28376291 0.0807616710663 5 20080414032756327916824965240332550371112 13 3440 99
2008.28400641 0.113020300865 5 20080414053600631971825090495210830371112 12 2240 49
2008.28409285 0.178921103477 5 20080414062128416700825150238976610271112 4 4010 33
2008.28633214 0.126272439957 5 20080415015915076876725244220137150371112 25 4920 53
2008.28635026 0.186889886856 5 20080415020846898313025242151815420371112 19 5270 99
2008.28638854 0.0828419923782 5 20080415022854919038625232825709060071112 14 2840 44
2008.2864486 0.140427827835 5 20080415030030430491425239113851070271112 8 4070 33
2008.32296613 0.175711631775 5 20080428110715989035225904620461350371112 3 3190 99
2008.32299201 0.0769482851028 5 20080428112052510886625891663869450371112 8 4050 99
2008.32576828 -0.00311132521341 5 20080429114215824546725515918241030371112 3 3150 99
2008.32577052 0.0721522569656 5 20080429114215824546725515918241030371112 3 3150 99
2008.39126821 0.00918591022491 5 20080523095125740993226589318994090371112 13 5350 9
2008.43977756 0.0231174230576 5 20080610030524423284725374439773360371112 6 3630 99
2008.76541293 -0.0482227172785 5 20081007013724807673826559360861770371112 5 677197 80073
2008.76813492 -0.0394082069397 5 20081008012814479124226357477260230371112 10 2937 25
2008.76818949 -0.251670598984 5 20081008015656678830326349523739440271112 4 9401 60
2008.76831799 -0.155680656433 5 20081008030431646406926369954162340371112 8 5409 0
2008.76834557 0.062331199646 5 20081008031902146625126376428930160371112 16 5550 15
2008.80229441 0.00297486782074 5 20081020125446049799324151188729270371112 10 3348 39
2008.80749563 0.0288387537003 5 20081022103024194969924710861230190371112 7 4607152 79950
2008.80753195 -0.0199774503708 5 20081022104930233686124686562923430071112 7 2988743 79980
2008.80763721 -0.116483569145 5 20081022114451904803324652650751350371112 21 4600 99
2008.81033615 -0.0391309261322 5 20081023112424209708824973451479540371112 4 1880 99
2008.85626989 0.168411016464 5 20081109060342695197024941403058840371112 6 4530 0
2008.85629771 -0.0116564035416 5 20081109061820548508824953067728830371112 10 2357 25
2008.87849849 0.0521253347397 5 20081117085504011399923931027365780371112 9 5260 10
2008.8785317 0.173455357552 5 20081117091231932901123923458065460371112 9 4503 29
2008.87874121 0.033499956131 5 20081117110243530718423915958747790371112 13 4284 26
2008.8787815 0.0795805454254 5 20081117112355128812123915173416170071112 8 5110 3
2008.95763635 0.0984309911728 5 20081216063824823025124117243613260371112 14 4850 22
2008.95767369 -0.00817251205444 5 20081216065803100620024098609021230371112 5 4310 1
2008.9579006 0.0525968074799 5 20081216085724113410024022589732660371112 12 5120 11
2008.95793054 0.0235149860382 5 20081216091308661294424018261045090371112 6 5500 8
2008.95795583 0.00898694992065 5 20081216092626919426624009529942530071112 7 3540 2
2008.95799826 -0.160895466805 5 20081216094845851415624007859820770071112 3 1440 3
2008.95813454 -0.0505985021591 5 20081216110026658707224029690631540371112 4 3340 6
2008.9581651 0.203094124794 5 20081216111631053120024037701164570371112 11 4980 4
2008.96334196 0.147663116455 5 20081218083920170916324952080199130371112 6 6650 3
2009.00921788 0.132963895798 5 20090104024814241114925169015587530371112 10 4700 99
2009.00924687 -0.166970133781 5 20090104030328933105625179309634950371112 3 2710 63
2009.00932168 0.0627174377441 5 20090104034249831534025192804685980271112 4 2030 99
2009.0093766 0.194841623306 5 20090104041142836191525238736501900371112 7 3830 46
2009.04060084 -0.047847446435 5 20090115135438145723924894901256930371112 8 5650 0
2009.04060125 -0.0802839994431 5 20090115135438145723924894901256930371112 8 5650 0
2009.04063467 -0.226654887199 5 20090115141212748194624920753803440371112 7 2250 6
2009.0455509 0.0134792327881 5 20090117091757034622025673214589040371112 6 3760 45
2009.04559444 0.163489341736 5 20090117094050952187825656981803760371112 8 6000 18
2009.16782684 0.039567232132 5 20090303011012364854524481756061820071112 7 1910 99
2009.16789025 0.0740057229996 5 20090303014333215919324503409303960371112 5 2070 99
2009.17655684 0.0645285844803 5 20090306054150106242624111011228890371112 7 2420 46
2009.17658527 -0.0336358547211 5 20090306055647338379624125054123660371112 4 3260 21
2009.20446827 0.126212835312 5 20090316102207929868026221276147380371112 19 5400 22
2009.20450548 0.197360038757 5 20090316104142210468326220979365000071112 7 5590 68
2009.20459079 0.0417182445526 5 20090316112634322735126226925264640371112 12 5730 12
2009.20728264 0.200836420059 5 20090317110222545127526455848859330371112 16 5380 4
2009.20735396 -0.0122255086899 5 20090317113953363938326452566763790071112 4 4000 99
2009.20750595 -0.0497146844864 5 20090317125949859671226470369057240371112 9 5890 2
2009.20753497 -0.069628238678 5 20090317131505578081026478077358350371112 12 3770 37
2009.21007361 0.0268285274506 5 20090318113018866190926606379413120371112 17 3760 99
2009.21018323 -0.0348831415176 5 20090318122758413302526592154821250371112 10 3520 99
2009.25546186 0.146325588226 5 20090404012243243507024239932150680371112 4 4980 11
2009.32947592 0.0702196359634 5 20090501021109307719624174399673410371112 6 3990 99
2009.37708001 -0.0341287221842 5 20090518113045014228225905737639370371112 4 3930 99
2009.37708333 -0.0527662038803 5 20090518113045014228225905737639370371112 4 3930 99
2009.42007517 0.272431254387 5 20090603042244203176425545693984180371112 14 5394 14
2009.45655798 0.0504015684128 5 20090616121114114991025493641260310371112 9 4229 9
2009.46196067 0.065136551857 5 20090618113250055482024780243881900371112 10 5344 29
2009.46198924 0.0419665575027 5 20090618114751653814524759433919480371112 5 3180 3
2009.48282297 -0.0284978151321 5 20090626022534166647723985708061870371112 5 4220 99
2009.48832402 0.132265925407 5 20090628023854067781324597994188760371112 8 5880 99
2009.77094061 0.0736645460129 5 20091009080355506625424502806395080371112 14 4530 0
2009.81402997 -0.0351999998093 5 20091025014712230074626594503541990371112 6 943999 79544
2009.85602271 0.0672210454941 5 20091109095342423932524283299993450371112 12 6218 16
2009.85610988 -0.06125831604 5 20091109103933295766224242729318100071112 4 2380 3
2009.85623153 0.0497667789459 5 20091109114332152454924209538621450371112 19 3070 13
2009.89619499 -0.0871820449829 5 20091124020243057653926551789206250071112 11 4060 4
2009.89898964 -0.0879491567612 5 20091125023235591332926373367228220371112 5 3420 1
2009.89904148 0.0458314418793 5 20091125025951324909326387978816000371112 9 3484117 80219
2009.89915983 0.0072375535965 5 20091125040206263840626422527057500271112 6 2375251 80219
2009.90198726 0.111851811409 5 20091126044913115793226178654325840371112 11 3581 12
2009.92748867 0.0440450906754 5 20091205122156301093323833578627910371112 9 6780 0
2009.93009689 -0.0865075588226 5 20091206111345545678923883068541510371112 7 3476 4
2009.93013517 0.0651704072952 5 20091206113353576894723888407456130071112 15 3220 0
2009.9301792 0.0548897981644 5 20091206115703211995323901462893250371112 12 3906 0
2009.98649794 0.047798871994 5 20091227013827467645225064961018470371112 7 3620 0
2009.98652658 0.0559548139572 5 20091227015331295085725056374750170371112 8 2710 0
2010.09991323 0.0204766988754 5 20100206115021684077625618759967290371112 4 1813 80
2010.09993737 0.0876141786575 5 20100206120303448269525616357004810371112 10 3561 0
2010.1428061 -0.0712729692459 5 20100222035017784043824933304037260371112 4 3771 56
2010.14283067 -0.139165401459 5 20100222040313019678224942829137290371112 3 132 68
2010.17090205 0.215436339378 5 20100304100738475719224608734496620371112 14 4100 0
2010.21378401 0.19745850563 5 20100320020150312078325577053427760371112 4 2274999 79250
2010.230516 0.00994944572449 5 20100326044211833303823831105468610371112 13 2487 13
2010.23054343 0.0643974542618 5 20100326045637377053623836309614880371112 8 4621 1
2010.23071534 -0.0126849412918 5 20100326062702532950223895930789930371112 13 3877 2
2010.23074518 0.178911089897 5 20100326064243994778623910553214920371112 8 4177 9
2010.25599805 0.163680195808 5 20100404120443918150425832137006630371112 14 4290 0
2010.25867253 0.161579489708 5 20100405113124108340726144720417500371112 7 3339 0
2010.25870757 -0.00815281652657 5 20100405115005579231426143239917280371112 8 3077 17
2010.25870806 -0.0331896543503 5 20100405115005579231426143239917280371112 8 3077 17
2010.30164324 -0.0739517211914 5 20100421041216861036824447608229130371112 10 2154999 79673
2010.30166711 -0.0646297931671 5 20100421042449955922824461196716370371112 12 1964999 79673
2010.38086213 0.0894609689713 5 20100520023814711937424218279365400371112 6 2340 1
2010.38358447 0.0117349624634 5 20100521023005351068624199282684590371112 11 4128405 79833
2010.38365365 0.0350317955017 5 20100521030628376980624250997825850171112 5 3720 8
2010.38642921 0.0898671150208 5 20100522032618535310924267125082920371112 6 3309 9
2010.38665225 0.103652238846 5 20100522052336982616024380277746390371112 7 5571 0
2010.42565672 0.0234320163727 5 20100605111824475670726421351152900371112 6 1227114 79859
2010.58453903 0.104366064072 5 20100802120408977751525902441828530371112 9 1930302 80309
2010.62717576 0.0215619802475 5 20100818014921717564225587287775630371112 3 141 0
2010.62720229 0.03044962883 5 20100818020319033882625591358189990371112 5 2658 0
2010.71501675 0.00583779811859 5 20100919035012545788326569464988960371112 25 3462 27
2010.74037403 0.20737862587 5 20100928100707551964925550116086260371112 5 3572 8
2010.78320271 -0.0363223552704 5 20101014013317900786525883076640180371112 4 2820 99
2010.86831694 -0.0299034118652 5 20101114033958639437826563404435850371112 5 2480 22
2010.87091133 -0.00845074653625 5 20101115022431404418826545218632920371112 9 4282 41
2010.87093457 -0.0340013504028 5 20101115023644742268326548628697510371112 12 2859 46
2010.87649264 -0.00302386283875 5 20101117032004149098726405079442290371112 17 3380 0
2010.87652991 -0.0606315135956 5 20101117033940362930326391518469970271112 7 2280 1
2010.91585631 -0.0216065645218 5 20101201122347086127524309669915060371112 10 1778999 80184
2010.91588439 0.0392242670059 5 20101201123833308551924296555550150371112 10 2169999 80184
2010.95321327 0.039445400238 5 20101215035203102825926395750180400371112 6 3678 26
2010.95323688 -0.0818535089493 5 20101215040428308939926404504502660371112 3 2720 4
2011.03530191 0.00518560409546 5 20110114032723423256325892615392180371112 11 3981 2
2011.03830549 -0.148288726807 5 20110115054709476707025584642961490371112 3 4918 0
2011.03834277 -0.0926424264908 5 20110115060645789347225600203886960371112 13 3555 0
2011.11187216 -0.00136482715607 5 20110211024016998663425981350922000371112 3 1002 0
2011.11190012 -0.0519428253174 5 20110211025459106292325989657666400371112 9 2325247 79727
2011.11212087 -0.090766787529 5 20110211045105575284526088896662740371112 10 3061103 79752
2011.19143895 0.183379650116 5 20110312040913692903025792996885560371112 4 1590 20
2011.19668852 -0.119744300842 5 20110314021017731473324897355444770371112 8 4037 16
2011.19670906 0.12334549427 5 20110314022105957969724895437342300371112 6 3080 0
2011.19678697 -0.217943787575 5 20110314030204608953624883173552330271112 6 5408 0
2011.35278186 0.121309995651 5 20110510022908863432024699837202970371112 3 1970 31
2011.36376657 0.0205031983708 5 20110514024650603770823815548330750371112 13 5060 0
2011.51432381 0.0373169183731 5 20110708023345131990424276241104750371112 5 1950 0
2011.51968033 0.125889062881 5 20110710013104008334324383898970410371112 5 4586 0
2011.51971744 0.111687302589 5 20110710015035106979324380893995340371112 12 4808 6
2011.5198289 -0.0497186183929 5 20110710024912618020924386048364250371112 3 1930 1
2011.5198653 -0.0136238336563 5 20110710030821341669124392327697200371112 10 3420 3
2011.5507504 -0.0238946676254 5 20110721095240940604526502733779570371112 8 1422 65
2011.55076754 -0.0126625299454 5 20110721100141701765326497698780820371112 7 1595 56
2011.63564678 0.021518945694 5 20110821100446969224026273330656990371112 3 2100 67
2012.00180975 -0.109436035156 5 20120102035151365298226543557093930371112 5 4097 6
2012.00471998 -0.0830906629562 5 20120103052231118297526595731423320371112 5 4096 9
2012.00475862 -0.0638701915741 5 20120103054250541445526619033656140371112 5 4400 4
2012.00723475 0.00910687446594 5 20120104032511392553126410251083980371112 13 2592 12
2012.00726402 -0.0339626073837 5 20120104034034890724526413562797450371112 4 1660 6
2012.00750901 0.0748288631439 5 20120104054926313781426494293144500371112 12 4590 0
2012.01021265 -0.0309646129608 5 20120105053126751312226290752758620371112 7 1436 0
2012.01024035 -0.10154235363 5 20120105054600759416626299657574740371112 8 4430 2
2012.01039936 0.0555905103683 5 20120105070938894808026370494776240371112 4 1580 0
2012.01043087 0.00344860553741 5 20120105072613326939426387947449430371112 12 2610 0
2012.08377874 -0.178717851639 5 20120201022416049246426383242839750371112 4 3830 0
2012.08381521 -0.0456433296204 5 20120201024326732345626389604895360371112 10 2520 13
2012.73259866 0.026334643364 5 20120925015735552353024881060130170371112 10 3300 2
2012.73280456 -0.0251638889313 5 20120925034553322161424896601922880371112 4 1916 0
2012.73285031 0.0633592605591 5 20120925040957074534924910030484230371112 10 3362 27
2012.97357336 0.0212390422821 5 20121222022038595673826150429984960371112 3 3321 3
2012.97361852 -0.0577623844147 5 20121222024423710041026158076218400371112 12 2676 89
2012.97381805 -0.166908621788 5 20121222042920458593126233743877210371112 8 2406 18
2013.62527146 0.0106056928635 5 20130817030746468980923967773670840371112 5 1891 0
2013.62529912 0.0159918069839 5 20130817032219440417523966270618460371112 12 2905 38
2013.62549274 0.0558815002441 5 20130817050409595858123991527908070371112 13 2372 56
2013.62552781 -0.0710738897324 5 20130817052236287181624002466694670371112 5 2889 37
2013.62807381 0.0246711969376 5 20130818034142117254023832544452280371112 8 2643 0
2013.62823123 -0.0149488449097 5 20130818050429746086023832284894040371112 5 3060 16
2013.62826274 -0.0419660806656 5 20130818052104183606723837303880440371112 5 3973 60
2013.77846727 0.012840628624 5 20131012020238665225624322247412190371112 11 1493584 79891
2013.78119197 -0.0184602737427 5 20131013015543563894624345387379990371112 8 2173112 80156
2013.78121879 -0.0112714767456 5 20131013020950063745324346901528310371112 15 1767208 80156
2013.78136099 0.0198171138763 5 20131013032437556011824375800103060371112 13 2703 69
2013.78137934 0.091103553772 5 20131013033416761893024382006977230371112 8 4288 36
2013.86347429 -0.0690299272537 5 20131112031256180265124774035856740371112 12 2476 46
2013.93733692 -0.0873237848282 5 20131209024143644455924588324078090371112 3 821107 79639
2013.93737637 -0.068785905838 5 20131209030228456680024611899032280371112 8 822999 79639
